# Blender 4.1.1
# www.blender.org
mtllib 1.25m_Firebox1_Valves.mtl
o Firebox_Vessel_Cut.002
v -0.213563 -0.855502 0.298445
v -0.213695 -0.862739 0.298508
v -0.226907 -0.855502 0.304816
v -0.209059 -0.855502 0.316150
v -0.209205 -0.862739 0.316158
v -0.224166 -0.855502 0.316948
v -0.211673 -0.855502 0.334232
v -0.225936 -0.855502 0.329187
v -0.221008 -0.855502 0.349936
v -0.232254 -0.855502 0.339818
v -0.235642 -0.855502 0.360873
v -0.242013 -0.855502 0.347530
v -0.253347 -0.855502 0.365377
v -0.253355 -0.862739 0.365232
v -0.254145 -0.855502 0.350270
v -0.271429 -0.855502 0.362763
v -0.266385 -0.855502 0.348501
v -0.287133 -0.855502 0.353428
v -0.287036 -0.862739 0.353320
v -0.277015 -0.855502 0.342182
v -0.253637 -0.866727 0.359887
v -0.298070 -0.855502 0.338794
v -0.284283 -0.859860 0.332211
v -0.284727 -0.855502 0.332423
v -0.302574 -0.855502 0.321089
v -0.287467 -0.855502 0.320291
v -0.299960 -0.855502 0.303008
v -0.238011 -0.866727 0.355911
v -0.285698 -0.855502 0.308052
v -0.290625 -0.855502 0.287303
v -0.279379 -0.855502 0.297421
v -0.275991 -0.855502 0.276366
v -0.275929 -0.862739 0.276498
v -0.269620 -0.855502 0.289710
v -0.258286 -0.855502 0.271862
v -0.225095 -0.866727 0.346259
v -0.257488 -0.855502 0.286969
v -0.240205 -0.855502 0.274476
v -0.240253 -0.862739 0.274614
v -0.245249 -0.855502 0.288738
v -0.224500 -0.855502 0.283811
v -0.234618 -0.855502 0.295057
v -0.216857 -0.866727 0.332398
v -0.214550 -0.866727 0.316440
v -0.211811 -0.862739 0.334183
v -0.218525 -0.866727 0.300814
v -0.235705 -0.862739 0.360741
v -0.297938 -0.862739 0.338732
v -0.228178 -0.866727 0.287898
v -0.279267 -0.859860 0.297522
v -0.269408 -0.859860 0.290154
v -0.245299 -0.859860 0.288880
v -0.242225 -0.859860 0.347086
v -0.234719 -0.859860 0.295169
v -0.254153 -0.859860 0.350120
v -0.276914 -0.859860 0.342070
v -0.287317 -0.859860 0.320283
v -0.290517 -0.862739 0.287401
v -0.242038 -0.866727 0.279660
v -0.258278 -0.862739 0.272008
v -0.224598 -0.862739 0.283919
v -0.257996 -0.866727 0.277353
v -0.273622 -0.866727 0.281328
v -0.286538 -0.866727 0.290981
v -0.221116 -0.862739 0.349839
v -0.294776 -0.866727 0.304841
v -0.297084 -0.866727 0.320799
v -0.271380 -0.862739 0.362626
v -0.293108 -0.866727 0.336425
v -0.283456 -0.866727 0.349341
v -0.302429 -0.862739 0.321081
v -0.269595 -0.866727 0.357579
v -0.299823 -0.862739 0.303056
v -0.285556 -0.859860 0.308102
v -0.227351 -0.859860 0.305028
v -0.224316 -0.859860 0.316956
v -0.226077 -0.859860 0.329137
v -0.257480 -0.859860 0.287119
v -0.232366 -0.859860 0.339717
v -0.266334 -0.859860 0.348359
v -0.265269 -0.856006 0.284711
v -0.276243 -0.856006 0.289951
v -0.235390 -0.856006 0.347288
v -0.246364 -0.856006 0.352528
v -0.265269 -0.859494 0.284711
v -0.276243 -0.859494 0.289951
v -0.235390 -0.859494 0.347288
v -0.246364 -0.859494 0.352528
v -0.238253 -0.803932 0.311680
v -0.243571 -0.839290 0.313615
v -0.246471 -0.803932 0.301885
v -0.249301 -0.839290 0.306787
v -0.259062 -0.803932 0.299665
v -0.258079 -0.839290 0.305239
v -0.270135 -0.803932 0.306058
v -0.265799 -0.839290 0.309696
v -0.274507 -0.803932 0.318072
v -0.268848 -0.839290 0.318072
v -0.270135 -0.803932 0.330086
v -0.265799 -0.839290 0.326448
v -0.259062 -0.803932 0.336479
v -0.258079 -0.839290 0.330905
v -0.246471 -0.803932 0.334259
v -0.249301 -0.839290 0.329357
v -0.238253 -0.803932 0.324465
v -0.243571 -0.839290 0.322529
v -0.247384 -0.824767 0.279465
v -0.247384 -0.824767 0.303149
v -0.249357 -0.830188 0.279465
v -0.249357 -0.830188 0.303149
v -0.254352 -0.833072 0.279465
v -0.254352 -0.833072 0.303149
v -0.260033 -0.832070 0.279465
v -0.260033 -0.832070 0.303149
v -0.263741 -0.827652 0.279465
v -0.263741 -0.827652 0.303149
v -0.263741 -0.821883 0.279465
v -0.263741 -0.821883 0.303149
v -0.260033 -0.817465 0.279465
v -0.260033 -0.817465 0.303149
v -0.254352 -0.816463 0.279465
v -0.254352 -0.816463 0.303149
v -0.249357 -0.819347 0.279465
v -0.249357 -0.819347 0.303149
v -0.243571 -0.843273 0.313615
v -0.249301 -0.843273 0.306787
v -0.258079 -0.843273 0.305239
v -0.265799 -0.843273 0.309696
v -0.268848 -0.843273 0.318072
v -0.265799 -0.843273 0.326448
v -0.258079 -0.843273 0.330905
v -0.249301 -0.843273 0.329357
v -0.243571 -0.843273 0.322529
v -0.240891 -0.839290 0.312640
v -0.238253 -0.836525 0.311680
v -0.247875 -0.839290 0.304317
v -0.246471 -0.836525 0.301885
v -0.258575 -0.839290 0.302430
v -0.259062 -0.836525 0.299665
v -0.267984 -0.839290 0.307863
v -0.270135 -0.836525 0.306058
v -0.271700 -0.839290 0.318072
v -0.274507 -0.836525 0.318072
v -0.267984 -0.839290 0.328282
v -0.270135 -0.836525 0.330086
v -0.258575 -0.839290 0.333714
v -0.259062 -0.836525 0.336479
v -0.247875 -0.839290 0.331827
v -0.246471 -0.836525 0.334259
v -0.240891 -0.839290 0.323504
v -0.238253 -0.836525 0.324465
v -0.250781 -0.849032 0.320814
v -0.249726 -0.861253 0.321274
v -0.250548 -0.849032 0.317064
v -0.249444 -0.861253 0.316738
v -0.252781 -0.849032 0.314041
v -0.252145 -0.861253 0.313082
v -0.256434 -0.849032 0.313161
v -0.256563 -0.861253 0.312017
v -0.259798 -0.849032 0.314835
v -0.260632 -0.861253 0.314042
v -0.261299 -0.849032 0.318280
v -0.262448 -0.861253 0.318208
v -0.260235 -0.849032 0.321883
v -0.261161 -0.861253 0.322567
v -0.257103 -0.849032 0.323960
v -0.257373 -0.861253 0.325079
v -0.253370 -0.849032 0.323538
v -0.252857 -0.861253 0.324568
v -0.248086 -0.849032 0.321988
v -0.247729 -0.849032 0.316231
v -0.251157 -0.849032 0.311592
v -0.256764 -0.849032 0.310240
v -0.261929 -0.849032 0.312810
v -0.264233 -0.849032 0.318098
v -0.262599 -0.849032 0.323630
v -0.257792 -0.849032 0.326818
v -0.252060 -0.849032 0.326169
v -0.250781 -0.841478 0.320814
v -0.250548 -0.841478 0.317064
v -0.252781 -0.841478 0.314041
v -0.256434 -0.841478 0.313161
v -0.259798 -0.841478 0.314835
v -0.261299 -0.841478 0.318280
v -0.260235 -0.841478 0.321883
v -0.257103 -0.841478 0.323960
v -0.253370 -0.841478 0.323538
v -0.248086 -0.861253 0.321988
v -0.247729 -0.861253 0.316231
v -0.251157 -0.861253 0.311592
v -0.256764 -0.861253 0.310240
v -0.261929 -0.861253 0.312810
v -0.264233 -0.861253 0.318098
v -0.262599 -0.861253 0.323630
v -0.257792 -0.861253 0.326818
v -0.252060 -0.861253 0.326169
v -0.252648 -0.864246 0.320001
v -0.250370 -0.863143 0.320993
v -0.252502 -0.864246 0.317641
v -0.250119 -0.863143 0.316937
v -0.253906 -0.864246 0.315739
v -0.252533 -0.863143 0.313668
v -0.256205 -0.864246 0.315185
v -0.256484 -0.863143 0.312716
v -0.258322 -0.864246 0.316238
v -0.260123 -0.863143 0.314526
v -0.259267 -0.864246 0.318406
v -0.261746 -0.863143 0.318252
v -0.258597 -0.864246 0.320673
v -0.260596 -0.863143 0.322150
v -0.256626 -0.864246 0.321980
v -0.257208 -0.863143 0.324396
v -0.254277 -0.864246 0.321714
v -0.253170 -0.863143 0.323939
v -0.394012 -0.855502 -0.036479
v -0.394144 -0.862739 -0.036416
v -0.407356 -0.855502 -0.030108
v -0.389508 -0.855502 -0.018774
v -0.389654 -0.862739 -0.018766
v -0.404615 -0.855502 -0.017976
v -0.392122 -0.855502 -0.000692
v -0.406385 -0.855502 -0.005736
v -0.401457 -0.855502 0.015012
v -0.412703 -0.855502 0.004894
v -0.416091 -0.855502 0.025949
v -0.422462 -0.855502 0.012606
v -0.433796 -0.855502 0.030453
v -0.433804 -0.862739 0.030308
v -0.434594 -0.855502 0.015346
v -0.451878 -0.855502 0.027839
v -0.446834 -0.855502 0.013577
v -0.467582 -0.855502 0.018505
v -0.467485 -0.862739 0.018396
v -0.457464 -0.855502 0.007258
v -0.434086 -0.866727 0.024963
v -0.478519 -0.855502 0.003871
v -0.464732 -0.859860 -0.002713
v -0.465176 -0.855502 -0.002501
v -0.483023 -0.855502 -0.013835
v -0.467916 -0.855502 -0.014633
v -0.480409 -0.855502 -0.031916
v -0.418460 -0.866727 0.020987
v -0.466147 -0.855502 -0.026872
v -0.471075 -0.855502 -0.047621
v -0.459828 -0.855502 -0.037503
v -0.456441 -0.855502 -0.058558
v -0.456378 -0.862739 -0.058426
v -0.450069 -0.855502 -0.045214
v -0.438735 -0.855502 -0.063062
v -0.405544 -0.866727 0.011335
v -0.437937 -0.855502 -0.047955
v -0.420654 -0.855502 -0.060448
v -0.420702 -0.862739 -0.060310
v -0.425698 -0.855502 -0.046185
v -0.404949 -0.855502 -0.051113
v -0.415067 -0.855502 -0.039867
v -0.397306 -0.866727 -0.002526
v -0.394999 -0.866727 -0.018484
v -0.392260 -0.862739 -0.000741
v -0.398974 -0.866727 -0.034110
v -0.416154 -0.862739 0.025817
v -0.478387 -0.862739 0.003808
v -0.408627 -0.866727 -0.047026
v -0.459716 -0.859860 -0.037402
v -0.449857 -0.859860 -0.044770
v -0.425748 -0.859860 -0.046044
v -0.422674 -0.859860 0.012162
v -0.415168 -0.859860 -0.039755
v -0.434602 -0.859860 0.015196
v -0.457363 -0.859860 0.007146
v -0.467766 -0.859860 -0.014641
v -0.470966 -0.862739 -0.047523
v -0.422487 -0.866727 -0.055264
v -0.438727 -0.862739 -0.062916
v -0.405047 -0.862739 -0.051005
v -0.438445 -0.866727 -0.057571
v -0.454071 -0.866727 -0.053596
v -0.466987 -0.866727 -0.043943
v -0.401565 -0.862739 0.014915
v -0.475225 -0.866727 -0.030083
v -0.477533 -0.866727 -0.014125
v -0.451829 -0.862739 0.027702
v -0.473557 -0.866727 0.001501
v -0.463905 -0.866727 0.014417
v -0.482878 -0.862739 -0.013843
v -0.450044 -0.866727 0.022655
v -0.480272 -0.862739 -0.031868
v -0.466005 -0.859860 -0.026822
v -0.407800 -0.859860 -0.029896
v -0.404765 -0.859860 -0.017968
v -0.406526 -0.859860 -0.005787
v -0.437929 -0.859860 -0.047805
v -0.412815 -0.859860 0.004794
v -0.446783 -0.859860 0.013435
v -0.445718 -0.856006 -0.050213
v -0.456692 -0.856006 -0.044973
v -0.415839 -0.856006 0.012364
v -0.426813 -0.856006 0.017604
v -0.445718 -0.859494 -0.050213
v -0.456692 -0.859494 -0.044973
v -0.415839 -0.859494 0.012364
v -0.426813 -0.859494 0.017604
v -0.418702 -0.803932 -0.023244
v -0.424020 -0.839290 -0.021309
v -0.426920 -0.803932 -0.033038
v -0.429750 -0.839290 -0.028137
v -0.439511 -0.803932 -0.035259
v -0.438528 -0.839290 -0.029685
v -0.450584 -0.803932 -0.028866
v -0.446248 -0.839290 -0.025228
v -0.454956 -0.803932 -0.016852
v -0.449297 -0.839290 -0.016852
v -0.450584 -0.803932 -0.004838
v -0.446248 -0.839290 -0.008476
v -0.439511 -0.803932 0.001555
v -0.438528 -0.839290 -0.004019
v -0.426920 -0.803932 -0.000665
v -0.429750 -0.839290 -0.005566
v -0.418702 -0.803932 -0.010459
v -0.424020 -0.839290 -0.012395
v -0.427833 -0.824768 -0.055459
v -0.427833 -0.824767 -0.031775
v -0.429806 -0.830188 -0.055459
v -0.429806 -0.830188 -0.031775
v -0.434801 -0.833072 -0.055459
v -0.434801 -0.833072 -0.031775
v -0.440482 -0.832070 -0.055459
v -0.440482 -0.832070 -0.031775
v -0.444190 -0.827652 -0.055459
v -0.444190 -0.827652 -0.031775
v -0.444190 -0.821883 -0.055459
v -0.444190 -0.821883 -0.031775
v -0.440482 -0.817465 -0.055459
v -0.440482 -0.817465 -0.031775
v -0.434801 -0.816463 -0.055459
v -0.434801 -0.816463 -0.031775
v -0.429806 -0.819347 -0.055459
v -0.429806 -0.819347 -0.031775
v -0.424020 -0.843273 -0.021309
v -0.429750 -0.843273 -0.028137
v -0.438528 -0.843273 -0.029685
v -0.446248 -0.843273 -0.025228
v -0.449297 -0.843273 -0.016852
v -0.446248 -0.843273 -0.008476
v -0.438528 -0.843273 -0.004019
v -0.429750 -0.843273 -0.005566
v -0.424020 -0.843273 -0.012395
v -0.421340 -0.839290 -0.022284
v -0.418702 -0.836525 -0.023244
v -0.428324 -0.839290 -0.030607
v -0.426920 -0.836525 -0.033038
v -0.439024 -0.839290 -0.032494
v -0.439511 -0.836525 -0.035259
v -0.448433 -0.839290 -0.027061
v -0.450584 -0.836525 -0.028866
v -0.452149 -0.839290 -0.016852
v -0.454956 -0.836525 -0.016852
v -0.448433 -0.839290 -0.006642
v -0.450584 -0.836525 -0.004838
v -0.439024 -0.839290 -0.001210
v -0.439511 -0.836525 0.001555
v -0.428324 -0.839290 -0.003097
v -0.426920 -0.836525 -0.000665
v -0.421340 -0.839290 -0.011419
v -0.418702 -0.836525 -0.010459
v -0.431230 -0.849032 -0.014110
v -0.430175 -0.861253 -0.013650
v -0.430997 -0.849032 -0.017860
v -0.429893 -0.861253 -0.018186
v -0.433230 -0.849032 -0.020883
v -0.432594 -0.861253 -0.021842
v -0.436883 -0.849032 -0.021763
v -0.437012 -0.861253 -0.022907
v -0.440247 -0.849032 -0.020089
v -0.441081 -0.861253 -0.020882
v -0.441748 -0.849032 -0.016644
v -0.442897 -0.861253 -0.016716
v -0.440684 -0.849032 -0.013040
v -0.441610 -0.861253 -0.012357
v -0.437552 -0.849032 -0.010964
v -0.437822 -0.861253 -0.009845
v -0.433819 -0.849032 -0.011386
v -0.433306 -0.861253 -0.010356
v -0.428535 -0.849032 -0.012935
v -0.428178 -0.849032 -0.018693
v -0.431606 -0.849032 -0.023332
v -0.437213 -0.849032 -0.024683
v -0.442378 -0.849032 -0.022114
v -0.444682 -0.849032 -0.016826
v -0.443048 -0.849032 -0.011294
v -0.438241 -0.849032 -0.008106
v -0.432509 -0.849032 -0.008755
v -0.431230 -0.841478 -0.014110
v -0.430997 -0.841478 -0.017860
v -0.433230 -0.841478 -0.020883
v -0.436883 -0.841478 -0.021763
v -0.440247 -0.841478 -0.020089
v -0.441748 -0.841478 -0.016644
v -0.440684 -0.841478 -0.013040
v -0.437552 -0.841478 -0.010964
v -0.433819 -0.841478 -0.011386
v -0.428535 -0.861253 -0.012935
v -0.428178 -0.861253 -0.018693
v -0.431606 -0.861253 -0.023332
v -0.437213 -0.861253 -0.024683
v -0.442378 -0.861253 -0.022114
v -0.444682 -0.861253 -0.016826
v -0.443048 -0.861253 -0.011294
v -0.438241 -0.861253 -0.008106
v -0.432509 -0.861253 -0.008755
v -0.433097 -0.864246 -0.014923
v -0.430819 -0.863143 -0.013931
v -0.432951 -0.864246 -0.017283
v -0.430568 -0.863143 -0.017987
v -0.434355 -0.864246 -0.019185
v -0.432982 -0.863143 -0.021256
v -0.436654 -0.864246 -0.019739
v -0.436933 -0.863143 -0.022208
v -0.438771 -0.864246 -0.018686
v -0.440572 -0.863143 -0.020398
v -0.439716 -0.864246 -0.016518
v -0.442196 -0.863143 -0.016672
v -0.439046 -0.864246 -0.014251
v -0.441044 -0.863143 -0.012774
v -0.437075 -0.864246 -0.012944
v -0.437657 -0.863143 -0.010528
v -0.434726 -0.864246 -0.013210
v -0.433619 -0.863143 -0.010985
v -0.315390 -0.855502 0.136481
v -0.315521 -0.862739 0.136543
v -0.328733 -0.855502 0.142852
v -0.310886 -0.855502 0.154186
v -0.311031 -0.862739 0.154194
v -0.325993 -0.855502 0.154984
v -0.313500 -0.855502 0.172267
v -0.327762 -0.855502 0.167223
v -0.322834 -0.855502 0.187972
v -0.334081 -0.855502 0.177854
v -0.337468 -0.855502 0.198909
v -0.343840 -0.855502 0.185565
v -0.355174 -0.855502 0.203413
v -0.355182 -0.862739 0.203267
v -0.355972 -0.855502 0.188306
v -0.373255 -0.855502 0.200799
v -0.368211 -0.855502 0.186537
v -0.388960 -0.855502 0.191464
v -0.388862 -0.862739 0.191356
v -0.378842 -0.855502 0.180218
v -0.355464 -0.866726 0.197922
v -0.399897 -0.855502 0.176830
v -0.386109 -0.859860 0.170247
v -0.386553 -0.855502 0.170459
v -0.404401 -0.855502 0.159125
v -0.389294 -0.855502 0.158327
v -0.401787 -0.855502 0.141043
v -0.339838 -0.866727 0.193947
v -0.387524 -0.855502 0.146088
v -0.392452 -0.855502 0.125339
v -0.381206 -0.855502 0.135457
v -0.377818 -0.855502 0.114402
v -0.377755 -0.862739 0.114534
v -0.371447 -0.855502 0.127745
v -0.360113 -0.855502 0.109898
v -0.326922 -0.866727 0.184294
v -0.359315 -0.855502 0.125005
v -0.342031 -0.855502 0.112512
v -0.342080 -0.862739 0.112649
v -0.347075 -0.855502 0.126774
v -0.326327 -0.855502 0.121847
v -0.336445 -0.855502 0.133093
v -0.318684 -0.866727 0.170434
v -0.316376 -0.866727 0.154476
v -0.313637 -0.862739 0.172219
v -0.320352 -0.866727 0.138850
v -0.337531 -0.862739 0.198777
v -0.399765 -0.862739 0.176767
v -0.330004 -0.866727 0.125934
v -0.381094 -0.859860 0.135558
v -0.371235 -0.859860 0.128189
v -0.347126 -0.859860 0.126916
v -0.344052 -0.859860 0.185121
v -0.336545 -0.859860 0.133205
v -0.355980 -0.859860 0.188156
v -0.378741 -0.859860 0.180106
v -0.389144 -0.859860 0.158319
v -0.392344 -0.862739 0.125436
v -0.343865 -0.866727 0.117696
v -0.360105 -0.862739 0.110043
v -0.326424 -0.862739 0.121955
v -0.359823 -0.866727 0.115388
v -0.375449 -0.866727 0.119364
v -0.388364 -0.866727 0.129016
v -0.322943 -0.862739 0.187874
v -0.396603 -0.866727 0.142877
v -0.398910 -0.866727 0.158835
v -0.373207 -0.862739 0.200661
v -0.394935 -0.866727 0.174461
v -0.385282 -0.866727 0.187377
v -0.404255 -0.862739 0.159117
v -0.371422 -0.866727 0.195615
v -0.401649 -0.862739 0.141092
v -0.387383 -0.859860 0.146138
v -0.329177 -0.859860 0.143064
v -0.326143 -0.859860 0.154992
v -0.327904 -0.859860 0.167173
v -0.359307 -0.859860 0.125155
v -0.334193 -0.859860 0.177753
v -0.368161 -0.859860 0.186395
v -0.367096 -0.856006 0.122747
v -0.378070 -0.856006 0.127987
v -0.337217 -0.856006 0.185324
v -0.348191 -0.856006 0.190564
v -0.367096 -0.859494 0.122747
v -0.378070 -0.859494 0.127987
v -0.337217 -0.859494 0.185324
v -0.348191 -0.859494 0.190564
v -0.340080 -0.803932 0.149715
v -0.345398 -0.839290 0.151651
v -0.348298 -0.803932 0.139921
v -0.351128 -0.839290 0.144823
v -0.360889 -0.803932 0.137701
v -0.359906 -0.839290 0.143275
v -0.371961 -0.803932 0.144094
v -0.367626 -0.839290 0.147732
v -0.376334 -0.803932 0.156108
v -0.370674 -0.839290 0.156108
v -0.371961 -0.803932 0.168122
v -0.367626 -0.839290 0.164484
v -0.360889 -0.803932 0.174515
v -0.359906 -0.839290 0.168941
v -0.348298 -0.803932 0.172295
v -0.351128 -0.839290 0.167393
v -0.340080 -0.803932 0.162501
v -0.345398 -0.839290 0.160565
v -0.349211 -0.824767 0.117500
v -0.349211 -0.824767 0.141184
v -0.351184 -0.830188 0.117500
v -0.351184 -0.830188 0.141184
v -0.356179 -0.833072 0.117500
v -0.356179 -0.833072 0.141184
v -0.361860 -0.832070 0.117500
v -0.361860 -0.832070 0.141184
v -0.365567 -0.827652 0.117500
v -0.365567 -0.827652 0.141184
v -0.365567 -0.821883 0.117500
v -0.365567 -0.821883 0.141184
v -0.361860 -0.817465 0.117500
v -0.361860 -0.817465 0.141184
v -0.356179 -0.816463 0.117500
v -0.356179 -0.816463 0.141184
v -0.351184 -0.819347 0.117500
v -0.351184 -0.819347 0.141184
v -0.345398 -0.843273 0.151651
v -0.351128 -0.843273 0.144823
v -0.359906 -0.843273 0.143275
v -0.367626 -0.843273 0.147732
v -0.370674 -0.843273 0.156108
v -0.367626 -0.843273 0.164484
v -0.359906 -0.843273 0.168941
v -0.351128 -0.843273 0.167393
v -0.345398 -0.843273 0.160565
v -0.342718 -0.839290 0.150676
v -0.340080 -0.836525 0.149715
v -0.349702 -0.839290 0.142353
v -0.348298 -0.836525 0.139921
v -0.360401 -0.839290 0.140466
v -0.360889 -0.836525 0.137701
v -0.369810 -0.839290 0.145899
v -0.371961 -0.836525 0.144094
v -0.373526 -0.839290 0.156108
v -0.376334 -0.836525 0.156108
v -0.369810 -0.839290 0.166317
v -0.371961 -0.836525 0.168122
v -0.360401 -0.839290 0.171750
v -0.360889 -0.836525 0.174515
v -0.349702 -0.839290 0.169863
v -0.348298 -0.836525 0.172295
v -0.342718 -0.839290 0.161540
v -0.340080 -0.836525 0.162501
v -0.352607 -0.849032 0.158850
v -0.351552 -0.861253 0.159310
v -0.352375 -0.849032 0.155100
v -0.351271 -0.861253 0.154774
v -0.354607 -0.849032 0.152077
v -0.353971 -0.861253 0.151118
v -0.358261 -0.849032 0.151197
v -0.358390 -0.861253 0.150053
v -0.361625 -0.849032 0.152871
v -0.362459 -0.861253 0.152078
v -0.363126 -0.849032 0.156315
v -0.364275 -0.861253 0.156244
v -0.362062 -0.849032 0.159919
v -0.362988 -0.861253 0.160603
v -0.358930 -0.849032 0.161996
v -0.359200 -0.861253 0.163115
v -0.355196 -0.849032 0.161574
v -0.354683 -0.861253 0.162604
v -0.349913 -0.849032 0.160024
v -0.349556 -0.849032 0.154267
v -0.352983 -0.849032 0.149627
v -0.358591 -0.849032 0.148276
v -0.363755 -0.849032 0.150846
v -0.366060 -0.849032 0.156134
v -0.364426 -0.849032 0.161666
v -0.359619 -0.849032 0.164853
v -0.353887 -0.849032 0.164205
v -0.352607 -0.841478 0.158850
v -0.352375 -0.841478 0.155100
v -0.354607 -0.841478 0.152077
v -0.358261 -0.841478 0.151197
v -0.361625 -0.841478 0.152871
v -0.363126 -0.841478 0.156315
v -0.362062 -0.841478 0.159919
v -0.358930 -0.841478 0.161996
v -0.355196 -0.841478 0.161574
v -0.349913 -0.861253 0.160024
v -0.349556 -0.861253 0.154267
v -0.352983 -0.861253 0.149627
v -0.358591 -0.861253 0.148276
v -0.363755 -0.861253 0.150846
v -0.366060 -0.861253 0.156134
v -0.364426 -0.861253 0.161666
v -0.359619 -0.861253 0.164853
v -0.353887 -0.861253 0.164205
v -0.354474 -0.864246 0.158036
v -0.352197 -0.863143 0.159029
v -0.354328 -0.864246 0.155676
v -0.351945 -0.863143 0.154973
v -0.355733 -0.864246 0.153774
v -0.354360 -0.863143 0.151704
v -0.358032 -0.864246 0.153221
v -0.358311 -0.863143 0.150752
v -0.360149 -0.864246 0.154274
v -0.361949 -0.863143 0.152562
v -0.361093 -0.864246 0.156441
v -0.363573 -0.863143 0.156288
v -0.360424 -0.864246 0.158709
v -0.362422 -0.863143 0.160185
v -0.358453 -0.864246 0.160016
v -0.359035 -0.863143 0.162431
v -0.356103 -0.864246 0.159750
v -0.354997 -0.863143 0.161975
v 0.465064 -0.860740 0.267723
v 0.468076 -0.868659 0.270226
v 0.444396 -0.860740 0.250552
v 0.453198 -0.860740 0.279446
v 0.435887 -0.860740 0.258091
v 0.439273 -0.860740 0.288630
v 0.441099 -0.868659 0.292094
v 0.426461 -0.860740 0.264307
v 0.423825 -0.860740 0.294920
v 0.416003 -0.860740 0.268565
v 0.407446 -0.860740 0.298075
v 0.404916 -0.860740 0.270701
v 0.390766 -0.860740 0.297974
v 0.393626 -0.860740 0.270632
v 0.374426 -0.860740 0.294622
v 0.382565 -0.860740 0.268363
v 0.359055 -0.860740 0.288145
v 0.372160 -0.860740 0.263979
v 0.345242 -0.860740 0.278795
v 0.362413 -0.860740 0.258127
v 0.333519 -0.860740 0.266929
v 0.354874 -0.860740 0.249618
v 0.324335 -0.860740 0.253005
v 0.348658 -0.860740 0.240192
v 0.318045 -0.860740 0.237556
v 0.314291 -0.868659 0.238670
v 0.344400 -0.860740 0.229735
v 0.314890 -0.860740 0.221177
v 0.310990 -0.868659 0.221537
v 0.342264 -0.860740 0.218648
v 0.314991 -0.860740 0.204497
v 0.342333 -0.860740 0.207357
v 0.318343 -0.860740 0.188158
v 0.344602 -0.860740 0.196296
v 0.324819 -0.860740 0.172786
v 0.349226 -0.868659 0.186022
v 0.348986 -0.860740 0.185891
v 0.334170 -0.860740 0.158973
v 0.355526 -0.868659 0.176716
v 0.354838 -0.860740 0.176144
v 0.346036 -0.860740 0.147250
v 0.343569 -0.868659 0.144208
v 0.363347 -0.860740 0.168606
v 0.359960 -0.860740 0.138067
v 0.358135 -0.868659 0.134602
v 0.372773 -0.860740 0.162389
v 0.375409 -0.860740 0.131777
v 0.374295 -0.868659 0.128022
v 0.383230 -0.860740 0.158132
v 0.391788 -0.860740 0.128621
v 0.391428 -0.868659 0.124722
v 0.394317 -0.860740 0.155996
v 0.408468 -0.860740 0.128722
v 0.405608 -0.860740 0.156064
v 0.424807 -0.860740 0.132075
v 0.416669 -0.860740 0.158333
v 0.440179 -0.860740 0.138551
v 0.427074 -0.860740 0.162717
v 0.453992 -0.860740 0.147901
v 0.456495 -0.868659 0.144889
v 0.436821 -0.860740 0.168569
v 0.465715 -0.860740 0.159767
v 0.444359 -0.860740 0.177078
v 0.474898 -0.860740 0.173692
v 0.450576 -0.860740 0.186504
v 0.481188 -0.860740 0.189140
v 0.454833 -0.860740 0.196962
v 0.484344 -0.860740 0.205519
v 0.488243 -0.868659 0.205159
v 0.456969 -0.860740 0.208049
v 0.484243 -0.860740 0.222199
v 0.488138 -0.868659 0.222606
v 0.456901 -0.860740 0.219339
v 0.480890 -0.860740 0.238539
v 0.454632 -0.860740 0.230400
v 0.474414 -0.860740 0.253910
v 0.450248 -0.860740 0.240805
v 0.435714 -0.868659 0.257878
v 0.442046 -0.868659 0.135108
v 0.484943 -0.868659 0.188026
v 0.484631 -0.868659 0.239698
v 0.355087 -0.868659 0.249446
v 0.344662 -0.868659 0.229657
v 0.342604 -0.868659 0.207385
v 0.363519 -0.868659 0.168818
v 0.405580 -0.868659 0.156336
v 0.426943 -0.868659 0.162957
v 0.407806 -0.868659 0.301975
v 0.390359 -0.868659 0.301869
v 0.454571 -0.868659 0.197039
v 0.373267 -0.868659 0.298362
v 0.456629 -0.868659 0.219311
v 0.331158 -0.868659 0.156470
v 0.408875 -0.868659 0.124827
v 0.416588 -0.868659 0.158595
v 0.436249 -0.868659 0.169257
v 0.456697 -0.868659 0.208074
v 0.362985 -0.868659 0.257439
v 0.454370 -0.868659 0.230319
v 0.348900 -0.868659 0.240065
v 0.344863 -0.868659 0.196377
v 0.372900 -0.868659 0.162631
v 0.396248 -0.848983 0.222745
v 0.395543 -0.871192 0.224714
v 0.403077 -0.848983 0.222712
v 0.403802 -0.871192 0.224674
v 0.408286 -0.848983 0.218297
v 0.410103 -0.871192 0.219334
v 0.409439 -0.848983 0.211567
v 0.411497 -0.871192 0.211194
v 0.405996 -0.848983 0.205670
v 0.407333 -0.871192 0.204061
v 0.399568 -0.848983 0.203366
v 0.399558 -0.871192 0.201274
v 0.393163 -0.848983 0.205732
v 0.391811 -0.871192 0.204137
v 0.389778 -0.848983 0.211663
v 0.387716 -0.871192 0.211309
v 0.390996 -0.848983 0.218382
v 0.389190 -0.871192 0.219436
v 0.394446 -0.848983 0.227773
v 0.404928 -0.848983 0.227722
v 0.412925 -0.848983 0.220945
v 0.414695 -0.848983 0.210614
v 0.409410 -0.848983 0.201561
v 0.399542 -0.848983 0.198024
v 0.389710 -0.848983 0.201657
v 0.384513 -0.848983 0.210761
v 0.386383 -0.848983 0.221075
v 0.396248 -0.813245 0.222745
v 0.403077 -0.813245 0.222712
v 0.408286 -0.813245 0.218297
v 0.409439 -0.813245 0.211567
v 0.405996 -0.813245 0.205670
v 0.399568 -0.813245 0.203366
v 0.393163 -0.813245 0.205732
v 0.389778 -0.813245 0.211663
v 0.390996 -0.813245 0.218382
v 0.394446 -0.871192 0.227773
v 0.404928 -0.871192 0.227722
v 0.412925 -0.871192 0.220945
v 0.414695 -0.871192 0.210614
v 0.409410 -0.871192 0.201561
v 0.399542 -0.871192 0.198024
v 0.389710 -0.871192 0.201657
v 0.384513 -0.871192 0.210761
v 0.386383 -0.871192 0.221075
v 0.397497 -0.876630 0.219261
v 0.395974 -0.874626 0.223512
v 0.401794 -0.876630 0.219240
v 0.403359 -0.874626 0.223476
v 0.405072 -0.876630 0.216462
v 0.408993 -0.874626 0.218701
v 0.405798 -0.876630 0.212227
v 0.410240 -0.874626 0.211422
v 0.403631 -0.876630 0.208517
v 0.406516 -0.874626 0.205044
v 0.399586 -0.876630 0.207067
v 0.399564 -0.874626 0.202552
v 0.395556 -0.876630 0.208556
v 0.392637 -0.874626 0.205111
v 0.393426 -0.876630 0.212288
v 0.388975 -0.874626 0.211525
v 0.394192 -0.876630 0.216515
v 0.390293 -0.874626 0.218792
v 0.425967 -0.868659 0.128334
v 0.425201 -0.876069 0.136122
v 0.441569 -0.876069 0.262601
v 0.452807 -0.876069 0.151791
v 0.419527 -0.876069 0.274907
v 0.415926 -0.868659 0.268303
v 0.468757 -0.868659 0.157301
v 0.478363 -0.868659 0.171866
v 0.472314 -0.876069 0.176832
v 0.394454 -0.876069 0.277840
v 0.393654 -0.868659 0.270360
v 0.480755 -0.876069 0.207432
v 0.370167 -0.876069 0.270955
v 0.372290 -0.868659 0.263739
v 0.476843 -0.876069 0.238932
v 0.350364 -0.876069 0.255300
v 0.477857 -0.868659 0.255777
v 0.338058 -0.876069 0.233259
v 0.335125 -0.876069 0.208186
v 0.342010 -0.876069 0.183899
v 0.357664 -0.876069 0.164095
v 0.379706 -0.876069 0.151790
v 0.383308 -0.868659 0.158394
v 0.404779 -0.876069 0.148856
v 0.461174 -0.876069 0.266538
v 0.455664 -0.868659 0.282489
v 0.429066 -0.876069 0.155741
v 0.436133 -0.876069 0.286046
v 0.424939 -0.868659 0.298674
v 0.448870 -0.876069 0.171396
v 0.444147 -0.868659 0.177251
v 0.405533 -0.876069 0.294486
v 0.461175 -0.876069 0.193438
v 0.374033 -0.876069 0.290574
v 0.357188 -0.868659 0.291588
v 0.464109 -0.876069 0.218511
v 0.342739 -0.868659 0.281807
v 0.346427 -0.876069 0.274905
v 0.330476 -0.868659 0.269396
v 0.457224 -0.876069 0.242798
v 0.450622 -0.870164 0.239217
v 0.320870 -0.868659 0.254830
v 0.326919 -0.876069 0.249864
v 0.318479 -0.876069 0.219265
v 0.311096 -0.868659 0.204090
v 0.314603 -0.868659 0.186998
v 0.322391 -0.876069 0.187764
v 0.321377 -0.868659 0.170919
v 0.338060 -0.876069 0.160158
v 0.363100 -0.876069 0.140650
v 0.393700 -0.876069 0.132210
v 0.454767 -0.878301 0.261215
v 0.422735 -0.878301 0.144078
v 0.420269 -0.876069 0.152034
v 0.452060 -0.876069 0.275542
v 0.433037 -0.878301 0.148419
v 0.432251 -0.878301 0.278676
v 0.447484 -0.878301 0.158198
v 0.442161 -0.876069 0.164605
v 0.424267 -0.876069 0.290877
v 0.455340 -0.878301 0.166150
v 0.404767 -0.878301 0.286192
v 0.464945 -0.878301 0.180714
v 0.457575 -0.876069 0.184596
v 0.392722 -0.876069 0.294409
v 0.469161 -0.878301 0.191068
v 0.376499 -0.878301 0.282618
v 0.472461 -0.878301 0.208198
v 0.464166 -0.876069 0.208964
v 0.362226 -0.876069 0.285600
v 0.472393 -0.878301 0.219377
v 0.351750 -0.878301 0.268498
v 0.468887 -0.878301 0.236466
v 0.460930 -0.876069 0.234000
v 0.337423 -0.876069 0.265791
v 0.464546 -0.878301 0.246768
v 0.334289 -0.878301 0.245982
v 0.322088 -0.876069 0.237998
v 0.326773 -0.878301 0.218498
v 0.318556 -0.876069 0.206453
v 0.330347 -0.878301 0.190230
v 0.327365 -0.876069 0.175957
v 0.344467 -0.878301 0.165481
v 0.347174 -0.876069 0.151154
v 0.366983 -0.878301 0.148020
v 0.374967 -0.876069 0.135819
v 0.394467 -0.878301 0.140504
v 0.406512 -0.876069 0.132287
v 0.448360 -0.876069 0.255892
v 0.446814 -0.878301 0.269072
v 0.437008 -0.876069 0.141096
v 0.428369 -0.876069 0.271307
v 0.421897 -0.878301 0.282892
v 0.461811 -0.876069 0.160905
v 0.404000 -0.876069 0.277898
v 0.393588 -0.878301 0.286124
v 0.477146 -0.876069 0.188698
v 0.378965 -0.876069 0.274662
v 0.366197 -0.878301 0.278278
v 0.480678 -0.876069 0.220243
v 0.357073 -0.876069 0.262091
v 0.343893 -0.878301 0.260546
v 0.471868 -0.876069 0.250739
v 0.341658 -0.876069 0.242100
v 0.330073 -0.878301 0.235629
v 0.335067 -0.876069 0.217732
v 0.326840 -0.878301 0.207319
v 0.338303 -0.876069 0.192696
v 0.334687 -0.878301 0.179928
v 0.350874 -0.876069 0.170804
v 0.352419 -0.878301 0.157624
v 0.370865 -0.876069 0.155390
v 0.377336 -0.878301 0.143804
v 0.395233 -0.876069 0.148798
v 0.405646 -0.878301 0.140572
v 0.394343 -0.868659 0.156268
v 0.443708 -0.868659 0.249980
v 0.426333 -0.868659 0.264065
v 0.404891 -0.868659 0.270428
v 0.450334 -0.868659 0.186632
v 0.382646 -0.868659 0.268102
v 0.342537 -0.868659 0.218622
v 0.448380 -0.861656 0.171946
v 0.431383 -0.861656 0.157824
v 0.367851 -0.861656 0.268872
v 0.350854 -0.861656 0.254750
v 0.448380 -0.867996 0.171946
v 0.431383 -0.867996 0.157824
v 0.367851 -0.867996 0.268872
v 0.350854 -0.867996 0.254750
v 0.431534 -0.800867 0.200736
v 0.421869 -0.819071 0.204254
v 0.416600 -0.800867 0.182938
v 0.411457 -0.819071 0.191845
v 0.393719 -0.800867 0.178904
v 0.395505 -0.819071 0.189032
v 0.373598 -0.800867 0.190521
v 0.381477 -0.819071 0.197132
v 0.365652 -0.800867 0.212353
v 0.375936 -0.819071 0.212353
v 0.373598 -0.800867 0.234186
v 0.381477 -0.819071 0.227575
v 0.393719 -0.800867 0.245803
v 0.395505 -0.819071 0.235674
v 0.416600 -0.800867 0.241768
v 0.411457 -0.819071 0.232861
v 0.431534 -0.800867 0.223970
v 0.421869 -0.819071 0.220452
v 0.421869 -0.826310 0.204254
v 0.411457 -0.826310 0.191845
v 0.395505 -0.826310 0.189032
v 0.381477 -0.826310 0.197132
v 0.375936 -0.826310 0.212353
v 0.381477 -0.826310 0.227575
v 0.395505 -0.826310 0.235674
v 0.411457 -0.826310 0.232861
v 0.421869 -0.826310 0.220452
v 0.426739 -0.819071 0.202481
v 0.431534 -0.814046 0.200736
v 0.414049 -0.819071 0.187357
v 0.416600 -0.814046 0.182938
v 0.394605 -0.819071 0.183929
v 0.393719 -0.814046 0.178904
v 0.377506 -0.819071 0.193800
v 0.373598 -0.814046 0.190521
v 0.370754 -0.819071 0.212353
v 0.365652 -0.814046 0.212353
v 0.377507 -0.819071 0.230906
v 0.373598 -0.814046 0.234186
v 0.394605 -0.819071 0.240778
v 0.393719 -0.814046 0.245803
v 0.414049 -0.819071 0.237349
v 0.416600 -0.814046 0.241768
v 0.426739 -0.819071 0.222225
v 0.431534 -0.814046 0.223970
vn 0.0527 -0.0202 0.9984
vn -0.3334 -0.0202 0.9426
vn -0.4297 0.0736 -0.9000
vn -0.0457 0.0539 -0.9975
vn -0.0458 0.0539 -0.9975
vn -0.0000 1.0000 -0.0000
vn -0.4308 -0.0202 -0.9022
vn -0.0527 -0.0202 -0.9984
vn -0.4272 -0.8184 -0.3843
vn -0.5418 -0.8184 -0.1916
vn -0.6627 0.0539 0.7470
vn -0.9000 0.0736 0.4297
vn -0.6627 0.0539 0.7469
vn 0.4308 -0.0202 0.9022
vn -0.9975 0.0539 0.0457
vn -0.9422 0.0345 -0.3332
vn -0.9975 0.0539 0.0458
vn 0.5633 -0.8019 0.1992
vn 0.5966 -0.8019 -0.0315
vn -0.7470 0.0539 -0.6627
vn -0.7469 0.0539 -0.6627
vn 0.6687 -0.0202 -0.7433
vn 0.9022 -0.0202 -0.4308
vn -0.9426 -0.0202 -0.3334
vn -0.7433 -0.0202 -0.6687
vn 0.3332 0.0345 -0.9422
vn -0.6687 -0.0202 0.7433
vn 0.6627 0.0539 -0.7470
vn 0.6627 0.0539 -0.7469
vn -0.9022 -0.0202 0.4308
vn -0.9984 -0.0202 0.0527
vn 0.9975 0.0539 -0.0457
vn 0.9975 0.0539 -0.0458
vn 0.9000 0.0736 -0.4297
vn 0.3334 -0.0202 -0.9426
vn 0.7470 0.0539 0.6627
vn 0.7469 0.0539 0.6627
vn 0.9422 0.0345 0.3332
vn -0.0303 -0.8184 -0.5738
vn 0.1916 -0.8184 -0.5418
vn 0.4297 0.0736 0.9000
vn -0.3332 0.0345 0.9422
vn 0.0458 0.0539 0.9975
vn 0.0457 0.0539 0.9975
vn -0.1916 -0.8184 0.5418
vn 0.0303 -0.8184 0.5738
vn -0.1992 -0.8019 0.5633
vn 0.0315 -0.8019 0.5966
vn 0.9426 -0.0202 0.3334
vn 0.7433 -0.0202 0.6687
vn 0.3996 -0.8019 -0.4442
vn 0.1992 -0.8019 -0.5633
vn -0.3843 -0.8184 0.4272
vn -0.5186 -0.8184 0.2476
vn -0.5738 -0.8184 0.0303
vn 0.4442 -0.8019 0.3996
vn -0.2476 -0.8184 -0.5186
vn 0.9984 -0.0202 -0.0527
vn 0.2574 -0.8019 0.5391
vn -0.0000 -1.0000 -0.0000
vn 0.9024 -0.0000 -0.4309
vn -0.9024 -0.0000 0.4309
vn 0.5000 -0.0000 -0.8660
vn -0.1736 -0.0000 -0.9848
vn -0.7660 -0.0000 -0.6428
vn -1.0000 -0.0000 -0.0000
vn -0.7660 -0.0000 0.6428
vn -0.1736 -0.0000 0.9848
vn 0.5000 -0.0000 0.8660
vn 0.9397 -0.0000 0.3420
vn 1.0000 -0.0000 -0.0000
vn 0.7660 -0.6428 -0.0000
vn 0.9397 -0.0000 -0.3420
vn 0.1736 -0.9848 -0.0000
vn -0.5000 -0.8660 -0.0000
vn -0.9397 -0.3420 -0.0000
vn -0.9397 0.3420 -0.0000
vn -0.5000 0.8660 -0.0000
vn 0.1736 0.9848 -0.0000
vn 0.7660 0.6428 -0.0000
vn -0.0000 -0.0000 -1.0000
vn 0.6594 -0.7125 -0.2400
vn 0.6594 -0.7125 0.2400
vn 0.3508 -0.7125 -0.6077
vn -0.1218 -0.7125 -0.6910
vn -0.5375 -0.7125 -0.4510
vn -0.7017 -0.7125 -0.0000
vn -0.5375 -0.7125 0.4510
vn -0.1218 -0.7125 0.6910
vn 0.3508 -0.7125 0.6077
vn -0.0315 -0.8019 -0.5966
vn 0.2476 -0.8184 0.5186
vn 0.4272 -0.8184 0.3843
vn -0.2574 -0.8019 -0.5391
vn -0.4442 -0.8019 -0.3996
vn -0.5633 -0.8019 -0.1992
vn -0.5966 -0.8019 0.0315
vn 0.5186 -0.8184 -0.2476
vn 0.3843 -0.8184 -0.4272
vn -0.5391 -0.8019 0.2574
vn -0.3996 -0.8019 0.4442
vn 0.5738 -0.8184 -0.0303
vn 0.5418 -0.8184 0.1916
vn 0.5391 -0.8019 -0.2574
vn 0.9167 -0.0000 0.3995
vn 0.9591 -0.0000 -0.2832
vn 0.5526 -0.0000 -0.8334
vn -0.1124 -0.0000 -0.9937
vn -0.7248 -0.0000 -0.6890
vn -0.9981 -0.0000 -0.0619
vn -0.8044 -0.0000 0.5942
vn -0.2343 -0.0000 0.9722
vn 0.4455 -0.0000 0.8953
vn -0.8043 -0.0000 0.5942
vn -0.2342 -0.0000 0.9722
vn 0.8988 -0.3487 -0.2654
vn 0.8592 -0.3487 0.3744
vn 0.7004 -0.6452 0.3052
vn 0.7327 -0.6452 -0.2164
vn 0.5179 -0.3487 -0.7811
vn 0.4222 -0.6452 -0.6368
vn 0.3403 -0.6452 0.6840
vn 0.1116 -0.9681 0.2243
vn 0.2296 -0.9681 0.1001
vn 0.2403 -0.9681 -0.0709
vn -0.0587 -0.9681 0.2435
vn -0.2015 -0.9681 0.1488
vn -0.2500 -0.9681 -0.0155
vn -0.1816 -0.9681 -0.1726
vn -0.0281 -0.9681 -0.2489
vn 0.1384 -0.9681 -0.2088
vn -0.1053 -0.3487 -0.9313
vn -0.0859 -0.6452 -0.7592
vn -0.6793 -0.3487 -0.6457
vn -0.5538 -0.6452 -0.5264
vn -0.9354 -0.3487 -0.0580
vn -0.7626 -0.6452 -0.0473
vn -0.7539 -0.3487 0.5569
vn -0.6146 -0.6452 0.4540
vn -0.2195 -0.3487 0.9111
vn -0.1790 -0.6452 0.7428
vn 0.4175 -0.3488 0.8391
vn 0.4441 -0.8019 0.3996
vn -0.1737 -0.0000 -0.9848
vn -0.5392 -0.8019 0.2574
vn -0.3996 -0.8019 0.4441
vn 0.2297 -0.9681 0.1001
vn -0.0282 -0.9681 -0.2489
vn -0.7539 -0.3487 0.5568
vn -0.6145 -0.6452 0.4539
vn -0.2196 -0.3487 0.9111
vn 0.4175 -0.3487 0.8391
vn 0.3996 -0.8019 -0.4441
vn 0.6593 -0.7125 -0.2400
vn 0.6593 -0.7125 0.2400
vn 0.2402 -0.9681 -0.0709
vn -0.7538 -0.3488 0.5569
vn -0.6145 -0.6452 0.4540
vn 0.6895 0.4433 0.5728
vn 0.5645 0.4433 0.6963
vn 0.6457 0.1047 0.7564
vn 0.7485 0.1047 0.6548
vn -0.7444 -0.1843 -0.6418
vn -0.6267 -0.2083 -0.7509
vn -0.6181 0.0539 -0.7842
vn -0.7687 0.0778 -0.6349
vn 0.4178 0.4433 0.7931
vn 0.4410 0.1047 0.8914
vn -0.4331 -0.2219 -0.8736
vn -0.4658 0.0345 -0.8842
vn 0.2550 0.4433 0.8593
vn 0.3071 0.1047 0.9459
vn -0.3003 -0.2219 -0.9277
vn -0.2843 0.0345 -0.9581
vn 0.0825 0.4433 0.8926
vn 0.0663 0.1047 0.9923
vn -0.0658 -0.2219 -0.9728
vn -0.0920 0.0345 -0.9952
vn -0.0932 0.4433 0.8915
vn -0.0783 0.1047 0.9914
vn 0.0775 -0.2219 -0.9720
vn 0.1040 0.0345 -0.9940
vn -0.2654 0.4433 0.8562
vn -0.3185 0.1047 0.9421
vn 0.3115 -0.2219 -0.9240
vn 0.2959 0.0345 -0.9546
vn -0.4273 0.4433 0.7880
vn -0.4517 0.1047 0.8860
vn 0.4359 -0.2082 -0.8756
vn 0.4639 0.0539 -0.8842
vn -0.5728 0.4433 0.6895
vn -0.6548 0.1047 0.7485
vn 0.6452 -0.1944 -0.7388
vn 0.6373 0.0736 -0.7671
vn -0.6963 0.4433 0.5645
vn -0.7564 0.1047 0.6457
vn 0.7509 -0.2083 -0.6267
vn 0.7842 0.0539 -0.6181
vn -0.7931 0.4433 0.4178
vn -0.8914 0.1047 0.4410
vn 0.8736 -0.2219 -0.4331
vn 0.8842 0.0345 -0.4658
vn -0.8593 0.4433 0.2550
vn -0.9459 0.1047 0.3071
vn 0.9277 -0.2219 -0.3003
vn 0.9581 0.0345 -0.2843
vn -0.8926 0.4433 0.0825
vn -0.9923 0.1047 0.0663
vn 0.9728 -0.2219 -0.0658
vn 0.9952 0.0345 -0.0920
vn -0.8915 0.4433 -0.0932
vn -0.9914 0.1047 -0.0783
vn 0.9720 -0.2219 0.0775
vn 0.9940 0.0345 0.1040
vn -0.8562 0.4433 -0.2654
vn -0.9421 0.1047 -0.3185
vn 0.9240 -0.2219 0.3115
vn 0.9546 0.0345 0.2959
vn -0.7880 0.4433 -0.4273
vn -0.8860 0.1047 -0.4517
vn 0.8756 -0.2082 0.4359
vn 0.8842 0.0539 0.4639
vn -0.6895 0.4433 -0.5728
vn -0.7485 0.1047 -0.6548
vn 0.7388 -0.1944 0.6452
vn 0.7671 0.0736 0.6373
vn -0.5645 0.4433 -0.6963
vn -0.6457 0.1047 -0.7564
vn 0.6267 -0.2083 0.7509
vn 0.6181 0.0539 0.7842
vn -0.4178 0.4433 -0.7931
vn -0.4410 0.1047 -0.8914
vn 0.4331 -0.2219 0.8736
vn 0.4658 0.0345 0.8842
vn -0.2550 0.4433 -0.8593
vn -0.3071 0.1047 -0.9459
vn 0.3003 -0.2219 0.9277
vn 0.2843 0.0345 0.9581
vn -0.0825 0.4433 -0.8926
vn -0.0663 0.1047 -0.9923
vn 0.0658 -0.2219 0.9728
vn 0.0920 0.0345 0.9952
vn 0.0932 0.4433 -0.8915
vn 0.0783 0.1047 -0.9914
vn -0.0775 -0.2219 0.9720
vn -0.1040 0.0345 0.9940
vn 0.2654 0.4433 -0.8562
vn 0.3185 0.1047 -0.9421
vn -0.3115 -0.2219 0.9240
vn -0.2959 0.0345 0.9546
vn 0.4273 0.4433 -0.7880
vn 0.4517 0.1047 -0.8860
vn -0.4359 -0.2082 0.8756
vn -0.4639 0.0539 0.8842
vn 0.5728 0.4433 -0.6895
vn 0.6548 0.1047 -0.7485
vn -0.6452 -0.1944 0.7388
vn -0.6373 0.0736 0.7671
vn 0.6963 0.4433 -0.5645
vn 0.7564 0.1047 -0.6457
vn -0.7509 -0.2083 0.6267
vn -0.7842 0.0539 0.6181
vn 0.7931 0.4433 -0.4178
vn 0.8914 0.1047 -0.4410
vn -0.8736 -0.2219 0.4331
vn -0.8842 0.0345 0.4658
vn 0.8593 0.4433 -0.2550
vn 0.9459 0.1047 -0.3071
vn -0.9277 -0.2219 0.3003
vn -0.9581 0.0345 0.2843
vn 0.8926 0.4433 -0.0825
vn 0.9923 0.1047 -0.0663
vn -0.9728 -0.2219 0.0658
vn -0.9952 0.0345 0.0920
vn 0.8915 0.4433 0.0932
vn 0.9914 0.1047 0.0783
vn -0.9720 -0.2219 -0.0775
vn -0.9940 0.0345 -0.1040
vn 0.8562 0.4433 0.2654
vn 0.9421 0.1047 0.3185
vn -0.9192 -0.2160 -0.3292
vn -0.9550 0.0329 -0.2948
vn 0.7880 0.4433 0.4273
vn 0.8860 0.1047 0.4517
vn -0.8548 -0.2752 -0.4400
vn -0.8818 0.0591 -0.4679
vn 0.0904 -0.1890 0.9778
vn -0.3497 -0.8674 -0.3540
vn -0.0091 -0.9985 0.0536
vn 0.8688 -0.1890 -0.4577
vn 0.9380 -0.1890 0.2907
vn -0.3374 -0.0000 0.9413
vn 0.3466 -0.0000 0.9380
vn 0.8685 -0.0000 0.4958
vn 0.9839 -0.0000 -0.1784
vn 0.6390 -0.0000 -0.7692
vn -0.0049 -0.0000 -1.0000
vn -0.6465 -0.0000 -0.7629
vn -0.9856 -0.0000 -0.1688
vn -0.8636 -0.0000 0.5042
vn 0.3248 -0.3487 0.8791
vn -0.3163 -0.3487 0.8822
vn -0.2578 -0.6452 0.7192
vn 0.2648 -0.6452 0.7167
vn 0.8139 -0.3487 0.4646
vn 0.6635 -0.6452 0.3788
vn -0.6598 -0.6452 0.3852
vn -0.2163 -0.9681 0.1263
vn -0.0845 -0.9681 0.2358
vn 0.0868 -0.9681 0.2350
vn -0.2469 -0.9681 -0.0423
vn -0.1620 -0.9681 -0.1911
vn -0.0012 -0.9681 -0.2505
vn 0.1601 -0.9681 -0.1927
vn 0.2465 -0.9681 -0.0447
vn 0.2175 -0.9681 0.1242
vn 0.9222 -0.3487 -0.1672
vn 0.7518 -0.6452 -0.1363
vn 0.5989 -0.3487 -0.7209
vn 0.4882 -0.6452 -0.5877
vn -0.0046 -0.3487 -0.9372
vn -0.0037 -0.6452 -0.7640
vn -0.6059 -0.3488 -0.7150
vn -0.4940 -0.6452 -0.5829
vn -0.9238 -0.3488 -0.1582
vn -0.7531 -0.6452 -0.1290
vn -0.8094 -0.3487 0.4726
vn 0.8632 -0.1890 0.4681
vn 0.2794 -0.1890 0.9414
vn -0.1021 -0.1890 0.9767
vn -0.4965 -0.1051 0.8617
vn 0.7553 -0.1890 0.6275
vn 0.6275 -0.1890 -0.7553
vn 0.2020 -0.8539 -0.4796
vn -0.1877 -0.8674 -0.4609
vn 0.3702 -0.8539 -0.3657
vn 0.9778 -0.1890 -0.0904
vn 0.0030 -0.8674 -0.4976
vn 0.4820 -0.8539 -0.1962
vn 0.1932 -0.8674 -0.4586
vn 0.5204 -0.8539 0.0031
vn 0.3540 -0.8674 -0.3497
vn 0.4796 -0.8539 0.2020
vn 0.4577 -0.1890 0.8688
vn 0.4609 -0.8674 -0.1876
vn 0.4976 -0.8674 0.0030
vn -0.2907 -0.1890 0.9380
vn 0.4586 -0.8674 0.1932
vn -0.9778 -0.1890 0.0904
vn 0.3497 -0.8674 0.3540
vn -0.6275 -0.1890 0.7553
vn 0.1877 -0.8674 0.4609
vn -0.8688 -0.1890 0.4577
vn -0.0030 -0.8674 0.4976
vn -0.9380 -0.1890 -0.2907
vn -0.1932 -0.8674 0.4586
vn 0.3657 -0.8539 0.3702
vn -0.7553 -0.1890 -0.6275
vn -0.3540 -0.8674 0.3497
vn 0.1962 -0.8539 0.4820
vn -0.0904 -0.1890 -0.9778
vn -0.4577 -0.1890 -0.8688
vn -0.4609 -0.8674 0.1876
vn -0.0031 -0.8539 0.5204
vn -0.4976 -0.8674 -0.0030
vn -0.2020 -0.8539 0.4796
vn 0.2907 -0.1890 -0.9380
vn -0.4144 -0.8866 -0.2055
vn -0.4233 -0.8811 -0.2109
vn -0.3702 -0.8539 0.3657
vn -0.4820 -0.8539 0.1962
vn -0.5204 -0.8539 -0.0031
vn -0.4796 -0.8539 -0.2020
vn -0.3657 -0.8539 -0.3702
vn -0.1962 -0.8539 -0.4820
vn 0.0031 -0.8539 -0.5204
vn 0.0001 -0.9999 -0.0162
vn 0.0114 -0.9999 0.0116
vn 0.0063 -0.9999 -0.0150
vn 0.0061 -0.9999 0.0150
vn 0.0116 -0.9999 -0.0114
vn -0.0001 -0.9999 0.0162
vn 0.0150 -0.9999 -0.0061
vn -0.0063 -0.9999 0.0150
vn 0.0162 -0.9999 0.0001
vn -0.0116 -0.9999 0.0114
vn 0.0150 -0.9999 0.0063
vn -0.0150 -0.9999 0.0061
vn -0.0162 -0.9999 -0.0001
vn -0.0150 -0.9999 -0.0063
vn 0.4681 -0.1890 -0.8632
vn -0.0114 -0.9999 -0.0116
vn 0.7628 -0.1890 -0.6184
vn -0.0061 -0.9999 -0.0150
vn -0.7628 -0.1890 0.6184
vn -0.9414 -0.1890 0.2794
vn 0.6184 -0.1890 0.7628
vn -0.9767 -0.1890 -0.1021
vn -0.8632 -0.1890 -0.4681
vn -0.6184 -0.1890 -0.7628
vn -0.2794 -0.1890 -0.9414
vn 0.1021 -0.1890 -0.9767
vn 0.9414 -0.1890 -0.2794
vn 0.9767 -0.1890 0.1021
vn 0.7692 -0.0000 0.6390
vn -0.7692 -0.0000 -0.6390
vt 0.678932 0.930018
vt 0.682188 0.933550
vt 0.680730 0.934456
vt 0.677919 0.931482
vt 0.455960 0.953690
vt 0.458373 0.952696
vt 0.458910 0.953502
vt 0.456141 0.954665
vt 0.452382 0.958121
vt 0.448363 0.956383
vt 0.450418 0.953393
vt 0.453142 0.954565
vt 0.669344 0.952133
vt 0.664890 0.950335
vt 0.665903 0.948871
vt 0.669678 0.950449
vt 0.946830 0.731564
vt 0.949547 0.731562
vt 0.950095 0.734237
vt 0.946314 0.734241
vt 0.448180 0.945726
vt 0.448146 0.948334
vt 0.447174 0.948520
vt 0.447242 0.945526
vt 0.456786 0.958193
vt 0.445359 0.940745
vt 0.448494 0.937613
vt 0.450504 0.940696
vt 0.448390 0.942786
vt 0.674477 0.928219
vt 0.674143 0.929904
vt 0.449141 0.950744
vt 0.450962 0.952600
vt 0.448346 0.951274
vt 0.460922 0.956585
vt 0.443677 0.944810
vt 0.953598 0.732784
vt 0.954494 0.734115
vt 0.950406 0.735798
vt 0.453350 0.953628
vt 0.464056 0.953451
vt 0.461024 0.951411
vt 0.659968 0.942367
vt 0.660082 0.937641
vt 0.661742 0.938007
vt 0.661646 0.942081
vt 0.678466 0.950347
vt 0.674085 0.952131
vt 0.673759 0.950459
vt 0.677535 0.948925
vt 0.460223 0.950868
vt 0.465737 0.949386
vt 0.462171 0.948670
vt 0.445312 0.953254
vt 0.443677 0.949195
vt 0.683852 0.937986
vt 0.682172 0.938271
vt 0.461233 0.948470
vt 0.465737 0.945001
vt 0.462240 0.945676
vt 0.683735 0.942711
vt 0.681849 0.947045
vt 0.680450 0.946079
vt 0.682075 0.942344
vt 0.460270 0.943453
vt 0.461066 0.942922
vt 0.461270 0.945862
vt 0.464101 0.940943
vt 0.661637 0.946799
vt 0.663095 0.945892
vt 0.456066 0.940568
vt 0.456274 0.939633
vt 0.458997 0.940804
vt 0.458454 0.941595
vt 0.461052 0.937815
vt 0.942400 0.728614
vt 0.940144 0.730136
vt 0.938677 0.726657
vt 0.941346 0.726113
vt 0.457034 0.936077
vt 0.452630 0.936006
vt 0.453275 0.939536
vt 0.453457 0.940515
vt 0.449190 0.943329
vt 0.451041 0.941501
vt 0.954977 0.723354
vt 0.953931 0.720851
vt 0.956182 0.719325
vt 0.957641 0.722805
vt 0.938828 0.731024
vt 0.937124 0.726977
vt 0.665352 0.930001
vt 0.669735 0.928219
vt 0.670061 0.929891
vt 0.666284 0.931424
vt 0.957679 0.726579
vt 0.959195 0.722488
vt 0.959237 0.726879
vt 0.954999 0.726070
vt 0.956258 0.730081
vt 0.953971 0.728587
vt 0.952057 0.730519
vt 0.946002 0.735798
vt 0.942822 0.732802
vt 0.944321 0.730528
vt 0.661968 0.933305
vt 0.663367 0.934271
vt 0.941941 0.734120
vt 0.982294 0.300464
vt 0.979530 0.300464
vt 0.979530 0.284704
vt 0.982294 0.284704
vt 0.975973 0.284704
vt 0.978737 0.284704
vt 0.978737 0.300464
vt 0.975973 0.300464
vt 0.975181 0.284704
vt 0.975181 0.300464
vt 0.980035 0.972563
vt 0.977962 0.971821
vt 0.977968 0.971086
vt 0.980480 0.972013
vt 0.791025 0.912322
vt 0.791025 0.915227
vt 0.783618 0.915227
vt 0.783618 0.912322
vt 0.791025 0.889077
vt 0.791025 0.891982
vt 0.783618 0.891982
vt 0.783618 0.889077
vt 0.791025 0.894888
vt 0.783618 0.894888
vt 0.791025 0.897793
vt 0.783618 0.897793
vt 0.791025 0.900699
vt 0.783618 0.900699
vt 0.791025 0.903605
vt 0.783618 0.903605
vt 0.791025 0.906510
vt 0.783618 0.906510
vt 0.884725 0.928138
vt 0.884725 0.929449
vt 0.879342 0.929449
vt 0.879342 0.928138
vt 0.975837 0.972575
vt 0.976395 0.973223
vt 0.975612 0.974731
vt 0.974788 0.974617
vt 0.791025 0.909416
vt 0.783618 0.909416
vt 0.884725 0.930760
vt 0.879342 0.930760
vt 0.884725 0.932071
vt 0.879342 0.932071
vt 0.884725 0.933382
vt 0.879342 0.933382
vt 0.884725 0.934693
vt 0.879342 0.934693
vt 0.884725 0.936003
vt 0.879342 0.936003
vt 0.884725 0.937314
vt 0.879342 0.937314
vt 0.884725 0.925516
vt 0.884725 0.926827
vt 0.879342 0.926827
vt 0.879342 0.925516
vt 0.698013 0.980975
vt 0.696722 0.981202
vt 0.695587 0.980547
vt 0.695139 0.979315
vt 0.695587 0.978083
vt 0.696722 0.977428
vt 0.698013 0.977656
vt 0.698856 0.978660
vt 0.698856 0.979971
vt 0.975316 0.971959
vt 0.974038 0.974517
vt 0.975285 0.976836
vt 0.974656 0.977230
vt 0.977071 0.978252
vt 0.976833 0.978972
vt 0.979374 0.978197
vt 0.979706 0.978939
vt 0.980972 0.976599
vt 0.981639 0.976908
vt 0.981197 0.974408
vt 0.981882 0.974245
vt 0.979540 0.973181
vt 0.980427 0.974586
vt 0.980239 0.976244
vt 0.979031 0.977411
vt 0.977329 0.977460
vt 0.975981 0.976397
vt 0.977967 0.972634
vt 0.981106 0.971244
vt 0.982845 0.974013
vt 0.977995 0.970055
vt 0.974582 0.971090
vt 0.972979 0.974392
vt 0.973773 0.977790
vt 0.976492 0.979988
vt 0.980179 0.979988
vt 0.982583 0.977336
vt 0.957496 0.718441
vt 0.952009 0.718934
vt 0.949497 0.717895
vt 0.950026 0.715220
vt 0.953511 0.716663
vt 0.954391 0.715344
vt 0.950336 0.713666
vt 0.946249 0.715221
vt 0.945939 0.713659
vt 0.942746 0.716675
vt 0.941854 0.715343
vt 0.942358 0.720885
vt 0.941340 0.723399
vt 0.938666 0.722881
vt 0.940084 0.719375
vt 0.938754 0.718497
vt 0.937106 0.722581
vt 0.944267 0.718952
vt 0.946776 0.717902
vt 0.957588 0.730958
vt 0.942124 0.973701
vt 0.942203 0.972471
vt 0.944733 0.972616
vt 0.944712 0.973750
vt 0.942305 0.971261
vt 0.944827 0.971488
vt 0.942423 0.970055
vt 0.944979 0.970306
vt 0.942989 0.980772
vt 0.942775 0.979659
vt 0.945103 0.979229
vt 0.945348 0.980318
vt 0.942576 0.978542
vt 0.944938 0.978182
vt 0.942389 0.977403
vt 0.944811 0.977125
vt 0.942219 0.976220
vt 0.944742 0.976035
vt 0.942073 0.974970
vt 0.944703 0.974903
vt 0.945369 0.973752
vt 0.945368 0.974862
vt 0.945680 0.979118
vt 0.945541 0.978125
vt 0.947573 0.977995
vt 0.947614 0.978944
vt 0.945379 0.972651
vt 0.945454 0.971587
vt 0.945548 0.970610
vt 0.945837 0.980002
vt 0.945435 0.977070
vt 0.945387 0.975975
vt 0.947608 0.973728
vt 0.947684 0.974842
vt 0.947544 0.971639
vt 0.947556 0.972664
vt 0.947572 0.977002
vt 0.947558 0.970640
vt 0.947614 0.975955
vt 0.947684 0.979863
vt 0.940731 0.340718
vt 0.940327 0.339651
vt 0.940668 0.339365
vt 0.941190 0.340705
vt 0.939357 0.339074
vt 0.939449 0.338638
vt 0.938225 0.339217
vt 0.938020 0.338806
vt 0.937417 0.340072
vt 0.936960 0.339881
vt 0.937404 0.341266
vt 0.936960 0.341424
vt 0.938154 0.342174
vt 0.937915 0.342572
vt 0.939308 0.342407
vt 0.939378 0.342873
vt 0.940358 0.341835
vt 0.940741 0.342148
vt 0.939982 0.339932
vt 0.939267 0.339510
vt 0.938439 0.339618
vt 0.940275 0.340718
vt 0.939720 0.340723
vt 0.939562 0.340282
vt 0.939160 0.340045
vt 0.939558 0.341164
vt 0.939145 0.341389
vt 0.938677 0.341298
vt 0.938377 0.340929
vt 0.938386 0.340458
vt 0.938698 0.340108
vt 0.937860 0.340246
vt 0.937843 0.341115
vt 0.938390 0.341780
vt 0.939236 0.341947
vt 0.939996 0.341526
vt 0.747280 0.948132
vt 0.742829 0.949930
vt 0.742495 0.948247
vt 0.746268 0.946669
vt 0.527949 0.953244
vt 0.530364 0.952257
vt 0.530901 0.953061
vt 0.528131 0.954222
vt 0.524372 0.957679
vt 0.520355 0.955942
vt 0.522408 0.952952
vt 0.525131 0.954124
vt 0.729978 0.931364
vt 0.733213 0.927800
vt 0.734227 0.929261
vt 0.731442 0.932267
vt 0.410234 0.959973
vt 0.410237 0.957259
vt 0.412912 0.956717
vt 0.412908 0.960500
vt 0.520170 0.945288
vt 0.520137 0.947896
vt 0.519165 0.948082
vt 0.519233 0.945088
vt 0.528775 0.957751
vt 0.517345 0.940307
vt 0.520480 0.937172
vt 0.522493 0.940257
vt 0.520380 0.942349
vt 0.750535 0.944603
vt 0.749077 0.943695
vt 0.521130 0.950306
vt 0.522951 0.952159
vt 0.520337 0.950836
vt 0.532912 0.956145
vt 0.515667 0.944373
vt 0.411467 0.953214
vt 0.412796 0.952318
vt 0.414474 0.956409
vt 0.525339 0.953188
vt 0.536047 0.953012
vt 0.533014 0.950970
vt 0.742427 0.926027
vt 0.746810 0.927807
vt 0.745880 0.929231
vt 0.742100 0.927699
vt 0.728444 0.940522
vt 0.728324 0.935801
vt 0.730003 0.936083
vt 0.730102 0.940154
vt 0.532214 0.950428
vt 0.537726 0.948947
vt 0.534160 0.948231
vt 0.517303 0.952815
vt 0.515669 0.948757
vt 0.738092 0.949930
vt 0.738417 0.948259
vt 0.533223 0.948031
vt 0.537726 0.944563
vt 0.534229 0.945237
vt 0.733713 0.948150
vt 0.730331 0.944851
vt 0.731728 0.943886
vt 0.734643 0.946728
vt 0.532263 0.943013
vt 0.533058 0.942483
vt 0.533257 0.945423
vt 0.536093 0.940504
vt 0.737685 0.926015
vt 0.738016 0.927704
vt 0.528054 0.940130
vt 0.528262 0.939192
vt 0.530987 0.940364
vt 0.530443 0.941157
vt 0.533042 0.937375
vt 0.407289 0.964405
vt 0.408808 0.966662
vt 0.405332 0.968128
vt 0.404788 0.965459
vt 0.529022 0.935636
vt 0.524617 0.935563
vt 0.525262 0.939093
vt 0.525444 0.940068
vt 0.521180 0.942891
vt 0.523031 0.941062
vt 0.402031 0.951822
vt 0.399527 0.952873
vt 0.398016 0.950609
vt 0.401497 0.949151
vt 0.409691 0.967979
vt 0.405645 0.969682
vt 0.752093 0.935440
vt 0.752210 0.940170
vt 0.750531 0.939883
vt 0.750433 0.935808
vt 0.405272 0.949129
vt 0.401176 0.947599
vt 0.405567 0.947569
vt 0.404747 0.951805
vt 0.408775 0.950547
vt 0.407269 0.952828
vt 0.409199 0.954748
vt 0.414467 0.960810
vt 0.411473 0.963992
vt 0.409206 0.962485
vt 0.750200 0.931106
vt 0.748801 0.932073
vt 0.412791 0.964870
vt 0.982294 0.341518
vt 0.979530 0.341518
vt 0.979530 0.325758
vt 0.982294 0.325758
vt 0.975974 0.325758
vt 0.978737 0.325758
vt 0.978737 0.341518
vt 0.975974 0.341518
vt 0.975181 0.325758
vt 0.975181 0.341518
vt 0.661623 0.981785
vt 0.661850 0.983979
vt 0.661182 0.984291
vt 0.660934 0.981621
vt 0.791025 0.860876
vt 0.791025 0.863782
vt 0.783618 0.863782
vt 0.783618 0.860876
vt 0.791025 0.837631
vt 0.791025 0.840537
vt 0.783618 0.840537
vt 0.783618 0.837631
vt 0.791025 0.843442
vt 0.783618 0.843442
vt 0.791025 0.846348
vt 0.783618 0.846348
vt 0.791025 0.849253
vt 0.783618 0.849253
vt 0.791025 0.852159
vt 0.783618 0.852159
vt 0.791025 0.855065
vt 0.783618 0.855065
vt 0.633293 0.444161
vt 0.633293 0.445472
vt 0.627911 0.445472
vt 0.627911 0.444161
vt 0.663455 0.985571
vt 0.663796 0.984785
vt 0.665497 0.984834
vt 0.665752 0.985626
vt 0.791025 0.857970
vt 0.783618 0.857970
vt 0.633293 0.446783
vt 0.627911 0.446783
vt 0.633293 0.448094
vt 0.627911 0.448094
vt 0.633293 0.449405
vt 0.627911 0.449405
vt 0.633293 0.450716
vt 0.627911 0.450716
vt 0.633293 0.452027
vt 0.627911 0.452027
vt 0.633293 0.453338
vt 0.627911 0.453338
vt 0.633293 0.441540
vt 0.633293 0.442851
vt 0.627911 0.442851
vt 0.627911 0.441540
vt 0.945716 0.550363
vt 0.946851 0.551019
vt 0.947300 0.552251
vt 0.946851 0.553483
vt 0.945716 0.554138
vt 0.944425 0.553910
vt 0.943582 0.552906
vt 0.943582 0.551595
vt 0.944425 0.550591
vt 0.663126 0.986312
vt 0.665987 0.986343
vt 0.667535 0.984217
vt 0.668162 0.984612
vt 0.668033 0.982000
vt 0.668783 0.981903
vt 0.666986 0.979957
vt 0.667509 0.979335
vt 0.664852 0.979199
vt 0.664844 0.978464
vt 0.662781 0.979937
vt 0.662339 0.979390
vt 0.662397 0.981963
vt 0.663272 0.980552
vt 0.664847 0.980013
vt 0.666424 0.980609
vt 0.667210 0.982113
vt 0.666841 0.983779
vt 0.662581 0.983623
vt 0.659968 0.981388
vt 0.661714 0.978622
vt 0.660238 0.984714
vt 0.662652 0.987353
vt 0.666330 0.987353
vt 0.669047 0.985164
vt 0.669844 0.981770
vt 0.668250 0.978455
vt 0.664824 0.977428
vt 0.397128 0.949296
vt 0.397617 0.954798
vt 0.396575 0.957305
vt 0.393899 0.956773
vt 0.395354 0.953287
vt 0.394032 0.952408
vt 0.392342 0.956462
vt 0.393906 0.960557
vt 0.392342 0.960863
vt 0.395349 0.964063
vt 0.394017 0.964953
vt 0.399558 0.964445
vt 0.402073 0.965467
vt 0.401554 0.968142
vt 0.398048 0.966719
vt 0.397174 0.968050
vt 0.401253 0.969702
vt 0.397623 0.962534
vt 0.396584 0.960023
vt 0.409647 0.949216
vt 0.911474 0.973431
vt 0.911659 0.972287
vt 0.914019 0.972640
vt 0.913915 0.973701
vt 0.911859 0.971169
vt 0.914188 0.971601
vt 0.912075 0.970055
vt 0.914436 0.970513
vt 0.911521 0.980784
vt 0.911395 0.979584
vt 0.913892 0.979348
vt 0.914065 0.980517
vt 0.911291 0.978380
vt 0.913819 0.978238
vt 0.911209 0.977151
vt 0.913791 0.977108
vt 0.911158 0.975878
vt 0.913803 0.975953
vt 0.911303 0.974621
vt 0.913841 0.974806
vt 0.914538 0.973779
vt 0.914489 0.974866
vt 0.914515 0.979250
vt 0.914461 0.978177
vt 0.916632 0.978182
vt 0.916607 0.979205
vt 0.914622 0.972721
vt 0.914765 0.971718
vt 0.914925 0.970831
vt 0.914618 0.980213
vt 0.914449 0.977076
vt 0.914470 0.975968
vt 0.916671 0.973841
vt 0.916712 0.974889
vt 0.916709 0.971892
vt 0.916668 0.972845
vt 0.916692 0.977118
vt 0.916778 0.970970
vt 0.916778 0.976002
vt 0.916614 0.980198
vt 0.868651 0.805693
vt 0.868257 0.804623
vt 0.868599 0.804338
vt 0.869111 0.805682
vt 0.867289 0.804043
vt 0.867383 0.803607
vt 0.866157 0.804185
vt 0.865954 0.803773
vt 0.865344 0.805034
vt 0.864888 0.804843
vt 0.865334 0.806230
vt 0.864888 0.806386
vt 0.866076 0.807145
vt 0.865835 0.807542
vt 0.867229 0.807382
vt 0.867298 0.807848
vt 0.868279 0.806809
vt 0.868661 0.807124
vt 0.867913 0.804905
vt 0.867200 0.804478
vt 0.866370 0.804589
vt 0.868197 0.805696
vt 0.867644 0.805694
vt 0.867491 0.805253
vt 0.867091 0.805012
vt 0.867484 0.806132
vt 0.867072 0.806361
vt 0.866604 0.806269
vt 0.866305 0.805896
vt 0.866314 0.805423
vt 0.866628 0.805080
vt 0.865784 0.805214
vt 0.865772 0.806079
vt 0.866311 0.806749
vt 0.867158 0.806922
vt 0.867917 0.806501
vt 0.589911 0.948050
vt 0.588023 0.943715
vt 0.589683 0.943348
vt 0.591310 0.947084
vt 0.954013 0.439300
vt 0.953010 0.436893
vt 0.953806 0.436361
vt 0.954982 0.439114
vt 0.958481 0.442823
vt 0.956802 0.446890
vt 0.953767 0.444848
vt 0.954913 0.442108
vt 0.606413 0.931010
vt 0.609798 0.934313
vt 0.608399 0.935277
vt 0.605482 0.932432
vt 0.955007 0.773488
vt 0.954997 0.770769
vt 0.957677 0.770238
vt 0.957683 0.774019
vt 0.946090 0.447071
vt 0.948700 0.447123
vt 0.948882 0.448102
vt 0.945882 0.448007
vt 0.958479 0.438437
vt 0.941104 0.449827
vt 0.938051 0.446699
vt 0.941086 0.444719
vt 0.943158 0.446836
vt 0.593296 0.951353
vt 0.594227 0.949930
vt 0.951116 0.446136
vt 0.952966 0.444307
vt 0.951653 0.446940
vt 0.956839 0.434379
vt 0.945124 0.451563
vt 0.956215 0.766737
vt 0.957547 0.765844
vt 0.959239 0.769926
vt 0.953975 0.441909
vt 0.953785 0.431253
vt 0.951733 0.434245
vt 0.611796 0.943374
vt 0.610127 0.947808
vt 0.608670 0.946902
vt 0.610118 0.943088
vt 0.597291 0.929228
vt 0.602031 0.929229
vt 0.601705 0.930900
vt 0.597624 0.930914
vt 0.951190 0.435038
vt 0.949765 0.429520
vt 0.949009 0.433075
vt 0.953666 0.450024
vt 0.949529 0.451632
vt 0.587910 0.938988
vt 0.589590 0.939274
vt 0.948802 0.434010
vt 0.945363 0.429453
vt 0.946011 0.432979
vt 0.589578 0.934551
vt 0.592832 0.931015
vt 0.593843 0.932480
vt 0.591036 0.935458
vt 0.943778 0.434944
vt 0.943243 0.434139
vt 0.946193 0.433957
vt 0.941232 0.431063
vt 0.611678 0.938649
vt 0.610017 0.939014
vt 0.940920 0.439170
vt 0.939982 0.438971
vt 0.941128 0.436230
vt 0.941929 0.436772
vt 0.938097 0.434190
vt 0.952061 0.777926
vt 0.953577 0.780186
vt 0.950103 0.781649
vt 0.949558 0.778981
vt 0.936416 0.438255
vt 0.936416 0.442640
vt 0.939913 0.441965
vt 0.940884 0.441779
vt 0.943701 0.446044
vt 0.941881 0.444188
vt 0.946781 0.765346
vt 0.944279 0.766399
vt 0.942767 0.764135
vt 0.946247 0.762676
vt 0.954467 0.781497
vt 0.950421 0.783201
vt 0.602418 0.953133
vt 0.597679 0.953133
vt 0.598004 0.951461
vt 0.602085 0.951448
vt 0.950021 0.762652
vt 0.945932 0.761122
vt 0.950323 0.761093
vt 0.949497 0.765327
vt 0.953524 0.764068
vt 0.952018 0.766347
vt 0.953945 0.768264
vt 0.959239 0.774324
vt 0.956234 0.777505
vt 0.953969 0.775997
vt 0.606874 0.951341
vt 0.605862 0.949877
vt 0.957557 0.778380
vt 0.783618 0.940522
vt 0.786382 0.940522
vt 0.786382 0.956281
vt 0.783618 0.956281
vt 0.789939 0.956281
vt 0.787175 0.956281
vt 0.787175 0.940522
vt 0.789939 0.940522
vt 0.790731 0.956281
vt 0.790731 0.940522
vt 0.735380 0.977731
vt 0.733310 0.976991
vt 0.733319 0.976257
vt 0.735824 0.977182
vt 0.684546 0.447120
vt 0.684546 0.450026
vt 0.677139 0.450026
vt 0.677139 0.447120
vt 0.684546 0.423875
vt 0.684546 0.426781
vt 0.677139 0.426781
vt 0.677139 0.423875
vt 0.684546 0.429686
vt 0.677139 0.429686
vt 0.684546 0.432592
vt 0.677139 0.432592
vt 0.684546 0.435498
vt 0.677139 0.435498
vt 0.684546 0.438403
vt 0.677139 0.438403
vt 0.684546 0.441309
vt 0.677139 0.441309
vt 0.863298 0.678718
vt 0.863298 0.680028
vt 0.857916 0.680028
vt 0.857916 0.678718
vt 0.731183 0.977740
vt 0.731742 0.978389
vt 0.730961 0.979900
vt 0.730137 0.979787
vt 0.684546 0.444215
vt 0.677139 0.444215
vt 0.863298 0.681339
vt 0.857916 0.681339
vt 0.863298 0.682650
vt 0.857916 0.682650
vt 0.863298 0.683961
vt 0.857916 0.683961
vt 0.863298 0.685272
vt 0.857916 0.685272
vt 0.863298 0.686583
vt 0.857916 0.686583
vt 0.863298 0.687894
vt 0.857916 0.687894
vt 0.863298 0.676096
vt 0.863298 0.677407
vt 0.857916 0.677407
vt 0.857916 0.676096
vt 0.981603 0.553376
vt 0.981155 0.554608
vt 0.980020 0.555264
vt 0.978729 0.555036
vt 0.977886 0.554032
vt 0.977886 0.552721
vt 0.978729 0.551717
vt 0.980020 0.551489
vt 0.981155 0.552145
vt 0.730659 0.977120
vt 0.729385 0.979690
vt 0.730637 0.982003
vt 0.730012 0.982397
vt 0.732422 0.983418
vt 0.732184 0.984136
vt 0.734723 0.983361
vt 0.735055 0.984103
vt 0.736320 0.981764
vt 0.736988 0.982073
vt 0.736545 0.979573
vt 0.737230 0.979409
vt 0.734887 0.978349
vt 0.735775 0.979752
vt 0.735587 0.981409
vt 0.734380 0.982576
vt 0.732679 0.982625
vt 0.731332 0.981565
vt 0.733315 0.977803
vt 0.736452 0.976417
vt 0.738195 0.979180
vt 0.733344 0.975225
vt 0.729919 0.976240
vt 0.728324 0.979558
vt 0.729128 0.982953
vt 0.731843 0.985151
vt 0.735528 0.985151
vt 0.737931 0.982502
vt 0.941885 0.762819
vt 0.942367 0.768328
vt 0.941337 0.770840
vt 0.938666 0.770301
vt 0.940106 0.766811
vt 0.938788 0.765929
vt 0.937108 0.769989
vt 0.938668 0.774083
vt 0.937106 0.774393
vt 0.940125 0.777587
vt 0.938791 0.778483
vt 0.944323 0.777975
vt 0.946842 0.778992
vt 0.946329 0.781668
vt 0.942820 0.780257
vt 0.941943 0.781586
vt 0.946028 0.783228
vt 0.942396 0.776060
vt 0.941346 0.773556
vt 0.954402 0.762741
vt 0.879497 0.966105
vt 0.879611 0.964925
vt 0.882045 0.965137
vt 0.881999 0.966238
vt 0.879743 0.963766
vt 0.882157 0.964060
vt 0.879893 0.962609
vt 0.882344 0.962927
vt 0.879987 0.973350
vt 0.879800 0.972189
vt 0.882231 0.971827
vt 0.882447 0.972956
vt 0.879631 0.971021
vt 0.882100 0.970728
vt 0.879475 0.969831
vt 0.881991 0.969625
vt 0.879342 0.968595
vt 0.881951 0.968510
vt 0.879402 0.967324
vt 0.881959 0.967373
vt 0.882639 0.966252
vt 0.882615 0.967348
vt 0.882830 0.971679
vt 0.882722 0.970652
vt 0.884815 0.970545
vt 0.884849 0.971533
vt 0.882668 0.965179
vt 0.882757 0.964144
vt 0.882870 0.963221
vt 0.882975 0.972623
vt 0.882633 0.969578
vt 0.882607 0.968465
vt 0.884830 0.966235
vt 0.884912 0.967323
vt 0.884770 0.964219
vt 0.884779 0.965205
vt 0.884816 0.969521
vt 0.884791 0.963263
vt 0.884855 0.968450
vt 0.884912 0.972496
vt 0.898175 0.805688
vt 0.897768 0.804621
vt 0.898109 0.804334
vt 0.898634 0.805674
vt 0.896799 0.804043
vt 0.896891 0.803607
vt 0.895669 0.804186
vt 0.895464 0.803776
vt 0.894863 0.805039
vt 0.894406 0.804849
vt 0.894850 0.806233
vt 0.894406 0.806390
vt 0.895597 0.807144
vt 0.895358 0.807542
vt 0.896754 0.807376
vt 0.896824 0.807843
vt 0.897807 0.806805
vt 0.898191 0.807120
vt 0.897423 0.804903
vt 0.896710 0.804478
vt 0.895882 0.804586
vt 0.897719 0.805689
vt 0.897161 0.805690
vt 0.897002 0.805252
vt 0.896603 0.805012
vt 0.897002 0.806132
vt 0.896585 0.806358
vt 0.896118 0.806263
vt 0.895819 0.805893
vt 0.895830 0.805424
vt 0.896141 0.805076
vt 0.895305 0.805213
vt 0.895287 0.806077
vt 0.895830 0.806746
vt 0.896677 0.806917
vt 0.897441 0.806501
vt 0.934150 0.836747
vt 0.930383 0.836772
vt 0.930167 0.834734
vt 0.934336 0.834706
vt 0.627192 0.878280
vt 0.626714 0.881524
vt 0.624751 0.881038
vt 0.625172 0.878289
vt 0.926173 0.844448
vt 0.923221 0.838988
vt 0.926692 0.837528
vt 0.928527 0.843460
vt 0.950779 0.861424
vt 0.949343 0.864906
vt 0.943862 0.861993
vt 0.944833 0.859633
vt 0.926087 0.835571
vt 0.627699 0.893877
vt 0.622633 0.889508
vt 0.624352 0.887163
vt 0.630009 0.890703
vt 0.625793 0.884340
vt 0.623951 0.883636
vt 0.920101 0.841093
vt 0.924056 0.845875
vt 0.951509 0.857726
vt 0.945463 0.857141
vt 0.922249 0.837186
vt 0.622712 0.886098
vt 0.922258 0.847686
vt 0.917447 0.843763
vt 0.951508 0.853955
vt 0.945317 0.854572
vt 0.918797 0.839516
vt 0.613924 0.902889
vt 0.612254 0.895811
vt 0.615130 0.894905
vt 0.617922 0.901469
vt 0.621123 0.888280
vt 0.915364 0.846901
vt 0.920846 0.849813
vt 0.950771 0.850252
vt 0.944814 0.852067
vt 0.915860 0.842469
vt 0.620408 0.891752
vt 0.619168 0.890222
vt 0.919875 0.852173
vt 0.913929 0.850383
vt 0.949324 0.846756
vt 0.943831 0.849709
vt 0.913556 0.845937
vt 0.599857 0.893048
vt 0.602599 0.894808
vt 0.598807 0.903032
vt 0.593518 0.900518
vt 0.618017 0.893476
vt 0.616951 0.891795
vt 0.913199 0.854081
vt 0.919245 0.854666
vt 0.947213 0.843610
vt 0.942404 0.847589
vt 0.911968 0.849789
vt 0.614437 0.893007
vt 0.919391 0.857234
vt 0.913201 0.857852
vt 0.944517 0.840947
vt 0.940589 0.845790
vt 0.911158 0.853879
vt 0.605841 0.895879
vt 0.608961 0.896123
vt 0.609262 0.903933
vt 0.604482 0.903933
vt 0.611818 0.893841
vt 0.913939 0.861556
vt 0.919895 0.859739
vt 0.941355 0.838871
vt 0.938456 0.844382
vt 0.911158 0.858051
vt 0.609026 0.894025
vt 0.920878 0.862097
vt 0.915387 0.865048
vt 0.937854 0.837454
vt 0.936090 0.843418
vt 0.911970 0.862150
vt 0.588414 0.890189
vt 0.596210 0.887634
vt 0.597606 0.890529
vt 0.590133 0.895062
vt 0.606269 0.893749
vt 0.917496 0.868195
vt 0.922305 0.864217
vt 0.913570 0.866020
vt 0.603605 0.892843
vt 0.924121 0.866017
vt 0.920192 0.870858
vt 0.915901 0.869518
vt 0.629019 0.859079
vt 0.622570 0.866628
vt 0.619843 0.864926
vt 0.623670 0.856580
vt 0.601291 0.891347
vt 0.933594 0.842795
vt 0.923353 0.872935
vt 0.926253 0.867425
vt 0.918898 0.872464
vt 0.599437 0.889290
vt 0.928619 0.868389
vt 0.926853 0.874354
vt 0.922400 0.874758
vt 0.588060 0.880736
vt 0.595319 0.881347
vt 0.595408 0.884384
vt 0.587910 0.885125
vt 0.598190 0.886840
vt 0.930559 0.875061
vt 0.931114 0.869012
vt 0.926273 0.876324
vt 0.597487 0.884111
vt 0.933681 0.868857
vt 0.934327 0.875035
vt 0.930371 0.877103
vt 0.596723 0.875360
vt 0.595801 0.878155
vt 0.589103 0.876424
vt 0.590471 0.872631
vt 0.597300 0.881399
vt 0.938017 0.874277
vt 0.936182 0.868346
vt 0.934539 0.877073
vt 0.597751 0.878656
vt 0.938536 0.867358
vt 0.941486 0.872817
vt 0.938620 0.876234
vt 0.594776 0.865801
vt 0.599878 0.870175
vt 0.598160 0.872533
vt 0.592466 0.868984
vt 0.598569 0.876070
vt 0.944608 0.870714
vt 0.940652 0.865931
vt 0.942460 0.874618
vt 0.599812 0.873597
vt 0.931028 0.842949
vt 0.947261 0.868041
vt 0.942450 0.864120
vt 0.945913 0.872292
vt 0.604475 0.866229
vt 0.602111 0.867948
vt 0.597708 0.862909
vt 0.600839 0.860469
vt 0.601394 0.871411
vt 0.948847 0.869337
vt 0.603344 0.869467
vt 0.951151 0.865867
vt 0.608492 0.856797
vt 0.610206 0.863875
vt 0.607326 0.864776
vt 0.604538 0.858307
vt 0.605541 0.867891
vt 0.952742 0.862016
vt 0.608034 0.866669
vt 0.953549 0.857926
vt 0.617948 0.855710
vt 0.616609 0.863809
vt 0.613489 0.863560
vt 0.613159 0.855731
vt 0.610641 0.865827
vt 0.953550 0.853752
vt 0.613423 0.865654
vt 0.952738 0.849654
vt 0.626242 0.872107
vt 0.624832 0.869190
vt 0.632323 0.864620
vt 0.634076 0.869487
vt 0.616174 0.865939
vt 0.951142 0.845784
vt 0.618827 0.866864
vt 0.948809 0.842289
vt 0.621129 0.868357
vt 0.945813 0.839343
vt 0.622978 0.870434
vt 0.942310 0.837050
vt 0.624229 0.872896
vt 0.938436 0.835485
vt 0.627163 0.874873
vt 0.624870 0.875610
vt 0.621667 0.899298
vt 0.624829 0.896850
vt 0.594781 0.897494
vt 0.596091 0.895784
vt 0.597474 0.894309
vt 0.628893 0.881094
vt 0.629207 0.879374
vt 0.634491 0.878955
vt 0.634673 0.874565
vt 0.632082 0.887085
vt 0.629955 0.887123
vt 0.628569 0.886631
vt 0.627267 0.885941
vt 0.619882 0.898122
vt 0.618996 0.896964
vt 0.618305 0.895651
vt 0.633448 0.883269
vt 0.976082 0.591701
vt 0.976121 0.593684
vt 0.971937 0.593547
vt 0.971984 0.591672
vt 0.975975 0.595651
vt 0.971886 0.595404
vt 0.975812 0.597581
vt 0.971754 0.597233
vt 0.975637 0.599508
vt 0.971580 0.599098
vt 0.975446 0.601444
vt 0.971343 0.601040
vt 0.975774 0.584074
vt 0.975873 0.585985
vt 0.971883 0.586208
vt 0.971726 0.584283
vt 0.975953 0.587880
vt 0.971957 0.588038
vt 0.976023 0.589776
vt 0.972004 0.589847
vt 0.970919 0.591696
vt 0.970949 0.589855
vt 0.970557 0.598932
vt 0.970411 0.600589
vt 0.961077 0.600487
vt 0.961096 0.598703
vt 0.970868 0.593524
vt 0.970820 0.595355
vt 0.970702 0.597176
vt 0.970868 0.586273
vt 0.970808 0.584637
vt 0.970918 0.588034
vt 0.961077 0.591408
vt 0.961199 0.589573
vt 0.961109 0.595098
vt 0.961097 0.593266
vt 0.961400 0.585968
vt 0.961486 0.584187
vt 0.961109 0.596909
vt 0.961306 0.587761
vt 0.912900 0.557014
vt 0.914956 0.557276
vt 0.915124 0.558068
vt 0.912527 0.557758
vt 0.916713 0.556216
vt 0.917335 0.556737
vt 0.917453 0.554276
vt 0.918287 0.554301
vt 0.916782 0.552247
vt 0.917481 0.551675
vt 0.914873 0.551211
vt 0.914999 0.550363
vt 0.912775 0.551636
vt 0.912341 0.550911
vt 0.911414 0.553284
vt 0.910607 0.552997
vt 0.911437 0.555455
vt 0.910607 0.555799
vt 0.914800 0.556482
vt 0.916091 0.555699
vt 0.916625 0.554274
vt 0.913284 0.556279
vt 0.913765 0.555386
vt 0.914606 0.555508
vt 0.915329 0.555065
vt 0.913195 0.554749
vt 0.913183 0.553894
vt 0.913723 0.553224
vt 0.914566 0.553053
vt 0.915317 0.553462
vt 0.915616 0.554263
vt 0.916116 0.552801
vt 0.914733 0.552043
vt 0.913204 0.552351
vt 0.912212 0.553560
vt 0.912234 0.555133
vt 0.604503 0.860501
vt 0.605705 0.863261
vt 0.605014 0.861920
vt 0.621532 0.858695
vt 0.619938 0.862295
vt 0.620624 0.860503
vt 0.629499 0.864873
vt 0.626318 0.866934
vt 0.627831 0.865739
vt 0.632368 0.873811
vt 0.629102 0.874062
vt 0.630726 0.873797
vt 0.612502 0.901102
vt 0.612009 0.899631
vt 0.611779 0.898065
vt 0.632318 0.879678
vt 0.630750 0.879623
vt 0.602614 0.861625
vt 0.626473 0.887412
vt 0.609926 0.858582
vt 0.612294 0.858056
vt 0.625710 0.893281
vt 0.624551 0.892464
vt 0.623514 0.891451
vt 0.622364 0.892656
vt 0.618702 0.858223
vt 0.616777 0.896423
vt 0.627833 0.862197
vt 0.609992 0.898272
vt 0.632073 0.871222
vt 0.603740 0.901434
vt 0.603889 0.899691
vt 0.604360 0.897957
vt 0.602489 0.897401
vt 0.596137 0.892780
vt 0.590421 0.888484
vt 0.592090 0.887840
vt 0.593776 0.887409
vt 0.593365 0.885612
vt 0.596780 0.866352
vt 0.597942 0.867208
vt 0.598968 0.868229
vt 0.593632 0.878581
vt 0.593328 0.880280
vt 0.590225 0.880001
vt 0.591794 0.880035
vt 0.596031 0.872291
vt 0.595246 0.873770
vt 0.592582 0.872649
vt 0.593949 0.873104
vt 0.600165 0.867076
vt 0.603506 0.862768
vt 0.604211 0.864074
vt 0.631779 0.881884
vt 0.610429 0.860053
vt 0.610667 0.861620
vt 0.612453 0.861408
vt 0.628867 0.888971
vt 0.626433 0.863895
vt 0.625000 0.865373
vt 0.618549 0.859977
vt 0.618067 0.861708
vt 0.624260 0.894840
vt 0.617969 0.899248
vt 0.630399 0.871869
vt 0.628720 0.872306
vt 0.610135 0.901617
vt 0.600932 0.900949
vt 0.592925 0.894902
vt 0.590148 0.885941
vt 0.590764 0.877802
vt 0.593571 0.870746
vt 0.598321 0.864892
vt 0.599147 0.866045
vt 0.630390 0.881369
vt 0.627746 0.888106
vt 0.612282 0.859746
vt 0.623394 0.893680
vt 0.617465 0.897796
vt 0.610156 0.899931
vt 0.601813 0.899173
vt 0.594624 0.893989
vt 0.591756 0.885920
vt 0.592147 0.878304
vt 0.594734 0.871606
vt 0.936960 0.284704
vt 0.941982 0.284704
vt 0.941982 0.313343
vt 0.936960 0.313343
vt 0.948445 0.313343
vt 0.943423 0.313343
vt 0.943423 0.284704
vt 0.948445 0.284704
vt 0.949886 0.313343
vt 0.949886 0.284704
vt 0.958010 0.660060
vt 0.958436 0.664048
vt 0.957221 0.664619
vt 0.956758 0.659766
vt 0.828794 0.447988
vt 0.828794 0.453269
vt 0.825799 0.453269
vt 0.825799 0.447988
vt 0.828794 0.405747
vt 0.828794 0.411027
vt 0.825799 0.411027
vt 0.825799 0.405747
vt 0.828794 0.416307
vt 0.825799 0.416307
vt 0.828794 0.421587
vt 0.825799 0.421587
vt 0.828794 0.426868
vt 0.825799 0.426868
vt 0.828794 0.432148
vt 0.825799 0.432148
vt 0.828794 0.437428
vt 0.825799 0.437428
vt 0.961369 0.666937
vt 0.961992 0.665504
vt 0.965071 0.665601
vt 0.965536 0.667036
vt 0.828794 0.442708
vt 0.825799 0.442708
vt 0.960773 0.668285
vt 0.965969 0.668340
vt 0.968765 0.664475
vt 0.969901 0.665188
vt 0.969668 0.660449
vt 0.971033 0.660270
vt 0.967748 0.656739
vt 0.968696 0.655609
vt 0.963875 0.655359
vt 0.963864 0.654026
vt 0.960100 0.656692
vt 0.959296 0.655697
vt 0.959417 0.660378
vt 0.960991 0.657807
vt 0.963861 0.656839
vt 0.966733 0.657930
vt 0.968170 0.660657
vt 0.967505 0.663685
vt 0.959767 0.663396
vt 0.955000 0.659355
vt 0.958151 0.654305
vt 0.955506 0.665402
vt 0.959913 0.670178
vt 0.966587 0.670178
vt 0.971503 0.666195
vt 0.972961 0.660035
vt 0.970046 0.654026
vt 0.963825 0.652147
s 1
usemtl Firebox
f 13/1/1 16/2/2 68/3/2 14/4/1
f 53/5/3 55/6/4 15/7/5 12/8/3
f 9/9/6 7/10/6 8/11/6 10/12/6
f 32/13/7 35/14/8 60/15/8 33/16/7
f 79/17/9 77/18/10 43/19/10 36/20/9
f 54/21/11 75/22/12 3/23/12 42/24/13
f 11/25/6 9/9/6 10/12/6 12/8/6
f 38/26/6 35/27/6 37/28/6 40/29/6
f 11/30/14 13/1/1 14/4/1 47/31/14
f 76/32/15 77/33/16 8/11/16 6/34/17
f 13/35/6 11/25/6 12/8/6 15/7/6
f 41/36/6 38/26/6 40/29/6 42/24/6
f 43/19/18 44/37/19 5/38/19 45/39/18
f 79/40/20 10/12/21 8/11/16 77/33/16
f 16/41/6 13/35/6 15/7/6 17/42/6
f 41/43/22 1/44/23 2/45/23 61/46/22
f 27/47/24 30/48/25 58/49/25 73/50/24
f 55/6/4 80/51/26 17/42/26 15/7/5
f 18/52/6 16/41/6 17/42/6 20/53/6
f 4/54/6 1/55/6 3/23/6 6/34/6
f 16/2/2 18/56/27 19/57/27 68/3/2
f 56/58/28 20/53/29 17/42/26 80/51/26
f 22/59/6 18/52/6 20/53/6 24/60/6
f 22/61/30 25/62/31 71/63/31 48/64/30
f 57/65/32 26/66/33 24/60/34 23/67/34
f 25/68/6 22/59/6 24/60/6 26/66/6
f 38/69/35 41/43/22 61/46/22 39/70/35
f 50/71/36 31/72/37 29/73/38 74/74/38
f 27/75/6 25/68/6 26/66/6 29/73/6
f 25/62/31 27/47/24 73/50/24 71/63/31
f 74/74/38 29/73/38 26/66/33 57/65/32
f 55/76/39 21/77/39 72/78/40 80/79/40
f 30/80/6 27/75/6 29/73/6 31/72/6
f 79/40/20 53/5/3 12/8/3 10/12/21
f 7/10/6 4/54/6 6/34/6 8/11/6
f 32/81/6 30/80/6 31/72/6 34/82/6
f 30/48/25 32/13/7 33/16/7 58/49/25
f 50/71/36 51/83/41 34/82/41 31/72/37
f 35/14/8 38/69/35 39/70/35 60/15/8
f 52/84/42 40/29/42 37/28/43 78/85/44
f 35/27/6 32/81/6 34/82/6 37/28/6
f 52/86/45 78/87/46 62/88/46 59/89/45
f 72/78/47 21/77/48 14/90/48 68/91/47
f 52/84/42 54/21/11 42/24/13 40/29/42
f 7/92/49 9/93/50 65/94/50 45/95/49
f 75/22/12 76/32/15 6/34/17 3/23/12
f 1/55/6 41/36/6 42/24/6 3/23/6
f 51/83/41 78/85/44 37/28/43 34/82/41
f 49/96/51 59/89/52 39/97/52 61/98/51
f 54/99/53 49/96/53 46/100/54 75/101/54
f 52/86/45 59/89/45 49/96/53 54/99/53
f 44/37/55 76/102/55 75/101/54 46/100/54
f 43/19/10 77/18/10 76/102/55 44/37/55
f 36/20/56 43/19/18 45/39/18 65/103/56
f 79/17/9 36/20/9 28/104/57 53/105/57
f 4/106/58 7/92/49 45/95/49 5/107/58
f 21/77/48 28/104/59 47/108/59 14/90/48
f 18/56/27 22/61/30 48/64/30 19/57/27
s 0
f 81/109/6 82/110/6 84/111/6 83/112/6
f 87/113/60 88/114/60 86/115/60 85/116/60
f 83/117/61 87/113/61 85/116/61 81/118/61
f 88/114/62 84/111/62 82/110/62 86/115/62
s 1
f 90/119/60 92/120/60 136/121/60 134/122/60
f 137/123/63 139/124/64 93/125/64 91/126/63
f 139/127/64 141/128/65 95/129/65 93/130/64
f 141/128/65 143/131/66 97/132/66 95/129/65
f 143/131/66 145/133/67 99/134/67 97/132/66
f 145/133/67 147/135/68 101/136/68 99/134/67
f 147/135/68 149/137/69 103/138/69 101/136/68
f 149/137/69 151/139/70 105/140/70 103/138/69
f 108/141/71 110/142/72 109/143/72 107/144/71
f 94/145/64 127/146/64 128/147/65 96/148/65
f 105/140/70 151/139/70 135/149/73 89/150/73
f 110/142/72 112/151/74 111/152/74 109/143/72
f 112/151/74 114/153/75 113/154/75 111/152/74
f 114/153/75 116/155/76 115/156/76 113/154/75
f 116/155/76 118/157/77 117/158/77 115/156/76
f 118/157/77 120/159/78 119/160/78 117/158/77
f 120/159/78 122/161/79 121/162/79 119/160/78
f 122/163/79 124/164/80 123/165/80 121/166/79
f 124/164/80 108/141/71 107/144/71 123/165/80
f 107/167/81 109/168/81 111/169/81 113/170/81 115/171/81 117/172/81 119/173/81 121/174/81 123/175/81
f 135/149/73 137/123/63 91/126/63 89/150/73
f 92/120/60 94/145/60 138/176/60 136/121/60
f 94/145/60 96/148/60 140/177/60 138/176/60
f 96/148/60 98/178/60 142/179/60 140/177/60
f 98/178/60 100/180/60 144/181/60 142/179/60
f 100/180/60 102/182/60 146/183/60 144/181/60
f 102/182/60 104/184/60 148/185/60 146/183/60
f 104/184/60 106/186/60 150/187/60 148/185/60
f 125/188/60 133/189/60 132/190/60 131/191/60 130/192/60 129/193/60 128/147/60 127/146/60 126/194/60
f 98/178/66 96/148/65 128/147/65 129/193/66
f 90/119/73 106/186/70 133/189/70 125/188/73
f 106/186/70 104/184/69 132/190/69 133/189/70
f 92/120/63 90/119/73 125/188/73 126/194/63
f 100/180/67 98/178/66 129/193/66 130/192/67
f 94/145/64 92/120/63 126/194/63 127/146/64
f 102/182/68 100/180/67 130/192/67 131/191/68
f 135/195/82 151/196/83 150/187/83 134/122/82
f 137/197/84 135/195/82 134/122/82 136/121/84
f 139/198/85 137/197/84 136/121/84 138/176/85
f 141/199/86 139/198/85 138/176/85 140/177/86
f 143/200/87 141/199/86 140/177/86 142/179/87
f 145/201/88 143/200/87 142/179/87 144/181/88
f 147/202/89 145/201/88 144/181/88 146/183/89
f 149/203/90 147/202/89 146/183/89 148/185/90
f 151/196/83 149/203/90 148/185/90 150/187/83
f 90/119/60 134/122/60 150/187/60 106/186/60
f 104/184/69 102/182/68 131/191/68 132/190/69
f 59/89/52 62/88/91 60/204/91 39/97/52
f 51/205/92 50/206/93 64/207/93 63/208/92
f 62/88/91 63/208/94 33/209/94 60/204/91
f 63/208/94 64/207/95 58/210/95 33/209/94
f 64/207/95 66/211/96 73/212/96 58/210/95
f 66/211/96 67/213/97 71/214/97 73/212/96
f 23/215/98 56/216/99 70/217/99 69/218/98
f 67/213/97 69/218/100 48/219/100 71/214/97
f 69/218/100 70/217/101 19/220/101 48/219/100
f 56/216/99 80/79/40 72/78/40 70/217/99
f 53/105/57 28/104/57 21/77/39 55/76/39
f 19/220/101 70/217/101 72/78/47 68/91/47
f 57/221/102 23/215/98 69/218/98 67/213/102
f 74/222/103 57/221/102 67/213/102 66/211/103
f 50/206/93 74/222/103 66/211/103 64/207/93
f 47/108/59 28/104/59 36/20/56 65/103/56
f 9/93/50 11/30/14 47/31/14 65/94/50
f 44/37/19 46/100/104 2/223/104 5/38/19
f 2/223/104 46/100/104 49/96/51 61/98/51
f 23/67/34 24/60/34 20/53/29 56/58/28
f 78/87/46 51/205/92 63/208/92 62/88/46
f 188/224/105 189/225/106 171/226/106 170/227/105
f 189/225/106 190/228/107 172/229/107 171/226/106
f 190/228/107 191/230/108 173/231/108 172/229/107
f 191/232/108 192/233/109 174/234/109 173/235/108
f 192/233/109 193/236/110 175/237/110 174/234/109
f 193/236/110 194/238/111 176/239/111 175/237/110
f 194/238/111 195/240/112 177/241/112 176/239/111
f 195/240/112 196/242/113 178/243/113 177/241/112
f 152/244/6 168/245/6 178/243/6 170/227/6
f 160/246/109 162/247/110 184/248/110 183/249/109
f 154/250/6 152/244/6 170/227/6 171/226/6
f 156/251/6 154/250/6 171/226/6 172/229/6
f 158/252/6 156/251/6 172/229/6 173/231/6
f 160/246/6 158/253/6 173/235/6 174/234/6
f 162/247/6 160/246/6 174/234/6 175/237/6
f 164/254/6 162/247/6 175/237/6 176/239/6
f 166/255/6 164/254/6 176/239/6 177/241/6
f 168/245/6 166/255/6 177/241/6 178/243/6
f 152/244/105 179/256/105 187/257/113 168/245/113
f 154/250/106 156/251/107 181/258/107 180/259/106
f 162/247/110 164/254/111 185/260/114 184/248/110
f 156/251/107 158/252/108 182/261/108 181/258/107
f 164/254/111 166/255/115 186/262/115 185/260/114
f 158/253/108 160/246/109 183/249/109 182/263/108
f 166/255/115 168/245/113 187/257/113 186/262/115
f 152/244/105 154/250/106 180/259/106 179/256/105
f 169/264/60 153/265/60 188/266/60 196/267/60
f 153/265/60 155/268/60 189/269/60 188/266/60
f 155/268/60 157/270/60 190/271/60 189/269/60
f 157/270/60 159/272/60 191/273/60 190/271/60
f 159/272/60 161/274/60 192/275/60 191/273/60
f 161/274/60 163/276/60 193/277/60 192/275/60
f 163/276/60 165/278/60 194/279/60 193/277/60
f 165/278/60 167/280/60 195/281/60 194/279/60
f 167/280/60 169/264/60 196/267/60 195/281/60
f 155/268/116 153/265/117 198/282/118 200/283/119
f 157/270/120 155/268/116 200/283/119 202/284/121
f 214/285/122 213/286/123 197/287/124 198/282/118
f 199/288/125 197/287/124 213/286/123 211/289/126 209/290/127 207/291/128 205/292/129 203/293/130 201/294/131
f 198/282/118 197/287/124 199/288/125 200/283/119
f 200/283/119 199/288/125 201/294/131 202/284/121
f 159/272/132 157/270/120 202/284/121 204/295/133
f 202/284/121 201/294/131 203/293/130 204/295/133
f 161/274/134 159/272/132 204/295/133 206/296/135
f 204/295/133 203/293/130 205/292/129 206/296/135
f 163/276/136 161/274/134 206/296/135 208/297/137
f 206/296/135 205/292/129 207/291/128 208/297/137
f 165/278/138 163/276/136 208/297/137 210/298/139
f 208/297/137 207/291/128 209/290/127 210/298/139
f 167/280/140 165/278/138 210/298/139 212/299/141
f 210/298/139 209/290/127 211/289/126 212/299/141
f 169/264/142 167/280/140 212/299/141 214/285/122
f 212/299/141 211/289/126 213/286/123 214/285/122
f 153/265/117 169/264/142 214/285/122 198/282/118
f 178/243/113 196/242/113 188/224/105 170/227/105
f 1/44/23 4/106/58 5/107/58 2/45/23
f 227/300/1 230/301/2 282/302/2 228/303/1
f 267/304/3 269/305/4 229/306/5 226/307/3
f 223/308/6 221/309/6 222/310/6 224/311/6
f 246/312/7 249/313/8 274/314/8 247/315/7
f 293/316/9 291/317/10 257/318/10 250/319/9
f 268/320/11 289/321/12 217/322/12 256/323/13
f 225/324/6 223/308/6 224/311/6 226/307/6
f 252/325/6 249/326/6 251/327/6 254/328/6
f 225/329/14 227/300/1 228/303/1 261/330/14
f 290/331/15 291/332/16 222/310/16 220/333/17
f 227/334/6 225/324/6 226/307/6 229/306/6
f 255/335/6 252/325/6 254/328/6 256/323/6
f 257/318/18 258/336/19 219/337/19 259/338/18
f 293/339/20 224/311/21 222/310/16 291/332/16
f 230/340/6 227/334/6 229/306/6 231/341/6
f 255/342/22 215/343/23 216/344/23 275/345/22
f 241/346/24 244/347/25 272/348/25 287/349/24
f 269/305/4 294/350/26 231/341/26 229/306/5
f 232/351/6 230/340/6 231/341/6 234/352/6
f 218/353/6 215/354/6 217/322/6 220/333/6
f 230/301/2 232/355/27 233/356/27 282/302/2
f 270/357/28 234/352/29 231/341/26 294/350/26
f 236/358/6 232/351/6 234/352/6 238/359/6
f 236/360/30 239/361/31 285/362/31 262/363/30
f 271/364/32 240/365/33 238/359/34 237/366/34
f 239/367/6 236/358/6 238/359/6 240/365/6
f 252/368/35 255/342/22 275/345/22 253/369/35
f 264/370/36 245/371/37 243/372/38 288/373/38
f 241/374/6 239/367/6 240/365/6 243/372/6
f 239/361/31 241/346/24 287/349/24 285/362/31
f 288/373/38 243/372/38 240/365/33 271/364/32
f 269/375/39 235/376/39 286/377/40 294/378/40
f 244/379/6 241/374/6 243/372/6 245/371/6
f 293/339/20 267/304/3 226/307/3 224/311/21
f 221/309/6 218/353/6 220/333/6 222/310/6
f 246/380/6 244/379/6 245/371/6 248/381/6
f 244/347/25 246/312/7 247/315/7 272/348/25
f 264/370/36 265/382/41 248/381/41 245/371/37
f 249/313/8 252/368/35 253/369/35 274/314/8
f 266/383/42 254/328/42 251/327/43 292/384/44
f 249/326/6 246/380/6 248/381/6 251/327/6
f 266/385/45 292/386/46 276/387/46 273/388/45
f 286/377/47 235/376/48 228/389/48 282/390/47
f 266/383/42 268/320/11 256/323/13 254/328/42
f 221/391/49 223/392/50 279/393/50 259/394/49
f 289/321/12 290/331/15 220/333/17 217/322/12
f 215/354/6 255/335/6 256/323/6 217/322/6
f 265/382/41 292/384/44 251/327/43 248/381/41
f 263/395/51 273/388/52 253/396/52 275/397/51
f 268/398/53 263/395/53 260/399/54 289/400/54
f 266/385/45 273/388/45 263/395/53 268/398/53
f 258/336/55 290/401/55 289/400/54 260/399/54
f 257/318/10 291/317/10 290/401/55 258/336/55
f 250/319/143 257/318/18 259/338/18 279/402/143
f 293/316/9 250/319/9 242/403/57 267/404/57
f 218/405/58 221/391/49 259/394/49 219/406/58
f 235/376/48 242/403/59 261/407/59 228/389/48
f 232/355/27 236/360/30 262/363/30 233/356/27
s 0
f 295/408/6 296/409/6 298/410/6 297/411/6
f 301/412/60 302/413/60 300/414/60 299/415/60
f 297/416/61 301/412/61 299/415/61 295/417/61
f 302/413/62 298/410/62 296/409/62 300/414/62
s 1
f 304/418/60 306/419/60 350/420/60 348/421/60
f 351/422/63 353/423/64 307/424/64 305/425/63
f 353/426/64 355/427/65 309/428/65 307/429/64
f 355/427/65 357/430/66 311/431/66 309/428/65
f 357/430/66 359/432/67 313/433/67 311/431/66
f 359/432/67 361/434/68 315/435/68 313/433/67
f 361/434/68 363/436/69 317/437/69 315/435/68
f 363/436/69 365/438/70 319/439/70 317/437/69
f 322/440/71 324/441/72 323/442/72 321/443/71
f 308/444/144 341/445/144 342/446/65 310/447/65
f 319/439/70 365/438/70 349/448/73 303/449/73
f 324/441/72 326/450/74 325/451/74 323/442/72
f 326/450/74 328/452/75 327/453/75 325/451/74
f 328/452/75 330/454/76 329/455/76 327/453/75
f 330/454/76 332/456/77 331/457/77 329/455/76
f 332/456/77 334/458/78 333/459/78 331/457/77
f 334/458/78 336/460/79 335/461/79 333/459/78
f 336/462/79 338/463/80 337/464/80 335/465/79
f 338/463/80 322/440/71 321/443/71 337/464/80
f 321/466/81 323/467/81 325/468/81 327/469/81 329/470/81 331/471/81 333/472/81 335/473/81 337/474/81
f 349/448/73 351/422/63 305/425/63 303/449/73
f 306/419/60 308/444/60 352/475/60 350/420/60
f 308/444/60 310/447/60 354/476/60 352/475/60
f 310/447/60 312/477/60 356/478/60 354/476/60
f 312/477/60 314/479/60 358/480/60 356/478/60
f 314/479/60 316/481/60 360/482/60 358/480/60
f 316/481/60 318/483/60 362/484/60 360/482/60
f 318/483/60 320/485/60 364/486/60 362/484/60
f 339/487/60 347/488/60 346/489/60 345/490/60 344/491/60 343/492/60 342/446/60 341/445/60 340/493/60
f 312/477/66 310/447/65 342/446/65 343/492/66
f 304/418/73 320/485/70 347/488/70 339/487/73
f 320/485/70 318/483/69 346/489/69 347/488/70
f 306/419/63 304/418/73 339/487/73 340/493/63
f 314/479/67 312/477/66 343/492/66 344/491/67
f 308/444/144 306/419/63 340/493/63 341/445/144
f 316/481/68 314/479/67 344/491/67 345/490/68
f 349/494/82 365/495/83 364/486/83 348/421/82
f 351/496/84 349/494/82 348/421/82 350/420/84
f 353/497/85 351/496/84 350/420/84 352/475/85
f 355/498/86 353/497/85 352/475/85 354/476/86
f 357/499/87 355/498/86 354/476/86 356/478/87
f 359/500/88 357/499/87 356/478/87 358/480/88
f 361/501/89 359/500/88 358/480/88 360/482/89
f 363/502/90 361/501/89 360/482/89 362/484/90
f 365/495/83 363/502/90 362/484/90 364/486/83
f 304/418/60 348/421/60 364/486/60 320/485/60
f 318/483/69 316/481/68 345/490/68 346/489/69
f 273/388/52 276/387/91 274/503/91 253/396/52
f 265/504/92 264/505/93 278/506/93 277/507/92
f 276/387/91 277/507/94 247/508/94 274/503/91
f 277/507/94 278/506/95 272/509/95 247/508/94
f 278/506/95 280/510/96 287/511/96 272/509/95
f 280/510/96 281/512/97 285/513/97 287/511/96
f 237/514/98 270/515/99 284/516/99 283/517/98
f 281/512/97 283/517/145 262/518/145 285/513/97
f 283/517/145 284/516/146 233/519/101 262/518/145
f 270/515/99 294/378/40 286/377/40 284/516/99
f 267/404/57 242/403/57 235/376/39 269/375/39
f 233/519/101 284/516/146 286/377/47 282/390/47
f 271/520/102 237/514/98 283/517/98 281/512/102
f 288/521/103 271/520/102 281/512/102 280/510/103
f 264/505/93 288/521/103 280/510/103 278/506/93
f 261/407/59 242/403/59 250/319/143 279/402/143
f 223/392/50 225/329/14 261/330/14 279/393/50
f 258/336/19 260/399/104 216/522/104 219/337/19
f 216/522/104 260/399/104 263/395/51 275/397/51
f 237/366/34 238/359/34 234/352/29 270/357/28
f 292/386/46 265/504/92 277/507/92 276/387/46
f 402/523/105 403/524/106 385/525/106 384/526/105
f 403/524/106 404/527/107 386/528/107 385/525/106
f 404/527/107 405/529/108 387/530/108 386/528/107
f 405/531/108 406/532/109 388/533/109 387/534/108
f 406/532/109 407/535/110 389/536/110 388/533/109
f 407/535/110 408/537/111 390/538/111 389/536/110
f 408/537/111 409/539/112 391/540/112 390/538/111
f 409/539/112 410/541/113 392/542/113 391/540/112
f 366/543/6 382/544/6 392/542/6 384/526/6
f 374/545/109 376/546/110 398/547/110 397/548/109
f 368/549/6 366/543/6 384/526/6 385/525/6
f 370/550/6 368/549/6 385/525/6 386/528/6
f 372/551/6 370/550/6 386/528/6 387/530/6
f 374/545/6 372/552/6 387/534/6 388/533/6
f 376/546/6 374/545/6 388/533/6 389/536/6
f 378/553/6 376/546/6 389/536/6 390/538/6
f 380/554/6 378/553/6 390/538/6 391/540/6
f 382/544/6 380/554/6 391/540/6 392/542/6
f 366/543/105 393/555/105 401/556/113 382/544/113
f 368/549/106 370/550/107 395/557/107 394/558/106
f 376/546/110 378/553/114 399/559/114 398/547/110
f 370/550/107 372/551/108 396/560/108 395/557/107
f 378/553/114 380/554/112 400/561/112 399/559/114
f 372/552/108 374/545/109 397/548/109 396/562/108
f 380/554/112 382/544/113 401/556/113 400/561/112
f 366/543/105 368/549/106 394/558/106 393/555/105
f 383/563/60 367/564/60 402/565/60 410/566/60
f 367/564/60 369/567/60 403/568/60 402/565/60
f 369/567/60 371/569/60 404/570/60 403/568/60
f 371/569/60 373/571/60 405/572/60 404/570/60
f 373/571/60 375/573/60 406/574/60 405/572/60
f 375/573/60 377/575/60 407/576/60 406/574/60
f 377/575/60 379/577/60 408/578/60 407/576/60
f 379/577/60 381/579/60 409/580/60 408/578/60
f 381/579/60 383/563/60 410/566/60 409/580/60
f 369/567/116 367/564/117 412/581/118 414/582/119
f 371/569/120 369/567/116 414/582/119 416/583/121
f 428/584/122 427/585/123 411/586/147 412/581/118
f 413/587/125 411/586/147 427/585/123 425/588/126 423/589/127 421/590/128 419/591/129 417/592/148 415/593/131
f 412/581/118 411/586/147 413/587/125 414/582/119
f 414/582/119 413/587/125 415/593/131 416/583/121
f 373/571/132 371/569/120 416/583/121 418/594/133
f 416/583/121 415/593/131 417/592/148 418/594/133
f 375/573/134 373/571/132 418/594/133 420/595/135
f 418/594/133 417/592/148 419/591/129 420/595/135
f 377/575/136 375/573/134 420/595/135 422/596/137
f 420/595/135 419/591/129 421/590/128 422/596/137
f 379/577/149 377/575/136 422/596/137 424/597/150
f 422/596/137 421/590/128 423/589/127 424/597/150
f 381/579/151 379/577/149 424/597/150 426/598/141
f 424/597/150 423/589/127 425/588/126 426/598/141
f 383/563/152 381/579/151 426/598/141 428/584/122
f 426/598/141 425/588/126 427/585/123 428/584/122
f 367/564/117 383/563/152 428/584/122 412/581/118
f 392/542/113 410/541/113 402/523/105 384/526/105
f 215/343/23 218/405/58 219/406/58 216/344/23
f 441/599/1 444/600/2 496/601/2 442/602/1
f 481/603/3 483/604/4 443/605/5 440/606/3
f 437/607/6 435/608/6 436/609/6 438/610/6
f 460/611/7 463/612/8 488/613/8 461/614/7
f 507/615/9 505/616/10 471/617/10 464/618/9
f 482/619/11 503/620/12 431/621/12 470/622/13
f 439/623/6 437/607/6 438/610/6 440/606/6
f 466/624/6 463/625/6 465/626/6 468/627/6
f 439/628/14 441/599/1 442/602/1 475/629/14
f 504/630/15 505/631/16 436/609/16 434/632/17
f 441/633/6 439/623/6 440/606/6 443/605/6
f 469/634/6 466/624/6 468/627/6 470/622/6
f 471/617/18 472/635/19 433/636/19 473/637/18
f 507/638/20 438/610/21 436/609/16 505/631/16
f 444/639/6 441/633/6 443/605/6 445/640/6
f 469/641/22 429/642/23 430/643/23 489/644/22
f 455/645/24 458/646/25 486/647/25 501/648/24
f 483/604/4 508/649/26 445/640/26 443/605/5
f 446/650/6 444/639/6 445/640/6 448/651/6
f 432/652/6 429/653/6 431/621/6 434/632/6
f 444/600/2 446/654/27 447/655/27 496/601/2
f 484/656/28 448/651/29 445/640/26 508/649/26
f 450/657/6 446/650/6 448/651/6 452/658/6
f 450/659/30 453/660/31 499/661/31 476/662/30
f 485/663/32 454/664/33 452/658/34 451/665/34
f 453/666/6 450/657/6 452/658/6 454/664/6
f 466/667/35 469/641/22 489/644/22 467/668/35
f 478/669/36 459/670/37 457/671/38 502/672/38
f 455/673/6 453/666/6 454/664/6 457/671/6
f 453/660/31 455/645/24 501/648/24 499/661/31
f 502/672/38 457/671/38 454/664/33 485/663/32
f 483/674/39 449/675/39 500/676/40 508/677/40
f 458/678/6 455/673/6 457/671/6 459/670/6
f 507/638/20 481/603/3 440/606/3 438/610/21
f 435/608/6 432/652/6 434/632/6 436/609/6
f 460/679/6 458/678/6 459/670/6 462/680/6
f 458/646/25 460/611/7 461/614/7 486/647/25
f 478/669/36 479/681/41 462/680/41 459/670/37
f 463/612/8 466/667/35 467/668/35 488/613/8
f 480/682/42 468/627/42 465/626/43 506/683/44
f 463/625/6 460/679/6 462/680/6 465/626/6
f 480/684/45 506/685/46 490/686/46 487/687/45
f 500/676/47 449/675/48 442/688/48 496/689/47
f 480/682/42 482/619/11 470/622/13 468/627/42
f 435/690/49 437/691/50 493/692/50 473/693/49
f 503/620/12 504/630/15 434/632/17 431/621/12
f 429/653/6 469/634/6 470/622/6 431/621/6
f 479/681/41 506/683/44 465/626/43 462/680/41
f 477/694/153 487/687/52 467/695/52 489/696/153
f 482/697/53 477/694/53 474/698/54 503/699/54
f 480/684/45 487/687/45 477/694/53 482/697/53
f 472/635/55 504/700/55 503/699/54 474/698/54
f 471/617/10 505/616/10 504/700/55 472/635/55
f 464/618/56 471/617/18 473/637/18 493/701/56
f 507/615/9 464/618/9 456/702/57 481/703/57
f 432/704/58 435/690/49 473/693/49 433/705/58
f 449/675/48 456/702/59 475/706/59 442/688/48
f 446/654/27 450/659/30 476/662/30 447/655/27
s 0
f 509/707/6 510/708/6 512/709/6 511/710/6
f 515/711/60 516/712/60 514/713/60 513/714/60
f 511/715/61 515/711/61 513/714/61 509/716/61
f 516/712/62 512/709/62 510/708/62 514/713/62
s 1
f 518/717/60 520/718/60 564/719/60 562/720/60
f 565/721/63 567/722/64 521/723/64 519/724/63
f 567/725/64 569/726/65 523/727/65 521/728/64
f 569/726/65 571/729/66 525/730/66 523/727/65
f 571/729/66 573/731/67 527/732/67 525/730/66
f 573/731/67 575/733/68 529/734/68 527/732/67
f 575/733/68 577/735/69 531/736/69 529/734/68
f 577/735/69 579/737/70 533/738/70 531/736/69
f 536/739/71 538/740/72 537/741/72 535/742/71
f 522/743/144 555/744/144 556/745/65 524/746/65
f 533/738/70 579/737/70 563/747/73 517/748/73
f 538/740/72 540/749/74 539/750/74 537/741/72
f 540/749/74 542/751/75 541/752/75 539/750/74
f 542/751/75 544/753/76 543/754/76 541/752/75
f 544/753/76 546/755/77 545/756/77 543/754/76
f 546/755/77 548/757/78 547/758/78 545/756/77
f 548/757/78 550/759/79 549/760/79 547/758/78
f 550/761/79 552/762/80 551/763/80 549/764/79
f 552/762/80 536/739/71 535/742/71 551/763/80
f 535/765/81 537/766/81 539/767/81 541/768/81 543/769/81 545/770/81 547/771/81 549/772/81 551/773/81
f 563/747/73 565/721/63 519/724/63 517/748/73
f 520/718/60 522/743/60 566/774/60 564/719/60
f 522/743/60 524/746/60 568/775/60 566/774/60
f 524/746/60 526/776/60 570/777/60 568/775/60
f 526/776/60 528/778/60 572/779/60 570/777/60
f 528/778/60 530/780/60 574/781/60 572/779/60
f 530/780/60 532/782/60 576/783/60 574/781/60
f 532/782/60 534/784/60 578/785/60 576/783/60
f 553/786/60 561/787/60 560/788/60 559/789/60 558/790/60 557/791/60 556/745/60 555/744/60 554/792/60
f 526/776/66 524/746/65 556/745/65 557/791/66
f 518/717/73 534/784/70 561/787/70 553/786/73
f 534/784/70 532/782/69 560/788/69 561/787/70
f 520/718/63 518/717/73 553/786/73 554/792/63
f 528/778/67 526/776/66 557/791/66 558/790/67
f 522/743/144 520/718/63 554/792/63 555/744/144
f 530/780/68 528/778/67 558/790/67 559/789/68
f 563/793/154 579/794/155 578/785/155 562/720/154
f 565/795/84 563/793/154 562/720/154 564/719/84
f 567/796/85 565/795/84 564/719/84 566/774/85
f 569/797/86 567/796/85 566/774/85 568/775/86
f 571/798/87 569/797/86 568/775/86 570/777/87
f 573/799/88 571/798/87 570/777/87 572/779/88
f 575/800/89 573/799/88 572/779/88 574/781/89
f 577/801/90 575/800/89 574/781/89 576/783/90
f 579/794/155 577/801/90 576/783/90 578/785/155
f 518/717/60 562/720/60 578/785/60 534/784/60
f 532/782/69 530/780/68 559/789/68 560/788/69
f 487/687/52 490/686/91 488/802/91 467/695/52
f 479/803/92 478/804/93 492/805/93 491/806/92
f 490/686/91 491/806/94 461/807/94 488/802/91
f 491/806/94 492/805/95 486/808/95 461/807/94
f 492/805/95 494/809/96 501/810/96 486/808/95
f 494/809/96 495/811/97 499/812/97 501/810/96
f 451/813/98 484/814/99 498/815/99 497/816/98
f 495/811/97 497/816/100 476/817/100 499/812/97
f 497/816/100 498/815/101 447/818/101 476/817/100
f 484/814/99 508/677/40 500/676/40 498/815/99
f 481/703/57 456/702/57 449/675/39 483/674/39
f 447/818/101 498/815/101 500/676/47 496/689/47
f 485/819/102 451/813/98 497/816/98 495/811/102
f 502/820/103 485/819/102 495/811/102 494/809/103
f 478/804/93 502/820/103 494/809/103 492/805/93
f 475/706/59 456/702/59 464/618/56 493/701/56
f 437/691/50 439/628/14 475/629/14 493/692/50
f 472/635/19 474/698/104 430/821/104 433/636/19
f 430/821/104 474/698/104 477/694/153 489/696/153
f 451/665/34 452/658/34 448/651/29 484/656/28
f 506/685/46 479/803/92 491/806/92 490/686/46
f 616/822/105 617/823/106 599/824/106 598/825/105
f 617/823/106 618/826/107 600/827/107 599/824/106
f 618/826/107 619/828/108 601/829/108 600/827/107
f 619/830/108 620/831/109 602/832/109 601/833/108
f 620/831/109 621/834/110 603/835/110 602/832/109
f 621/834/110 622/836/111 604/837/111 603/835/110
f 622/836/111 623/838/112 605/839/112 604/837/111
f 623/838/112 624/840/113 606/841/113 605/839/112
f 580/842/6 596/843/6 606/841/6 598/825/6
f 588/844/109 590/845/110 612/846/110 611/847/109
f 582/848/6 580/842/6 598/825/6 599/824/6
f 584/849/6 582/848/6 599/824/6 600/827/6
f 586/850/6 584/849/6 600/827/6 601/829/6
f 588/844/6 586/851/6 601/833/6 602/832/6
f 590/845/6 588/844/6 602/832/6 603/835/6
f 592/852/6 590/845/6 603/835/6 604/837/6
f 594/853/6 592/852/6 604/837/6 605/839/6
f 596/843/6 594/853/6 605/839/6 606/841/6
f 580/842/105 607/854/105 615/855/113 596/843/113
f 582/848/106 584/849/107 609/856/107 608/857/106
f 590/845/110 592/852/111 613/858/111 612/846/110
f 584/849/107 586/850/108 610/859/108 609/856/107
f 592/852/111 594/853/112 614/860/112 613/858/111
f 586/851/108 588/844/109 611/847/109 610/861/108
f 594/853/112 596/843/113 615/855/113 614/860/112
f 580/842/105 582/848/106 608/857/106 607/854/105
f 597/862/60 581/863/60 616/864/60 624/865/60
f 581/863/60 583/866/60 617/867/60 616/864/60
f 583/866/60 585/868/60 618/869/60 617/867/60
f 585/868/60 587/870/60 619/871/60 618/869/60
f 587/870/60 589/872/60 620/873/60 619/871/60
f 589/872/60 591/874/60 621/875/60 620/873/60
f 591/874/60 593/876/60 622/877/60 621/875/60
f 593/876/60 595/878/60 623/879/60 622/877/60
f 595/878/60 597/862/60 624/865/60 623/879/60
f 583/866/116 581/863/117 626/880/118 628/881/119
f 585/868/120 583/866/116 628/881/119 630/882/121
f 642/883/122 641/884/123 625/885/124 626/880/118
f 627/886/156 625/885/124 641/884/123 639/887/126 637/888/127 635/889/128 633/890/129 631/891/148 629/892/131
f 626/880/118 625/885/124 627/886/156 628/881/119
f 628/881/119 627/886/156 629/892/131 630/882/121
f 587/870/132 585/868/120 630/882/121 632/893/133
f 630/882/121 629/892/131 631/891/148 632/893/133
f 589/872/134 587/870/132 632/893/133 634/894/135
f 632/893/133 631/891/148 633/890/129 634/894/135
f 591/874/136 589/872/134 634/894/135 636/895/137
f 634/894/135 633/890/129 635/889/128 636/895/137
f 593/876/157 591/874/136 636/895/137 638/896/158
f 636/895/137 635/889/128 637/888/127 638/896/158
f 595/878/140 593/876/157 638/896/158 640/897/141
f 638/896/158 637/888/127 639/887/126 640/897/141
f 597/862/152 595/878/140 640/897/141 642/883/122
f 640/897/141 639/887/126 641/884/123 642/883/122
f 581/863/117 597/862/152 642/883/122 626/880/118
f 606/841/113 624/840/113 616/822/105 598/825/105
f 429/642/23 432/704/58 433/705/58 430/643/23
f 643/898/159 646/899/160 833/900/161 644/901/162
f 924/902/163 720/903/164 647/904/165 645/905/166
f 652/906/6 651/907/6 648/908/6 650/909/6
f 699/910/6 697/911/6 698/912/6 700/913/6
f 646/899/160 648/908/167 649/914/168 833/900/161
f 730/915/60 926/916/60 813/917/60 836/918/60
f 720/903/164 925/919/169 650/920/170 647/904/165
f 653/921/6 651/907/6 652/906/6 654/922/6
f 701/923/6 699/910/6 700/913/6 703/924/6
f 648/908/167 651/907/171 836/925/172 649/914/168
f 925/919/169 813/917/173 652/926/174 650/920/170
f 656/927/6 655/928/6 653/921/6 654/922/6
f 704/929/6 701/923/6 703/924/6 705/930/6
f 651/907/171 653/921/175 730/931/176 836/925/172
f 844/932/60 740/933/60 821/934/60 842/935/60
f 813/917/173 926/916/177 654/936/178 652/926/174
f 657/937/6 655/928/6 656/927/6 658/938/6
f 706/939/6 704/929/6 705/930/6 707/940/6
f 653/921/175 655/928/179 731/941/180 730/931/176
f 926/916/177 818/942/181 656/943/182 654/936/178
f 660/944/6 659/945/6 657/937/6 658/938/6
f 708/946/6 706/939/6 707/940/6 709/947/6
f 655/928/179 657/937/183 733/948/184 731/941/180
f 929/949/60 725/950/60 668/951/60 671/952/60
f 818/942/181 928/953/185 658/954/186 656/943/182
f 661/955/6 659/945/6 660/944/6 662/956/6
f 710/957/6 708/946/6 709/947/6 712/958/6
f 657/937/183 659/945/187 842/959/188 733/948/184
f 928/953/185 821/934/189 660/960/190 658/954/186
f 664/961/6 663/962/6 661/955/6 662/956/6
f 713/963/6 710/957/6 712/958/6 715/964/6
f 659/945/187 661/955/191 844/965/192 842/959/188
f 742/966/60 724/967/60 846/968/60 849/969/60
f 821/934/189 740/933/193 662/970/194 660/960/190
f 665/971/6 663/962/6 664/961/6 666/972/6
f 716/973/6 713/963/6 715/964/6 717/974/6
f 661/955/191 663/962/195 846/975/196 844/965/192
f 740/933/193 724/967/197 664/976/198 662/970/194
f 669/977/6 667/978/6 665/971/6 666/972/6
f 718/979/6 716/973/6 717/974/6 719/980/6
f 663/962/195 665/971/199 849/981/200 846/975/196
f 853/982/60 743/983/60 726/984/60 852/985/60
f 724/967/197 742/966/201 666/986/202 664/976/198
f 670/987/6 667/978/6 669/977/6 672/988/6
f 665/971/199 667/978/203 668/989/204 849/981/200
f 742/966/201 725/950/205 669/990/206 666/986/202
f 674/991/6 673/992/6 670/987/6 672/988/6
f 667/978/203 670/987/207 671/993/208 668/989/204
f 711/994/60 739/995/60 732/996/60 722/997/60
f 725/950/205 929/949/209 672/998/210 669/990/206
f 643/898/6 718/979/6 719/980/6 645/999/6
f 675/1000/6 673/992/6 674/991/6 676/1001/6
f 670/987/207 673/992/211 852/1002/212 671/993/208
f 929/949/209 726/984/213 674/1003/214 672/998/210
f 679/1004/6 677/1005/6 675/1000/6 676/1001/6
f 673/992/211 675/1000/215 853/1006/216 852/1002/212
f 735/1007/60 681/1008/60 678/1009/60 855/1010/60
f 726/984/213 743/983/217 676/1011/218 674/1003/214
f 680/1012/6 677/1005/6 679/1004/6 682/1013/6
f 675/1000/215 677/1005/219 855/1014/220 853/1006/216
f 743/983/217 678/1009/221 679/1015/222 676/1011/218
f 685/1016/6 683/1017/6 680/1012/6 682/1013/6
f 677/1005/219 680/1012/223 735/1018/224 855/1014/220
f 744/1019/60 727/1020/60 684/1021/60 687/1022/60
f 678/1009/221 681/1008/225 682/1023/226 679/1015/222
f 686/1024/6 683/1017/6 685/1016/6 688/1025/6
f 680/1012/223 683/1017/227 684/1026/228 735/1018/224
f 681/1008/225 727/1020/229 685/1027/230 682/1023/226
f 691/1028/6 689/1029/6 686/1024/6 688/1025/6
f 683/1017/227 686/1024/231 687/1030/232 684/1026/228
f 693/1031/60 923/1032/60 830/1033/60 690/1034/60
f 727/1020/229 744/1019/233 688/1035/234 685/1027/230
f 692/1036/6 689/1029/6 691/1028/6 694/1037/6
f 686/1024/231 689/1029/235 690/1038/236 687/1030/232
f 744/1019/233 830/1033/237 691/1039/238 688/1035/234
f 647/1040/6 646/899/6 643/898/6 645/999/6
f 695/1041/6 692/1036/6 694/1037/6 696/1042/6
f 689/1029/235 692/1036/239 693/1043/240 690/1038/236
f 737/1044/60 728/1045/60 736/1046/60 808/1047/60
f 830/1033/237 923/1032/241 694/1048/242 691/1039/238
f 648/908/6 646/899/6 647/1040/6 650/909/6
f 697/911/6 695/1041/6 696/1042/6 698/912/6
f 692/1036/239 695/1041/243 736/1049/244 693/1043/240
f 923/1032/241 728/1045/245 696/1050/246 694/1048/242
f 695/1041/243 697/911/247 808/1051/248 736/1049/244
f 702/1052/60 738/1053/60 729/1054/60 721/1055/60
f 728/1045/245 737/1044/249 698/1056/250 696/1050/246
f 697/911/247 699/910/251 721/1057/252 808/1051/248
f 737/1044/249 729/1054/253 700/1058/254 698/1056/250
f 699/910/251 701/923/255 702/1059/256 721/1057/252
f 815/1060/60 927/1061/60 838/1062/60 814/1063/60
f 729/1054/253 738/1053/257 703/1064/258 700/1058/254
f 701/923/255 704/929/259 814/1065/260 702/1059/256
f 738/1053/257 838/1062/261 705/1066/262 703/1064/258
f 704/929/259 706/939/263 815/1067/264 814/1065/260
f 741/1068/60 734/1069/60 714/1070/60 723/1071/60
f 838/1062/261 927/1061/265 707/1072/266 705/1066/262
f 706/939/263 708/946/267 722/1073/268 815/1067/264
f 927/1061/265 732/996/269 709/1074/270 707/1072/266
f 708/946/267 710/957/271 711/1075/272 722/1073/268
f 732/996/269 739/995/273 712/1076/274 709/1074/270
f 710/957/271 713/963/275 714/1077/276 711/1075/272
f 739/995/273 734/1069/277 715/1078/278 712/1076/274
f 713/963/275 716/973/279 723/1079/280 714/1077/276
f 734/1069/277 741/1068/281 717/1080/282 715/1078/278
f 716/973/279 718/979/283 824/1081/284 723/1079/280
f 741/1068/281 848/1082/285 719/1083/286 717/1080/282
f 718/979/283 643/898/159 644/901/162 824/1081/284
f 733/1084/60 928/953/60 818/942/60 731/1085/60
f 848/1082/285 924/902/163 645/905/166 719/1083/286
f 671/952/287 851/1086/287 886/1087/287 913/1088/287 929/949/287
f 810/1089/288 720/903/164 924/902/163 896/1090/288
f 644/1091/289 924/902/289 848/1082/289 824/1092/289
f 649/1093/290 835/1094/290 864/1095/290 899/1096/290 925/919/290
f 733/1084/291 841/1097/291 874/1098/291 905/1099/291 928/953/291
f 649/1093/60 925/919/60 720/903/60 833/1100/60
f 781/1101/292 782/1102/293 764/1103/293 763/1104/292
f 782/1102/293 783/1105/294 765/1106/294 764/1103/293
f 783/1105/294 784/1107/295 766/1108/295 765/1106/294
f 784/1107/295 785/1109/296 767/1110/296 766/1108/295
f 785/1109/296 786/1111/297 768/1112/297 767/1110/296
f 786/1113/297 787/1114/298 769/1115/298 768/1116/297
f 787/1114/298 788/1117/299 770/1118/299 769/1115/298
f 788/1117/299 789/1119/300 771/1120/300 770/1118/299
f 745/1121/6 761/1122/6 771/1120/6 763/1104/6
f 753/1123/296 755/1124/297 777/1125/297 776/1126/296
f 747/1127/6 745/1121/6 763/1104/6 764/1103/6
f 749/1128/6 747/1127/6 764/1103/6 765/1106/6
f 751/1129/6 749/1128/6 765/1106/6 766/1108/6
f 753/1123/6 751/1129/6 766/1108/6 767/1110/6
f 755/1124/6 753/1123/6 767/1110/6 768/1112/6
f 757/1130/6 755/1131/6 768/1116/6 769/1115/6
f 759/1132/6 757/1130/6 769/1115/6 770/1118/6
f 761/1122/6 759/1132/6 770/1118/6 771/1120/6
f 745/1121/292 772/1133/292 780/1134/300 761/1122/300
f 747/1127/293 749/1128/294 774/1135/294 773/1136/293
f 755/1131/297 757/1130/298 778/1137/298 777/1138/297
f 749/1128/294 751/1129/295 775/1139/295 774/1135/294
f 757/1130/298 759/1132/299 779/1140/299 778/1137/298
f 751/1129/295 753/1123/296 776/1126/296 775/1139/295
f 759/1132/299 761/1122/300 780/1134/300 779/1140/299
f 745/1121/292 747/1127/293 773/1136/293 772/1133/292
f 762/1141/60 746/1142/60 781/1143/60 789/1144/60
f 746/1142/60 748/1145/60 782/1146/60 781/1143/60
f 748/1145/60 750/1147/60 783/1148/60 782/1146/60
f 750/1147/60 752/1149/60 784/1150/60 783/1148/60
f 752/1149/60 754/1151/60 785/1152/60 784/1150/60
f 754/1151/60 756/1153/60 786/1154/60 785/1152/60
f 756/1153/60 758/1155/60 787/1156/60 786/1154/60
f 758/1155/60 760/1157/60 788/1158/60 787/1156/60
f 760/1157/60 762/1141/60 789/1144/60 788/1158/60
f 748/1145/301 746/1142/302 791/1159/303 793/1160/304
f 750/1147/305 748/1145/301 793/1160/304 795/1161/306
f 807/1162/307 806/1163/308 790/1164/309 791/1159/303
f 792/1165/310 790/1164/309 806/1163/308 804/1166/311 802/1167/312 800/1168/313 798/1169/314 796/1170/315 794/1171/316
f 791/1159/303 790/1164/309 792/1165/310 793/1160/304
f 793/1160/304 792/1165/310 794/1171/316 795/1161/306
f 752/1149/317 750/1147/305 795/1161/306 797/1172/318
f 795/1161/306 794/1171/316 796/1170/315 797/1172/318
f 754/1151/319 752/1149/317 797/1172/318 799/1173/320
f 797/1172/318 796/1170/315 798/1169/314 799/1173/320
f 756/1153/321 754/1151/319 799/1173/320 801/1174/322
f 799/1173/320 798/1169/314 800/1168/313 801/1174/322
f 758/1155/323 756/1153/321 801/1174/322 803/1175/324
f 801/1174/322 800/1168/313 802/1167/312 803/1175/324
f 760/1157/325 758/1155/323 803/1175/324 805/1176/326
f 803/1175/324 802/1167/312 804/1166/311 805/1176/326
f 762/1141/327 760/1157/325 805/1176/326 807/1162/307
f 805/1176/326 804/1166/311 806/1163/308 807/1162/307
f 746/1142/302 762/1141/327 807/1162/307 791/1159/303
f 898/1177/328 721/1055/328 729/1054/328 834/1178/328 863/1179/328
f 904/1180/329 722/997/329 732/996/329 840/1181/329 873/1182/329
f 907/1183/330 714/1070/330 734/1069/330 843/1184/330 878/1185/330
f 910/1186/331 824/1092/331 848/1082/331 847/1187/331 883/1188/331
f 844/932/332 845/1189/332 879/1190/332 908/1191/332 740/933/332
f 644/1091/333 832/1192/333 859/1193/333 896/1090/333 924/902/333
f 808/1047/248 721/1055/252 898/1177/334 809/1194/334
f 812/1195/335 813/917/173 925/919/169 899/1096/335
f 811/1196/336 702/1052/256 814/1063/260 901/1197/336
f 730/915/337 839/1198/337 869/1199/337 902/1200/337 926/916/337
f 817/1201/338 818/942/181 926/916/177 902/1200/338
f 816/1202/339 815/1060/264 722/997/268 904/1180/339
f 820/1203/340 821/934/189 928/953/185 905/1099/340
f 819/1204/341 711/994/272 714/1070/276 907/1183/341
f 823/1205/342 724/967/197 740/933/193 908/1191/342
f 822/1206/343 723/1071/280 824/1092/284 910/1186/343
f 849/969/344 850/1207/344 884/1208/344 911/1209/344 742/966/344
f 825/1210/345 725/950/205 742/966/201 911/1209/345
f 826/1211/346 726/984/213 929/949/209 913/1088/346
f 853/982/347 854/1212/347 888/1213/347 915/1214/347 743/983/347
f 827/1215/348 678/1009/221 743/983/217 915/1214/348
f 693/1031/349 858/1216/349 894/1217/349 921/1218/349 923/1032/349
f 828/1219/350 727/1020/229 681/1008/225 917/1220/350
f 735/1007/351 856/1221/351 890/1222/351 917/1220/351 681/1008/351
f 829/1223/352 830/1033/237 744/1019/233 919/1224/352
f 687/1022/353 857/1225/353 892/1226/353 919/1224/353 744/1019/353
f 831/1227/354 728/1045/245 923/1032/241 921/1218/354
f 808/1047/355 809/1194/355 860/1228/355 861/1229/355 737/1044/355
f 834/1178/356 729/1054/253 737/1044/249 861/1229/356
f 832/1192/357 644/1091/162 833/1100/161 862/1230/357
f 702/1052/358 811/1196/358 865/1231/358 866/1232/358 738/1053/358
f 837/1233/359 838/1062/261 738/1053/257 866/1232/359
f 835/1094/360 649/1093/168 836/918/172 867/1234/360
f 711/994/361 819/1204/361 875/1235/361 876/1236/361 739/995/361
f 815/1060/362 816/1202/362 870/1237/362 871/1238/362 927/1061/362
f 840/1181/363 732/996/269 927/1061/265 871/1238/363
f 839/1198/364 730/915/176 731/1085/180 872/1239/364
f 843/1184/365 734/1069/277 739/995/273 876/1236/365
f 841/1097/366 733/1084/184 842/935/188 877/1240/366
f 723/1071/367 822/1206/367 880/1241/367 881/1242/367 741/1068/367
f 847/1187/368 848/1082/285 741/1068/281 881/1242/369
f 845/1189/370 844/932/192 846/968/196 882/1243/370
f 850/1207/371 849/969/200 668/951/204 885/1244/371
f 851/1086/372 671/952/208 852/985/212 887/1245/372
f 854/1212/373 853/982/216 855/1010/220 889/1246/373
f 856/1221/374 735/1007/224 684/1021/228 891/1247/374
f 857/1225/375 687/1022/232 690/1034/236 893/1248/375
f 858/1216/376 693/1031/240 736/1046/244 895/1249/376
f 921/1218/354 894/1217/377 922/1250/377 831/1227/354
f 859/1193/378 832/1192/357 862/1230/357 897/1251/378
f 861/1229/356 860/1228/379 863/1179/379 834/1178/356
f 864/1095/380 835/1094/360 867/1234/360 900/1252/380
f 866/1232/359 865/1231/381 868/1253/381 837/1233/359
f 869/1199/382 839/1198/364 872/1239/364 903/1254/382
f 871/1238/363 870/1237/383 873/1182/383 840/1181/363
f 874/1098/384 841/1097/366 877/1240/366 906/1255/384
f 876/1236/365 875/1235/385 878/1185/385 843/1184/365
f 879/1190/386 845/1189/370 882/1243/370 909/1256/386
f 881/1242/369 880/1241/387 883/1188/387 847/1187/368
f 884/1208/388 850/1207/371 885/1244/371 912/1257/388
f 886/1087/389 851/1086/372 887/1245/372 914/1258/389
f 888/1213/390 854/1212/373 889/1246/373 916/1259/390
f 678/1009/391 827/1215/391 916/1259/391 889/1246/391 855/1010/391
f 890/1222/392 856/1221/374 891/1247/374 918/1260/392
f 727/1020/393 828/1219/393 918/1260/393 891/1247/393 684/1021/393
f 892/1226/394 857/1225/375 893/1248/375 920/1261/394
f 894/1217/377 858/1216/376 895/1249/376 922/1250/377
f 720/903/395 810/1089/395 897/1251/395 862/1230/395 833/1100/395
f 896/1090/288 859/1193/378 897/1251/378 810/1089/288
f 860/1228/379 809/1194/334 898/1177/334 863/1179/379
f 813/917/396 812/1195/396 900/1252/396 867/1234/396 836/918/396
f 899/1096/335 864/1095/380 900/1252/380 812/1195/335
f 838/1062/397 837/1233/397 868/1253/397 901/1197/397 814/1063/397
f 865/1231/381 811/1196/336 901/1197/336 868/1253/381
f 818/942/398 817/1201/398 903/1254/398 872/1239/398 731/1085/398
f 902/1200/338 869/1199/382 903/1254/382 817/1201/338
f 870/1237/383 816/1202/339 904/1180/339 873/1182/383
f 821/934/399 820/1203/399 906/1255/399 877/1240/399 842/935/399
f 905/1099/340 874/1098/384 906/1255/384 820/1203/340
f 875/1235/385 819/1204/341 907/1183/341 878/1185/385
f 724/967/400 823/1205/400 909/1256/400 882/1243/400 846/968/400
f 908/1191/342 879/1190/386 909/1256/386 823/1205/342
f 880/1241/387 822/1206/343 910/1186/343 883/1188/387
f 725/950/401 825/1210/401 912/1257/401 885/1244/401 668/951/401
f 911/1209/345 884/1208/388 912/1257/388 825/1210/345
f 726/984/402 826/1211/402 914/1258/402 887/1245/402 852/985/402
f 913/1088/346 886/1087/389 914/1258/389 826/1211/346
f 830/1033/403 829/1223/403 920/1261/403 893/1248/403 690/1034/403
f 915/1214/348 888/1213/390 916/1259/390 827/1215/348
f 917/1220/350 890/1222/392 918/1260/392 828/1219/350
f 919/1224/352 892/1226/394 920/1261/394 829/1223/352
f 895/1249/404 736/1046/404 728/1045/404 831/1227/404 922/1250/404
s 0
f 930/1262/6 931/1263/6 933/1264/6 932/1265/6
f 936/1266/60 937/1267/60 935/1268/60 934/1269/60
f 932/1270/405 936/1266/405 934/1269/405 930/1271/405
f 937/1267/406 933/1264/406 931/1263/406 935/1268/406
s 1
f 771/1120/300 789/1119/300 781/1101/292 763/1104/292
f 939/1272/60 941/1273/60 967/1274/60 965/1275/60
f 968/1276/63 970/1277/64 942/1278/64 940/1279/63
f 970/1280/64 972/1281/65 944/1282/65 942/1283/64
f 972/1281/65 974/1284/66 946/1285/66 944/1282/65
f 974/1284/66 976/1286/67 948/1287/67 946/1285/66
f 976/1286/67 978/1288/68 950/1289/68 948/1287/67
f 978/1288/68 980/1290/69 952/1291/69 950/1289/68
f 980/1290/69 982/1292/70 954/1293/70 952/1291/69
f 943/1294/64 958/1295/64 959/1296/65 945/1297/65
f 954/1293/70 982/1292/70 966/1298/73 938/1299/73
f 966/1298/73 968/1276/63 940/1279/63 938/1299/73
f 941/1273/60 943/1294/60 969/1300/60 967/1274/60
f 943/1294/60 945/1297/60 971/1301/60 969/1300/60
f 945/1297/60 947/1302/60 973/1303/60 971/1301/60
f 947/1302/60 949/1304/60 975/1305/60 973/1303/60
f 949/1304/60 951/1306/60 977/1307/60 975/1305/60
f 951/1306/60 953/1308/60 979/1309/60 977/1307/60
f 953/1308/60 955/1310/60 981/1311/60 979/1309/60
f 956/1312/60 964/1313/60 963/1314/60 962/1315/60 961/1316/60 960/1317/60 959/1296/60 958/1295/60 957/1318/60
f 947/1302/66 945/1297/65 959/1296/65 960/1317/66
f 939/1272/73 955/1310/70 964/1313/70 956/1312/73
f 955/1310/70 953/1308/69 963/1314/69 964/1313/70
f 941/1273/63 939/1272/73 956/1312/73 957/1318/63
f 949/1304/67 947/1302/66 960/1317/66 961/1316/67
f 943/1294/64 941/1273/63 957/1318/63 958/1295/64
f 951/1306/68 949/1304/67 961/1316/67 962/1315/68
f 966/1319/82 982/1320/83 981/1311/83 965/1275/82
f 968/1321/84 966/1319/82 965/1275/82 967/1274/84
f 970/1322/85 968/1321/84 967/1274/84 969/1300/85
f 972/1323/86 970/1322/85 969/1300/85 971/1301/86
f 974/1324/87 972/1323/86 971/1301/86 973/1303/87
f 976/1325/88 974/1324/87 973/1303/87 975/1305/88
f 978/1326/89 976/1325/88 975/1305/88 977/1307/89
f 980/1327/90 978/1326/89 977/1307/89 979/1309/90
f 982/1320/83 980/1327/90 979/1309/90 981/1311/83
f 939/1272/60 965/1275/60 981/1311/60 955/1310/60
f 953/1308/69 951/1306/68 962/1315/68 963/1314/69
