# Blender 4.1.1
# www.blender.org
o Pipe_CheckValve
v 0.000000 -0.098536 -0.056538
v -0.138025 -0.000000 -0.074636
v -0.000000 0.037318 -0.064637
v -0.138025 0.037318 -0.064637
v -0.000000 0.064637 -0.037318
v -0.138025 0.064637 -0.037318
v 0.000000 -0.098536 0.056538
v -0.138025 0.074636 0.000000
v -0.028269 -0.098536 0.048963
v -0.138025 0.064637 0.037318
v -0.048963 -0.098536 0.028269
v -0.138025 0.037318 0.064637
v -0.056538 -0.098536 0.000000
v -0.138025 -0.000000 0.074636
v -0.138025 -0.037318 0.064637
v -0.138025 -0.064637 0.037318
v -0.138025 -0.074636 0.000000
v -0.138025 -0.064637 -0.037318
v -0.138025 -0.037318 -0.064637
v -0.047229 -0.045827 -0.064637
v -0.072271 -0.070869 -0.037318
v -0.081437 -0.080036 0.000000
v -0.072271 -0.070869 0.037318
v -0.047229 -0.045827 0.064637
v 0.000000 -0.009297 0.075270
v 0.138025 0.000000 0.074636
v 0.000000 0.037318 0.064637
v 0.138025 0.037318 0.064637
v -0.000000 0.064637 0.037318
v 0.138025 0.064637 0.037318
v -0.000000 0.074636 0.000000
v 0.138025 0.074636 -0.000000
v -0.048963 -0.098536 -0.028269
v 0.138025 0.064637 -0.037318
v -0.028269 -0.098536 -0.048963
v 0.138025 0.037318 -0.064637
v 0.000000 -0.009297 -0.075270
v 0.138025 0.000000 -0.074636
v 0.138025 -0.037318 -0.064637
v 0.138025 -0.064637 -0.037318
v 0.138025 -0.074636 -0.000000
v 0.138025 -0.064637 0.037318
v 0.138025 -0.037318 0.064637
v 0.047229 -0.045827 0.064637
v 0.072271 -0.070869 0.037318
v 0.081437 -0.080035 0.000000
v 0.072271 -0.070869 -0.037318
v 0.047229 -0.045827 -0.064637
v 0.028269 -0.098536 0.048963
v 0.048963 -0.098536 0.028269
v 0.056538 -0.098536 0.000000
v 0.048963 -0.098536 -0.028269
v 0.028269 -0.098536 -0.048963
v 0.032621 -0.064547 -0.054685
v -0.138025 0.019313 -0.072078
v -0.039063 0.037318 -0.064637
v -0.000000 0.052765 -0.052765
v -0.138025 0.052765 -0.052765
v -0.039063 0.064637 -0.037318
v -0.055493 -0.081641 0.031573
v -0.138025 0.072078 -0.019313
v 0.063865 -0.087898 0.000000
v -0.138025 0.072078 0.019313
v -0.014630 -0.098536 -0.054600
v -0.014630 -0.098536 0.054600
v -0.138025 0.052765 0.052765
v 0.039970 -0.098536 -0.039970
v 0.014630 -0.098536 0.054600
v -0.138025 0.019313 0.072078
v 0.014630 -0.098536 -0.054600
v -0.138025 -0.019313 0.072078
v -0.138025 -0.052765 0.052765
v -0.138025 -0.072078 0.019313
v -0.138025 -0.072078 -0.019313
v -0.138025 -0.052765 -0.052765
v -0.138025 -0.019313 -0.072078
v -0.068290 -0.038382 -0.064637
v -0.088494 -0.065416 -0.037318
v -0.095890 -0.075311 0.000000
v -0.088494 -0.065416 0.037318
v -0.068290 -0.038382 0.064637
v -0.079092 -0.077690 0.019313
v -0.079092 -0.077690 -0.019313
v -0.061388 -0.059987 -0.052765
v 0.039970 -0.098536 0.039970
v 0.054600 -0.098536 0.014630
v -0.061388 -0.059987 0.052765
v 0.000000 0.018672 0.072175
v 0.138025 0.019313 0.072078
v 0.039062 0.037318 0.064637
v -0.000000 0.052765 0.052765
v 0.138025 0.052765 0.052765
v 0.039062 0.064637 0.037318
v -0.000000 0.072078 0.019313
v 0.138025 0.072078 0.019313
v 0.039062 0.074636 0.000000
v 0.054600 -0.098536 -0.014630
v 0.138025 0.072078 -0.019313
v -0.039970 -0.098536 0.039970
v -0.039970 -0.098536 -0.039970
v 0.138025 0.052765 -0.052765
v -0.054600 -0.098536 -0.014630
v -0.054600 -0.098536 0.014630
v 0.138025 0.019313 -0.072078
v 0.043640 -0.000849 -0.074733
v 0.138025 -0.019313 -0.072078
v 0.138025 -0.052765 -0.052765
v 0.138025 -0.072078 -0.019313
v 0.138025 -0.072078 0.019313
v 0.138025 -0.052765 0.052765
v 0.138025 -0.019313 0.072078
v 0.068290 -0.038382 0.064637
v 0.088494 -0.065416 0.037318
v 0.095890 -0.075311 0.000000
v 0.088494 -0.065416 -0.037318
v 0.068290 -0.038382 -0.064637
v 0.079092 -0.077690 -0.019313
v 0.079092 -0.077690 0.019313
v 0.061388 -0.059987 0.052765
v 0.029741 -0.029199 -0.072175
v 0.029741 -0.029199 0.072175
v 0.061388 -0.059987 -0.052765
v -0.000000 0.018672 -0.072175
v -0.000000 0.072078 -0.019313
v -0.039063 0.074636 0.000000
v -0.039063 0.064637 0.037318
v -0.039063 0.037318 0.064637
v -0.043640 -0.000849 0.074733
v -0.029741 -0.029199 0.072175
v -0.029741 -0.029199 -0.072175
v 0.039062 0.064637 -0.037318
v 0.039062 0.037318 -0.064637
v 0.000000 -0.048207 0.063227
v -0.000000 -0.048207 -0.063227
v 0.043640 -0.000849 0.074733
v -0.043640 -0.000849 -0.074733
v -0.063864 -0.087898 0.000000
v 0.055493 -0.081641 0.031573
v 0.055493 -0.081641 -0.031573
v 0.032621 -0.064547 0.054685
v -0.055493 -0.081641 -0.031573
v -0.032621 -0.064547 0.054685
v -0.032621 -0.064547 -0.054685
v 0.079714 -0.053667 -0.052765
v 0.055177 -0.020483 0.072102
v 0.055177 -0.020483 -0.072102
v 0.079714 -0.053667 0.052765
v 0.093998 -0.072779 0.019313
v 0.093998 -0.072779 -0.019313
v 0.039537 0.019153 -0.072102
v 0.039062 0.052765 -0.052765
v 0.039062 0.072078 -0.019313
v 0.039062 0.072078 0.019313
v 0.039062 0.052765 0.052765
v 0.039537 0.019153 0.072102
v -0.079714 -0.053667 0.052765
v -0.055177 -0.020483 -0.072102
v -0.055177 -0.020483 0.072102
v -0.079714 -0.053667 -0.052765
v -0.093998 -0.072779 -0.019313
v -0.093998 -0.072779 0.019313
v -0.039537 0.019153 0.072102
v -0.039063 0.052765 0.052765
v -0.039063 0.072078 0.019313
v -0.039063 0.072078 -0.019313
v -0.039063 0.052765 -0.052765
v -0.039537 0.019153 -0.072102
v 0.017317 -0.054015 0.061001
v -0.017317 -0.054015 -0.061001
v -0.045553 -0.074213 -0.044641
v 0.061723 -0.086297 -0.016340
v 0.017317 -0.054015 -0.061001
v -0.045553 -0.074213 0.044641
v -0.017317 -0.054015 0.061001
v -0.061723 -0.086297 -0.016340
v 0.045553 -0.074213 0.044641
v 0.045553 -0.074213 -0.044641
v -0.061723 -0.086297 0.016340
v 0.061723 -0.086297 0.016340
v 0.000000 -0.148668 -0.056538
v 0.000000 -0.148668 0.056538
v -0.028269 -0.148668 0.048963
v -0.048963 -0.148668 0.028269
v -0.056538 -0.148668 0.000000
v -0.048963 -0.148668 -0.028269
v -0.028269 -0.148668 -0.048963
v 0.028269 -0.148668 0.048963
v 0.048963 -0.148668 0.028269
v 0.056538 -0.148668 0.000000
v 0.048963 -0.148668 -0.028269
v 0.028269 -0.148668 -0.048963
v -0.014630 -0.148668 -0.054600
v -0.014630 -0.148668 0.054600
v 0.039970 -0.148668 -0.039970
v 0.014630 -0.148668 0.054600
v 0.014630 -0.148668 -0.054600
v 0.039970 -0.148668 0.039970
v 0.054600 -0.148668 0.014630
v 0.054600 -0.148668 -0.014630
v -0.039970 -0.148668 0.039970
v -0.039970 -0.148668 -0.039970
v -0.054600 -0.148668 -0.014630
v -0.054600 -0.148668 0.014630
v 0.000000 -0.148668 -0.066267
v 0.000000 -0.148668 0.066267
v -0.033133 -0.148668 0.057389
v -0.057388 -0.148668 0.033133
v -0.066266 -0.148668 0.000000
v -0.057388 -0.148668 -0.033133
v -0.033133 -0.148668 -0.057389
v 0.033133 -0.148668 0.057389
v 0.057389 -0.148668 0.033133
v 0.066267 -0.148668 0.000000
v 0.057389 -0.148668 -0.033133
v 0.033133 -0.148668 -0.057389
v -0.017147 -0.148668 -0.063995
v -0.017147 -0.148668 0.063995
v 0.046848 -0.148668 -0.046848
v 0.017147 -0.148668 0.063995
v 0.017147 -0.148668 -0.063995
v 0.046848 -0.148668 0.046848
v 0.063995 -0.148668 0.017147
v 0.063995 -0.148668 -0.017147
v -0.046848 -0.148668 0.046848
v -0.046848 -0.148668 -0.046848
v -0.063995 -0.148668 -0.017147
v -0.063995 -0.148668 0.017147
v 0.000000 -0.156617 -0.066267
v 0.000000 -0.156617 0.066267
v -0.033133 -0.156617 0.057389
v -0.057388 -0.156618 0.033133
v -0.066266 -0.156618 0.000000
v -0.057388 -0.156618 -0.033133
v -0.033133 -0.156617 -0.057389
v 0.033133 -0.156617 0.057389
v 0.057389 -0.156617 0.033133
v 0.066267 -0.156617 0.000000
v 0.057389 -0.156617 -0.033133
v 0.033133 -0.156617 -0.057389
v -0.017147 -0.156617 -0.063995
v -0.017147 -0.156617 0.063995
v 0.046848 -0.156617 -0.046848
v 0.017147 -0.156617 0.063995
v 0.017147 -0.156617 -0.063995
v 0.046848 -0.156617 0.046848
v 0.063995 -0.156617 0.017147
v 0.063995 -0.156617 -0.017147
v -0.046848 -0.156617 0.046848
v -0.046848 -0.156617 -0.046848
v -0.063995 -0.156618 -0.017147
v -0.063995 -0.156618 0.017147
v -0.000000 -0.156617 -0.138312
v 0.000000 -0.156617 0.138312
v -0.069156 -0.156618 0.119782
v -0.119782 -0.156618 0.069156
v -0.138312 -0.156618 -0.000000
v -0.119782 -0.156618 -0.069156
v -0.069156 -0.156618 -0.119782
v 0.069156 -0.156617 0.119782
v 0.119782 -0.156617 0.069156
v 0.138312 -0.156617 -0.000000
v 0.119782 -0.156617 -0.069156
v 0.069156 -0.156617 -0.119782
v -0.035790 -0.156617 -0.133571
v -0.035790 -0.156617 0.133571
v 0.097781 -0.156617 -0.097781
v 0.035790 -0.156617 0.133571
v 0.035790 -0.156617 -0.133571
v 0.097781 -0.156617 0.097781
v 0.133571 -0.156617 0.035790
v 0.133571 -0.156617 -0.035790
v -0.097781 -0.156618 0.097781
v -0.097781 -0.156618 -0.097781
v -0.133571 -0.156618 -0.035790
v -0.133571 -0.156618 0.035790
v -0.000000 -0.265534 -0.138312
v 0.000000 -0.265534 0.138312
v -0.069156 -0.265534 0.119782
v -0.119782 -0.265534 0.069156
v -0.138312 -0.265534 -0.000000
v -0.119781 -0.265534 -0.069156
v -0.069156 -0.265534 -0.119782
v 0.069156 -0.265534 0.119782
v 0.119782 -0.265534 0.069156
v 0.138312 -0.265534 -0.000000
v 0.119782 -0.265534 -0.069156
v 0.069156 -0.265534 -0.119782
v -0.035790 -0.265534 -0.133571
v -0.035790 -0.265534 0.133571
v 0.097781 -0.265534 -0.097781
v 0.035790 -0.265534 0.133571
v 0.035790 -0.265534 -0.133571
v 0.097781 -0.265534 0.097781
v 0.133571 -0.265534 0.035790
v 0.133571 -0.265534 -0.035790
v -0.097781 -0.265534 0.097781
v -0.097781 -0.265534 -0.097781
v -0.133571 -0.265534 -0.035790
v -0.133571 -0.265534 0.035790
v -0.153454 -0.000000 -0.058192
v -0.153454 0.029096 -0.050396
v -0.153454 0.050396 -0.029096
v -0.153454 0.058192 0.000000
v -0.153454 0.050396 0.029096
v -0.153454 0.029096 0.050396
v -0.153454 -0.000000 0.058192
v -0.153454 -0.029096 0.050396
v -0.153454 -0.050396 0.029096
v -0.153454 -0.058192 0.000000
v -0.153454 -0.050396 -0.029096
v -0.153454 -0.029096 -0.050396
v -0.153454 0.015058 -0.056197
v -0.153454 0.041139 -0.041139
v -0.153454 0.056197 -0.015058
v -0.153454 0.056197 0.015058
v -0.153454 0.041139 0.041139
v -0.153454 0.015058 0.056198
v -0.153454 -0.015058 0.056198
v -0.153454 -0.041139 0.041139
v -0.153454 -0.056198 0.015058
v -0.153454 -0.056198 -0.015058
v -0.153454 -0.041139 -0.041139
v -0.153454 -0.015058 -0.056197
v -0.190250 -0.000000 -0.058192
v -0.190250 0.029096 -0.050396
v -0.190250 0.050396 -0.029096
v -0.190250 0.058192 0.000000
v -0.190250 0.050396 0.029096
v -0.190250 0.029096 0.050396
v -0.190250 -0.000000 0.058192
v -0.190250 -0.029096 0.050396
v -0.190250 -0.050396 0.029096
v -0.190250 -0.058192 0.000000
v -0.190250 -0.050396 -0.029096
v -0.190250 -0.029096 -0.050396
v -0.190250 0.015058 -0.056197
v -0.190250 0.041139 -0.041139
v -0.190250 0.056197 -0.015058
v -0.190250 0.056197 0.015058
v -0.190250 0.041139 0.041139
v -0.190250 0.015058 0.056198
v -0.190250 -0.015058 0.056198
v -0.190250 -0.041139 0.041139
v -0.190250 -0.056198 0.015058
v -0.190250 -0.056198 -0.015058
v -0.190250 -0.041139 -0.041139
v -0.190250 -0.015058 -0.056197
v -0.190250 -0.000000 -0.150165
v -0.190250 0.075082 -0.130047
v -0.190250 0.130047 -0.075082
v -0.190250 0.150165 0.000000
v -0.190250 0.130047 0.075082
v -0.190250 0.075082 0.130047
v -0.190250 -0.000000 0.150165
v -0.190250 -0.075082 0.130047
v -0.190250 -0.130047 0.075082
v -0.190250 -0.150165 0.000000
v -0.190250 -0.130047 -0.075082
v -0.190250 -0.075082 -0.130047
v -0.190250 0.038857 -0.145018
v -0.190250 0.106160 -0.106160
v -0.190250 0.145018 -0.038857
v -0.190250 0.145018 0.038857
v -0.190250 0.106160 0.106160
v -0.190250 0.038857 0.145018
v -0.190250 -0.038857 0.145018
v -0.190250 -0.106160 0.106160
v -0.190250 -0.145018 0.038857
v -0.190250 -0.145018 -0.038857
v -0.190250 -0.106160 -0.106160
v -0.190250 -0.038857 -0.145018
v -0.223842 -0.000000 -0.150165
v -0.223842 0.075082 -0.130047
v -0.223842 0.130047 -0.075082
v -0.223842 0.150165 0.000000
v -0.223842 0.130047 0.075082
v -0.223842 0.075082 0.130047
v -0.223842 -0.000000 0.150165
v -0.223842 -0.075082 0.130047
v -0.223842 -0.130047 0.075082
v -0.223842 -0.150165 0.000000
v -0.223842 -0.130047 -0.075082
v -0.223842 -0.075082 -0.130047
v -0.223842 0.038857 -0.145018
v -0.223842 0.106160 -0.106160
v -0.223842 0.145018 -0.038857
v -0.223842 0.145018 0.038857
v -0.223842 0.106160 0.106160
v -0.223842 0.038857 0.145018
v -0.223842 -0.038857 0.145018
v -0.223842 -0.106160 0.106160
v -0.223842 -0.145018 0.038857
v -0.223842 -0.145018 -0.038857
v -0.223842 -0.106160 -0.106160
v -0.223842 -0.038857 -0.145018
v -0.223842 -0.000000 -0.139796
v -0.223842 0.069898 -0.121067
v -0.223842 0.121067 -0.069898
v -0.223842 0.139796 0.000000
v -0.223842 0.121067 0.069898
v -0.223842 0.069898 0.121067
v -0.223842 -0.000000 0.139796
v -0.223842 -0.069898 0.121067
v -0.223842 -0.121067 0.069898
v -0.223842 -0.139796 0.000000
v -0.223842 -0.121067 -0.069898
v -0.223842 -0.069898 -0.121067
v -0.223842 0.036174 -0.135004
v -0.223842 0.098830 -0.098830
v -0.223842 0.135004 -0.036174
v -0.223842 0.135004 0.036174
v -0.223842 0.098830 0.098830
v -0.223842 0.036174 0.135004
v -0.223842 -0.036174 0.135004
v -0.223842 -0.098830 0.098830
v -0.223842 -0.135004 0.036174
v -0.223842 -0.135004 -0.036174
v -0.223842 -0.098830 -0.098830
v -0.223842 -0.036174 -0.135004
v -0.257514 -0.000000 -0.139796
v -0.257514 0.069898 -0.121067
v -0.257514 0.121067 -0.069898
v -0.257514 0.139796 0.000000
v -0.257514 0.121067 0.069898
v -0.257514 0.069898 0.121067
v -0.257514 -0.000000 0.139796
v -0.257514 -0.069898 0.121067
v -0.257514 -0.121067 0.069898
v -0.257514 -0.139796 0.000000
v -0.257514 -0.121067 -0.069898
v -0.257514 -0.069898 -0.121067
v -0.257514 0.036174 -0.135004
v -0.257514 0.098830 -0.098830
v -0.257514 0.135004 -0.036174
v -0.257514 0.135004 0.036174
v -0.257514 0.098830 0.098830
v -0.257514 0.036174 0.135004
v -0.257514 -0.036174 0.135004
v -0.257514 -0.098830 0.098830
v -0.257514 -0.135004 0.036174
v -0.257514 -0.135004 -0.036174
v -0.257514 -0.098830 -0.098830
v -0.257514 -0.036174 -0.135004
v -0.270854 -0.000000 -0.074975
v -0.270854 0.037488 -0.064931
v -0.270854 0.064931 -0.037488
v -0.270854 0.074975 0.000000
v -0.270854 0.064931 0.037488
v -0.270854 0.037488 0.064931
v -0.270854 -0.000000 0.074975
v -0.270854 -0.037488 0.064931
v -0.270854 -0.064931 0.037488
v -0.270854 -0.074975 0.000000
v -0.270854 -0.064931 -0.037488
v -0.270854 -0.037488 -0.064931
v -0.270854 0.019401 -0.072405
v -0.270854 0.053004 -0.053004
v -0.270854 0.072405 -0.019401
v -0.270854 0.072405 0.019401
v -0.270854 0.053004 0.053004
v -0.270854 0.019401 0.072406
v -0.270854 -0.019401 0.072406
v -0.270854 -0.053005 0.053004
v -0.270854 -0.072406 0.019401
v -0.270854 -0.072406 -0.019401
v -0.270854 -0.053005 -0.053004
v -0.270854 -0.019401 -0.072405
v -0.281915 -0.000000 -0.074975
v -0.281915 0.037488 -0.064931
v -0.281915 0.064931 -0.037488
v -0.281915 0.074975 0.000000
v -0.281915 0.064931 0.037488
v -0.281915 0.037488 0.064931
v -0.281915 -0.000000 0.074975
v -0.281915 -0.037488 0.064931
v -0.281915 -0.064931 0.037488
v -0.281915 -0.074975 0.000000
v -0.281915 -0.064931 -0.037488
v -0.281915 -0.037488 -0.064931
v -0.281915 0.019401 -0.072405
v -0.281915 0.053004 -0.053004
v -0.281915 0.072405 -0.019401
v -0.281915 0.072405 0.019401
v -0.281915 0.053004 0.053004
v -0.281915 0.019401 0.072406
v -0.281915 -0.019401 0.072406
v -0.281915 -0.053005 0.053004
v -0.281915 -0.072406 0.019401
v -0.281915 -0.072406 -0.019401
v -0.281915 -0.053005 -0.053004
v -0.281915 -0.019401 -0.072405
v 0.145966 0.000000 0.040809
v 0.145966 0.020405 0.035342
v 0.145966 0.035342 0.020405
v 0.145966 0.040809 -0.000000
v 0.145966 0.035342 -0.020405
v 0.145966 0.020405 -0.035342
v 0.145966 0.000000 -0.040809
v 0.145966 -0.020405 -0.035342
v 0.145966 -0.035342 -0.020405
v 0.145966 -0.040809 -0.000000
v 0.145966 -0.035342 0.020405
v 0.145966 -0.020405 0.035342
v 0.145966 0.010560 0.039410
v 0.145966 0.028850 0.028850
v 0.145966 0.039410 0.010560
v 0.145966 0.039410 -0.010560
v 0.145966 0.028850 -0.028850
v 0.145966 0.010560 -0.039410
v 0.145966 -0.010560 -0.039410
v 0.145966 -0.028850 -0.028850
v 0.145966 -0.039410 -0.010560
v 0.145966 -0.039410 0.010560
v 0.145966 -0.028850 0.028850
v 0.145966 -0.010560 0.039410
v 0.145966 0.000000 0.067299
v 0.145966 0.017415 0.064992
v 0.145966 0.033650 0.058283
v 0.145966 0.047578 0.047578
v 0.145966 0.058283 0.033649
v 0.145966 0.064992 0.017415
v 0.145966 0.067299 -0.000000
v 0.145966 0.064992 -0.017415
v 0.145966 0.058283 -0.033649
v 0.145966 0.047578 -0.047578
v 0.145966 0.033650 -0.058283
v 0.145966 0.017415 -0.064992
v 0.145966 0.000000 -0.067299
v 0.145966 -0.017415 -0.064992
v 0.145966 -0.033649 -0.058283
v 0.145966 -0.047578 -0.047578
v 0.145966 -0.058283 -0.033649
v 0.145966 -0.064992 -0.017415
v 0.145966 -0.067299 -0.000000
v 0.145966 -0.064992 0.017415
v 0.145966 -0.058283 0.033649
v 0.145966 -0.047578 0.047578
v 0.145966 -0.033649 0.058283
v 0.145966 -0.017415 0.064992
v 0.229024 0.000000 0.040809
v 0.229024 0.010560 0.039410
v 0.229024 0.020405 0.035342
v 0.229024 0.028850 0.028850
v 0.229024 0.035342 0.020405
v 0.229024 0.039410 0.010560
v 0.229024 0.040809 -0.000000
v 0.229024 0.039410 -0.010560
v 0.229024 0.035342 -0.020405
v 0.229024 0.028850 -0.028850
v 0.229024 0.020405 -0.035342
v 0.229024 0.010560 -0.039410
v 0.229024 0.000000 -0.040809
v 0.229024 -0.010560 -0.039410
v 0.229024 -0.020405 -0.035342
v 0.229024 -0.028850 -0.028850
v 0.229024 -0.035342 -0.020405
v 0.229024 -0.039410 -0.010560
v 0.229024 -0.040809 -0.000000
v 0.229024 -0.039410 0.010560
v 0.229024 -0.035342 0.020405
v 0.229024 -0.028850 0.028850
v 0.229024 -0.020405 0.035342
v 0.229024 -0.010560 0.039410
v -0.204278 -0.000000 -0.143108
v -0.204278 -0.031387 -0.124987
v -0.204278 -0.031387 -0.088745
v -0.204278 -0.000000 -0.070624
v -0.204278 0.031387 -0.088745
v -0.204278 0.031387 -0.124987
v -0.166633 -0.015693 -0.134048
v -0.170386 -0.000000 -0.143108
v -0.170386 -0.031387 -0.124987
v -0.166633 -0.031387 -0.106866
v -0.170386 -0.031387 -0.124987
v -0.170386 -0.031387 -0.088745
v -0.170386 -0.031387 -0.088745
v -0.166633 -0.015693 -0.079685
v -0.170386 -0.000000 -0.070624
v -0.166633 0.015693 -0.079685
v -0.170386 0.031387 -0.088745
v -0.162687 -0.015951 -0.116075
v -0.162687 -0.009209 -0.122817
v -0.162687 -0.018418 -0.106866
v -0.162687 0.018418 -0.106866
v -0.162687 0.009209 -0.122817
v -0.162687 0.015951 -0.116075
v -0.162687 0.009209 -0.090915
v -0.162687 -0.009209 -0.090915
v -0.162687 -0.000000 -0.088448
v -0.162687 0.015951 -0.097657
v -0.162687 -0.015951 -0.097657
v -0.162687 -0.000000 -0.125284
v -0.166633 0.031387 -0.106866
v -0.170386 0.031387 -0.088745
v -0.170386 0.031387 -0.124987
v -0.170386 0.031387 -0.124987
v -0.166633 0.015693 -0.134048
v -0.162687 -0.024687 -0.121119
v -0.162687 -0.014253 -0.131553
v -0.162687 -0.028507 -0.106866
v -0.162687 0.014253 -0.131553
v -0.162687 0.024687 -0.121119
v -0.162687 0.014253 -0.082179
v -0.162687 -0.000000 -0.078360
v -0.162687 0.028506 -0.106866
v -0.162687 0.024687 -0.092613
v -0.162687 -0.014253 -0.082179
v -0.162687 -0.024687 -0.092613
v -0.162687 -0.000000 -0.135373
v -0.156285 -0.015951 -0.116075
v -0.156285 -0.009209 -0.122817
v -0.156285 -0.018418 -0.106866
v -0.156285 0.009209 -0.122817
v -0.156285 0.015951 -0.116075
v -0.156285 0.009209 -0.090915
v -0.156285 -0.000000 -0.088448
v -0.156285 0.018418 -0.106866
v -0.156285 0.015951 -0.097657
v -0.156285 -0.009209 -0.090915
v -0.156285 -0.015951 -0.097657
v -0.156285 -0.000000 -0.125284
v -0.204278 0.123935 -0.071554
v -0.204278 0.092549 -0.089675
v -0.204278 0.061162 -0.071554
v -0.204278 0.061162 -0.035312
v -0.204278 0.092549 -0.017191
v -0.204278 0.123935 -0.035312
v -0.166633 0.108242 -0.080615
v -0.170386 0.123935 -0.071554
v -0.170386 0.092549 -0.089675
v -0.166633 0.076855 -0.080615
v -0.170386 0.092549 -0.089675
v -0.170386 0.061162 -0.071554
v -0.170386 0.061162 -0.071554
v -0.166633 0.061162 -0.053433
v -0.170386 0.061162 -0.035312
v -0.166633 0.076855 -0.026251
v -0.170386 0.092549 -0.017191
v -0.162687 0.092549 -0.071851
v -0.162687 0.101758 -0.069384
v -0.162687 0.083340 -0.069384
v -0.162687 0.101758 -0.037482
v -0.162687 0.110967 -0.053433
v -0.162687 0.108499 -0.044224
v -0.162687 0.083340 -0.037482
v -0.162687 0.074131 -0.053433
v -0.162687 0.076598 -0.044224
v -0.162687 0.092549 -0.035015
v -0.162687 0.076598 -0.062642
v -0.162687 0.108499 -0.062642
v -0.166633 0.108242 -0.026251
v -0.170386 0.092549 -0.017191
v -0.170386 0.123935 -0.035312
v -0.170386 0.123935 -0.035312
v -0.166633 0.123935 -0.053433
v -0.162687 0.092549 -0.081940
v -0.162687 0.106802 -0.078120
v -0.162687 0.078295 -0.078120
v -0.162687 0.121055 -0.053433
v -0.162687 0.117236 -0.039180
v -0.162687 0.078295 -0.028746
v -0.162687 0.067861 -0.039180
v -0.162687 0.106802 -0.028746
v -0.162687 0.092549 -0.024927
v -0.162687 0.064042 -0.053433
v -0.162687 0.067861 -0.067686
v -0.162687 0.117236 -0.067686
v -0.156285 0.092549 -0.071851
v -0.156285 0.101758 -0.069384
v -0.156285 0.083340 -0.069384
v -0.156285 0.110967 -0.053433
v -0.156285 0.108499 -0.044224
v -0.156285 0.083340 -0.037482
v -0.156285 0.076598 -0.044224
v -0.156285 0.101758 -0.037482
v -0.156285 0.092549 -0.035015
v -0.156285 0.074131 -0.053433
v -0.156285 0.076598 -0.062642
v -0.156285 0.108499 -0.062642
v -0.204278 0.123935 0.071554
v -0.204278 0.123935 0.035312
v -0.204278 0.092549 0.017191
v -0.204278 0.061162 0.035312
v -0.204278 0.061162 0.071554
v -0.204278 0.092549 0.089675
v -0.166633 0.123935 0.053433
v -0.170386 0.123935 0.071554
v -0.170386 0.123935 0.035312
v -0.166633 0.108242 0.026251
v -0.170386 0.123935 0.035312
v -0.170386 0.092549 0.017191
v -0.170386 0.092549 0.017191
v -0.166633 0.076855 0.026251
v -0.170386 0.061162 0.035312
v -0.166633 0.061162 0.053433
v -0.170386 0.061162 0.071554
v -0.162687 0.108499 0.044224
v -0.162687 0.110967 0.053433
v -0.162687 0.101758 0.037482
v -0.162687 0.083340 0.069384
v -0.162687 0.101758 0.069384
v -0.162687 0.092549 0.071851
v -0.162687 0.074131 0.053433
v -0.162687 0.083340 0.037482
v -0.162687 0.076598 0.044224
v -0.162687 0.076598 0.062642
v -0.162687 0.092549 0.035015
v -0.162687 0.108499 0.062642
v -0.166633 0.076855 0.080615
v -0.170386 0.061162 0.071554
v -0.170386 0.092549 0.089675
v -0.170386 0.092549 0.089675
v -0.166633 0.108242 0.080615
v -0.162687 0.117236 0.039180
v -0.162687 0.121055 0.053433
v -0.162687 0.106802 0.028746
v -0.162687 0.106802 0.078120
v -0.162687 0.092549 0.081940
v -0.162687 0.064042 0.053433
v -0.162687 0.067861 0.039180
v -0.162687 0.078295 0.078120
v -0.162687 0.067861 0.067686
v -0.162687 0.078295 0.028746
v -0.162687 0.092549 0.024927
v -0.162687 0.117236 0.067686
v -0.156285 0.108499 0.044224
v -0.156285 0.110967 0.053433
v -0.156285 0.101758 0.037482
v -0.156285 0.101758 0.069384
v -0.156285 0.092549 0.071851
v -0.156285 0.074131 0.053433
v -0.156285 0.076598 0.044224
v -0.156285 0.083340 0.069384
v -0.156285 0.076598 0.062642
v -0.156285 0.083340 0.037482
v -0.156285 0.092549 0.035015
v -0.156285 0.108499 0.062642
v -0.204278 -0.000000 0.143108
v -0.204278 0.031386 0.124987
v -0.204278 0.031387 0.088745
v -0.204278 -0.000000 0.070624
v -0.204278 -0.031387 0.088745
v -0.204278 -0.031387 0.124987
v -0.166633 0.015693 0.134048
v -0.170386 -0.000000 0.143108
v -0.170386 0.031386 0.124987
v -0.166633 0.031387 0.106866
v -0.170386 0.031386 0.124987
v -0.170386 0.031387 0.088745
v -0.170386 0.031387 0.088745
v -0.166633 0.015693 0.079684
v -0.170386 -0.000000 0.070624
v -0.166633 -0.015693 0.079684
v -0.170386 -0.031387 0.088745
v -0.162687 0.015951 0.116075
v -0.162687 0.009209 0.122817
v -0.162687 0.018418 0.106866
v -0.162687 -0.018418 0.106866
v -0.162687 -0.009209 0.122817
v -0.162687 -0.015951 0.116075
v -0.162687 -0.009209 0.090915
v -0.162687 0.009209 0.090915
v -0.162687 -0.000000 0.088448
v -0.162687 -0.015951 0.097657
v -0.162687 0.015951 0.097657
v -0.162687 -0.000000 0.125284
v -0.166633 -0.031387 0.106866
v -0.170386 -0.031387 0.088745
v -0.170386 -0.031387 0.124987
v -0.170386 -0.031387 0.124987
v -0.166633 -0.015693 0.134048
v -0.162687 0.024687 0.121119
v -0.162687 0.014253 0.131553
v -0.162687 0.028506 0.106866
v -0.162687 -0.014253 0.131553
v -0.162687 -0.024687 0.121119
v -0.162687 -0.014253 0.082179
v -0.162687 -0.000000 0.078360
v -0.162687 -0.028507 0.106866
v -0.162687 -0.024687 0.092613
v -0.162687 0.014253 0.082179
v -0.162687 0.024687 0.092613
v -0.162687 -0.000000 0.135373
v -0.156285 0.015951 0.116075
v -0.156285 0.009209 0.122817
v -0.156285 0.018418 0.106866
v -0.156285 -0.009209 0.122817
v -0.156285 -0.015951 0.116075
v -0.156285 -0.009209 0.090915
v -0.156285 -0.000000 0.088448
v -0.156285 -0.018418 0.106866
v -0.156285 -0.015951 0.097657
v -0.156285 0.009209 0.090915
v -0.156285 0.015951 0.097657
v -0.156285 -0.000000 0.125284
v -0.204278 -0.123935 0.071554
v -0.204278 -0.092549 0.089675
v -0.204278 -0.061162 0.071554
v -0.204278 -0.061162 0.035312
v -0.204278 -0.092549 0.017191
v -0.204278 -0.123935 0.035312
v -0.166633 -0.108242 0.080615
v -0.170386 -0.123935 0.071554
v -0.170386 -0.092549 0.089675
v -0.166633 -0.076855 0.080615
v -0.170386 -0.092549 0.089675
v -0.170386 -0.061162 0.071554
v -0.170386 -0.061162 0.071554
v -0.166633 -0.061162 0.053433
v -0.170386 -0.061162 0.035312
v -0.166633 -0.076855 0.026251
v -0.170386 -0.092549 0.017191
v -0.162687 -0.092549 0.071851
v -0.162687 -0.101758 0.069384
v -0.162687 -0.083340 0.069384
v -0.162687 -0.101758 0.037482
v -0.162687 -0.110967 0.053433
v -0.162687 -0.108499 0.044224
v -0.162687 -0.083340 0.037482
v -0.162687 -0.074131 0.053433
v -0.162687 -0.076598 0.044224
v -0.162687 -0.092549 0.035015
v -0.162687 -0.076598 0.062642
v -0.162687 -0.108499 0.062642
v -0.166633 -0.108242 0.026251
v -0.170386 -0.092549 0.017191
v -0.170386 -0.123935 0.035312
v -0.170386 -0.123935 0.035312
v -0.166633 -0.123935 0.053433
v -0.162687 -0.092549 0.081939
v -0.162687 -0.106802 0.078120
v -0.162687 -0.078295 0.078120
v -0.162687 -0.121055 0.053433
v -0.162687 -0.117236 0.039180
v -0.162687 -0.078295 0.028746
v -0.162687 -0.067861 0.039180
v -0.162687 -0.106802 0.028746
v -0.162687 -0.092549 0.024926
v -0.162687 -0.064042 0.053433
v -0.162687 -0.067861 0.067686
v -0.162687 -0.117236 0.067686
v -0.156285 -0.092549 0.071851
v -0.156285 -0.101758 0.069384
v -0.156285 -0.083340 0.069384
v -0.156285 -0.110967 0.053433
v -0.156285 -0.108499 0.044224
v -0.156285 -0.083340 0.037482
v -0.156285 -0.076598 0.044224
v -0.156285 -0.101758 0.037482
v -0.156285 -0.092549 0.035015
v -0.156285 -0.074131 0.053433
v -0.156285 -0.076598 0.062642
v -0.156285 -0.108499 0.062642
v -0.204278 -0.123935 -0.071554
v -0.204278 -0.123935 -0.035312
v -0.204278 -0.092549 -0.017191
v -0.204278 -0.061162 -0.035312
v -0.204278 -0.061162 -0.071554
v -0.204278 -0.092549 -0.089675
v -0.166633 -0.123935 -0.053433
v -0.170386 -0.123935 -0.071554
v -0.170386 -0.123935 -0.035312
v -0.166633 -0.108242 -0.026251
v -0.170386 -0.123935 -0.035312
v -0.170386 -0.092549 -0.017191
v -0.170386 -0.092549 -0.017191
v -0.166633 -0.076855 -0.026251
v -0.170386 -0.061162 -0.035312
v -0.166633 -0.061162 -0.053433
v -0.170386 -0.061162 -0.071554
v -0.162687 -0.108499 -0.044224
v -0.162687 -0.110967 -0.053433
v -0.162687 -0.101758 -0.037482
v -0.162687 -0.083340 -0.069384
v -0.162687 -0.101758 -0.069384
v -0.162687 -0.092549 -0.071851
v -0.162687 -0.074131 -0.053433
v -0.162687 -0.083340 -0.037482
v -0.162687 -0.076598 -0.044224
v -0.162687 -0.076598 -0.062642
v -0.162687 -0.092549 -0.035015
v -0.162687 -0.108499 -0.062642
v -0.166633 -0.076855 -0.080615
v -0.170386 -0.061162 -0.071554
v -0.170386 -0.092549 -0.089675
v -0.170386 -0.092549 -0.089675
v -0.166633 -0.108242 -0.080615
v -0.162687 -0.117236 -0.039180
v -0.162687 -0.121055 -0.053433
v -0.162687 -0.106802 -0.028746
v -0.162687 -0.106802 -0.078120
v -0.162687 -0.092549 -0.081940
v -0.162687 -0.064042 -0.053433
v -0.162687 -0.067861 -0.039180
v -0.162687 -0.078295 -0.078120
v -0.162687 -0.067861 -0.067686
v -0.162687 -0.078295 -0.028746
v -0.162687 -0.092549 -0.024927
v -0.162687 -0.117236 -0.067686
v -0.156285 -0.108499 -0.044224
v -0.156285 -0.110967 -0.053433
v -0.156285 -0.101758 -0.037482
v -0.156285 -0.101758 -0.069384
v -0.156285 -0.092549 -0.071851
v -0.156285 -0.074131 -0.053433
v -0.156285 -0.076598 -0.044224
v -0.156285 -0.083340 -0.069384
v -0.156285 -0.076598 -0.062642
v -0.156285 -0.083340 -0.037482
v -0.156285 -0.092549 -0.035015
v -0.156285 -0.108499 -0.062642
v 0.101000 -0.171611 0.036242
v 0.069613 -0.171611 0.018121
v 0.069613 -0.171611 -0.018121
v 0.101000 -0.171611 -0.036242
v 0.132386 -0.171611 -0.018121
v 0.132386 -0.171611 0.018121
v 0.085307 -0.133966 0.027182
v 0.101000 -0.137719 0.036242
v 0.069613 -0.137719 0.018121
v 0.069613 -0.133966 -0.000000
v 0.069613 -0.137719 0.018121
v 0.069613 -0.137719 -0.018121
v 0.069613 -0.137719 -0.018121
v 0.085307 -0.133966 -0.027182
v 0.101000 -0.137719 -0.036242
v 0.116693 -0.133966 -0.027182
v 0.132386 -0.137719 -0.018121
v 0.085049 -0.130020 0.009209
v 0.091791 -0.130020 0.015951
v 0.082582 -0.130020 -0.000000
v 0.119418 -0.130020 -0.000000
v 0.110209 -0.130020 0.015951
v 0.116951 -0.130020 0.009209
v 0.110209 -0.130020 -0.015951
v 0.091791 -0.130020 -0.015951
v 0.101000 -0.130020 -0.018418
v 0.116951 -0.130020 -0.009209
v 0.085049 -0.130020 -0.009209
v 0.101000 -0.130020 0.018418
v 0.132386 -0.133966 -0.000000
v 0.132386 -0.137719 -0.018121
v 0.132386 -0.137719 0.018121
v 0.132386 -0.137719 0.018121
v 0.116693 -0.133966 0.027182
v 0.076313 -0.130020 0.014253
v 0.086747 -0.130020 0.024687
v 0.072493 -0.130020 0.000000
v 0.115253 -0.130020 0.024687
v 0.125687 -0.130020 0.014253
v 0.115253 -0.130020 -0.024687
v 0.101000 -0.130020 -0.028507
v 0.129506 -0.130020 -0.000000
v 0.125687 -0.130020 -0.014253
v 0.086747 -0.130020 -0.024687
v 0.076313 -0.130020 -0.014253
v 0.101000 -0.130020 0.028506
v 0.085049 -0.123618 0.009209
v 0.091791 -0.123618 0.015951
v 0.082582 -0.123618 -0.000000
v 0.110209 -0.123618 0.015951
v 0.116951 -0.123618 0.009209
v 0.110209 -0.123618 -0.015951
v 0.101000 -0.123618 -0.018418
v 0.119418 -0.123618 -0.000000
v 0.116951 -0.123618 -0.009209
v 0.091791 -0.123618 -0.015951
v 0.085049 -0.123618 -0.009209
v 0.101000 -0.123618 0.018418
v 0.004693 -0.171611 -0.136937
v 0.033469 -0.171611 -0.114904
v 0.028776 -0.171611 -0.078967
v -0.004693 -0.171611 -0.065063
v -0.033469 -0.171611 -0.087096
v -0.028776 -0.171611 -0.123033
v 0.019081 -0.133966 -0.125920
v 0.004693 -0.137719 -0.136937
v 0.033469 -0.137719 -0.114904
v 0.031122 -0.133966 -0.096936
v 0.033469 -0.137719 -0.114904
v 0.028776 -0.137719 -0.078967
v 0.028776 -0.137719 -0.078967
v 0.012041 -0.133966 -0.072015
v -0.004693 -0.137719 -0.065063
v -0.019081 -0.133966 -0.076079
v -0.033469 -0.137719 -0.087096
v 0.017009 -0.130020 -0.108066
v 0.011197 -0.130020 -0.115624
v 0.018263 -0.130020 -0.098615
v -0.018263 -0.130020 -0.103385
v -0.007066 -0.130020 -0.118009
v -0.014624 -0.130020 -0.112197
v -0.011197 -0.130020 -0.086376
v 0.007066 -0.130020 -0.083991
v -0.002385 -0.130020 -0.082737
v -0.017009 -0.130020 -0.093934
v 0.014624 -0.130020 -0.089803
v 0.002385 -0.130020 -0.119263
v -0.031122 -0.133966 -0.105064
v -0.033469 -0.137719 -0.087096
v -0.028776 -0.137719 -0.123033
v -0.028776 -0.137719 -0.123033
v -0.012041 -0.133966 -0.129985
v 0.026325 -0.130020 -0.111936
v 0.017330 -0.130020 -0.123634
v 0.028266 -0.130020 -0.097309
v -0.010936 -0.130020 -0.127325
v -0.022634 -0.130020 -0.118330
v -0.017330 -0.130020 -0.078366
v -0.003691 -0.130020 -0.072733
v -0.028266 -0.130020 -0.104691
v -0.026325 -0.130020 -0.090063
v 0.010936 -0.130020 -0.074675
v 0.022634 -0.130020 -0.083670
v 0.003691 -0.130020 -0.129266
v 0.017009 -0.123618 -0.108066
v 0.011197 -0.123618 -0.115624
v 0.018263 -0.123618 -0.098615
v -0.007066 -0.123618 -0.118009
v -0.014624 -0.123618 -0.112197
v -0.011197 -0.123618 -0.086376
v -0.002385 -0.123618 -0.082737
v -0.018263 -0.123618 -0.103385
v -0.017009 -0.123618 -0.093934
v 0.007066 -0.123618 -0.083991
v 0.014624 -0.123618 -0.089803
v 0.002385 -0.123618 -0.119263
v -0.104566 -0.171611 -0.036066
v -0.071548 -0.171611 -0.021121
v -0.067983 -0.171611 0.014945
v -0.097434 -0.171611 0.036066
v -0.130451 -0.171611 0.021121
v -0.134017 -0.171611 -0.014945
v -0.088057 -0.133966 -0.028594
v -0.104566 -0.137719 -0.036066
v -0.071549 -0.137719 -0.021121
v -0.069766 -0.133966 -0.003088
v -0.071549 -0.137719 -0.021121
v -0.067983 -0.137719 0.014945
v -0.067983 -0.137719 0.014945
v -0.082708 -0.133966 0.025506
v -0.097434 -0.137719 0.036066
v -0.113943 -0.133966 0.028594
v -0.130451 -0.137719 0.021121
v -0.086033 -0.130020 -0.010734
v -0.093405 -0.130020 -0.016779
v -0.082671 -0.130020 -0.001812
v -0.119329 -0.130020 0.001812
v -0.111734 -0.130020 -0.014967
v -0.117779 -0.130020 -0.007595
v -0.108595 -0.130020 0.016779
v -0.090266 -0.130020 0.014967
v -0.099188 -0.130020 0.018329
v -0.115967 -0.130020 0.010734
v -0.084221 -0.130020 0.007595
v -0.102812 -0.130020 -0.018329
v -0.132234 -0.133966 0.003088
v -0.130451 -0.137719 0.021121
v -0.134017 -0.137719 -0.014945
v -0.134017 -0.137719 -0.014945
v -0.119291 -0.133966 -0.025506
v -0.077835 -0.130020 -0.016613
v -0.089245 -0.130020 -0.025970
v -0.072632 -0.130020 -0.002805
v -0.117613 -0.130020 -0.023165
v -0.126970 -0.130020 -0.011755
v -0.112755 -0.130020 0.025970
v -0.098195 -0.130020 0.028368
v -0.129368 -0.130020 0.002805
v -0.124165 -0.130020 0.016613
v -0.084387 -0.130020 0.023165
v -0.075030 -0.130020 0.011755
v -0.103805 -0.130020 -0.028368
v -0.086033 -0.123618 -0.010734
v -0.093405 -0.123618 -0.016779
v -0.082671 -0.123618 -0.001812
v -0.111734 -0.123618 -0.014967
v -0.117779 -0.123618 -0.007595
v -0.108595 -0.123618 0.016779
v -0.099188 -0.123618 0.018329
v -0.119329 -0.123618 0.001812
v -0.115967 -0.123618 0.010734
v -0.090266 -0.123618 0.014967
v -0.084221 -0.123618 0.007595
v -0.102812 -0.123618 -0.018329
v -0.035769 -0.171611 0.095161
v -0.012828 -0.171611 0.067104
v 0.022941 -0.171611 0.072943
v 0.035769 -0.171611 0.106839
v 0.012828 -0.171611 0.134896
v -0.022941 -0.171611 0.129057
v -0.024298 -0.133966 0.081132
v -0.035769 -0.137719 0.095161
v -0.012828 -0.137719 0.067104
v 0.005057 -0.133966 0.070023
v -0.012828 -0.137719 0.067104
v 0.022941 -0.137719 0.072943
v 0.022941 -0.137719 0.072943
v 0.029355 -0.133966 0.089891
v 0.035769 -0.137719 0.106839
v 0.024298 -0.133966 0.120867
v 0.012828 -0.137719 0.134896
v -0.006519 -0.130020 0.083774
v -0.014259 -0.130020 0.089341
v 0.002967 -0.130020 0.082822
v -0.002967 -0.130020 0.119177
v -0.017226 -0.130020 0.107519
v -0.011659 -0.130020 0.115258
v 0.014259 -0.130020 0.112658
v 0.017226 -0.130020 0.094481
v 0.018178 -0.130020 0.103967
v 0.006519 -0.130020 0.118226
v 0.011659 -0.130020 0.086741
v -0.018178 -0.130020 0.098033
v -0.005057 -0.133966 0.131976
v 0.012828 -0.137719 0.134896
v -0.022941 -0.137719 0.129057
v -0.022941 -0.137719 0.129057
v -0.029355 -0.133966 0.112109
v -0.010090 -0.130020 0.074339
v -0.022068 -0.130020 0.082955
v 0.004593 -0.130020 0.072866
v -0.026661 -0.130020 0.111090
v -0.018044 -0.130020 0.123068
v 0.022069 -0.130020 0.119044
v 0.028134 -0.130020 0.105593
v -0.004593 -0.130020 0.129134
v 0.010090 -0.130020 0.127661
v 0.026661 -0.130020 0.090910
v 0.018044 -0.130020 0.078931
v -0.028134 -0.130020 0.096407
v -0.006519 -0.123618 0.083774
v -0.014259 -0.123618 0.089341
v 0.002967 -0.123618 0.082822
v -0.017226 -0.123618 0.107519
v -0.011659 -0.123618 0.115258
v 0.014259 -0.123618 0.112658
v 0.018178 -0.123618 0.103967
v -0.002967 -0.123618 0.119177
v 0.006519 -0.123618 0.118226
v 0.017226 -0.123618 0.094481
v 0.011659 -0.123618 0.086741
v -0.018178 -0.123618 0.098033
v 0.226133 -0.000000 0.051235
v 0.226133 0.044371 0.025617
v 0.226133 0.044371 -0.025617
v 0.226133 0.000000 -0.051235
v 0.226133 -0.044371 -0.025617
v 0.226133 -0.044371 0.025617
v 0.263778 0.022185 0.038426
v 0.260025 -0.000000 0.051235
v 0.260025 0.044371 0.025617
v 0.263778 0.044371 -0.000000
v 0.260025 0.044371 0.025617
v 0.260025 0.044371 -0.025617
v 0.260025 0.044371 -0.025617
v 0.263778 0.022185 -0.038426
v 0.260025 0.000000 -0.051235
v 0.263778 -0.022185 -0.038426
v 0.260025 -0.044371 -0.025617
v 0.267724 0.022549 0.013019
v 0.267724 0.013019 0.022549
v 0.267724 0.026037 -0.000000
v 0.267724 -0.026037 -0.000000
v 0.267724 -0.013019 0.022549
v 0.267724 -0.022549 0.013019
v 0.267724 -0.013019 -0.022549
v 0.267724 0.013019 -0.022549
v 0.267724 0.000000 -0.026037
v 0.267724 -0.022549 -0.013019
v 0.267724 0.022549 -0.013019
v 0.267724 0.000000 0.026037
v 0.263778 -0.044371 -0.000000
v 0.260025 -0.044371 -0.025617
v 0.260025 -0.044371 0.025617
v 0.260025 -0.044371 0.025617
v 0.263778 -0.022185 0.038426
v 0.267724 0.034900 0.020150
v 0.267724 0.020150 0.034900
v 0.267724 0.040299 0.000000
v 0.267724 -0.020150 0.034900
v 0.267724 -0.034900 0.020150
v 0.267724 -0.020150 -0.034900
v 0.267724 0.000000 -0.040299
v 0.267724 -0.040299 -0.000000
v 0.267724 -0.034900 -0.020150
v 0.267724 0.020150 -0.034900
v 0.267724 0.034900 -0.020150
v 0.267724 -0.000000 0.040299
v 0.363349 0.022549 0.013019
v 0.363349 0.013019 0.022549
v 0.363349 0.026038 -0.000000
v 0.363349 -0.013019 0.022549
v 0.363349 -0.022549 0.013019
v 0.363349 -0.013019 -0.022549
v 0.363349 0.000000 -0.026037
v 0.363349 -0.026037 -0.000000
v 0.363349 -0.022549 -0.013019
v 0.363349 0.013019 -0.022549
v 0.363349 0.022549 -0.013019
v 0.363349 0.000000 0.026037
v 0.363349 0.030915 0.017849
v 0.363349 0.017849 0.030915
v 0.363349 0.035698 -0.000000
v 0.363349 -0.017849 0.030915
v 0.363349 -0.030915 0.017849
v 0.363349 -0.017849 -0.030915
v 0.363349 0.000000 -0.035698
v 0.363349 -0.035698 -0.000000
v 0.363349 -0.030915 -0.017849
v 0.363349 0.017849 -0.030915
v 0.363349 0.030915 -0.017849
v 0.363349 0.000000 0.035698
v 0.393333 0.021178 0.012227
v 0.393333 0.012227 0.021178
v 0.393333 0.024454 -0.000000
v 0.393333 -0.012227 0.021178
v 0.393333 -0.021178 0.012227
v 0.393333 -0.012227 -0.021178
v 0.393333 0.000000 -0.024454
v 0.393333 -0.024454 -0.000000
v 0.393333 -0.021178 -0.012227
v 0.393333 0.012227 -0.021178
v 0.393333 0.021178 -0.012227
v 0.393333 0.000000 0.024454
v 0.393333 0.030915 0.017849
v 0.393333 0.017849 0.030915
v 0.393333 0.035698 -0.000000
v 0.393333 -0.017849 0.030915
v 0.393333 -0.030915 0.017849
v 0.393333 -0.017849 -0.030915
v 0.393333 0.000000 -0.035698
v 0.393333 -0.035698 -0.000000
v 0.393333 -0.030915 -0.017849
v 0.393333 0.017849 -0.030915
v 0.393333 0.030915 -0.017849
v 0.393333 0.000000 0.035698
v 0.415103 0.021178 0.012227
v 0.415103 0.012227 0.021178
v 0.415103 0.024454 -0.000000
v 0.415103 -0.012227 0.021178
v 0.415103 -0.021178 0.012227
v 0.415103 -0.012227 -0.021178
v 0.415103 0.000000 -0.024454
v 0.415103 -0.024454 -0.000000
v 0.415103 -0.021178 -0.012227
v 0.415103 0.012227 -0.021178
v 0.415103 0.021178 -0.012227
v 0.415103 0.000000 0.024454
v 0.391363 0.000000 -0.125611
v 0.391363 0.000000 0.125611
v 0.384043 -0.012679 -0.125611
v 0.384043 -0.012679 0.125611
v 0.369402 -0.012679 -0.125611
v 0.369402 -0.012679 0.125611
v 0.362082 0.000000 -0.125611
v 0.362082 0.000000 0.125611
v 0.369402 0.012679 -0.125611
v 0.369402 0.012679 0.125611
v 0.384043 0.012679 -0.125611
v 0.384043 0.012679 0.125611
vn 0.0020 0.2541 -0.9672
vn 0.0001 0.2582 -0.9661
vn 0.0001 0.4996 -0.8663
vn 0.0004 0.4987 -0.8668
vn -0.0000 0.7071 -0.7071
vn 0.0098 0.0116 0.9999
vn 0.0011 0.0005 1.0000
vn -0.0001 0.2582 0.9661
vn -0.0020 0.2541 0.9672
vn -0.0000 0.8660 -0.5000
vn -0.0000 0.9659 -0.2588
vn -0.0000 1.0000 -0.0000
vn -0.0000 0.9659 0.2588
vn -0.0000 0.8660 0.5000
vn -0.0000 0.7071 0.7071
vn 0.0001 0.4996 0.8663
vn 0.0004 0.4987 0.8668
vn 0.0001 0.2582 0.9661
vn 0.0020 0.2541 0.9672
vn -0.0011 0.0005 1.0000
vn -0.0098 0.0116 0.9999
vn -0.1533 -0.9469 0.2827
vn -0.1371 -0.8320 0.5376
vn -0.0136 -0.8655 0.5007
vn -0.0154 -0.9657 0.2593
vn -0.1587 -0.9873 -0.0000
vn -0.0160 -0.9999 -0.0000
vn -0.1533 -0.9469 -0.2827
vn -0.0154 -0.9657 -0.2593
vn -0.1371 -0.8320 -0.5376
vn -0.0136 -0.8655 -0.5007
vn -0.1117 -0.6593 -0.7436
vn -0.0109 -0.7062 -0.7079
vn -0.0791 -0.4490 -0.8900
vn -0.0076 -0.4988 -0.8667
vn -0.0421 -0.2204 0.9745
vn -0.0040 -0.2576 0.9662
vn -0.0791 -0.4490 0.8900
vn -0.0076 -0.4988 0.8667
vn -0.0421 -0.2204 -0.9745
vn -0.0040 -0.2576 -0.9662
vn -0.0098 0.0116 -0.9999
vn -0.0011 0.0005 -1.0000
vn -0.1117 -0.6593 0.7436
vn -0.0109 -0.7062 0.7079
vn -0.0001 0.4996 0.8663
vn -0.0004 0.4987 0.8668
vn -0.0001 0.4996 -0.8663
vn -0.0004 0.4987 -0.8668
vn -0.0001 0.2582 -0.9661
vn -0.0020 0.2541 -0.9672
vn 0.0011 0.0005 -1.0000
vn 0.0098 0.0116 -0.9999
vn 0.1533 -0.9469 -0.2827
vn 0.1371 -0.8320 -0.5376
vn 0.0136 -0.8655 -0.5007
vn 0.0154 -0.9657 -0.2593
vn 0.1587 -0.9873 -0.0000
vn 0.0160 -0.9999 -0.0000
vn 0.1533 -0.9469 0.2827
vn 0.0154 -0.9657 0.2593
vn 0.1371 -0.8320 0.5376
vn 0.0136 -0.8655 0.5007
vn 0.1117 -0.6593 0.7436
vn 0.0109 -0.7062 0.7079
vn 0.0791 -0.4490 0.8900
vn 0.0076 -0.4988 0.8667
vn 0.0421 -0.2204 -0.9745
vn 0.0040 -0.2576 -0.9662
vn 0.0791 -0.4490 -0.8900
vn 0.0076 -0.4988 -0.8667
vn 0.0421 -0.2204 0.9745
vn 0.0040 -0.2576 0.9662
vn 0.1117 -0.6593 -0.7436
vn 0.0109 -0.7062 -0.7079
vn 0.6296 -0.7161 0.3012
vn 0.5544 -0.6079 0.5685
vn 0.8280 -0.2020 0.5230
vn 0.9252 -0.2612 0.2753
vn 0.6499 -0.7600 -0.0000
vn 0.9575 -0.2886 -0.0000
vn -0.6296 -0.7161 0.3012
vn -0.6499 -0.7600 -0.0000
vn -0.9575 -0.2886 -0.0000
vn -0.9252 -0.2612 0.2753
vn -0.5544 -0.6079 0.5685
vn -0.8280 -0.2020 0.5230
vn 0.4187 -0.4815 -0.7700
vn 0.5544 -0.6079 -0.5685
vn 0.8280 -0.2020 -0.5230
vn 0.6712 -0.1451 -0.7269
vn 0.2429 -0.3693 -0.8970
vn 0.4674 -0.1042 -0.8779
vn 0.4187 -0.4815 0.7700
vn 0.2429 -0.3693 0.8970
vn 0.4674 -0.1042 0.8779
vn 0.6712 -0.1451 0.7269
vn -0.6296 -0.7161 -0.3012
vn -0.5544 -0.6079 -0.5685
vn -0.8280 -0.2020 -0.5230
vn -0.9252 -0.2612 -0.2753
vn -0.0671 -0.2859 0.9559
vn -0.2429 -0.3693 0.8970
vn -0.4674 -0.1042 0.8779
vn -0.2362 -0.0791 0.9685
vn -0.0000 -0.2564 0.9666
vn -0.0000 -0.0705 0.9975
vn -0.4187 -0.4815 0.7700
vn -0.6712 -0.1451 0.7269
vn 0.0671 -0.2859 -0.9559
vn 0.2362 -0.0791 -0.9685
vn -0.0000 -0.2564 -0.9666
vn -0.0000 -0.0705 -0.9975
vn 0.6296 -0.7161 -0.3012
vn 0.9252 -0.2612 -0.2753
vn -0.4187 -0.4815 -0.7700
vn -0.2429 -0.3693 -0.8970
vn -0.4674 -0.1042 -0.8779
vn -0.6712 -0.1451 -0.7269
vn -0.0671 -0.2859 -0.9559
vn -0.2362 -0.0791 -0.9685
vn 0.0671 -0.2859 0.9559
vn 0.2362 -0.0791 0.9685
vn 0.2868 -0.7739 -0.5646
vn 0.2031 -0.6170 -0.7603
vn 0.1038 -0.4457 -0.8892
vn -0.0000 -0.0791 0.9969
vn 0.0145 -0.2717 0.9623
vn 0.1038 -0.4457 0.8892
vn 0.0145 -0.2717 -0.9623
vn -0.0000 -0.0791 -0.9969
vn 0.2031 -0.6170 0.7603
vn 0.2868 -0.7739 0.5646
vn 0.3426 -0.8892 0.3033
vn 0.3621 -0.9322 -0.0000
vn 0.3426 -0.8892 -0.3033
vn -0.0000 0.4979 -0.8672
vn -0.0000 0.2490 -0.9685
vn -0.0000 0.4979 0.8672
vn -0.0000 0.2490 0.9685
vn -0.2868 -0.7739 0.5646
vn -0.2031 -0.6170 0.7603
vn -0.1038 -0.4457 0.8892
vn -0.0145 -0.2717 -0.9623
vn -0.1038 -0.4457 -0.8892
vn -0.0145 -0.2717 0.9623
vn -0.2031 -0.6170 -0.7603
vn -0.2868 -0.7739 -0.5646
vn -0.3426 -0.8892 -0.3033
vn -0.3621 -0.9322 -0.0000
vn -0.3426 -0.8892 0.3033
vn 0.5000 -0.0000 -0.8660
vn 0.2588 -0.0000 -0.9659
vn -0.7071 -0.0000 -0.7071
vn -0.8660 -0.0000 -0.5000
vn 0.7071 -0.0000 -0.7071
vn 0.9659 -0.0000 -0.2588
vn 0.8660 -0.0000 -0.5000
vn 1.0000 -0.0000 -0.0000
vn -0.0000 -0.0000 -1.0000
vn -0.2588 -0.0000 -0.9659
vn 0.5000 -0.0000 0.8660
vn 0.7071 -0.0000 0.7071
vn -0.0000 -0.0000 1.0000
vn 0.2588 -0.0000 0.9659
vn -0.5000 -0.0000 -0.8660
vn 0.8660 -0.0000 0.5000
vn -0.9659 -0.0000 -0.2588
vn -0.2588 -0.0000 0.9659
vn 0.9659 -0.0000 0.2588
vn -1.0000 -0.0000 -0.0000
vn -0.7071 -0.0000 0.7071
vn -0.5000 -0.0000 0.8660
vn -0.9659 -0.0000 0.2588
vn -0.8660 -0.0000 0.5000
vn -0.0000 -1.0000 -0.0000
vn -0.7293 0.6842 -0.0000
vn -0.7292 0.6610 -0.1771
vn -0.7293 -0.0000 0.6842
vn -0.7292 0.1771 0.6610
vn -0.7292 0.4839 0.4839
vn -0.7293 0.5926 0.3421
vn -0.7293 -0.6842 -0.0000
vn -0.7292 -0.6610 0.1771
vn -0.7293 0.3421 0.5926
vn -0.7292 -0.6610 -0.1771
vn -0.7292 0.6610 0.1771
vn -0.7292 0.4839 -0.4839
vn -0.7293 0.3421 -0.5926
vn -0.7293 -0.5926 -0.3421
vn -0.7292 -0.1771 0.6610
vn -0.7293 0.5926 -0.3421
vn -0.7292 -0.4839 -0.4839
vn -0.7293 -0.3421 0.5926
vn -0.7293 -0.3421 -0.5926
vn -0.7292 0.1771 -0.6610
vn -0.7293 -0.0000 -0.6842
vn -0.7292 -0.4839 0.4839
vn -0.7292 -0.1771 -0.6610
vn -0.7293 -0.5926 0.3421
vn -0.0000 0.5000 -0.8660
vn -0.0000 -0.9659 0.2588
vn -0.0000 0.2588 0.9659
vn -0.0000 0.5000 0.8660
vn -0.0000 -0.9659 -0.2588
vn -0.0000 -0.8660 -0.5000
vn -0.0000 -0.2588 0.9659
vn -0.0000 -0.7071 -0.7071
vn -0.0000 -0.5000 0.8660
vn -0.0000 -0.5000 -0.8660
vn -0.0000 -0.7071 0.7071
vn -0.0000 -0.2588 -0.9659
vn -0.0000 0.2588 -0.9659
vn -0.0000 -0.8660 0.5000
vn -0.9795 -0.1008 -0.1746
vn -0.9795 -0.1426 -0.1426
vn -0.9795 -0.1426 0.1426
vn -0.9795 -0.1008 0.1746
vn -0.9795 0.1746 0.1008
vn -0.9795 0.1947 0.0522
vn -0.9795 -0.0522 -0.1947
vn -0.9795 0.0522 -0.1947
vn -0.9795 -0.0000 -0.2016
vn -0.9795 -0.1746 0.1008
vn -0.9795 0.1426 0.1426
vn -0.9795 0.1008 -0.1746
vn -0.9795 -0.1947 0.0522
vn -0.9795 0.1008 0.1746
vn -0.9795 0.1426 -0.1426
vn -0.9795 -0.2016 -0.0000
vn -0.9795 0.0522 0.1947
vn -0.9795 0.1746 -0.1008
vn -0.9795 -0.1947 -0.0522
vn -0.9795 -0.0000 0.2016
vn -0.9795 0.1947 -0.0522
vn -0.9795 -0.1746 -0.1008
vn -0.9795 -0.0522 0.1947
vn -0.9795 0.2016 -0.0000
vn 0.6786 0.3672 -0.6361
vn 0.6785 0.5194 -0.5194
vn 0.6786 -0.6361 0.3672
vn 0.6785 -0.7095 0.1901
vn 0.6785 0.1901 0.7095
vn 0.6786 -0.0000 0.7345
vn 0.6785 0.7095 -0.1901
vn 0.6786 0.7345 -0.0000
vn 0.6785 -0.1901 -0.7095
vn 0.6786 -0.0000 -0.7345
vn 0.6785 -0.5194 0.5194
vn 0.6786 0.3672 0.6361
vn 0.6786 0.6361 -0.3672
vn 0.6786 -0.3672 -0.6361
vn 0.6786 -0.3672 0.6361
vn 0.6785 -0.5194 -0.5194
vn 0.6785 0.7095 0.1901
vn 0.6786 0.6361 0.3672
vn 0.6785 -0.1901 0.7095
vn 0.6786 -0.6361 -0.3672
vn 0.6785 -0.7095 -0.1901
vn 0.6785 0.1901 -0.7095
vn 0.6785 0.5194 0.5194
vn 0.6786 -0.7345 -0.0000
vn 0.3970 -0.9178 -0.0000
vn 0.4869 -0.8126 0.3204
vn 0.3333 -0.8769 0.3463
vn 0.6491 -0.6294 -0.4271
vn 0.5970 -0.0000 0.8022
vn 0.3970 -0.4589 0.7948
vn 0.5909 0.5234 0.6139
vn 0.3970 0.4589 0.7948
vn 0.6674 -0.3723 -0.6449
vn 0.3970 -0.4589 -0.7948
vn 0.5970 -0.0000 -0.8022
vn 0.6760 -0.0000 -0.7369
vn 0.5909 -0.5234 -0.6139
vn 0.6760 -0.6382 -0.3684
vn 0.6674 -0.7447 -0.0000
vn 0.6760 -0.6382 0.3684
vn 0.6674 -0.3723 0.6449
vn 0.6760 -0.0000 0.7369
vn 0.6674 0.3723 0.6449
vn 0.6491 0.6294 0.4271
vn 0.6760 0.6382 0.3684
vn 0.6674 0.7447 -0.0000
vn 0.3970 0.9178 -0.0000
vn 0.6760 0.6382 -0.3684
vn 0.4869 0.8126 -0.3204
vn 0.6674 0.3723 -0.6449
vn 0.3970 0.4589 -0.7948
vn 0.3333 0.8769 -0.3463
vn 0.4629 -0.6624 -0.5891
vn 0.3595 -0.7451 -0.5618
vn 0.6427 0.0051 -0.7661
vn 0.5970 -0.6947 0.4011
vn 0.5992 -0.2649 0.7555
vn 0.5970 0.6947 -0.4011
vn 0.5992 0.2649 -0.7555
vn 0.6427 -0.0051 0.7661
vn 0.4629 0.6624 0.5891
vn 0.3595 0.7451 0.5618
vn 0.4629 0.1790 -0.8682
vn 0.3595 0.1140 -0.9261
vn 0.6427 0.6660 -0.3786
vn 0.5970 -0.6947 -0.4011
vn 0.5992 -0.7868 0.1483
vn 0.5970 0.6947 0.4011
vn 0.5992 0.7868 -0.1483
vn 0.6427 -0.6660 0.3786
vn 0.4629 -0.1790 0.8682
vn 0.3595 -0.1140 0.9261
vn 0.4629 0.8414 -0.2791
vn 0.3595 0.8591 -0.3643
vn 0.6427 0.6609 0.3875
vn 0.5992 -0.5218 -0.6072
vn 0.5992 0.5218 0.6072
vn 0.6427 -0.6609 -0.3875
vn 0.4629 -0.8414 0.2791
vn 0.3595 -0.8591 0.3643
vn -0.9178 0.3970 -0.0000
vn -0.8414 0.4629 -0.2791
vn -0.8591 0.3595 -0.3643
vn -0.6609 0.6427 0.3875
vn -0.0000 0.5970 -0.8022
vn -0.4589 0.3970 -0.7948
vn 0.5218 0.5992 -0.6072
vn 0.4589 0.3970 -0.7948
vn -0.3723 0.6674 0.6449
vn -0.4589 0.3970 0.7948
vn -0.0000 0.5970 0.8022
vn -0.0000 0.6760 0.7369
vn -0.5218 0.5992 0.6072
vn -0.6382 0.6760 0.3684
vn -0.7447 0.6674 -0.0000
vn -0.6382 0.6760 -0.3684
vn -0.3723 0.6674 -0.6449
vn -0.0000 0.6760 -0.7369
vn 0.3723 0.6674 -0.6449
vn 0.6609 0.6427 -0.3875
vn 0.6382 0.6760 -0.3684
vn 0.7447 0.6674 -0.0000
vn 0.9178 0.3970 -0.0000
vn 0.6382 0.6760 0.3684
vn 0.8414 0.4629 0.2791
vn 0.3723 0.6674 0.6449
vn 0.4589 0.3970 0.7948
vn 0.8591 0.3595 0.3643
vn 0.6079 -0.0000 -0.7940
vn 0.9101 0.3970 0.1188
vn 0.7981 0.4629 0.3857
vn 0.8047 0.3595 0.4725
vn 0.7055 0.6427 -0.2986
vn -0.1039 0.5970 0.7955
vn 0.3521 0.3970 0.8476
vn -0.5961 0.5992 0.5345
vn -0.5580 0.3970 0.7287
vn -0.9235 -0.0000 0.3836
vn -0.6079 -0.0000 0.7940
vn -0.9916 -0.0000 -0.1295
vn -0.3836 -0.0000 -0.9235
vn 0.4527 0.6674 -0.5913
vn 0.5580 0.3970 -0.7287
vn 0.1039 0.5970 -0.7955
vn 0.0954 0.6760 -0.7307
vn 0.5961 0.5992 -0.5345
vn 0.6805 0.6760 -0.2827
vn 0.7384 0.6674 0.0964
vn 0.5851 0.6760 0.4480
vn 0.2857 0.6674 0.6877
vn -0.0954 0.6760 0.7307
vn -0.4527 0.6674 0.5913
vn -0.7055 0.6427 0.2986
vn -0.6805 0.6760 0.2827
vn -0.7384 0.6674 -0.0964
vn -0.9101 0.3970 -0.1188
vn -0.5851 0.6760 -0.4480
vn -0.7981 0.4629 -0.3857
vn -0.2857 0.6674 -0.6877
vn -0.3521 0.3970 -0.8476
vn -0.8047 0.3595 -0.4725
vn 0.3836 -0.0000 0.9235
vn 0.9916 -0.0000 0.1295
vn 0.1295 -0.0000 -0.9916
vn -0.1295 -0.0000 0.9916
vn 0.9235 -0.0000 -0.3836
vn 0.7940 -0.0000 0.6079
vn -0.7940 -0.0000 -0.6079
vn 0.4124 -0.0000 -0.9110
vn 0.9134 0.3970 -0.0903
vn 0.8647 0.4629 0.1950
vn 0.8908 0.3595 0.2781
vn 0.6196 0.6427 -0.4506
vn 0.0789 0.5970 0.7983
vn 0.5349 0.3970 0.7458
vn -0.4596 0.5992 0.6556
vn -0.3785 0.3970 0.8361
vn -0.8126 -0.0000 0.5828
vn -0.4124 -0.0000 0.9110
vn -0.9951 -0.0000 0.0984
vn -0.5828 -0.0000 -0.8126
vn 0.3071 0.6674 -0.6784
vn 0.3785 0.3970 -0.8361
vn -0.0789 0.5970 -0.7983
vn -0.0725 0.6760 -0.7333
vn 0.4596 0.5992 -0.6556
vn 0.5988 0.6760 -0.4294
vn 0.7411 0.6674 -0.0733
vn 0.6713 0.6760 0.3039
vn 0.4340 0.6674 0.6051
vn 0.0725 0.6760 0.7333
vn -0.3071 0.6674 0.6784
vn -0.6196 0.6427 0.4506
vn -0.5988 0.6760 0.4294
vn -0.7411 0.6674 0.0733
vn -0.9134 0.3970 0.0903
vn -0.6713 0.6760 -0.3039
vn -0.8647 0.4629 -0.1950
vn -0.4340 0.6674 -0.6051
vn -0.5349 0.3970 -0.7458
vn -0.8908 0.3595 -0.2781
vn 0.5828 -0.0000 0.8126
vn 0.9951 -0.0000 -0.0984
vn -0.0984 -0.0000 -0.9951
vn 0.0984 -0.0000 0.9951
vn 0.8126 -0.0000 -0.5828
vn 0.9110 -0.0000 0.4124
vn -0.9110 -0.0000 -0.4124
vn -0.7742 -0.0000 -0.6330
vn 0.1479 0.3970 -0.9058
vn 0.4110 0.4629 -0.7854
vn 0.4980 0.3595 -0.7892
vn -0.2759 0.6427 -0.7147
vn 0.7917 0.5970 0.1292
vn 0.8584 0.3970 -0.3249
vn 0.5152 0.5992 0.6128
vn 0.7105 0.3970 0.5810
vn 0.3539 -0.0000 0.9353
vn 0.7742 -0.0000 0.6330
vn -0.1611 -0.0000 0.9869
vn -0.9353 -0.0000 0.3539
vn -0.5765 0.6674 -0.4714
vn -0.7105 0.3970 -0.5810
vn -0.7917 0.5970 -0.1292
vn -0.7273 0.6760 -0.1187
vn -0.5152 0.5992 -0.6128
vn -0.2608 0.6760 -0.6892
vn 0.1200 0.6674 -0.7349
vn 0.4664 0.6760 -0.5705
vn 0.6965 0.6674 -0.2636
vn 0.7273 0.6760 0.1187
vn 0.5765 0.6674 0.4714
vn 0.2759 0.6427 0.7147
vn 0.2608 0.6760 0.6892
vn -0.1200 0.6674 0.7349
vn -0.1479 0.3970 0.9058
vn -0.4664 0.6760 0.5705
vn -0.4110 0.4629 0.7854
vn -0.6965 0.6674 0.2636
vn -0.8584 0.3970 0.3249
vn -0.4980 0.3595 0.7892
vn 0.9353 -0.0000 -0.3539
vn 0.1611 -0.0000 -0.9869
vn -0.9869 -0.0000 -0.1611
vn 0.9869 -0.0000 0.1611
vn -0.3539 -0.0000 -0.9353
vn 0.6330 -0.0000 -0.7742
vn -0.6330 -0.0000 0.7742
vn 0.4685 0.8834 -0.0000
vn 0.5612 0.7923 -0.2392
vn 0.4442 0.8404 -0.3105
vn 0.7685 0.5497 0.3276
vn 0.7346 -0.0000 -0.6785
vn 0.4685 0.4417 -0.7651
vn 0.7341 -0.4447 -0.5132
vn 0.4685 -0.4417 -0.7651
vn 0.7850 0.3098 0.5365
vn 0.4685 0.4417 0.7651
vn 0.7346 -0.0000 0.6785
vn 0.7919 -0.0000 0.6106
vn 0.7341 0.4447 0.5132
vn 0.7919 0.5288 0.3053
vn 0.7850 0.6195 -0.0000
vn 0.7919 0.5288 -0.3053
vn 0.7850 0.3098 -0.5365
vn 0.7919 -0.0000 -0.6106
vn 0.7850 -0.3098 -0.5365
vn 0.7685 -0.5497 -0.3276
vn 0.7919 -0.5288 -0.3053
vn 0.7850 -0.6195 -0.0000
vn 0.4685 -0.8834 -0.0000
vn 0.7919 -0.5288 0.3053
vn 0.5612 -0.7923 0.2392
vn 0.7850 -0.3098 0.5365
vn 0.4685 -0.4417 0.7651
vn 0.4442 -0.8404 0.3105
vn 0.5000 -0.8660 -0.0000
vn -0.5000 -0.8660 -0.0000
vn -0.5000 0.8660 -0.0000
vn 0.5000 0.8660 -0.0000
vt 0.773248 0.624482
vt 0.792009 0.624361
vt 0.792146 0.628044
vt 0.773147 0.628278
vt 0.792298 0.631765
vt 0.773146 0.632062
vt 0.756060 0.667201
vt 0.736618 0.666187
vt 0.736866 0.662170
vt 0.757030 0.663065
vt 0.792462 0.635526
vt 0.773150 0.635868
vt 0.792633 0.639326
vt 0.773157 0.639698
vt 0.792811 0.643166
vt 0.773166 0.643553
vt 0.792991 0.647046
vt 0.773175 0.647435
vt 0.793172 0.650967
vt 0.773182 0.651344
vt 0.793349 0.654929
vt 0.773187 0.655279
vt 0.793344 0.658934
vt 0.773188 0.659239
vt 0.793329 0.662911
vt 0.773290 0.663254
vt 0.793317 0.666854
vt 0.774149 0.667398
vt 0.785765 0.686435
vt 0.784168 0.682927
vt 0.793627 0.681989
vt 0.793879 0.685551
vt 0.786646 0.689757
vt 0.794201 0.689045
vt 0.784476 0.602976
vt 0.785180 0.599934
vt 0.792089 0.600366
vt 0.791896 0.603560
vt 0.783108 0.606200
vt 0.791766 0.606819
vt 0.781191 0.609601
vt 0.791712 0.610166
vt 0.778864 0.613149
vt 0.791726 0.613606
vt 0.776569 0.671463
vt 0.793322 0.670752
vt 0.779395 0.675403
vt 0.793363 0.674585
vt 0.776291 0.616808
vt 0.791790 0.617129
vt 0.774054 0.620601
vt 0.791889 0.620720
vt 0.781991 0.679237
vt 0.793458 0.678335
vt 0.737118 0.658183
vt 0.757243 0.659047
vt 0.737373 0.654229
vt 0.757353 0.655088
vt 0.737629 0.650309
vt 0.757461 0.651158
vt 0.737884 0.646424
vt 0.757565 0.647256
vt 0.738137 0.642574
vt 0.757664 0.643381
vt 0.738385 0.638761
vt 0.757760 0.639532
vt 0.738626 0.634983
vt 0.757849 0.635709
vt 0.738856 0.631243
vt 0.757932 0.631909
vt 0.739074 0.627539
vt 0.758007 0.628130
vt 0.739276 0.623872
vt 0.757979 0.624338
vt 0.739459 0.620244
vt 0.757247 0.620447
vt 0.747151 0.602679
vt 0.748463 0.605917
vt 0.739820 0.606389
vt 0.739744 0.603138
vt 0.746499 0.599635
vt 0.739605 0.599951
vt 0.743964 0.686236
vt 0.743022 0.689608
vt 0.735336 0.688769
vt 0.735716 0.685215
vt 0.745634 0.682693
vt 0.736029 0.681590
vt 0.747897 0.678986
vt 0.736261 0.677872
vt 0.750591 0.675153
vt 0.736423 0.674056
vt 0.755083 0.616619
vt 0.739620 0.616667
vt 0.752579 0.612922
vt 0.739745 0.613156
vt 0.753524 0.671235
vt 0.736536 0.670155
vt 0.750318 0.609342
vt 0.739817 0.609726
vt 0.749577 0.689128
vt 0.751876 0.686778
vt 0.753433 0.690103
vt 0.750999 0.691143
vt 0.747974 0.691125
vt 0.749011 0.692194
vt 0.780218 0.689226
vt 0.781786 0.691198
vt 0.780770 0.692250
vt 0.778805 0.691209
vt 0.777964 0.686887
vt 0.776399 0.690168
vt 0.756577 0.604934
vt 0.754180 0.602555
vt 0.755661 0.599670
vt 0.758046 0.600450
vt 0.759315 0.607420
vt 0.760577 0.600987
vt 0.754669 0.684204
vt 0.757813 0.681528
vt 0.759041 0.688759
vt 0.756165 0.689297
vt 0.779409 0.600607
vt 0.777433 0.602738
vt 0.775995 0.599826
vt 0.778115 0.598873
vt 0.780751 0.598811
vt 0.779828 0.597923
vt 0.768747 0.679061
vt 0.772133 0.681615
vt 0.770835 0.688799
vt 0.767906 0.688485
vt 0.765010 0.677708
vt 0.764946 0.688380
vt 0.775223 0.684310
vt 0.773693 0.689353
vt 0.762352 0.609772
vt 0.763179 0.601298
vt 0.765733 0.611012
vt 0.765812 0.601410
vt 0.752241 0.600398
vt 0.750930 0.598586
vt 0.751862 0.597714
vt 0.753558 0.598687
vt 0.774994 0.605082
vt 0.772213 0.607526
vt 0.771054 0.601068
vt 0.773595 0.600570
vt 0.769135 0.609829
vt 0.768446 0.601339
vt 0.761249 0.679010
vt 0.761982 0.688464
vt 0.751397 0.605015
vt 0.753777 0.608226
vt 0.756612 0.611579
vt 0.765093 0.669126
vt 0.758797 0.673179
vt 0.754980 0.676824
vt 0.759966 0.615023
vt 0.765663 0.618902
vt 0.751688 0.680408
vt 0.748869 0.683871
vt 0.746717 0.687128
vt 0.745391 0.690102
vt 0.748620 0.599340
vt 0.749634 0.602028
vt 0.765574 0.628232
vt 0.765612 0.624334
vt 0.765496 0.635832
vt 0.765536 0.632023
vt 0.765411 0.643518
vt 0.765454 0.639663
vt 0.765317 0.651304
vt 0.765365 0.647398
vt 0.765215 0.659196
vt 0.765267 0.655237
vt 0.765162 0.663310
vt 0.780965 0.684047
vt 0.778224 0.680587
vt 0.775018 0.676984
vt 0.771431 0.615124
vt 0.774848 0.611735
vt 0.771292 0.673294
vt 0.777745 0.608425
vt 0.780182 0.605247
vt 0.781997 0.602282
vt 0.783057 0.599603
vt 0.784322 0.690213
vt 0.783049 0.687281
vt 0.761716 0.593287
vt 0.763783 0.593496
vt 0.772067 0.593040
vt 0.774055 0.592613
vt 0.759685 0.592950
vt 0.755783 0.591943
vt 0.757705 0.592494
vt 0.753907 0.591341
vt 0.765870 0.593576
vt 0.767959 0.593527
vt 0.760179 0.697536
vt 0.757848 0.697880
vt 0.764928 0.697264
vt 0.762545 0.697331
vt 0.770030 0.593348
vt 0.755568 0.698355
vt 0.775987 0.592089
vt 0.767310 0.697334
vt 0.753347 0.698935
vt 0.777874 0.591514
vt 0.771990 0.697887
vt 0.769669 0.697541
vt 0.751175 0.699572
vt 0.776462 0.698938
vt 0.774257 0.698361
vt 0.778617 0.699572
vt 0.269394 0.862182
vt 0.268113 0.864411
vt 0.266546 0.863767
vt 0.268048 0.861155
vt 0.278481 0.858380
vt 0.275911 0.858389
vt 0.275683 0.856710
vt 0.278696 0.856700
vt 0.285045 0.874104
vt 0.286326 0.871875
vt 0.287893 0.872519
vt 0.286392 0.875131
vt 0.271206 0.860357
vt 0.270171 0.859016
vt 0.268131 0.871946
vt 0.269420 0.874167
vt 0.268079 0.875203
vt 0.266568 0.872598
vt 0.283233 0.875929
vt 0.284269 0.877270
vt 0.273430 0.859066
vt 0.272776 0.857503
vt 0.267459 0.869466
vt 0.265780 0.869692
vt 0.278529 0.877897
vt 0.281010 0.877220
vt 0.281663 0.878783
vt 0.278756 0.879576
vt 0.286308 0.864340
vt 0.285019 0.862119
vt 0.286360 0.861083
vt 0.287872 0.863688
vt 0.283195 0.860310
vt 0.284222 0.858963
vt 0.286981 0.866820
vt 0.288660 0.866594
vt 0.273472 0.877253
vt 0.275958 0.877906
vt 0.275744 0.879586
vt 0.272830 0.878820
vt 0.280967 0.859033
vt 0.281609 0.857466
vt 0.271244 0.875976
vt 0.270217 0.877324
vt 0.267455 0.866896
vt 0.265775 0.866679
vt 0.286984 0.869390
vt 0.288664 0.869607
vt 0.285159 0.878422
vt 0.282225 0.880125
vt 0.289215 0.863127
vt 0.290103 0.866400
vt 0.275559 0.881029
vt 0.272277 0.880167
vt 0.282162 0.856119
vt 0.285104 0.857804
vt 0.269335 0.878482
vt 0.266926 0.876094
vt 0.278951 0.881018
vt 0.264337 0.869886
vt 0.264332 0.866493
vt 0.290107 0.869793
vt 0.265200 0.863214
vt 0.278880 0.855257
vt 0.289240 0.873072
vt 0.266891 0.860272
vt 0.275488 0.855268
vt 0.287548 0.876014
vt 0.269281 0.857864
vt 0.265224 0.873159
vt 0.272215 0.856161
vt 0.287513 0.860192
vt 0.252120 0.857830
vt 0.255652 0.851696
vt 0.273584 0.841252
vt 0.280666 0.841221
vt 0.302319 0.878456
vt 0.298787 0.884590
vt 0.260638 0.846675
vt 0.255697 0.884767
vt 0.252144 0.878614
vt 0.293801 0.889611
vt 0.266757 0.843119
vt 0.250300 0.871762
vt 0.287683 0.893167
vt 0.280855 0.895034
vt 0.298742 0.851520
vt 0.302295 0.857673
vt 0.293687 0.846527
vt 0.304139 0.864524
vt 0.273773 0.895065
vt 0.266916 0.893274
vt 0.287524 0.843012
vt 0.260752 0.889759
vt 0.250300 0.864674
vt 0.304139 0.871612
vt 0.388610 0.607357
vt 0.388610 0.614255
vt 0.367799 0.614255
vt 0.367799 0.607357
vt 0.388610 0.717731
vt 0.388610 0.724629
vt 0.367799 0.724629
vt 0.367799 0.717731
vt 0.388610 0.628052
vt 0.388610 0.634950
vt 0.367799 0.634950
vt 0.367799 0.628052
vt 0.388610 0.703934
vt 0.388610 0.710833
vt 0.367799 0.710833
vt 0.367799 0.703934
vt 0.388610 0.731528
vt 0.367799 0.731528
vt 0.388610 0.683239
vt 0.388610 0.690137
vt 0.367799 0.690137
vt 0.367799 0.683239
vt 0.388610 0.600459
vt 0.367799 0.600459
vt 0.388610 0.676341
vt 0.367799 0.676341
vt 0.388610 0.641849
vt 0.367799 0.641849
vt 0.388610 0.593560
vt 0.367799 0.593560
vt 0.388610 0.669442
vt 0.367799 0.669442
vt 0.388610 0.648747
vt 0.367799 0.648747
vt 0.388610 0.586662
vt 0.367799 0.586662
vt 0.388610 0.662544
vt 0.367799 0.662544
vt 0.388610 0.697036
vt 0.367799 0.697036
vt 0.388610 0.579763
vt 0.367799 0.579763
vt 0.388610 0.655646
vt 0.367799 0.655646
vt 0.388610 0.738426
vt 0.367799 0.738426
vt 0.388610 0.621154
vt 0.367799 0.621154
vt 0.388610 0.745324
vt 0.367799 0.745324
vt 0.404092 0.936668
vt 0.397426 0.938442
vt 0.390528 0.938442
vt 0.383867 0.936646
vt 0.377893 0.933197
vt 0.373023 0.928312
vt 0.369574 0.922337
vt 0.367799 0.915671
vt 0.367799 0.908773
vt 0.369595 0.902112
vt 0.373044 0.896138
vt 0.377930 0.891268
vt 0.383904 0.887819
vt 0.390570 0.886044
vt 0.397469 0.886044
vt 0.404129 0.887840
vt 0.410103 0.891289
vt 0.414973 0.896175
vt 0.418423 0.902149
vt 0.420197 0.908815
vt 0.420197 0.915714
vt 0.418401 0.922374
vt 0.414952 0.928348
vt 0.410067 0.933218
vt 0.437092 0.603082
vt 0.438086 0.606346
vt 0.433904 0.607356
vt 0.433266 0.604335
vt 0.430389 0.589382
vt 0.431442 0.591266
vt 0.428968 0.592577
vt 0.428043 0.590699
vt 0.433633 0.595405
vt 0.434786 0.597725
vt 0.431665 0.599049
vt 0.430781 0.596727
vt 0.423304 0.579764
vt 0.424696 0.581136
vt 0.422951 0.582765
vt 0.421877 0.581519
vt 0.432554 0.593261
vt 0.429895 0.594577
vt 0.434093 0.647856
vt 0.431542 0.652097
vt 0.427091 0.648594
vt 0.428929 0.645090
vt 0.435905 0.600259
vt 0.432486 0.601574
vt 0.439404 0.613604
vt 0.439735 0.617510
vt 0.434803 0.617654
vt 0.434690 0.614046
vt 0.436025 0.643371
vt 0.430566 0.641255
vt 0.429296 0.587604
vt 0.427079 0.588932
vt 0.438896 0.609882
vt 0.434402 0.610606
vt 0.437406 0.638841
vt 0.431906 0.637252
vt 0.428236 0.585889
vt 0.426105 0.587252
vt 0.438464 0.634387
vt 0.432992 0.633222
vt 0.439762 0.621542
vt 0.439613 0.625721
vt 0.434362 0.625257
vt 0.434678 0.621394
vt 0.427113 0.584248
vt 0.425083 0.585664
vt 0.439142 0.629991
vt 0.433785 0.629202
vt 0.425967 0.582649
vt 0.424038 0.584157
vt 0.426502 0.617238
vt 0.426734 0.614061
vt 0.419611 0.585134
vt 0.418667 0.583808
vt 0.424944 0.596336
vt 0.424349 0.594439
vt 0.426821 0.611022
vt 0.418667 0.644939
vt 0.420175 0.641462
vt 0.423697 0.592663
vt 0.426769 0.608138
vt 0.421585 0.637952
vt 0.422986 0.590993
vt 0.426595 0.605428
vt 0.422842 0.634418
vt 0.422221 0.589416
vt 0.426310 0.602900
vt 0.423927 0.630884
vt 0.421400 0.587922
vt 0.425933 0.600551
vt 0.424830 0.627375
vt 0.425558 0.623916
vt 0.426112 0.620530
vt 0.420528 0.586498
vt 0.425473 0.598368
vt 0.844369 0.764833
vt 0.846418 0.766889
vt 0.835709 0.780822
vt 0.830422 0.775518
vt 0.864217 0.759533
vt 0.864217 0.756630
vt 0.881639 0.754351
vt 0.881639 0.761840
vt 0.851752 0.747050
vt 0.848947 0.747797
vt 0.842235 0.731555
vt 0.849473 0.729628
vt 0.842918 0.762320
vt 0.826677 0.769032
vt 0.863461 0.762335
vt 0.879689 0.769072
vt 0.859955 0.766898
vt 0.862010 0.764849
vt 0.875944 0.775558
vt 0.870640 0.780845
vt 0.854654 0.747050
vt 0.856962 0.729628
vt 0.842172 0.759515
vt 0.824750 0.761794
vt 0.857441 0.768349
vt 0.864154 0.784590
vt 0.857457 0.747806
vt 0.864193 0.731578
vt 0.842172 0.756613
vt 0.824750 0.754305
vt 0.854637 0.769095
vt 0.856916 0.786517
vt 0.859970 0.749257
vt 0.870679 0.735323
vt 0.842927 0.753810
vt 0.826700 0.747074
vt 0.851734 0.769095
vt 0.849427 0.786517
vt 0.862019 0.751312
vt 0.875967 0.740627
vt 0.844378 0.751297
vt 0.830445 0.740588
vt 0.848932 0.768340
vt 0.842195 0.784567
vt 0.863470 0.753826
vt 0.879712 0.747114
vt 0.846434 0.749248
vt 0.835749 0.735300
vt 0.267485 0.517053
vt 0.268571 0.525688
vt 0.261261 0.526571
vt 0.260112 0.518017
vt 0.271853 0.576014
vt 0.271927 0.584049
vt 0.265151 0.584112
vt 0.264958 0.576178
vt 0.270058 0.628546
vt 0.269485 0.635270
vt 0.263807 0.634820
vt 0.264237 0.628144
vt 0.263284 0.684847
vt 0.262283 0.690828
vt 0.257157 0.689970
vt 0.258186 0.684010
vt 0.271656 0.567851
vt 0.264662 0.568119
vt 0.270578 0.621640
vt 0.264593 0.621292
vt 0.264226 0.678879
vt 0.259122 0.678105
vt 0.271322 0.559577
vt 0.264240 0.559954
vt 0.271042 0.614532
vt 0.264884 0.614253
vt 0.265111 0.672888
vt 0.259973 0.672166
vt 0.270856 0.551208
vt 0.263705 0.551698
vt 0.271424 0.607198
vt 0.265087 0.606988
vt 0.265951 0.666850
vt 0.260765 0.666175
vt 0.270245 0.542763
vt 0.263033 0.543373
vt 0.271707 0.599659
vt 0.265210 0.599534
vt 0.266744 0.660744
vt 0.261489 0.660113
vt 0.268203 0.648254
vt 0.267497 0.654551
vt 0.262162 0.653965
vt 0.262768 0.647712
vt 0.269489 0.534254
vt 0.262231 0.534993
vt 0.271874 0.591937
vt 0.265227 0.591904
vt 0.268868 0.641833
vt 0.263322 0.641336
vt 0.262945 0.614182
vt 0.263095 0.606946
vt 0.258355 0.671945
vt 0.259131 0.665971
vt 0.261458 0.551863
vt 0.260769 0.543572
vt 0.263166 0.599518
vt 0.259834 0.659925
vt 0.260480 0.653793
vt 0.261056 0.647556
vt 0.259954 0.535231
vt 0.263137 0.591914
vt 0.261574 0.641197
vt 0.258982 0.526877
vt 0.263019 0.584151
vt 0.262019 0.634698
vt 0.257879 0.518633
vt 0.262791 0.576246
vt 0.262403 0.628040
vt 0.255607 0.689492
vt 0.256592 0.683733
vt 0.262463 0.568218
vt 0.262708 0.621207
vt 0.257516 0.677865
vt 0.262015 0.560085
vt 0.255833 0.584371
vt 0.255486 0.576555
vt 0.255978 0.634383
vt 0.256206 0.627797
vt 0.250300 0.688629
vt 0.251235 0.682878
vt 0.255053 0.568621
vt 0.256345 0.621036
vt 0.252106 0.677077
vt 0.254520 0.560585
vt 0.256399 0.614083
vt 0.252897 0.671227
vt 0.253890 0.552467
vt 0.256370 0.606924
vt 0.253612 0.665319
vt 0.253152 0.544283
vt 0.256270 0.599573
vt 0.254244 0.659340
vt 0.254800 0.653274
vt 0.255273 0.647104
vt 0.252308 0.536056
vt 0.256090 0.592050
vt 0.255668 0.640813
vt 0.251351 0.527815
vt 0.250300 0.519603
vt 0.848740 0.816631
vt 0.856044 0.816573
vt 0.854408 0.829682
vt 0.850545 0.829705
vt 0.880321 0.847922
vt 0.878439 0.854976
vt 0.866236 0.849962
vt 0.867223 0.846228
vt 0.841961 0.870335
vt 0.835574 0.866733
vt 0.843575 0.856163
vt 0.846935 0.858074
vt 0.841704 0.818568
vt 0.846818 0.830725
vt 0.830269 0.827423
vt 0.835407 0.822246
vt 0.843481 0.832672
vt 0.840761 0.835414
vt 0.880322 0.840608
vt 0.867211 0.842362
vt 0.849047 0.872160
vt 0.850676 0.859051
vt 0.826633 0.833751
vt 0.838842 0.838768
vt 0.878430 0.833527
vt 0.866199 0.838634
vt 0.856349 0.872097
vt 0.854539 0.859027
vt 0.824750 0.840810
vt 0.837855 0.842504
vt 0.874756 0.827159
vt 0.864255 0.835292
vt 0.863381 0.870157
vt 0.858264 0.858005
vt 0.824750 0.848129
vt 0.837867 0.846372
vt 0.869511 0.822008
vt 0.861507 0.832572
vt 0.869674 0.866476
vt 0.861598 0.856057
vt 0.826645 0.855214
vt 0.838879 0.850102
vt 0.863128 0.818403
vt 0.858149 0.830660
vt 0.874807 0.861300
vt 0.864317 0.853314
vt 0.830324 0.861583
vt 0.840826 0.853444
vt 0.854265 0.857037
vt 0.857485 0.856153
vt 0.839850 0.842760
vt 0.839860 0.846101
vt 0.862663 0.836524
vt 0.860289 0.834176
vt 0.860369 0.854470
vt 0.840738 0.849323
vt 0.857389 0.832522
vt 0.862719 0.852098
vt 0.842417 0.852211
vt 0.854157 0.831677
vt 0.864377 0.849200
vt 0.844793 0.854559
vt 0.850817 0.831695
vt 0.865229 0.845972
vt 0.847694 0.856212
vt 0.847596 0.832577
vt 0.844711 0.834260
vt 0.842359 0.836629
vt 0.865219 0.842633
vt 0.850928 0.857056
vt 0.840701 0.839529
vt 0.864340 0.839413
vt 0.878595 0.539769
vt 0.879601 0.543521
vt 0.877515 0.543797
vt 0.876650 0.540574
vt 0.850098 0.543592
vt 0.851094 0.539843
vt 0.853038 0.540643
vt 0.852180 0.543863
vt 0.859196 0.559289
vt 0.855805 0.557357
vt 0.857089 0.555675
vt 0.859993 0.557334
vt 0.878605 0.551151
vt 0.876673 0.554513
vt 0.875003 0.553240
vt 0.876661 0.550351
vt 0.870503 0.531706
vt 0.873893 0.533638
vt 0.872610 0.535320
vt 0.869706 0.533661
vt 0.850097 0.547473
vt 0.852184 0.547197
vt 0.862963 0.560269
vt 0.863225 0.558180
vt 0.879601 0.547402
vt 0.877518 0.547131
vt 0.866737 0.530726
vt 0.866475 0.532815
vt 0.851104 0.551226
vt 0.853049 0.550420
vt 0.862852 0.530748
vt 0.863138 0.532833
vt 0.873942 0.557266
vt 0.870591 0.559219
vt 0.869777 0.557282
vt 0.872656 0.555604
vt 0.853045 0.554598
vt 0.854720 0.553313
vt 0.859109 0.531775
vt 0.859922 0.533712
vt 0.855757 0.533728
vt 0.857043 0.535391
vt 0.876653 0.536396
vt 0.874979 0.537682
vt 0.866848 0.560246
vt 0.866562 0.558162
vt 0.853027 0.536481
vt 0.854696 0.537754
vt 0.701427 0.927445
vt 0.699217 0.929197
vt 0.698897 0.928738
vt 0.699454 0.928384
vt 0.860146 0.551666
vt 0.861902 0.552671
vt 0.863858 0.553187
vt 0.865882 0.553177
vt 0.867834 0.552647
vt 0.869582 0.551628
vt 0.871008 0.550194
vt 0.872014 0.548438
vt 0.872534 0.546483
vt 0.872529 0.544460
vt 0.872003 0.542506
vt 0.870987 0.540757
vt 0.869553 0.539329
vt 0.867797 0.538324
vt 0.865841 0.537807
vt 0.863817 0.537817
vt 0.861865 0.538347
vt 0.860117 0.539367
vt 0.858691 0.540801
vt 0.857685 0.542556
vt 0.857165 0.544511
vt 0.857170 0.546534
vt 0.857696 0.548488
vt 0.858712 0.550238
vt 0.676980 0.917579
vt 0.675346 0.912267
vt 0.698558 0.932383
vt 0.697627 0.931538
vt 0.695186 0.900201
vt 0.699152 0.904098
vt 0.702041 0.928942
vt 0.702313 0.930093
vt 0.703183 0.925152
vt 0.699984 0.928041
vt 0.679176 0.921940
vt 0.697067 0.930950
vt 0.690011 0.896492
vt 0.702706 0.931722
vt 0.704396 0.922384
vt 0.700468 0.927743
vt 0.681785 0.925389
vt 0.696815 0.930528
vt 0.683510 0.893122
vt 0.703515 0.934320
vt 0.704975 0.919210
vt 0.700895 0.927535
vt 0.684672 0.927964
vt 0.696817 0.930204
vt 0.675551 0.890251
vt 0.704508 0.937891
vt 0.704832 0.915706
vt 0.701268 0.927453
vt 0.687713 0.929706
vt 0.697017 0.929928
vt 0.674437 0.898642
vt 0.701853 0.935352
vt 0.703876 0.911957
vt 0.701582 0.927595
vt 0.690794 0.930654
vt 0.697366 0.929665
vt 0.696645 0.930352
vt 0.693805 0.930854
vt 0.697816 0.929392
vt 0.698340 0.929079
vt 0.674437 0.905967
vt 0.699933 0.933601
vt 0.702015 0.908054
vt 0.701819 0.928100
vt 0.960501 0.037686
vt 0.962847 0.032551
vt 0.969604 0.034220
vt 0.971486 0.036204
vt 0.972589 0.166075
vt 0.969381 0.163617
vt 0.969307 0.163541
vt 0.976369 0.167717
vt 0.961880 0.167463
vt 0.965870 0.165908
vt 0.961845 0.175891
vt 0.962362 0.171729
vt 0.965916 0.173688
vt 0.965434 0.171788
vt 0.966501 0.171803
vt 0.966852 0.173156
vt 0.968292 0.027385
vt 0.963860 0.022306
vt 0.965777 0.015785
vt 0.965786 0.015778
vt 0.973544 0.025312
vt 0.975033 0.171887
vt 0.976037 0.171886
vt 0.976557 0.176171
vt 0.974326 0.174855
vt 0.976557 0.167723
vt 0.974265 0.168968
vt 0.972109 0.166904
vt 0.969280 0.166015
vt 0.966352 0.166769
vt 0.964091 0.168798
vt 0.963353 0.171755
vt 0.961983 0.176088
vt 0.964065 0.174749
vt 0.966294 0.176841
vt 0.965821 0.177695
vt 0.969169 0.177678
vt 0.969136 0.180109
vt 0.972075 0.176911
vt 0.972557 0.177781
vt 0.969132 0.180248
vt 0.951396 0.015028
vt 0.957931 0.021916
vt 0.951396 0.029429
vt 0.958009 0.027858
vt 0.960493 0.037695
vt 0.972958 0.171884
vt 0.972459 0.170014
vt 0.971085 0.168649
vt 0.969187 0.175589
vt 0.971064 0.175108
vt 0.965931 0.169903
vt 0.967314 0.175061
vt 0.969233 0.168102
vt 0.967353 0.168576
vt 0.972475 0.173768
vt 0.969217 0.169166
vt 0.970554 0.169550
vt 0.971536 0.170539
vt 0.971893 0.171876
vt 0.971542 0.173221
vt 0.970542 0.174183
vt 0.969193 0.174524
vt 0.967842 0.174151
vt 0.966862 0.170459
vt 0.967872 0.169504
vt 0.216988 0.944779
vt 0.217282 0.944978
vt 0.217219 0.945029
vt 0.217087 0.945061
vt 0.216240 0.936922
vt 0.217377 0.929752
vt 0.217412 0.929574
vt 0.216804 0.944492
vt 0.205369 0.921499
vt 0.210891 0.926271
vt 0.191669 0.927345
vt 0.198949 0.925224
vt 0.198670 0.932373
vt 0.201311 0.930153
vt 0.202135 0.931850
vt 0.200259 0.933439
vt 0.217266 0.945051
vt 0.217329 0.945010
vt 0.217389 0.945051
vt 0.217389 0.945051
vt 0.217255 0.945128
vt 0.208830 0.945377
vt 0.209622 0.946973
vt 0.203201 0.950763
vt 0.203568 0.946423
vt 0.213003 0.941977
vt 0.214509 0.936823
vt 0.213538 0.931609
vt 0.209937 0.927693
vt 0.204979 0.925825
vt 0.199719 0.926831
vt 0.191700 0.927678
vt 0.195508 0.930227
vt 0.193953 0.935393
vt 0.192205 0.935266
vt 0.194935 0.940691
vt 0.190984 0.942565
vt 0.198590 0.944586
vt 0.197645 0.946016
vt 0.191105 0.942768
vt 0.217412 0.944898
vt 0.217344 0.944937
vt 0.217286 0.944766
vt 0.217306 0.944901
vt 0.207218 0.942069
vt 0.209821 0.939854
vt 0.210871 0.936606
vt 0.198291 0.939020
vt 0.200590 0.941568
vt 0.204685 0.929519
vt 0.197618 0.935631
vt 0.210208 0.933251
vt 0.207921 0.930678
vt 0.203841 0.942719
vt 0.208516 0.934076
vt 0.209007 0.936482
vt 0.208239 0.938796
vt 0.206381 0.940386
vt 0.203970 0.940839
vt 0.201629 0.940021
vt 0.199985 0.938178
vt 0.199494 0.935768
vt 0.204550 0.931397
vt 0.206881 0.932211
vt 0.952946 0.675742
vt 0.954757 0.682104
vt 0.950444 0.687448
vt 0.945216 0.685323
vt 0.981057 0.382304
vt 0.981552 0.378085
vt 0.981503 0.378000
vt 0.981574 0.386449
vt 0.973998 0.374267
vt 0.977483 0.376543
vt 0.966921 0.378427
vt 0.970724 0.376804
vt 0.970969 0.380785
vt 0.972315 0.379383
vt 0.972867 0.380276
vt 0.971907 0.381290
vt 0.949325 0.693958
vt 0.955870 0.692960
vt 0.958157 0.697902
vt 0.958162 0.697914
vt 0.947289 0.696092
vt 0.977320 0.387424
vt 0.977841 0.388257
vt 0.974582 0.390813
vt 0.974471 0.388364
vt 0.981634 0.386607
vt 0.979415 0.385276
vt 0.980077 0.382336
vt 0.979339 0.379393
vt 0.977022 0.377414
vt 0.974093 0.376717
vt 0.971240 0.377640
vt 0.966980 0.378585
vt 0.969129 0.379777
vt 0.968438 0.382723
vt 0.967446 0.382741
vt 0.969189 0.385711
vt 0.966921 0.387019
vt 0.971533 0.387683
vt 0.971081 0.388558
vt 0.967054 0.387139
vt 0.967313 0.689599
vt 0.960721 0.687967
vt 0.967313 0.675241
vt 0.960634 0.682206
vt 0.952937 0.675727
vt 0.976233 0.385687
vt 0.977567 0.384280
vt 0.978015 0.382391
vt 0.971044 0.384559
vt 0.972485 0.385844
vt 0.974168 0.378804
vt 0.970516 0.382674
vt 0.977491 0.380537
vt 0.976059 0.379245
vt 0.974385 0.386272
vt 0.976578 0.381104
vt 0.976959 0.382426
vt 0.976632 0.383780
vt 0.975677 0.384797
vt 0.974343 0.385210
vt 0.972982 0.384909
vt 0.971965 0.383979
vt 0.971582 0.382643
vt 0.974202 0.379868
vt 0.975555 0.380178
vt 0.905471 0.261663
vt 0.907820 0.267253
vt 0.896472 0.265935
vt 0.897534 0.265111
vt 0.494682 0.976521
vt 0.497901 0.978987
vt 0.497977 0.979063
vt 0.490892 0.974875
vt 0.505421 0.975104
vt 0.501421 0.976679
vt 0.505456 0.966634
vt 0.504919 0.970806
vt 0.501333 0.968915
vt 0.501829 0.970796
vt 0.500764 0.970784
vt 0.500408 0.969440
vt 0.896472 0.254370
vt 0.906071 0.246463
vt 0.908404 0.251958
vt 0.907509 0.250689
vt 0.901380 0.257259
vt 0.492231 0.970697
vt 0.491223 0.970697
vt 0.490703 0.966404
vt 0.492931 0.967722
vt 0.490703 0.974870
vt 0.493002 0.973620
vt 0.495162 0.975689
vt 0.498000 0.976583
vt 0.500935 0.975815
vt 0.503197 0.973775
vt 0.503912 0.970802
vt 0.505267 0.966628
vt 0.503152 0.967872
vt 0.501002 0.965787
vt 0.501499 0.964958
vt 0.498126 0.964877
vt 0.498250 0.962422
vt 0.495184 0.965669
vt 0.494693 0.964809
vt 0.498117 0.962403
vt 0.915930 0.249124
vt 0.917099 0.248046
vt 0.912474 0.256079
vt 0.917258 0.259126
vt 0.906680 0.262902
vt 0.494310 0.970695
vt 0.494812 0.972570
vt 0.496195 0.973938
vt 0.498089 0.966994
vt 0.496203 0.967478
vt 0.501343 0.972669
vt 0.499963 0.967545
vt 0.498045 0.974478
vt 0.499926 0.974005
vt 0.494789 0.968821
vt 0.498061 0.973416
vt 0.496724 0.973031
vt 0.495736 0.972043
vt 0.495374 0.970703
vt 0.495722 0.969365
vt 0.496724 0.968405
vt 0.498078 0.968065
vt 0.499427 0.968448
vt 0.500411 0.972122
vt 0.499406 0.973082
vt 0.927936 0.380943
vt 0.927957 0.388504
vt 0.924216 0.391671
vt 0.919183 0.388903
vt 0.536113 0.970312
vt 0.535531 0.974375
vt 0.535512 0.974476
vt 0.535729 0.966040
vt 0.542405 0.978947
vt 0.539233 0.976288
vt 0.550278 0.975534
vt 0.546058 0.976757
vt 0.546086 0.972695
vt 0.544626 0.973984
vt 0.544136 0.973034
vt 0.545176 0.972114
vt 0.924168 0.397070
vt 0.928018 0.400346
vt 0.928061 0.407854
vt 0.928087 0.414531
vt 0.919183 0.399893
vt 0.540230 0.965470
vt 0.539777 0.964575
vt 0.543336 0.962402
vt 0.543174 0.964837
vt 0.535709 0.965854
vt 0.537903 0.967429
vt 0.537093 0.970352
vt 0.537686 0.973291
vt 0.539762 0.975474
vt 0.542593 0.976481
vt 0.545584 0.975851
vt 0.550075 0.975228
vt 0.547899 0.973860
vt 0.548702 0.970931
vt 0.549685 0.970978
vt 0.548084 0.967966
vt 0.550278 0.966866
vt 0.545989 0.965818
vt 0.546503 0.965005
vt 0.550209 0.966755
vt 0.936865 0.399806
vt 0.931836 0.396999
vt 0.936813 0.388816
vt 0.931845 0.391625
vt 0.927910 0.374267
vt 0.541164 0.967319
vt 0.539713 0.968587
vt 0.539150 0.970446
vt 0.546217 0.968945
vt 0.544893 0.967534
vt 0.542719 0.974383
vt 0.546637 0.970845
vt 0.539561 0.972333
vt 0.540873 0.973759
vt 0.543059 0.966926
vt 0.540507 0.971848
vt 0.540206 0.970494
vt 0.540616 0.969174
vt 0.541649 0.968260
vt 0.543003 0.967983
vt 0.544327 0.968418
vt 0.545274 0.969438
vt 0.545580 0.970792
vt 0.542775 0.973319
vt 0.541448 0.972883
vt 0.739001 0.941437
vt 0.738949 0.937739
vt 0.740246 0.935911
vt 0.742272 0.936857
vt 0.748043 0.950392
vt 0.762143 0.957530
vt 0.761878 0.956016
vt 0.738914 0.943807
vt 0.762039 0.929133
vt 0.762264 0.941595
vt 0.740774 0.929998
vt 0.751014 0.929133
vt 0.747325 0.933813
vt 0.750456 0.934124
vt 0.750011 0.935647
vt 0.747706 0.935023
vt 0.740025 0.933254
vt 0.739644 0.932470
vt 0.742616 0.929650
vt 0.740847 0.931439
vt 0.742478 0.939694
vt 0.741434 0.939286
vt 0.741960 0.937098
vt 0.742802 0.937500
vt 0.743389 0.943390
vt 0.748511 0.948274
vt 0.756890 0.948705
vt 0.759700 0.941081
vt 0.757185 0.933690
vt 0.750978 0.930739
vt 0.745679 0.931572
vt 0.744123 0.932902
vt 0.743255 0.932430
vt 0.743066 0.933887
vt 0.741679 0.933028
vt 0.742695 0.935826
vt 0.742086 0.935555
vt 0.741375 0.932502
vt 0.736234 0.932274
vt 0.737971 0.933694
vt 0.735336 0.937118
vt 0.737627 0.936055
vt 0.744587 0.939802
vt 0.746164 0.941961
vt 0.749301 0.943943
vt 0.744512 0.934986
vt 0.744070 0.936273
vt 0.753478 0.936381
vt 0.745514 0.934119
vt 0.752998 0.943831
vt 0.754557 0.940173
vt 0.744172 0.937883
vt 0.751525 0.941909
vt 0.749394 0.942073
vt 0.747183 0.941017
vt 0.745723 0.939683
vt 0.745134 0.937931
vt 0.744927 0.936585
vt 0.745301 0.935577
vt 0.746325 0.934962
vt 0.751751 0.937287
vt 0.752156 0.939596
vt 0.250836 0.951927
vt 0.250987 0.951609
vt 0.251319 0.951764
vt 0.251601 0.951864
vt 0.269576 0.929570
vt 0.264219 0.925280
vt 0.264125 0.925121
vt 0.275791 0.932327
vt 0.250300 0.931617
vt 0.257861 0.929103
vt 0.251222 0.949847
vt 0.251382 0.940632
vt 0.258533 0.943691
vt 0.257307 0.940181
vt 0.259300 0.940043
vt 0.260122 0.942507
vt 0.251385 0.951097
vt 0.251130 0.950618
vt 0.251523 0.949485
vt 0.251900 0.950890
vt 0.273801 0.939108
vt 0.275404 0.939008
vt 0.276611 0.945582
vt 0.272988 0.943954
vt 0.276027 0.932359
vt 0.272389 0.934402
vt 0.268767 0.930985
vt 0.263945 0.929438
vt 0.258718 0.930716
vt 0.254545 0.934444
vt 0.253314 0.940469
vt 0.255313 0.946207
vt 0.259897 0.949336
vt 0.259249 0.951028
vt 0.265220 0.949968
vt 0.265885 0.954201
vt 0.269843 0.947802
vt 0.270840 0.949086
vt 0.266067 0.954100
vt 0.250397 0.950468
vt 0.250771 0.950795
vt 0.250300 0.951327
vt 0.250706 0.951236
vt 0.250836 0.951928
vt 0.270434 0.939310
vt 0.269444 0.936224
vt 0.267041 0.933982
vt 0.264676 0.946312
vt 0.267753 0.945046
vt 0.258048 0.936523
vt 0.261276 0.945828
vt 0.263845 0.933125
vt 0.260527 0.934023
vt 0.269845 0.942512
vt 0.263852 0.934996
vt 0.266180 0.935565
vt 0.267938 0.937181
vt 0.268691 0.939427
vt 0.268225 0.941749
vt 0.266692 0.943585
vt 0.264445 0.944454
vt 0.262016 0.944059
vt 0.259790 0.937490
vt 0.261480 0.935699
vt 0.307497 0.949106
vt 0.307415 0.949768
vt 0.307106 0.949919
vt 0.306787 0.949637
vt 0.315174 0.950651
vt 0.321304 0.954094
vt 0.321439 0.954151
vt 0.307764 0.948781
vt 0.332623 0.946926
vt 0.326574 0.949698
vt 0.307158 0.950890
vt 0.307814 0.950838
vt 0.307492 0.950932
vt 0.326273 0.936589
vt 0.327110 0.939824
vt 0.325280 0.939802
vt 0.324660 0.937458
vt 0.307049 0.950296
vt 0.307289 0.950617
vt 0.307158 0.950890
vt 0.306701 0.950374
vt 0.309768 0.940019
vt 0.307827 0.940153
vt 0.306667 0.931256
vt 0.311118 0.933966
vt 0.311568 0.945741
vt 0.315886 0.949044
vt 0.320980 0.950025
vt 0.325719 0.948324
vt 0.329252 0.944803
vt 0.330717 0.939870
vt 0.332566 0.939894
vt 0.332798 0.932882
vt 0.332805 0.932878
vt 0.329366 0.934895
vt 0.325933 0.931234
vt 0.326852 0.929897
vt 0.321176 0.929279
vt 0.321969 0.925203
vt 0.315633 0.929916
vt 0.314816 0.927905
vt 0.321868 0.925121
vt 0.307573 0.950752
vt 0.308075 0.950004
vt 0.307632 0.950180
vt 0.306667 0.949996
vt 0.313778 0.939841
vt 0.314802 0.943407
vt 0.317438 0.945721
vt 0.320785 0.932972
vt 0.317316 0.933607
vt 0.326223 0.943036
vt 0.323996 0.934128
vt 0.320746 0.946430
vt 0.323908 0.945407
vt 0.314675 0.936146
vt 0.320667 0.944575
vt 0.318282 0.944013
vt 0.316475 0.942320
vt 0.315796 0.939786
vt 0.316419 0.937195
vt 0.318228 0.935398
vt 0.320655 0.934881
vt 0.322981 0.935657
vt 0.324641 0.942138
vt 0.322967 0.943884
vt 0.928560 0.127228
vt 0.928815 0.127527
vt 0.928880 0.127847
vt 0.928636 0.127824
vt 0.928148 0.118860
vt 0.929438 0.111205
vt 0.929485 0.110981
vt 0.928464 0.126856
vt 0.915926 0.102777
vt 0.922309 0.107591
vt 0.903298 0.110522
vt 0.909965 0.107553
vt 0.910315 0.114615
vt 0.912728 0.112239
vt 0.913644 0.113876
vt 0.911899 0.115563
vt 0.928956 0.127839
vt 0.929047 0.127730
vt 0.929172 0.127796
vt 0.929172 0.127797
vt 0.928939 0.127959
vt 0.920421 0.127392
vt 0.921159 0.129019
vt 0.914756 0.132476
vt 0.915230 0.128284
vt 0.924685 0.124096
vt 0.926347 0.118737
vt 0.925344 0.113227
vt 0.921384 0.109162
vt 0.916031 0.107468
vt 0.910878 0.109077
vt 0.903488 0.110776
vt 0.907172 0.112797
vt 0.905933 0.117751
vt 0.904290 0.117711
vt 0.906975 0.122730
vt 0.903298 0.124530
vt 0.910452 0.126451
vt 0.909538 0.127819
vt 0.903381 0.124703
vt 0.929203 0.127503
vt 0.929058 0.127569
vt 0.928988 0.127256
vt 0.928952 0.127461
vt 0.918888 0.124043
vt 0.921502 0.121839
vt 0.922570 0.118489
vt 0.910143 0.121084
vt 0.912393 0.123545
vt 0.916031 0.111365
vt 0.909416 0.117824
vt 0.921857 0.115018
vt 0.919418 0.112422
vt 0.915549 0.124660
vt 0.920133 0.115911
vt 0.920656 0.118362
vt 0.919910 0.120754
vt 0.918076 0.122350
vt 0.915685 0.122810
vt 0.913393 0.122026
vt 0.911763 0.120238
vt 0.911219 0.117882
vt 0.916011 0.113299
vt 0.918421 0.114071
vt 0.981589 0.115238
vt 0.976363 0.113159
vt 0.977692 0.106303
vt 0.979598 0.104335
vt 0.371878 0.982626
vt 0.375122 0.984908
vt 0.375194 0.984972
vt 0.368061 0.981245
vt 0.382324 0.981019
vt 0.378477 0.982587
vt 0.382416 0.972812
vt 0.381853 0.976858
vt 0.378361 0.974981
vt 0.378839 0.976831
vt 0.377793 0.976822
vt 0.377444 0.975489
vt 0.970948 0.107862
vt 0.966078 0.112679
vt 0.959554 0.111023
vt 0.959541 0.111019
vt 0.968640 0.102777
vt 0.369009 0.976768
vt 0.367799 0.976798
vt 0.367799 0.972080
vt 0.369955 0.973619
vt 0.368057 0.981247
vt 0.370050 0.979797
vt 0.372312 0.981780
vt 0.375140 0.982560
vt 0.377990 0.981753
vt 0.380167 0.979742
vt 0.380873 0.976850
vt 0.382240 0.972803
vt 0.380161 0.973982
vt 0.378088 0.971901
vt 0.378595 0.971098
vt 0.375282 0.970936
vt 0.375486 0.968526
vt 0.372326 0.971622
vt 0.371877 0.970734
vt 0.375367 0.968498
vt 0.959541 0.125213
vt 0.966144 0.118280
vt 0.973780 0.124675
vt 0.971927 0.118257
vt 0.981603 0.115240
vt 0.981722 0.109580
vt 0.371269 0.976734
vt 0.371840 0.978657
vt 0.373271 0.980002
vt 0.375182 0.973032
vt 0.373282 0.973479
vt 0.378359 0.978681
vt 0.377028 0.973610
vt 0.375125 0.980496
vt 0.376977 0.980000
vt 0.371828 0.974804
vt 0.375120 0.979442
vt 0.373772 0.979083
vt 0.372768 0.978103
vt 0.372393 0.976741
vt 0.372764 0.975377
vt 0.373787 0.974421
vt 0.375146 0.974098
vt 0.376479 0.974493
vt 0.377442 0.978144
vt 0.376454 0.979096
vt 0.147700 0.944403
vt 0.149038 0.950918
vt 0.132733 0.947981
vt 0.138882 0.942844
vt 0.151204 0.941372
vt 0.154785 0.938643
vt 0.154767 0.938540
vt 0.147934 0.944534
vt 0.154776 0.929555
vt 0.154406 0.934475
vt 0.145981 0.928016
vt 0.149875 0.929017
vt 0.914309 0.729743
vt 0.916688 0.729737
vt 0.916372 0.746681
vt 0.914162 0.746624
vt 0.132730 0.931408
vt 0.144633 0.921499
vt 0.145752 0.927887
vt 0.138884 0.933886
vt 0.947314 0.261148
vt 0.947314 0.251358
vt 0.955792 0.246463
vt 0.964271 0.251358
vt 0.964271 0.261148
vt 0.955792 0.266043
vt 0.144165 0.942534
vt 0.143806 0.943392
vt 0.141091 0.941000
vt 0.147541 0.942428
vt 0.150687 0.940771
vt 0.152810 0.937897
vt 0.153513 0.934650
vt 0.152565 0.931390
vt 0.149526 0.929871
vt 0.146134 0.929993
vt 0.142964 0.931637
vt 0.142445 0.931007
vt 0.140806 0.934489
vt 0.138818 0.933706
vt 0.140135 0.937731
vt 0.139246 0.937915
vt 0.160928 0.924428
vt 0.160928 0.941011
vt 0.144877 0.940308
vt 0.147121 0.940207
vt 0.149235 0.939060
vt 0.142930 0.935252
vt 0.142438 0.937410
vt 0.150611 0.933015
vt 0.148763 0.932092
vt 0.146568 0.932203
vt 0.144451 0.933371
vt 0.150709 0.937156
vt 0.151211 0.934956
vt 0.143115 0.939336
vt 0.932859 0.748499
vt 0.935534 0.748828
vt 0.935248 0.750422
vt 0.932593 0.750005
vt 0.931506 0.729686
vt 0.934124 0.729673
vt 0.930291 0.748121
vt 0.919082 0.729731
vt 0.918587 0.746807
vt 0.921498 0.729724
vt 0.920832 0.746986
vt 0.928940 0.729697
vt 0.927840 0.747763
vt 0.923941 0.729717
vt 0.926420 0.729708
vt 0.925461 0.747471
vt 0.923121 0.747221
vt 0.911936 0.729747
vt 0.911969 0.746579
vt 0.939524 0.729641
vt 0.942305 0.729628
vt 0.941030 0.749284
vt 0.938276 0.749106
vt 0.936797 0.729657
vt 0.925233 0.748799
vt 0.927610 0.749130
vt 0.926842 0.752978
vt 0.924594 0.752517
vt 0.922962 0.748519
vt 0.920748 0.748257
vt 0.938140 0.750819
vt 0.916324 0.747939
vt 0.914070 0.747903
vt 0.930068 0.749557
vt 0.918544 0.748065
vt 0.911695 0.747903
vt 0.941401 0.751142
vt 0.916220 0.752846
vt 0.918190 0.752933
vt 0.917834 0.756193
vt 0.916056 0.756038
vt 0.934262 0.754988
vt 0.931645 0.754236
vt 0.922430 0.752094
vt 0.920337 0.751770
vt 0.937193 0.755805
vt 0.916233 0.751464
vt 0.914141 0.751465
vt 0.929166 0.753602
vt 0.918291 0.751541
vt 0.911934 0.751674
vt 0.940563 0.756619
vt 0.928718 0.755222
vt 0.926459 0.754525
vt 0.924291 0.753993
vt 0.936522 0.757850
vt 0.933742 0.756893
vt 0.914305 0.752845
vt 0.912509 0.752985
vt 0.922226 0.753534
vt 0.920199 0.753180
vt 0.931143 0.755978
vt 0.939534 0.758730
vt 0.932020 0.782104
vt 0.927412 0.780259
vt 0.924310 0.776396
vt 0.923545 0.771508
vt 0.925419 0.766859
vt 0.929366 0.763771
vt 0.934329 0.763070
vt 0.938193 0.764560
vt 0.941402 0.768312
vt 0.942305 0.773166
vt 0.940659 0.777821
vt 0.936907 0.781030
vt 0.919626 0.756477
vt 0.927201 0.759078
vt 0.925198 0.758172
vt 0.923286 0.757456
vt 0.921438 0.756895
vt 0.914290 0.755980
vt 0.912539 0.755997
vt 0.931691 0.761512
vt 0.929346 0.760180
vt 0.855868 0.067875
vt 0.855868 0.019873
vt 0.858666 0.019873
vt 0.858666 0.067875
vt 0.861463 0.019873
vt 0.861463 0.067875
vt 0.864260 0.019873
vt 0.864260 0.067875
vt 0.847476 0.067875
vt 0.847476 0.019873
vt 0.850274 0.019873
vt 0.850274 0.067875
vt 0.857267 0.017451
vt 0.853071 0.019873
vt 0.851672 0.017451
vt 0.853071 0.015028
vt 0.855868 0.015028
vt 0.853071 0.067875
vt 0.857267 0.070298
vt 0.855868 0.072721
vt 0.853071 0.072721
vt 0.851672 0.070298
s 1
f 167/1/1 55/2/2 4/3/3 56/4/4
f 56/4/4 4/3/3 58/5/5 166/6/5
f 135/7/6 26/8/7 89/9/8 155/10/9
f 166/6/5 58/5/5 6/11/10 59/12/10
f 59/12/10 6/11/10 61/13/11 165/14/11
f 165/14/11 61/13/11 8/15/12 125/16/12
f 125/16/12 8/15/12 63/17/13 164/18/13
f 164/18/13 63/17/13 10/19/14 126/20/14
f 126/20/14 10/19/14 66/21/15 163/22/15
f 163/22/15 66/21/15 12/23/16 127/24/17
f 127/24/17 12/23/16 69/25/18 162/26/19
f 162/26/19 69/25/18 14/27/20 128/28/21
f 161/29/22 80/30/23 16/31/24 73/32/25
f 79/33/26 161/29/22 73/32/25 17/34/27
f 160/35/28 79/36/26 17/37/27 74/38/29
f 78/39/30 160/35/28 74/38/29 18/40/31
f 159/41/32 78/39/30 18/40/31 75/42/33
f 77/43/34 159/41/32 75/42/33 19/44/35
f 158/45/36 128/28/21 14/27/20 71/46/37
f 81/47/38 158/45/36 71/46/37 15/48/39
f 157/49/40 77/43/34 19/44/35 76/50/41
f 136/51/42 157/49/40 76/50/41 2/52/43
f 156/53/44 81/47/38 15/48/39 72/54/45
f 80/30/23 156/53/44 72/54/45 16/31/24
f 155/10/9 89/9/8 28/55/46 90/56/47
f 90/56/47 28/55/46 92/57/15 154/58/15
f 154/58/15 92/57/15 30/59/14 93/60/14
f 93/60/14 30/59/14 95/61/13 153/62/13
f 153/62/13 95/61/13 32/63/12 96/64/12
f 96/64/12 32/63/12 98/65/11 152/66/11
f 152/66/11 98/65/11 34/67/10 131/68/10
f 131/68/10 34/67/10 101/69/5 151/70/5
f 151/70/5 101/69/5 36/71/48 132/72/49
f 132/72/49 36/71/48 104/73/50 150/74/51
f 150/74/51 104/73/50 38/75/52 105/76/53
f 149/77/54 115/78/55 40/79/56 108/80/57
f 114/81/58 149/77/54 108/80/57 41/82/59
f 148/83/60 114/84/58 41/85/59 109/86/61
f 113/87/62 148/83/60 109/86/61 42/88/63
f 147/89/64 113/87/62 42/88/63 110/90/65
f 112/91/66 147/89/64 110/90/65 43/92/67
f 146/93/68 105/76/53 38/75/52 106/94/69
f 116/95/70 146/93/68 106/94/69 39/96/71
f 145/97/72 112/91/66 43/92/67 111/98/73
f 135/7/6 145/97/72 111/98/73 26/8/7
f 144/99/74 116/95/70 39/96/71 107/100/75
f 115/78/55 144/99/74 107/100/75 40/79/56
f 136/51/42 2/52/43 55/2/2 167/1/1
f 179/101/76 138/102/77 50/103/78 86/104/79
f 62/105/80 179/101/76 86/104/79 51/106/81
f 178/107/82 137/108/83 13/109/84 103/110/85
f 60/111/86 178/107/82 103/110/85 11/112/87
f 177/113/88 139/114/89 52/115/90 67/116/91
f 54/117/92 177/113/88 67/116/91 53/118/93
f 176/119/94 140/120/95 49/121/96 85/122/97
f 138/102/77 176/119/94 85/122/97 50/103/78
f 175/123/98 141/124/99 33/125/100 102/126/101
f 137/127/83 175/123/98 102/126/101 13/128/84
f 174/129/102 142/130/103 9/131/104 65/132/105
f 133/133/106 174/129/102 65/132/105 7/134/107
f 173/135/108 60/111/86 11/112/87 99/136/109
f 142/130/103 173/135/108 99/136/109 9/131/104
f 172/137/110 54/117/92 53/118/93 70/138/111
f 134/139/112 172/137/110 70/138/111 1/140/113
f 171/141/114 62/142/80 51/143/81 97/144/115
f 139/114/89 171/141/114 97/144/115 52/115/90
f 170/145/116 143/146/117 35/147/118 100/148/119
f 141/124/99 170/145/116 100/148/119 33/125/100
f 169/149/120 134/139/112 1/140/113 64/150/121
f 143/146/117 169/149/120 64/150/121 35/147/118
f 168/151/122 133/133/106 7/134/107 68/152/123
f 140/120/95 168/151/122 68/152/123 49/121/96
f 47/153/124 122/154/125 144/99/74 115/78/55
f 122/154/125 48/155/126 116/95/70 144/99/74
f 25/156/127 121/157/128 145/97/72 135/7/6
f 121/157/128 44/158/129 112/91/66 145/97/72
f 48/155/126 120/159/130 146/93/68 116/95/70
f 120/159/130 37/160/131 105/76/53 146/93/68
f 44/158/129 119/161/132 147/89/64 112/91/66
f 119/161/132 45/162/133 113/87/62 147/89/64
f 45/162/133 118/163/134 148/83/60 113/87/62
f 118/163/134 46/164/135 114/84/58 148/83/60
f 46/165/135 117/166/136 149/77/54 114/81/58
f 117/166/136 47/153/124 115/78/55 149/77/54
f 3/167/137 132/72/49 150/74/51 123/168/138
f 123/168/138 150/74/51 105/76/53 37/160/131
f 5/169/10 131/68/10 151/70/5 57/170/5
f 57/170/5 151/70/5 132/72/49 3/167/137
f 31/171/12 96/64/12 152/66/11 124/172/11
f 124/172/11 152/66/11 131/68/10 5/169/10
f 29/173/14 93/60/14 153/62/13 94/174/13
f 94/174/13 153/62/13 96/64/12 31/171/12
f 27/175/139 90/56/47 154/58/15 91/176/15
f 91/176/15 154/58/15 93/60/14 29/173/14
f 25/156/127 135/7/6 155/10/9 88/177/140
f 88/177/140 155/10/9 90/56/47 27/175/139
f 23/178/141 87/179/142 156/53/44 80/30/23
f 87/179/142 24/180/143 81/47/38 156/53/44
f 37/160/131 130/181/144 157/49/40 136/51/42
f 130/181/144 20/182/145 77/43/34 157/49/40
f 24/180/143 129/183/146 158/45/36 81/47/38
f 129/183/146 25/156/127 128/28/21 158/45/36
f 20/182/145 84/184/147 159/41/32 77/43/34
f 84/184/147 21/185/148 78/39/30 159/41/32
f 21/185/148 83/186/149 160/35/28 78/39/30
f 83/186/149 22/187/150 79/36/26 160/35/28
f 22/188/150 82/189/151 161/29/22 79/33/26
f 82/189/151 23/178/141 80/30/23 161/29/22
f 27/175/139 127/24/17 162/26/19 88/177/140
f 88/177/140 162/26/19 128/28/21 25/156/127
f 29/173/14 126/20/14 163/22/15 91/176/15
f 91/176/15 163/22/15 127/24/17 27/175/139
f 31/171/12 125/16/12 164/18/13 94/174/13
f 94/174/13 164/18/13 126/20/14 29/173/14
f 5/169/10 59/12/10 165/14/11 124/172/11
f 124/172/11 165/14/11 125/16/12 31/171/12
f 3/167/137 56/4/4 166/6/5 57/170/5
f 57/170/5 166/6/5 59/12/10 5/169/10
f 37/160/131 136/51/42 167/1/1 123/168/138
f 123/168/138 167/1/1 56/4/4 3/167/137
f 44/158/129 121/157/128 168/151/122 140/120/95
f 121/157/128 25/156/127 133/133/106 168/151/122
f 20/182/145 130/181/144 169/149/120 143/146/117
f 130/181/144 37/160/131 134/139/112 169/149/120
f 21/185/148 84/184/147 170/145/116 141/124/99
f 84/184/147 20/182/145 143/146/117 170/145/116
f 47/153/124 117/166/136 171/141/114 139/114/89
f 117/166/136 46/165/135 62/142/80 171/141/114
f 37/160/131 120/159/130 172/137/110 134/139/112
f 120/159/130 48/155/126 54/117/92 172/137/110
f 24/180/143 87/179/142 173/135/108 142/130/103
f 87/179/142 23/178/141 60/111/86 173/135/108
f 25/156/127 129/183/146 174/129/102 133/133/106
f 129/183/146 24/180/143 142/130/103 174/129/102
f 22/187/150 83/186/149 175/123/98 137/127/83
f 83/186/149 21/185/148 141/124/99 175/123/98
f 45/162/133 119/161/132 176/119/94 138/102/77
f 119/161/132 44/158/129 140/120/95 176/119/94
f 48/155/126 122/154/125 177/113/88 54/117/92
f 122/154/125 47/153/124 139/114/89 177/113/88
f 23/178/141 82/189/151 178/107/82 60/111/86
f 82/189/151 22/188/150 137/108/83 178/107/82
f 46/164/135 118/163/134 179/101/76 62/105/80
f 118/163/134 45/162/133 138/102/77 179/101/76
f 70/138/111 53/118/93 191/190/152 196/191/153
f 33/125/100 100/148/119 201/192/154 185/193/155
f 53/118/93 67/116/91 194/194/156 191/190/152
f 52/115/90 97/144/115 199/195/157 190/196/158
f 67/116/91 52/115/90 190/196/158 194/194/156
f 97/144/115 51/143/81 189/197/159 199/195/157
f 64/150/121 1/140/113 180/198/160 192/199/161
f 85/122/97 49/121/96 187/200/162 197/201/163
f 68/152/123 7/134/107 181/202/164 195/203/165
f 35/147/118 64/150/121 192/199/161 186/204/166
f 50/103/78 85/122/97 197/201/163 188/205/167
f 102/126/101 33/125/100 185/193/155 202/206/168
f 49/121/96 68/152/123 195/203/165 187/200/162
f 7/134/107 65/132/105 193/207/169 181/202/164
f 86/104/79 50/103/78 188/205/167 198/208/170
f 13/128/84 102/126/101 202/206/168 184/209/171
f 9/131/104 99/136/109 200/210/172 182/211/173
f 51/106/81 86/104/79 198/208/170 189/212/159
f 65/132/105 9/131/104 182/211/173 193/207/169
f 11/112/87 103/110/85 203/213/174 183/214/175
f 99/136/109 11/112/87 183/214/175 200/210/172
f 103/110/85 13/109/84 184/215/171 203/213/174
f 1/140/113 70/138/111 196/191/153 180/198/160
f 100/148/119 35/147/118 186/204/166 201/192/154
f 198/216/12 188/217/12 212/218/12 222/219/12
f 194/220/12 190/221/12 214/222/12 218/223/12
f 202/224/12 185/225/12 209/226/12 226/227/12
f 189/228/12 198/216/12 222/219/12 213/229/12
f 195/230/12 181/231/12 205/232/12 219/233/12
f 184/234/12 202/224/12 226/227/12 208/235/12
f 190/221/12 199/236/12 223/237/12 214/222/12
f 187/238/12 195/230/12 219/233/12 211/239/12
f 183/240/12 203/241/12 227/242/12 207/243/12
f 192/244/12 180/245/12 204/246/12 216/247/12
f 199/236/12 189/228/12 213/229/12 223/237/12
f 180/245/12 196/248/12 220/249/12 204/246/12
f 203/241/12 184/234/12 208/235/12 227/242/12
f 186/250/12 192/244/12 216/247/12 210/251/12
f 182/252/12 200/253/12 224/254/12 206/255/12
f 196/248/12 191/256/12 215/257/12 220/249/12
f 181/231/12 193/258/12 217/259/12 205/232/12
f 200/253/12 183/240/12 207/243/12 224/254/12
f 197/260/12 187/238/12 211/239/12 221/261/12
f 193/258/12 182/252/12 206/255/12 217/259/12
f 201/262/12 186/250/12 210/251/12 225/263/12
f 188/217/12 197/260/12 221/261/12 212/218/12
f 191/256/12 194/220/12 218/223/12 215/257/12
f 185/225/12 201/262/12 225/263/12 209/226/12
f 227/242/174 208/235/171 232/264/171 251/265/174
f 210/251/166 216/247/161 240/266/161 234/267/166
f 206/255/173 224/254/172 248/268/172 230/269/173
f 220/249/153 215/257/152 239/270/152 244/271/153
f 205/232/164 217/259/169 241/272/169 229/273/164
f 224/254/172 207/243/175 231/274/175 248/268/172
f 221/261/163 211/239/162 235/275/162 245/276/163
f 217/259/169 206/255/173 230/269/173 241/272/169
f 225/263/154 210/251/166 234/267/166 249/277/154
f 212/218/167 221/261/163 245/276/163 236/278/167
f 215/257/152 218/223/156 242/279/156 239/270/152
f 209/226/155 225/263/154 249/277/154 233/280/155
f 222/219/170 212/218/167 236/278/167 246/281/170
f 218/223/156 214/222/158 238/282/158 242/279/156
f 226/227/168 209/226/155 233/280/155 250/283/168
f 213/229/159 222/219/170 246/281/170 237/284/159
f 219/233/165 205/232/164 229/273/164 243/285/165
f 208/235/171 226/227/168 250/283/168 232/264/171
f 214/222/158 223/237/157 247/286/157 238/282/158
f 211/239/162 219/233/165 243/285/165 235/275/162
f 207/243/175 227/242/174 251/265/174 231/274/175
f 216/247/161 204/246/160 228/287/160 240/266/161
f 223/237/157 213/229/159 237/284/159 247/286/157
f 204/246/160 220/249/153 244/271/153 228/287/160
f 246/281/12 236/278/12 260/288/12 270/289/12
f 242/279/12 238/282/12 262/290/12 266/291/12
f 250/283/12 233/280/12 257/292/12 274/293/12
f 237/284/12 246/281/12 270/289/12 261/294/12
f 243/285/12 229/273/12 253/295/12 267/296/12
f 232/264/12 250/283/12 274/293/12 256/297/12
f 238/282/12 247/286/12 271/298/12 262/290/12
f 235/275/12 243/285/12 267/296/12 259/299/12
f 231/274/12 251/265/12 275/300/12 255/301/12
f 240/266/12 228/287/12 252/302/12 264/303/12
f 247/286/12 237/284/12 261/294/12 271/298/12
f 228/287/12 244/271/12 268/304/12 252/302/12
f 251/265/12 232/264/12 256/297/12 275/300/12
f 234/267/12 240/266/12 264/303/12 258/305/12
f 230/269/12 248/268/12 272/306/12 254/307/12
f 244/271/12 239/270/12 263/308/12 268/304/12
f 229/273/12 241/272/12 265/309/12 253/295/12
f 248/268/12 231/274/12 255/301/12 272/306/12
f 245/276/12 235/275/12 259/299/12 269/310/12
f 241/272/12 230/269/12 254/307/12 265/309/12
f 249/277/12 234/267/12 258/305/12 273/311/12
f 236/278/12 245/276/12 269/310/12 260/288/12
f 239/270/12 242/279/12 266/291/12 263/308/12
f 233/280/12 249/277/12 273/311/12 257/292/12
f 258/312/166 264/313/161 288/314/161 282/315/166
f 254/316/173 272/317/172 296/318/172 278/319/173
f 268/320/153 263/321/152 287/322/152 292/323/153
f 253/324/164 265/325/169 289/326/169 277/327/164
f 272/317/172 255/328/175 279/329/175 296/318/172
f 269/330/163 259/331/162 283/332/162 293/333/163
f 265/325/169 254/316/173 278/319/173 289/326/169
f 273/334/154 258/312/166 282/315/166 297/335/154
f 260/336/167 269/330/163 293/333/163 284/337/167
f 263/321/152 266/338/156 290/339/156 287/322/152
f 257/340/155 273/334/154 297/335/154 281/341/155
f 270/342/170 260/336/167 284/337/167 294/343/170
f 266/338/156 262/344/158 286/345/158 290/339/156
f 274/346/168 257/340/155 281/341/155 298/347/168
f 261/348/159 270/342/170 294/343/170 285/349/159
f 267/350/165 253/324/164 277/327/164 291/351/165
f 256/352/171 274/346/168 298/347/168 280/353/171
f 262/344/158 271/354/157 295/355/157 286/345/158
f 259/331/162 267/350/165 291/351/165 283/332/162
f 255/328/175 275/356/174 299/357/174 279/329/175
f 264/313/161 252/358/160 276/359/160 288/314/161
f 271/354/157 261/348/159 285/349/159 295/355/157
f 252/358/160 268/320/153 292/323/153 276/359/160
f 275/356/174 256/360/171 280/361/171 299/357/174
f 276/362/176 292/363/176 287/364/176 290/365/176 286/366/176 295/367/176 285/368/176 294/369/176 284/370/176 293/371/176 283/372/176 291/373/176 277/374/176 289/375/176 278/376/176 296/377/176 279/378/176 299/379/176 280/380/176 298/381/176 281/382/176 297/383/176 282/384/176 288/385/176
f 8/386/177 61/387/178 314/388/178 303/389/177
f 14/390/179 69/391/180 317/392/180 306/393/179
f 66/394/181 10/395/182 304/396/182 316/397/181
f 17/398/183 73/399/184 320/400/184 309/401/183
f 12/402/185 66/394/181 316/397/181 305/403/185
f 74/404/186 17/405/183 309/406/183 321/407/186
f 63/408/187 8/386/177 303/389/177 315/409/187
f 58/410/188 4/411/189 301/412/189 313/413/188
f 18/414/190 74/404/186 321/407/186 310/415/190
f 10/395/182 63/408/187 315/409/187 304/396/182
f 71/416/191 14/390/179 306/393/179 318/417/191
f 6/418/192 58/410/188 313/413/188 302/419/192
f 75/420/193 18/414/190 310/415/190 322/421/193
f 15/422/194 71/416/191 318/417/191 307/423/194
f 19/424/195 75/420/193 322/421/193 311/425/195
f 55/426/196 2/427/197 300/428/197 312/429/196
f 72/430/198 15/422/194 307/423/194 319/431/198
f 76/432/199 19/424/195 311/425/195 323/433/199
f 4/411/189 55/426/196 312/429/196 301/412/189
f 16/434/200 72/430/198 319/431/198 308/435/200
f 61/387/178 6/418/192 302/419/192 314/388/178
f 69/391/180 12/402/185 305/403/185 317/392/180
f 2/427/197 76/432/199 323/433/199 300/428/197
f 73/399/184 16/434/200 308/435/200 320/400/184
f 313/413/5 301/412/201 325/436/201 337/437/5
f 309/401/176 320/400/202 344/438/202 333/439/176
f 317/392/203 305/403/204 329/440/204 341/441/203
f 302/419/10 313/413/5 337/437/5 326/442/10
f 321/407/205 309/406/176 333/443/176 345/444/205
f 306/393/164 317/392/203 341/441/203 330/445/164
f 314/388/11 302/419/10 326/442/10 338/446/11
f 310/415/206 321/407/205 345/444/205 334/447/206
f 318/417/207 306/393/164 330/445/164 342/448/207
f 303/389/12 314/388/11 338/446/11 327/449/12
f 322/421/208 310/415/206 334/447/206 346/450/208
f 307/423/209 318/417/207 342/448/207 331/451/209
f 315/409/13 303/389/12 327/449/12 339/452/13
f 311/425/210 322/421/208 346/450/208 335/453/210
f 319/431/211 307/423/209 331/451/209 343/454/211
f 304/396/14 315/409/13 339/452/13 328/455/14
f 323/433/212 311/425/210 335/453/210 347/456/212
f 312/429/213 300/428/160 324/457/160 336/458/213
f 308/435/214 319/431/211 343/454/211 332/459/214
f 316/397/15 304/396/14 328/455/14 340/460/15
f 300/428/160 323/433/212 347/456/212 324/457/160
f 301/412/201 312/429/213 336/458/213 325/436/201
f 320/400/202 308/435/214 332/459/214 344/438/202
f 305/403/204 316/397/15 340/460/15 329/440/204
f 339/461/159 327/462/159 351/463/159 363/464/159
f 335/465/159 346/466/159 370/467/159 359/468/159
f 343/469/159 331/470/159 355/471/159 367/472/159
f 328/473/159 339/461/159 363/464/159 352/474/159
f 347/475/159 335/465/159 359/468/159 371/476/159
f 336/477/159 324/478/159 348/479/159 360/480/159
f 332/481/159 343/469/159 367/472/159 356/482/159
f 340/483/159 328/473/159 352/474/159 364/484/159
f 324/478/159 347/475/159 371/476/159 348/479/159
f 325/485/159 336/477/159 360/480/159 349/486/159
f 344/487/159 332/481/159 356/482/159 368/488/159
f 329/489/159 340/483/159 364/484/159 353/490/159
f 337/491/159 325/485/159 349/486/159 361/492/159
f 333/493/159 344/487/159 368/488/159 357/494/159
f 341/495/159 329/489/159 353/490/159 365/496/159
f 326/497/159 337/491/159 361/492/159 350/498/159
f 345/499/159 333/493/159 357/494/159 369/500/159
f 330/501/159 341/495/159 365/496/159 354/502/159
f 338/503/159 326/497/159 350/498/159 362/504/159
f 334/505/159 345/499/159 369/500/159 358/506/159
f 342/507/159 330/501/159 354/502/159 366/508/159
f 327/462/159 338/503/159 362/504/159 351/463/159
f 346/466/159 334/505/159 358/506/159 370/467/159
f 331/470/159 342/507/159 366/508/159 355/471/159
f 357/509/176 368/510/202 392/511/202 381/512/176
f 365/513/203 353/514/204 377/515/204 389/516/203
f 350/517/10 361/518/5 385/519/5 374/520/10
f 369/521/205 357/522/176 381/523/176 393/524/205
f 354/525/164 365/513/203 389/516/203 378/526/164
f 362/527/11 350/517/10 374/520/10 386/528/11
f 358/529/206 369/521/205 393/524/205 382/530/206
f 366/531/207 354/525/164 378/526/164 390/532/207
f 351/533/12 362/527/11 386/528/11 375/534/12
f 370/535/208 358/529/206 382/530/206 394/536/208
f 355/537/209 366/531/207 390/532/207 379/538/209
f 363/539/13 351/533/12 375/534/12 387/540/13
f 359/541/210 370/535/208 394/536/208 383/542/210
f 367/543/211 355/537/209 379/538/209 391/544/211
f 352/545/14 363/539/13 387/540/13 376/546/14
f 371/547/212 359/541/210 383/542/210 395/548/212
f 360/549/213 348/550/160 372/551/160 384/552/213
f 356/553/214 367/543/211 391/544/211 380/554/214
f 364/555/15 352/545/14 376/546/14 388/556/15
f 348/550/160 371/547/212 395/548/212 372/551/160
f 349/557/201 360/549/213 384/552/213 373/558/201
f 368/510/202 356/553/214 380/554/214 392/511/202
f 353/514/204 364/555/15 388/556/15 377/515/204
f 361/518/5 349/557/201 373/558/201 385/519/5
f 387/540/171 375/534/171 399/559/171 411/560/171
f 383/542/171 394/536/171 418/561/171 407/562/171
f 391/544/171 379/538/171 403/563/171 415/564/171
f 376/546/171 387/540/171 411/560/171 400/565/171
f 395/548/171 383/542/171 407/562/171 419/566/171
f 384/552/171 372/551/171 396/567/171 408/568/171
f 380/554/171 391/544/171 415/564/171 404/569/171
f 388/556/171 376/546/171 400/565/171 412/570/171
f 372/551/171 395/548/171 419/566/171 396/567/171
f 373/558/171 384/552/171 408/568/171 397/571/171
f 392/511/171 380/554/171 404/569/171 416/572/171
f 377/515/171 388/556/171 412/570/171 401/573/171
f 385/519/171 373/558/171 397/571/171 409/574/171
f 381/512/171 392/511/171 416/572/171 405/575/171
f 389/516/171 377/515/171 401/573/171 413/576/171
f 374/520/171 385/519/171 409/574/171 398/577/171
f 393/524/171 381/523/171 405/578/171 417/579/171
f 378/526/171 389/516/171 413/576/171 402/580/171
f 386/528/171 374/520/171 398/577/171 410/581/171
f 382/530/171 393/524/171 417/579/171 406/582/171
f 390/532/171 378/526/171 402/580/171 414/583/171
f 375/534/171 386/528/171 410/581/171 399/559/171
f 394/536/171 382/530/171 406/582/171 418/561/171
f 379/538/171 390/532/171 414/583/171 403/563/171
f 413/576/203 401/573/204 425/584/204 437/585/203
f 398/577/10 409/574/5 433/586/5 422/587/10
f 417/579/205 405/578/176 429/588/176 441/589/205
f 402/580/164 413/576/203 437/585/203 426/590/164
f 410/581/11 398/577/10 422/587/10 434/591/11
f 406/582/206 417/579/205 441/589/205 430/592/206
f 414/583/207 402/580/164 426/590/164 438/593/207
f 399/559/12 410/581/11 434/591/11 423/594/12
f 418/561/208 406/582/206 430/592/206 442/595/208
f 403/563/209 414/583/207 438/593/207 427/596/209
f 411/560/13 399/559/12 423/594/12 435/597/13
f 407/562/210 418/561/208 442/595/208 431/598/210
f 415/564/211 403/563/209 427/596/209 439/599/211
f 400/565/14 411/560/13 435/597/13 424/600/14
f 419/566/212 407/562/210 431/598/210 443/601/212
f 408/568/213 396/567/160 420/602/160 432/603/213
f 404/569/214 415/564/211 439/599/211 428/604/214
f 412/570/15 400/565/14 424/600/14 436/605/15
f 396/567/160 419/566/212 443/601/212 420/602/160
f 397/571/201 408/568/213 432/603/213 421/606/201
f 416/572/202 404/569/214 428/604/214 440/607/202
f 401/573/204 412/570/15 436/605/15 425/584/204
f 409/574/5 397/571/201 421/606/201 433/586/5
f 405/575/176 416/572/202 440/607/202 429/608/176
f 431/609/215 442/610/216 466/611/216 455/612/215
f 439/613/217 427/614/218 451/615/218 463/616/217
f 424/617/219 435/618/220 459/619/220 448/620/219
f 443/621/221 431/609/215 455/612/215 467/622/221
f 432/623/222 420/624/223 444/625/223 456/626/222
f 428/627/224 439/613/217 463/616/217 452/628/224
f 436/629/225 424/617/219 448/620/219 460/630/225
f 420/624/223 443/621/221 467/622/221 444/625/223
f 421/631/226 432/623/222 456/626/222 445/632/226
f 440/633/227 428/627/224 452/628/224 464/634/227
f 425/635/228 436/629/225 460/630/225 449/636/228
f 433/637/229 421/631/226 445/632/226 457/638/229
f 429/639/230 440/633/227 464/634/227 453/640/230
f 437/641/231 425/635/228 449/636/228 461/642/231
f 422/643/232 433/637/229 457/638/229 446/644/232
f 441/645/233 429/639/230 453/640/230 465/646/233
f 426/647/234 437/641/231 461/642/231 450/648/234
f 434/649/235 422/643/232 446/644/232 458/650/235
f 430/651/236 441/645/233 465/646/233 454/652/236
f 438/653/237 426/647/234 450/648/234 462/654/237
f 423/655/238 434/649/235 458/650/235 447/656/238
f 442/610/216 430/651/236 454/652/236 466/611/216
f 427/614/218 438/653/237 462/654/237 451/615/218
f 435/618/220 423/655/238 447/656/238 459/619/220
f 461/642/203 449/636/204 473/657/204 485/658/203
f 446/644/10 457/638/5 481/659/5 470/660/10
f 465/646/205 453/640/176 477/661/176 489/662/205
f 450/648/164 461/642/203 485/658/203 474/663/164
f 458/650/11 446/644/10 470/660/10 482/664/11
f 454/652/206 465/646/205 489/662/205 478/665/206
f 462/654/207 450/648/164 474/663/164 486/666/207
f 447/656/12 458/650/11 482/664/11 471/667/12
f 466/611/208 454/652/206 478/665/206 490/668/208
f 451/615/209 462/654/207 486/666/207 475/669/209
f 459/619/13 447/656/12 471/667/12 483/670/13
f 455/612/210 466/611/208 490/668/208 479/671/210
f 463/616/211 451/615/209 475/669/209 487/672/211
f 448/620/14 459/619/13 483/670/13 472/673/14
f 467/622/212 455/612/210 479/671/210 491/674/212
f 456/626/213 444/625/160 468/675/160 480/676/213
f 452/628/214 463/616/211 487/672/211 476/677/214
f 460/630/15 448/620/14 472/673/14 484/678/15
f 444/625/160 467/622/212 491/674/212 468/675/160
f 445/632/201 456/626/213 480/676/213 469/679/201
f 464/634/202 452/628/214 476/677/214 488/680/202
f 449/636/204 460/630/15 484/678/15 473/657/204
f 457/638/5 445/632/201 469/679/201 481/659/5
f 453/640/176 464/634/202 488/680/202 477/661/176
f 468/675/171 491/674/171 479/671/171 490/668/171 478/665/171 489/662/171 477/661/171 488/680/171 476/677/171 487/672/171 475/669/171 486/666/171 474/663/171 485/658/171 473/657/171 484/678/171 472/673/171 483/670/171 471/667/171 482/664/171 470/660/171 481/659/171 469/679/171 480/676/171
f 36/681/239 101/682/240 525/683/240 526/684/239
f 42/685/241 109/686/242 535/687/242 536/688/241
f 89/689/243 26/690/244 516/691/244 517/692/243
f 98/693/245 32/694/246 522/695/246 523/696/245
f 106/697/247 38/698/248 528/699/248 529/700/247
f 110/701/249 42/685/241 536/688/241 537/702/249
f 28/703/250 89/689/243 517/692/243 518/704/250
f 34/705/251 98/693/245 523/696/245 524/706/251
f 39/707/252 106/697/247 529/700/247 530/708/252
f 43/709/253 110/701/249 537/702/249 538/710/253
f 107/711/254 39/707/252 530/708/252 531/712/254
f 95/713/255 30/714/256 520/715/256 521/716/255
f 111/717/257 43/709/253 538/710/253 539/718/257
f 40/719/258 107/711/254 531/712/254 532/720/258
f 32/694/246 95/713/255 521/716/255 522/695/246
f 26/690/244 111/717/257 539/718/257 516/691/244
f 108/721/259 40/719/258 532/720/258 533/722/259
f 104/723/260 36/681/239 526/684/239 527/724/260
f 92/725/261 28/703/250 518/704/250 519/726/261
f 41/727/262 108/721/259 533/722/259 534/728/262
f 38/698/248 104/723/260 527/724/260 528/699/248
f 30/714/256 92/725/261 519/726/261 520/715/256
f 101/682/240 34/705/251 524/706/251 525/683/240
f 109/686/242 41/727/262 534/728/262 535/687/242
f 505/729/15 493/730/204 542/731/204 543/732/15
f 492/733/159 504/734/159 517/692/159 516/691/159
f 504/734/159 493/735/159 518/704/159 517/692/159
f 493/735/159 505/736/159 519/726/159 518/704/159
f 505/736/159 494/737/159 520/715/159 519/726/159
f 494/737/159 506/738/159 521/716/159 520/715/159
f 506/738/159 495/739/159 522/695/159 521/716/159
f 495/739/159 507/740/159 523/696/159 522/695/159
f 507/740/159 496/741/159 524/706/159 523/696/159
f 496/741/159 508/742/159 525/683/159 524/706/159
f 508/742/159 497/743/159 526/684/159 525/683/159
f 497/743/159 509/744/159 527/724/159 526/684/159
f 509/744/159 498/745/159 528/699/159 527/724/159
f 498/745/159 510/746/159 529/700/159 528/699/159
f 510/746/159 499/747/159 530/708/159 529/700/159
f 499/747/159 511/748/159 531/712/159 530/708/159
f 511/748/159 500/749/159 532/720/159 531/712/159
f 500/749/159 512/750/159 533/722/159 532/720/159
f 512/750/159 501/751/159 534/728/159 533/722/159
f 501/751/159 513/752/159 535/687/159 534/728/159
f 513/752/159 502/753/159 536/688/159 535/687/159
f 502/753/159 514/754/159 537/702/159 536/688/159
f 514/754/159 503/755/159 538/710/159 537/702/159
f 503/755/159 515/756/159 539/718/159 538/710/159
f 515/756/159 492/733/159 516/691/159 539/718/159
f 501/757/176 512/758/205 557/759/205 558/760/176
f 509/761/213 497/762/201 550/763/201 551/764/213
f 494/765/14 505/729/15 543/732/15 544/766/14
f 513/767/202 501/757/176 558/760/176 559/768/202
f 498/769/160 509/761/213 551/764/213 552/770/160
f 506/771/13 494/765/14 544/766/14 545/772/13
f 502/773/214 513/767/202 559/768/202 560/774/214
f 510/775/212 498/769/160 552/770/160 553/776/212
f 495/777/12 506/771/13 545/772/13 546/778/12
f 514/779/211 502/773/214 560/774/214 561/780/211
f 499/781/210 510/775/212 553/776/212 554/782/210
f 507/783/11 495/777/12 546/778/12 547/784/11
f 503/785/209 514/779/211 561/780/211 562/786/209
f 511/787/208 499/781/210 554/782/210 555/788/208
f 496/789/10 507/783/11 547/784/11 548/790/10
f 515/791/207 503/785/209 562/786/209 563/792/207
f 504/793/203 492/794/164 540/795/164 541/796/203
f 500/797/206 511/787/208 555/788/208 556/798/206
f 508/799/5 496/789/10 548/790/10 549/800/5
f 492/794/164 515/791/207 563/792/207 540/795/164
f 493/730/204 504/793/203 541/796/203 542/731/204
f 512/758/205 500/797/206 556/798/206 557/759/205
f 497/762/201 508/799/5 549/800/5 550/763/201
f 572/801/210 565/802/210 564/803/210 571/804/210
f 573/805/263 576/806/264 575/807/265 574/808/266
f 578/809/267 575/807/265 577/810/268
f 580/811/269 578/809/267 579/812/270
f 590/813/14 587/814/204 615/815/204 618/816/14
f 569/817/12 568/818/12 580/819/12 594/820/12 595/821/12
f 564/803/201 569/817/201 595/821/201 571/804/201
f 599/822/271 570/823/272 571/824/273 609/825/274
f 572/826/275 570/823/272 599/822/271 598/827/276 574/808/266
f 600/828/277 573/805/263 574/808/266 598/827/276
f 573/805/263 600/828/277 608/829/278 576/806/264
f 577/810/268 575/807/265 576/806/264 608/829/278 607/830/279
f 604/831/280 578/809/267 577/810/268 607/830/279
f 603/832/281 579/812/270 578/809/267 604/831/280
f 594/833/282 580/811/269 579/812/270 603/832/281 606/834/283
f 606/834/283 605/835/284 593/836/285 594/833/282
f 605/835/284 602/837/286 596/838/287 593/836/285
f 596/838/287 602/837/286 601/839/288 597/840/289 595/841/290
f 601/839/288 609/825/274 571/824/273 597/840/289
f 595/841/290 594/833/282 593/836/285 596/838/287
f 578/842/204 580/819/204 568/818/204 567/843/204
f 575/844/209 578/842/209 567/843/209 566/845/209
f 574/846/176 575/844/176 566/845/176 565/802/176 572/801/176
f 571/824/273 570/823/272 572/826/275
f 571/824/273 595/841/290 597/840/289
f 582/847/159 581/848/159 598/827/159 599/822/159
f 581/848/159 583/849/159 600/828/159 598/827/159
f 586/850/159 585/851/159 601/839/159 602/837/159
f 589/852/159 587/814/159 603/832/159 604/831/159
f 590/813/159 584/853/159 605/835/159 606/834/159
f 591/854/159 588/855/159 607/830/159 608/829/159
f 592/856/159 582/847/159 599/822/159 609/825/159
f 583/849/159 591/854/159 608/829/159 600/828/159
f 585/851/159 592/856/159 609/825/159 601/839/159
f 587/814/159 590/813/159 606/834/159 603/832/159
f 588/855/159 589/852/159 604/831/159 607/830/159
f 584/853/159 586/850/159 602/837/159 605/835/159
f 620/857/159 612/858/159 610/859/159 611/860/159 621/861/159 613/862/159 614/863/159 617/864/159 618/816/159 615/815/159 616/865/159 619/866/159
f 582/847/210 592/856/160 621/861/160 611/860/210
f 587/814/204 589/852/164 616/865/164 615/815/204
f 589/852/164 588/855/209 619/866/209 616/865/164
f 581/848/206 582/847/210 611/860/210 610/859/206
f 591/854/214 583/849/176 612/858/176 620/857/214
f 584/853/12 590/813/14 618/816/14 617/864/12
f 586/850/10 584/853/12 617/864/12 614/863/10
f 583/849/176 581/848/206 610/859/206 612/858/176
f 592/856/160 585/851/201 613/862/201 621/861/160
f 588/855/209 591/854/214 620/857/214 619/866/209
f 585/851/201 586/850/10 614/863/10 613/862/201
f 630/867/201 623/868/201 622/869/201 629/870/201
f 631/871/272 634/872/291 633/873/292 632/874/293
f 636/875/294 633/873/292 635/876/263
f 638/877/295 636/875/294 637/878/268
f 648/879/164 645/880/209 673/881/209 676/882/164
f 627/883/204 626/884/204 638/885/204 652/886/204 653/887/204
f 622/869/12 627/883/12 653/887/12 629/870/12
f 657/888/288 628/889/289 629/890/296 667/891/286
f 630/867/297 628/889/289 657/888/288 656/892/274 632/874/293
f 658/893/271 631/871/272 632/874/293 656/892/274
f 631/871/272 658/893/271 666/894/276 634/872/291
f 635/876/263 633/873/292 634/872/291 666/894/276 665/895/277
f 662/896/278 636/875/294 635/876/263 665/895/277
f 661/897/279 637/878/268 636/875/294 662/896/278
f 652/898/298 638/877/295 637/878/268 661/897/279 664/899/280
f 664/899/280 663/900/281 651/901/270 652/898/298
f 663/900/281 660/902/283 654/903/299 651/901/270
f 654/903/299 660/902/283 659/904/284 655/905/285 653/906/300
f 659/904/284 667/891/286 629/890/296 655/905/285
f 653/906/300 652/898/298 651/901/270 654/903/299
f 636/907/209 638/885/209 626/884/209 625/908/209
f 633/909/176 636/907/176 625/908/176 624/910/176
f 632/874/210 633/909/210 624/910/210 623/868/210 630/867/210
f 629/890/296 628/889/289 630/867/297
f 629/890/296 653/906/300 655/905/285
f 640/911/159 639/912/159 656/892/159 657/888/159
f 639/912/159 641/913/159 658/893/159 656/892/159
f 644/914/159 643/915/159 659/904/159 660/902/159
f 647/916/159 645/880/159 661/897/159 662/896/159
f 648/879/159 642/917/159 663/900/159 664/899/159
f 649/918/159 646/919/159 665/895/159 666/894/159
f 650/920/159 640/911/159 657/888/159 667/891/159
f 641/913/159 649/918/159 666/894/159 658/893/159
f 643/915/159 650/920/159 667/891/159 659/904/159
f 645/880/159 648/879/159 664/899/159 661/897/159
f 646/919/159 647/916/159 662/896/159 665/895/159
f 642/917/159 644/914/159 660/902/159 663/900/159
f 678/921/159 670/922/159 668/923/159 669/924/159 679/925/159 671/926/159 672/927/159 675/928/159 676/882/159 673/881/159 674/929/159 677/930/159
f 640/911/201 650/920/10 679/925/10 669/924/201
f 645/880/209 647/916/214 674/929/214 673/881/209
f 647/916/214 646/919/176 677/930/176 674/929/214
f 639/912/160 640/911/201 669/924/201 668/923/160
f 649/918/206 641/913/210 670/922/210 678/921/206
f 642/917/204 648/879/164 676/882/164 675/928/204
f 644/914/14 642/917/204 675/928/204 672/927/14
f 641/913/210 639/912/160 668/923/160 670/922/210
f 650/920/10 643/915/12 671/926/12 679/925/10
f 646/919/176 649/918/206 678/921/206 677/930/176
f 643/915/12 644/914/14 672/927/14 671/926/12
f 688/931/12 681/932/12 680/933/12 687/934/12
f 689/935/289 692/936/301 691/937/302 690/938/303
f 694/939/304 691/937/302 693/940/272
f 696/941/305 694/939/304 695/942/263
f 706/943/214 703/944/176 731/945/176 734/946/214
f 685/947/209 684/948/209 696/949/209 710/950/209 711/951/209
f 680/933/204 685/947/204 711/951/204 687/934/204
f 715/952/284 686/953/285 687/954/306 725/955/283
f 688/956/307 686/953/285 715/952/284 714/957/286 690/938/303
f 716/958/288 689/935/289 690/938/303 714/957/286
f 689/935/289 716/958/288 724/959/274 692/936/301
f 693/940/272 691/937/302 692/936/301 724/959/274 723/960/271
f 720/961/276 694/939/304 693/940/272 723/960/271
f 719/962/277 695/942/263 694/939/304 720/961/276
f 710/963/308 696/941/305 695/942/263 719/962/277 722/964/278
f 722/964/278 721/965/279 709/966/268 710/963/308
f 721/965/279 718/967/280 712/968/309 709/966/268
f 712/968/309 718/967/280 717/969/281 713/970/270 711/971/310
f 717/969/281 725/955/283 687/954/306 713/970/270
f 711/971/310 710/963/308 709/966/268 712/968/309
f 694/972/176 696/949/176 684/948/176 683/973/176
f 691/974/210 694/972/210 683/973/210 682/975/210
f 690/976/201 691/974/201 682/975/201 681/932/201 688/931/201
f 687/954/306 686/953/285 688/956/307
f 687/954/306 711/971/310 713/970/270
f 698/977/159 697/978/159 714/957/159 715/952/159
f 697/978/159 699/979/159 716/958/159 714/957/159
f 702/980/159 701/981/159 717/969/159 718/967/159
f 705/982/159 703/944/159 719/962/159 720/961/159
f 706/943/159 700/983/159 721/965/159 722/964/159
f 707/984/159 704/985/159 723/960/159 724/959/159
f 708/986/159 698/977/159 715/952/159 725/955/159
f 699/979/159 707/984/159 724/959/159 716/958/159
f 701/981/159 708/986/159 725/955/159 717/969/159
f 703/944/159 706/943/159 722/964/159 719/962/159
f 704/985/159 705/982/159 720/961/159 723/960/159
f 700/983/159 702/980/159 718/967/159 721/965/159
f 736/987/159 728/988/159 726/989/159 727/990/159 737/991/159 729/992/159 730/993/159 733/994/159 734/946/159 731/945/159 732/995/159 735/996/159
f 698/977/12 708/986/14 737/991/14 727/990/12
f 703/944/176 705/982/206 732/995/206 731/945/176
f 705/982/206 704/985/210 735/996/210 732/995/206
f 697/978/10 698/977/12 727/990/12 726/989/10
f 707/984/160 699/979/201 728/988/201 736/987/160
f 700/983/209 706/943/214 734/946/214 733/994/209
f 702/980/164 700/983/209 733/994/209 730/993/164
f 699/979/201 697/978/10 726/989/10 728/988/201
f 708/986/14 701/981/204 729/992/204 737/991/14
f 704/985/210 707/984/160 736/987/160 735/996/210
f 701/981/204 702/980/164 730/993/164 729/992/204
f 746/997/204 739/998/204 738/999/204 745/1000/204
f 747/1001/285 750/1002/311 749/1003/312 748/1004/313
f 752/1005/273 749/1003/312 751/1006/289
f 754/1007/314 752/1005/273 753/1008/272
f 764/1009/206 761/1010/210 789/1011/210 792/1012/206
f 743/1013/176 742/1014/176 754/1015/176 768/1016/176 769/1017/176
f 738/999/209 743/1013/209 769/1017/209 745/1000/209
f 773/1018/281 744/1019/270 745/1020/267 783/1021/280
f 746/1022/315 744/1019/270 773/1018/281 772/1023/283 748/1004/313
f 774/1024/284 747/1001/285 748/1004/313 772/1023/283
f 747/1001/285 774/1024/284 782/1025/286 750/1002/311
f 751/1006/289 749/1003/312 750/1002/311 782/1025/286 781/1026/288
f 778/1027/274 752/1005/273 751/1006/289 781/1026/288
f 777/1028/271 753/1008/272 752/1005/273 778/1027/274
f 768/1029/316 754/1007/314 753/1008/272 777/1028/271 780/1030/276
f 780/1030/276 779/1031/277 767/1032/263 768/1029/316
f 779/1031/277 776/1033/278 770/1034/317 767/1032/263
f 770/1034/317 776/1033/278 775/1035/279 771/1036/268 769/1037/318
f 775/1035/279 783/1021/280 745/1020/267 771/1036/268
f 769/1037/318 768/1029/316 767/1032/263 770/1034/317
f 752/1038/210 754/1015/210 742/1014/210 741/1039/210
f 749/1040/201 752/1038/201 741/1039/201 740/1041/201
f 748/1042/12 749/1040/12 740/1041/12 739/998/12 746/997/12
f 745/1020/267 744/1019/270 746/1022/315
f 745/1020/267 769/1037/318 771/1036/268
f 756/1043/159 755/1044/159 772/1023/159 773/1018/159
f 755/1044/159 757/1045/159 774/1024/159 772/1023/159
f 760/1046/159 759/1047/159 775/1035/159 776/1033/159
f 763/1048/159 761/1010/159 777/1028/159 778/1027/159
f 764/1009/159 758/1049/159 779/1031/159 780/1030/159
f 765/1050/159 762/1051/159 781/1026/159 782/1025/159
f 766/1052/159 756/1043/159 773/1018/159 783/1021/159
f 757/1045/159 765/1050/159 782/1025/159 774/1024/159
f 759/1047/159 766/1052/159 783/1021/159 775/1035/159
f 761/1010/159 764/1009/159 780/1030/159 777/1028/159
f 762/1051/159 763/1048/159 778/1027/159 781/1026/159
f 758/1049/159 760/1046/159 776/1033/159 779/1031/159
f 794/1053/159 786/1054/159 784/1055/159 785/1056/159 795/1057/159 787/1058/159 788/1059/159 791/1060/159 792/1012/159 789/1011/159 790/1061/159 793/1062/159
f 756/1043/204 766/1052/164 795/1057/164 785/1056/204
f 761/1010/210 763/1048/160 790/1061/160 789/1011/210
f 763/1048/160 762/1051/201 793/1062/201 790/1061/160
f 755/1044/14 756/1043/204 785/1056/204 784/1055/14
f 765/1050/10 757/1045/12 786/1054/12 794/1053/10
f 758/1049/176 764/1009/206 792/1012/206 791/1060/176
f 760/1046/214 758/1049/176 791/1060/176 788/1059/214
f 757/1045/12 755/1044/14 784/1055/14 786/1054/12
f 766/1052/164 759/1047/209 787/1058/209 795/1057/164
f 762/1051/201 765/1050/10 794/1053/10 793/1062/201
f 759/1047/209 760/1046/214 788/1059/214 787/1058/209
f 804/1063/209 797/1064/209 796/1065/209 803/1066/209
f 805/1067/270 808/1068/299 807/1069/300 806/1070/298
f 810/1071/296 807/1069/300 809/1072/285
f 812/1073/297 810/1071/296 811/1074/289
f 822/1075/160 819/1076/201 847/1077/201 850/1078/160
f 801/1079/210 800/1080/210 812/1081/210 826/1082/210 827/1083/210
f 796/1065/176 801/1079/176 827/1083/176 803/1066/176
f 831/1084/279 802/1085/268 803/1086/294 841/1087/278
f 804/1088/295 802/1085/268 831/1084/279 830/1089/280 806/1070/298
f 832/1090/281 805/1067/270 806/1070/298 830/1089/280
f 805/1067/270 832/1090/281 840/1091/283 808/1068/299
f 809/1072/285 807/1069/300 808/1068/299 840/1091/283 839/1092/284
f 836/1093/286 810/1071/296 809/1072/285 839/1092/284
f 835/1094/288 811/1074/289 810/1071/296 836/1093/286
f 826/1095/293 812/1073/297 811/1074/289 835/1094/288 838/1096/274
f 838/1096/274 837/1097/271 825/1098/272 826/1095/293
f 837/1097/271 834/1099/276 828/1100/291 825/1098/272
f 828/1100/291 834/1099/276 833/1101/277 829/1102/263 827/1103/292
f 833/1101/277 841/1087/278 803/1086/294 829/1102/263
f 827/1103/292 826/1095/293 825/1098/272 828/1100/291
f 810/1104/201 812/1081/201 800/1080/201 799/1105/201
f 807/1106/12 810/1104/12 799/1105/12 798/1107/12
f 806/1108/204 807/1106/204 798/1107/204 797/1064/204 804/1063/204
f 803/1086/294 802/1085/268 804/1088/295
f 803/1086/294 827/1103/292 829/1102/263
f 814/1109/159 813/1110/159 830/1089/159 831/1084/159
f 813/1110/159 815/1111/159 832/1090/159 830/1089/159
f 818/1112/159 817/1113/159 833/1101/159 834/1099/159
f 821/1114/159 819/1076/159 835/1094/159 836/1093/159
f 822/1075/159 816/1115/159 837/1097/159 838/1096/159
f 823/1116/159 820/1117/159 839/1092/159 840/1091/159
f 824/1118/159 814/1109/159 831/1084/159 841/1087/159
f 815/1111/159 823/1116/159 840/1091/159 832/1090/159
f 817/1113/159 824/1118/159 841/1087/159 833/1101/159
f 819/1076/159 822/1075/159 838/1096/159 835/1094/159
f 820/1117/159 821/1114/159 836/1093/159 839/1092/159
f 816/1115/159 818/1112/159 834/1099/159 837/1097/159
f 852/1119/159 844/1120/159 842/1121/159 843/1122/159 853/1123/159 845/1124/159 846/1125/159 849/1126/159 850/1078/159 847/1077/159 848/1127/159 851/1128/159
f 814/1109/209 824/1118/214 853/1123/214 843/1122/209
f 819/1076/201 821/1114/10 848/1127/10 847/1077/201
f 821/1114/10 820/1117/12 851/1128/12 848/1127/10
f 813/1110/164 814/1109/209 843/1122/209 842/1121/164
f 823/1116/14 815/1111/204 844/1120/204 852/1119/14
f 816/1115/210 822/1075/160 850/1078/160 849/1126/210
f 818/1112/206 816/1115/210 849/1126/210 846/1125/206
f 815/1111/204 813/1110/164 842/1121/164 844/1120/204
f 824/1118/214 817/1113/176 845/1124/176 853/1123/214
f 820/1117/12 823/1116/14 852/1119/14 851/1128/12
f 817/1113/176 818/1112/206 846/1125/206 845/1124/176
f 862/1129/176 855/1130/176 854/1131/176 861/1132/176
f 863/1133/268 866/1134/309 865/1135/310 864/1136/308
f 868/1137/306 865/1135/310 867/1138/270
f 870/1139/307 868/1137/306 869/1140/285
f 880/1141/10 877/1142/12 905/1143/12 908/1144/10
f 859/1145/201 858/1146/201 870/1139/201 884/1147/201 885/1148/201
f 854/1131/210 859/1145/210 885/1148/210 861/1132/210
f 889/1149/277 860/1150/263 861/1151/304 899/1152/276
f 862/1129/305 860/1150/263 889/1149/277 888/1153/278 864/1136/308
f 890/1154/279 863/1133/268 864/1136/308 888/1153/278
f 863/1133/268 890/1154/279 898/1155/280 866/1134/309
f 867/1138/270 865/1135/310 866/1134/309 898/1155/280 897/1156/281
f 894/1157/283 868/1137/306 867/1138/270 897/1156/281
f 893/1158/284 869/1140/285 868/1137/306 894/1157/283
f 884/1147/303 870/1139/307 869/1140/285 893/1158/284 896/1159/286
f 896/1159/286 895/1160/288 883/1161/289 884/1147/303
f 895/1160/288 892/1162/274 886/1163/301 883/1161/289
f 886/1163/301 892/1162/274 891/1164/271 887/1165/272 885/1166/302
f 891/1164/271 899/1152/276 861/1151/304 887/1165/272
f 885/1166/302 884/1147/303 883/1161/289 886/1163/301
f 868/1167/12 870/1139/12 858/1146/12 857/1168/12
f 865/1169/204 868/1167/204 857/1168/204 856/1170/204
f 864/1136/209 865/1169/209 856/1170/209 855/1130/209 862/1129/209
f 861/1151/304 860/1150/263 862/1129/305
f 861/1151/304 885/1166/302 887/1165/272
f 872/1171/159 871/1172/159 888/1153/159 889/1149/159
f 871/1172/159 873/1173/159 890/1154/159 888/1153/159
f 876/1174/159 875/1175/159 891/1164/159 892/1162/159
f 879/1176/159 877/1142/159 893/1158/159 894/1157/159
f 880/1141/159 874/1177/159 895/1160/159 896/1159/159
f 881/1178/159 878/1179/159 897/1156/159 898/1155/159
f 882/1180/159 872/1171/159 889/1149/159 899/1152/159
f 873/1173/159 881/1178/159 898/1155/159 890/1154/159
f 875/1175/159 882/1180/159 899/1152/159 891/1164/159
f 877/1142/159 880/1141/159 896/1159/159 893/1158/159
f 878/1179/159 879/1176/159 894/1157/159 897/1156/159
f 874/1177/159 876/1174/159 892/1162/159 895/1160/159
f 910/1181/159 902/1182/159 900/1183/159 901/1184/159 911/1185/159 903/1186/159 904/1187/159 907/1188/159 908/1144/159 905/1143/159 906/1189/159 909/1190/159
f 872/1171/176 882/1180/206 911/1185/206 901/1184/176
f 877/1142/12 879/1176/14 906/1189/14 905/1143/12
f 879/1176/14 878/1179/204 909/1190/204 906/1189/14
f 871/1172/214 872/1171/176 901/1184/176 900/1183/214
f 881/1178/164 873/1173/209 902/1182/209 910/1181/164
f 874/1177/201 880/1141/10 908/1144/10 907/1188/201
f 876/1174/160 874/1177/201 907/1188/201 904/1187/160
f 873/1173/209 871/1172/214 900/1183/214 902/1182/209
f 882/1180/206 875/1175/210 903/1186/210 911/1185/206
f 878/1179/204 881/1178/164 910/1181/164 909/1190/204
f 875/1175/210 876/1174/160 904/1187/160 903/1186/210
f 920/1191/173 913/1192/173 912/1193/173 919/1194/173
f 921/1195/319 924/1196/320 923/1197/321 922/1198/322
f 926/1199/323 923/1197/321 925/1200/324
f 928/1201/325 926/1199/323 927/1202/326
f 938/1203/158 935/1204/152 963/1205/152 966/1206/158
f 917/1207/159 916/1208/159 928/1201/159 942/1209/159 943/1210/159
f 912/1193/162 917/1207/162 943/1210/162 919/1194/162
f 947/1211/327 918/1212/328 919/1213/329 957/1214/330
f 920/1215/331 918/1212/328 947/1211/327 946/1216/332 922/1198/322
f 948/1217/333 921/1195/319 922/1198/322 946/1216/332
f 921/1195/319 948/1217/333 956/1218/334 924/1196/320
f 925/1200/324 923/1197/321 924/1196/320 956/1218/334 955/1219/335
f 952/1220/336 926/1199/323 925/1200/324 955/1219/335
f 951/1221/337 927/1202/326 926/1199/323 952/1220/336
f 942/1209/338 928/1201/325 927/1202/326 951/1221/337 954/1222/339
f 954/1222/339 953/1223/340 941/1224/341 942/1209/338
f 953/1223/340 950/1225/342 944/1226/343 941/1224/341
f 944/1226/343 950/1225/342 949/1227/344 945/1228/345 943/1229/346
f 949/1227/344 957/1214/330 919/1213/329 945/1228/345
f 943/1229/346 942/1209/338 941/1224/341 944/1226/343
f 926/1230/152 928/1201/152 916/1208/152 915/1231/152
f 923/1232/166 926/1230/166 915/1231/166 914/1233/166
f 922/1234/171 923/1232/171 914/1233/171 913/1192/171 920/1191/171
f 919/1213/329 918/1212/328 920/1215/331
f 919/1213/329 943/1229/346 945/1228/345
f 930/1235/12 929/1236/12 946/1216/12 947/1211/12
f 929/1236/12 931/1237/12 948/1217/12 946/1216/12
f 934/1238/12 933/1239/12 949/1227/12 950/1225/12
f 937/1240/12 935/1204/12 951/1221/12 952/1220/12
f 938/1203/12 932/1241/12 953/1223/12 954/1222/12
f 939/1242/12 936/1243/12 955/1219/12 956/1218/12
f 940/1244/12 930/1235/12 947/1211/12 957/1214/12
f 931/1237/12 939/1242/12 956/1218/12 948/1217/12
f 933/1239/12 940/1244/12 957/1214/12 949/1227/12
f 935/1204/12 938/1203/12 954/1222/12 951/1221/12
f 936/1243/12 937/1240/12 952/1220/12 955/1219/12
f 932/1241/12 934/1238/12 950/1225/12 953/1223/12
f 968/1245/12 960/1246/12 958/1247/12 959/1248/12 969/1249/12 961/1250/12 962/1251/12 965/1252/12 966/1206/12 963/1205/12 964/1253/12 967/1254/12
f 930/1235/173 940/1244/164 969/1249/164 959/1248/173
f 935/1204/152 937/1240/160 964/1253/160 963/1205/152
f 937/1240/160 936/1243/166 967/1254/166 964/1253/160
f 929/1236/175 930/1235/173 959/1248/173 958/1247/175
f 939/1242/155 931/1237/171 960/1246/171 968/1245/155
f 932/1241/159 938/1203/158 966/1206/158 965/1252/159
f 934/1238/167 932/1241/159 965/1252/159 962/1251/167
f 931/1237/171 929/1236/175 958/1247/175 960/1246/171
f 940/1244/164 933/1239/162 961/1250/162 969/1249/164
f 936/1243/166 939/1242/155 968/1245/155 967/1254/166
f 933/1239/162 934/1238/167 962/1251/167 961/1250/162
f 978/1255/347 971/1256/347 970/1257/347 977/1258/347
f 979/1259/348 982/1260/349 981/1261/350 980/1262/351
f 984/1263/352 981/1261/350 983/1264/353
f 986/1265/354 984/1266/352 985/1267/355
f 996/1268/356 993/1269/357 1021/1270/357 1024/1271/356
f 975/1272/358 974/1273/358 986/1265/358 1000/1274/358 1001/1275/358
f 970/1257/359 975/1272/359 1001/1275/359 977/1258/359
f 1005/1276/360 976/1277/361 977/1278/362 1015/1279/363
f 978/1255/364 976/1277/361 1005/1276/360 1004/1280/365 980/1262/351
f 1006/1281/366 979/1259/348 980/1262/351 1004/1280/365
f 979/1259/348 1006/1281/366 1014/1282/367 982/1260/349
f 983/1264/353 981/1261/350 982/1260/349 1014/1282/367 1013/1283/368
f 1010/1284/369 984/1263/352 983/1264/353 1013/1283/368
f 1009/1285/370 985/1286/355 984/1263/352 1010/1284/369
f 1000/1287/371 986/1288/354 985/1286/355 1009/1285/370 1012/1289/372
f 1012/1289/372 1011/1290/373 999/1291/374 1000/1287/371
f 1011/1290/373 1008/1292/375 1002/1293/376 999/1291/374
f 1002/1293/376 1008/1292/375 1007/1294/377 1003/1295/378 1001/1296/379
f 1007/1294/377 1015/1279/363 977/1278/362 1003/1295/378
f 1001/1296/379 1000/1287/371 999/1291/374 1002/1293/376
f 984/1266/357 986/1265/357 974/1273/357 973/1297/357
f 981/1298/380 984/1266/380 973/1297/380 972/1299/380
f 980/1262/381 981/1298/381 972/1299/381 971/1256/381 978/1255/381
f 977/1278/362 976/1277/361 978/1255/364
f 977/1258/362 1001/1275/379 1003/1300/378
f 988/1301/12 987/1302/12 1004/1280/12 1005/1276/12
f 987/1302/12 989/1303/12 1006/1281/12 1004/1280/12
f 992/1304/12 991/1305/12 1007/1294/12 1008/1292/12
f 995/1306/12 993/1269/12 1009/1285/12 1010/1284/12
f 996/1268/12 990/1307/12 1011/1290/12 1012/1289/12
f 997/1308/12 994/1309/12 1013/1283/12 1014/1282/12
f 998/1310/12 988/1301/12 1005/1276/12 1015/1279/12
f 989/1303/12 997/1308/12 1014/1282/12 1006/1281/12
f 991/1305/12 998/1310/12 1015/1279/12 1007/1294/12
f 993/1269/12 996/1268/12 1012/1289/12 1009/1285/12
f 994/1309/12 995/1306/12 1010/1284/12 1013/1283/12
f 990/1307/12 992/1304/12 1008/1292/12 1011/1290/12
f 1026/1311/12 1018/1312/12 1016/1313/12 1017/1314/12 1027/1315/12 1019/1316/12 1020/1317/12 1023/1318/12 1024/1271/12 1021/1270/12 1022/1319/12 1025/1320/12
f 988/1301/347 998/1310/382 1027/1315/382 1017/1314/347
f 993/1269/357 995/1306/383 1022/1319/383 1021/1270/357
f 995/1306/383 994/1309/380 1025/1320/380 1022/1319/383
f 987/1302/384 988/1301/347 1017/1314/347 1016/1313/384
f 997/1308/385 989/1303/381 1018/1312/381 1026/1311/385
f 990/1307/358 996/1268/356 1024/1271/356 1023/1318/358
f 992/1304/386 990/1307/358 1023/1318/358 1020/1317/386
f 989/1303/381 987/1302/384 1016/1313/384 1018/1312/381
f 998/1310/382 991/1305/359 1019/1316/359 1027/1315/382
f 994/1309/380 997/1308/385 1026/1311/385 1025/1320/380
f 991/1305/359 992/1304/386 1020/1317/386 1019/1316/359
f 1036/1321/387 1029/1322/387 1028/1323/387 1035/1324/387
f 1037/1325/388 1040/1326/389 1039/1327/390 1038/1328/391
f 1042/1329/392 1039/1327/390 1041/1330/393
f 1044/1331/394 1042/1329/392 1043/1332/395
f 1054/1333/396 1051/1334/397 1079/1335/397 1082/1336/396
f 1033/1337/398 1032/1338/398 1044/1339/398 1058/1340/398 1059/1341/398
f 1028/1323/399 1033/1337/399 1059/1341/399 1035/1324/399
f 1063/1342/400 1034/1343/401 1035/1344/402 1073/1345/403
f 1036/1321/404 1034/1343/401 1063/1342/400 1062/1346/405 1038/1328/391
f 1064/1347/406 1037/1325/388 1038/1328/391 1062/1346/405
f 1037/1325/388 1064/1347/406 1072/1348/407 1040/1326/389
f 1041/1330/393 1039/1327/390 1040/1326/389 1072/1348/407 1071/1349/408
f 1068/1350/409 1042/1329/392 1041/1330/393 1071/1349/408
f 1067/1351/410 1043/1332/395 1042/1329/392 1068/1350/409
f 1058/1352/411 1044/1331/394 1043/1332/395 1067/1351/410 1070/1353/412
f 1070/1353/412 1069/1354/413 1057/1355/414 1058/1352/411
f 1069/1354/413 1066/1356/415 1060/1357/416 1057/1355/414
f 1060/1357/416 1066/1356/415 1065/1358/417 1061/1359/418 1059/1360/419
f 1065/1358/417 1073/1345/403 1035/1344/402 1061/1359/418
f 1059/1360/419 1058/1352/411 1057/1355/414 1060/1357/416
f 1042/1361/397 1044/1339/397 1032/1338/397 1031/1362/397
f 1039/1363/420 1042/1361/420 1031/1362/420 1030/1364/420
f 1038/1328/421 1039/1363/421 1030/1364/421 1029/1322/421 1036/1321/421
f 1035/1344/402 1034/1343/401 1036/1321/404
f 1035/1344/402 1059/1360/419 1061/1359/418
f 1046/1365/12 1045/1366/12 1062/1346/12 1063/1342/12
f 1045/1366/12 1047/1367/12 1064/1347/12 1062/1346/12
f 1050/1368/12 1049/1369/12 1065/1358/12 1066/1356/12
f 1053/1370/12 1051/1334/12 1067/1351/12 1068/1350/12
f 1054/1333/12 1048/1371/12 1069/1354/12 1070/1353/12
f 1055/1372/12 1052/1373/12 1071/1349/12 1072/1348/12
f 1056/1374/12 1046/1365/12 1063/1342/12 1073/1345/12
f 1047/1367/12 1055/1372/12 1072/1348/12 1064/1347/12
f 1049/1369/12 1056/1374/12 1073/1345/12 1065/1358/12
f 1051/1334/12 1054/1333/12 1070/1353/12 1067/1351/12
f 1052/1373/12 1053/1370/12 1068/1350/12 1071/1349/12
f 1048/1371/12 1050/1368/12 1066/1356/12 1069/1354/12
f 1084/1375/12 1076/1376/12 1074/1377/12 1075/1378/12 1085/1379/12 1077/1380/12 1078/1381/12 1081/1382/12 1082/1336/12 1079/1335/12 1080/1383/12 1083/1384/12
f 1046/1365/387 1056/1374/422 1085/1379/422 1075/1378/387
f 1051/1334/397 1053/1370/423 1080/1383/423 1079/1335/397
f 1053/1370/423 1052/1373/420 1083/1384/420 1080/1383/423
f 1045/1366/424 1046/1365/387 1075/1378/387 1074/1377/424
f 1055/1372/425 1047/1367/421 1076/1376/421 1084/1375/425
f 1048/1371/398 1054/1333/396 1082/1336/396 1081/1382/398
f 1050/1368/426 1048/1371/398 1081/1382/398 1078/1381/426
f 1047/1367/421 1045/1366/424 1074/1377/424 1076/1376/421
f 1056/1374/422 1049/1369/399 1077/1380/399 1085/1379/422
f 1052/1373/420 1055/1372/425 1084/1375/425 1083/1384/420
f 1049/1369/399 1050/1368/426 1078/1381/426 1077/1380/399
f 1094/1385/427 1087/1386/427 1086/1387/427 1093/1388/427
f 1095/1389/428 1098/1390/429 1097/1391/430 1096/1392/431
f 1100/1393/432 1097/1391/430 1099/1394/433
f 1102/1395/434 1100/1393/432 1101/1396/435
f 1112/1397/436 1109/1398/437 1137/1399/437 1140/1400/436
f 1091/1401/438 1090/1402/438 1102/1403/438 1116/1404/438 1117/1405/438
f 1086/1387/439 1091/1401/439 1117/1405/439 1093/1388/439
f 1121/1406/440 1092/1407/441 1093/1408/442 1131/1409/443
f 1094/1410/444 1092/1407/441 1121/1406/440 1120/1411/445 1096/1392/431
f 1122/1412/446 1095/1389/428 1096/1392/431 1120/1411/445
f 1095/1389/428 1122/1412/446 1130/1413/447 1098/1390/429
f 1099/1394/433 1097/1391/430 1098/1390/429 1130/1413/447 1129/1414/448
f 1126/1415/449 1100/1393/432 1099/1394/433 1129/1414/448
f 1125/1416/450 1101/1396/435 1100/1393/432 1126/1415/449
f 1116/1417/451 1102/1395/434 1101/1396/435 1125/1416/450 1128/1418/452
f 1128/1418/452 1127/1419/453 1115/1420/454 1116/1417/451
f 1127/1419/453 1124/1421/455 1118/1422/456 1115/1420/454
f 1118/1422/456 1124/1421/455 1123/1423/457 1119/1424/458 1117/1425/459
f 1123/1423/457 1131/1409/443 1093/1408/442 1119/1424/458
f 1117/1425/459 1116/1417/451 1115/1420/454 1118/1422/456
f 1100/1426/437 1102/1403/437 1090/1402/437 1089/1427/437
f 1097/1428/460 1100/1426/460 1089/1427/460 1088/1429/460
f 1096/1430/461 1097/1428/461 1088/1429/461 1087/1386/461 1094/1385/461
f 1093/1388/442 1092/1431/441 1094/1385/444
f 1093/1408/442 1117/1425/459 1119/1424/458
f 1104/1432/12 1103/1433/12 1120/1411/12 1121/1406/12
f 1103/1433/12 1105/1434/12 1122/1412/12 1120/1411/12
f 1108/1435/12 1107/1436/12 1123/1423/12 1124/1421/12
f 1111/1437/12 1109/1398/12 1125/1416/12 1126/1415/12
f 1112/1397/12 1106/1438/12 1127/1419/12 1128/1418/12
f 1113/1439/12 1110/1440/12 1129/1414/12 1130/1413/12
f 1114/1441/12 1104/1432/12 1121/1406/12 1131/1409/12
f 1105/1434/12 1113/1439/12 1130/1413/12 1122/1412/12
f 1107/1436/12 1114/1441/12 1131/1409/12 1123/1423/12
f 1109/1398/12 1112/1397/12 1128/1418/12 1125/1416/12
f 1110/1440/12 1111/1437/12 1126/1415/12 1129/1414/12
f 1106/1438/12 1108/1435/12 1124/1421/12 1127/1419/12
f 1142/1442/12 1134/1443/12 1132/1444/12 1133/1445/12 1143/1446/12 1135/1447/12 1136/1448/12 1139/1449/12 1140/1400/12 1137/1399/12 1138/1450/12 1141/1451/12
f 1104/1432/427 1114/1441/462 1143/1446/462 1133/1445/427
f 1109/1398/437 1111/1437/463 1138/1450/463 1137/1399/437
f 1111/1437/463 1110/1440/460 1141/1451/460 1138/1450/463
f 1103/1433/464 1104/1432/427 1133/1445/427 1132/1444/464
f 1113/1439/465 1105/1434/461 1134/1443/461 1142/1442/465
f 1106/1438/438 1112/1397/436 1140/1400/436 1139/1449/438
f 1108/1435/466 1106/1438/438 1139/1449/438 1136/1448/466
f 1105/1434/461 1103/1433/464 1132/1444/464 1134/1443/461
f 1114/1441/462 1107/1436/439 1135/1447/439 1143/1446/462
f 1110/1440/460 1113/1439/465 1142/1442/465 1141/1451/460
f 1107/1436/439 1108/1435/466 1136/1448/466 1135/1447/439
f 1152/1452/204 1145/1453/204 1144/1454/204 1151/1455/204
f 1153/1456/467 1156/1457/468 1155/1458/469 1154/1459/470
f 1158/1460/471 1155/1458/469 1157/1461/472
f 1160/1462/473 1158/1460/471 1159/1463/474
f 1170/1464/206 1167/1465/210 1195/1466/210 1198/1467/206
f 1149/1468/176 1148/1469/176 1160/1462/176 1174/1470/176 1175/1471/176
f 1144/1454/209 1149/1468/209 1175/1471/209 1151/1455/209
f 1144/1472/171 1145/1473/171 1146/1474/171 1147/1475/171 1148/1476/171 1149/1477/171
f 1179/1478/475 1150/1479/476 1151/1455/477 1189/1480/478
f 1152/1452/479 1150/1479/476 1179/1478/475 1178/1481/480 1154/1459/470
f 1180/1482/481 1153/1456/467 1154/1459/470 1178/1481/480
f 1153/1456/467 1180/1482/481 1188/1483/482 1156/1457/468
f 1157/1461/472 1155/1458/469 1156/1457/468 1188/1483/482 1187/1484/483
f 1184/1485/484 1158/1460/471 1157/1461/472 1187/1484/483
f 1183/1486/485 1159/1463/474 1158/1460/471 1184/1485/484
f 1174/1470/486 1160/1462/473 1159/1463/474 1183/1486/485 1186/1487/487
f 1186/1487/487 1185/1488/488 1173/1489/489 1174/1470/486
f 1185/1488/488 1182/1490/490 1176/1491/491 1173/1489/489
f 1176/1491/491 1182/1490/490 1181/1492/492 1177/1493/493 1175/1471/494
f 1181/1492/492 1189/1480/478 1151/1455/477 1177/1493/493
f 1175/1471/494 1174/1470/486 1173/1489/489 1176/1491/491
f 1158/1460/210 1160/1462/210 1148/1469/210 1147/1494/210
f 1155/1458/201 1158/1460/201 1147/1494/201 1146/1495/201
f 1154/1459/12 1155/1458/12 1146/1495/12 1145/1453/12 1152/1452/12
f 1151/1455/477 1150/1479/476 1152/1452/479
f 1151/1455/477 1175/1471/494 1177/1493/493
f 1162/1496/159 1161/1497/159 1178/1481/159 1179/1478/159
f 1161/1497/159 1163/1498/159 1180/1482/159 1178/1481/159
f 1166/1499/159 1165/1500/159 1181/1492/159 1182/1490/159
f 1169/1501/159 1167/1502/159 1183/1486/159 1184/1485/159
f 1170/1503/159 1164/1504/159 1185/1488/159 1186/1487/159
f 1171/1505/159 1168/1506/159 1187/1484/159 1188/1483/159
f 1172/1507/159 1162/1496/159 1179/1478/159 1189/1480/159
f 1163/1498/159 1171/1505/159 1188/1483/159 1180/1482/159
f 1165/1500/159 1172/1507/159 1189/1480/159 1181/1492/159
f 1167/1502/159 1170/1503/159 1186/1487/159 1183/1486/159
f 1168/1506/159 1169/1501/159 1184/1485/159 1187/1484/159
f 1164/1504/159 1166/1499/159 1182/1490/159 1185/1488/159
f 1201/1508/171 1193/1509/171 1205/1510/171 1213/1511/171
f 1162/1512/204 1172/1513/164 1201/1508/164 1191/1514/204
f 1167/1465/210 1169/1515/160 1196/1516/160 1195/1466/210
f 1169/1515/160 1168/1517/201 1199/1518/201 1196/1516/160
f 1161/1519/14 1162/1512/204 1191/1514/204 1190/1520/14
f 1171/1521/10 1163/1522/12 1192/1523/12 1200/1524/10
f 1164/1525/176 1170/1464/206 1198/1467/206 1197/1526/176
f 1166/1527/214 1164/1528/176 1197/1529/176 1194/1530/214
f 1163/1522/12 1161/1519/14 1190/1520/14 1192/1523/12
f 1172/1513/164 1165/1531/209 1193/1509/209 1201/1508/164
f 1168/1517/201 1171/1521/10 1200/1524/10 1199/1518/201
f 1165/1531/209 1166/1527/214 1194/1530/214 1193/1509/209
f 1204/1532/12 1202/1533/14 1226/1534/14 1228/1535/12
f 1199/1518/171 1200/1524/171 1212/1536/171 1211/1537/171
f 1193/1509/171 1194/1530/171 1206/1538/171 1205/1510/171
f 1198/1467/171 1195/1466/171 1207/1539/171 1210/1540/171
f 1191/1514/171 1201/1508/171 1213/1511/171 1203/1541/171
f 1195/1466/171 1196/1516/171 1208/1542/171 1207/1539/171
f 1196/1516/171 1199/1518/171 1211/1537/171 1208/1542/171
f 1190/1520/171 1191/1514/171 1203/1541/171 1202/1533/171
f 1200/1524/171 1192/1523/171 1204/1532/171 1212/1536/171
f 1197/1526/171 1198/1467/171 1210/1540/171 1209/1543/171
f 1194/1530/171 1197/1529/171 1209/1544/171 1206/1538/171
f 1192/1523/171 1190/1520/171 1202/1533/171 1204/1532/171
f 1219/1545/210 1220/1546/160 1244/1547/160 1243/1548/210
f 1213/1511/164 1205/1510/209 1229/1549/209 1237/1550/164
f 1211/1537/201 1212/1536/10 1236/1551/10 1235/1552/201
f 1205/1510/209 1206/1538/214 1230/1553/214 1229/1549/209
f 1210/1540/206 1207/1539/210 1231/1554/210 1234/1555/206
f 1203/1541/204 1213/1511/164 1237/1550/164 1227/1556/204
f 1207/1539/210 1208/1542/160 1232/1557/160 1231/1554/210
f 1208/1542/160 1211/1537/201 1235/1552/201 1232/1557/160
f 1202/1533/14 1203/1541/204 1227/1556/204 1226/1534/14
f 1212/1536/10 1204/1532/12 1228/1535/12 1236/1551/10
f 1209/1543/176 1210/1540/206 1234/1555/206 1233/1558/176
f 1206/1538/214 1209/1544/176 1233/1559/176 1230/1553/214
f 1215/1560/159 1214/1561/159 1226/1534/159 1227/1556/159
f 1214/1561/159 1216/1562/159 1228/1535/159 1226/1534/159
f 1218/1563/159 1217/1564/159 1229/1549/159 1230/1553/159
f 1220/1546/159 1219/1545/159 1231/1554/159 1232/1557/159
f 1222/1565/159 1221/1566/159 1233/1558/159 1234/1555/159
f 1224/1567/159 1223/1568/159 1235/1552/159 1236/1551/159
f 1225/1569/159 1215/1560/159 1227/1556/159 1237/1550/159
f 1216/1562/159 1224/1567/159 1236/1551/159 1228/1535/159
f 1217/1564/159 1225/1569/159 1237/1550/159 1229/1549/159
f 1219/1545/159 1222/1565/159 1234/1555/159 1231/1554/159
f 1223/1568/159 1220/1546/159 1232/1557/159 1235/1552/159
f 1221/1570/159 1218/1563/159 1230/1553/159 1233/1559/159
f 1248/1571/159 1240/1572/159 1238/1573/159 1239/1574/159 1249/1575/159 1241/1576/159 1242/1577/159 1245/1578/159 1246/1579/159 1243/1580/159 1244/1581/159 1247/1582/159
f 1220/1546/160 1223/1568/201 1247/1583/201 1244/1547/160
f 1214/1561/14 1215/1560/204 1239/1584/204 1238/1585/14
f 1224/1567/10 1216/1562/12 1240/1586/12 1248/1587/10
f 1221/1566/176 1222/1565/206 1246/1588/206 1245/1589/176
f 1218/1563/214 1221/1570/176 1245/1578/176 1242/1577/214
f 1216/1562/12 1214/1561/14 1238/1585/14 1240/1586/12
f 1225/1569/164 1217/1564/209 1241/1590/209 1249/1591/164
f 1223/1568/201 1224/1567/10 1248/1587/10 1247/1583/201
f 1217/1564/209 1218/1563/214 1242/1577/214 1241/1590/209
f 1222/1565/206 1219/1545/210 1243/1548/210 1246/1588/206
f 1215/1560/204 1225/1569/164 1249/1591/164 1239/1584/204
f 1250/1592/159 1251/1593/159 1253/1594/495 1252/1595/495
f 1252/1595/495 1253/1594/495 1255/1596/496 1254/1597/496
f 1254/1597/496 1255/1596/496 1257/1598/171 1256/1599/171
f 1256/1600/171 1257/1601/171 1259/1602/497 1258/1603/497
s 0
f 1253/1604/164 1251/1593/164 1261/1605/164 1259/1606/164 1257/1607/164 1255/1608/164
s 1
f 1258/1603/497 1259/1602/497 1261/1605/498 1260/1609/498
f 1260/1609/498 1261/1605/498 1251/1593/159 1250/1592/159
s 0
f 1250/1592/160 1252/1610/160 1254/1611/160 1256/1612/160 1258/1613/160 1260/1609/160
