# Blender 4.1.1
# www.blender.org
o Telescope_GreatRefractor
v 0.000000 0.194301 -4.687500
v 0.000000 0.312500 4.687500
v 0.050289 0.187680 -4.687500
v 0.080881 0.301852 4.687500
v 0.097151 0.168270 -4.687500
v 0.156250 0.270633 4.687500
v 0.137392 0.137391 -4.687500
v 0.220971 0.220971 4.687500
v 0.168270 0.097150 -4.687500
v 0.270633 0.156250 4.687500
v 0.187681 0.050289 -4.687500
v 0.301852 0.080881 4.687500
v 0.194301 -0.000000 -4.687500
v 0.312500 0.000000 4.687500
v 0.187681 -0.050289 -4.687500
v 0.301852 -0.080881 4.687500
v 0.168270 -0.097151 -4.687500
v 0.270633 -0.156250 4.687500
v 0.137392 -0.137392 -4.687500
v 0.220971 -0.220971 4.687500
v 0.097151 -0.168270 -4.687500
v 0.156250 -0.270633 4.687500
v 0.050289 -0.187681 -4.687500
v 0.080881 -0.301851 4.687500
v 0.000000 -0.194302 -4.687500
v 0.000000 -0.312500 4.687500
v -0.050289 -0.187681 -4.687500
v -0.080881 -0.301851 4.687500
v -0.097151 -0.168270 -4.687500
v -0.156250 -0.270633 4.687500
v -0.137392 -0.137392 -4.687500
v -0.220971 -0.220971 4.687500
v -0.168270 -0.097151 -4.687500
v -0.270633 -0.156250 4.687500
v -0.187681 -0.050289 -4.687500
v -0.301852 -0.080881 4.687500
v -0.194301 -0.000000 -4.687500
v -0.312500 0.000000 4.687500
v -0.187681 0.050289 -4.687500
v -0.301852 0.080881 4.687500
v -0.168270 0.097150 -4.687500
v -0.270633 0.156250 4.687500
v -0.137392 0.137391 -4.687500
v -0.220971 0.220971 4.687500
v -0.097151 0.168270 -4.687500
v -0.156250 0.270633 4.687500
v -0.050289 0.187680 -4.687500
v -0.080881 0.301852 4.687500
v 0.086217 0.321765 4.687500
v 0.000000 0.333116 4.687500
v 0.166558 0.288487 4.687500
v 0.235548 0.235548 4.687500
v 0.288486 0.166558 4.687500
v 0.321765 0.086217 4.687500
v 0.333115 0.000000 4.687500
v 0.321765 -0.086216 4.687500
v 0.288486 -0.166557 4.687500
v 0.235548 -0.235548 4.687500
v 0.166558 -0.288486 4.687500
v 0.086217 -0.321764 4.687500
v 0.000000 -0.333115 4.687500
v -0.086217 -0.321764 4.687500
v -0.166558 -0.288486 4.687500
v -0.235548 -0.235548 4.687500
v -0.288486 -0.166557 4.687500
v -0.321765 -0.086216 4.687500
v -0.333115 0.000000 4.687500
v -0.321765 0.086217 4.687500
v -0.288486 0.166558 4.687500
v -0.235548 0.235548 4.687500
v -0.166558 0.288487 4.687500
v -0.086217 0.321765 4.687500
v 0.086217 0.321765 4.735745
v -0.000000 0.333116 4.735745
v 0.166558 0.288487 4.735745
v 0.235548 0.235548 4.735745
v 0.288486 0.166558 4.735745
v 0.321765 0.086217 4.735745
v 0.333115 0.000000 4.735745
v 0.321765 -0.086216 4.735745
v 0.288486 -0.166557 4.735745
v 0.235548 -0.235548 4.735745
v 0.166558 -0.288486 4.735745
v 0.086217 -0.321764 4.735745
v -0.000000 -0.333115 4.735745
v -0.086217 -0.321764 4.735745
v -0.166558 -0.288486 4.735745
v -0.235548 -0.235548 4.735745
v -0.288486 -0.166557 4.735745
v -0.321765 -0.086216 4.735745
v -0.333115 0.000000 4.735745
v -0.321765 0.086217 4.735745
v -0.288486 0.166558 4.735745
v -0.235548 0.235548 4.735745
v -0.166558 0.288487 4.735745
v -0.086217 0.321765 4.735745
v 0.078662 0.293569 4.735745
v -0.000000 0.303925 4.735745
v 0.151962 0.263207 4.735745
v 0.214907 0.214908 4.735745
v 0.263207 0.151963 4.735745
v 0.293569 0.078662 4.735745
v 0.303925 0.000000 4.735745
v 0.293569 -0.078661 4.735745
v 0.263207 -0.151962 4.735745
v 0.214907 -0.214907 4.735745
v 0.151962 -0.263206 4.735745
v 0.078662 -0.293568 4.735745
v -0.000000 -0.303924 4.735745
v -0.078662 -0.293568 4.735745
v -0.151962 -0.263206 4.735745
v -0.214907 -0.214907 4.735745
v -0.263207 -0.151962 4.735745
v -0.293569 -0.078661 4.735745
v -0.303925 0.000000 4.735745
v -0.293569 0.078662 4.735745
v -0.263207 0.151963 4.735745
v -0.214907 0.214908 4.735745
v -0.151962 0.263207 4.735745
v -0.078662 0.293569 4.735745
v 0.078661 0.293569 4.983380
v -0.000000 0.303925 4.983380
v 0.151962 0.263207 4.983380
v 0.214907 0.214908 4.983380
v 0.263206 0.151963 4.983380
v 0.293569 0.078662 4.983380
v 0.303925 0.000000 4.983380
v 0.293569 -0.078661 4.983380
v 0.263206 -0.151962 4.983380
v 0.214907 -0.214907 4.983380
v 0.151962 -0.263206 4.983380
v 0.078661 -0.293568 4.983380
v -0.000000 -0.303924 4.983380
v -0.078662 -0.293568 4.983380
v -0.151963 -0.263206 4.983380
v -0.214907 -0.214907 4.983380
v -0.263207 -0.151962 4.983380
v -0.293569 -0.078661 4.983380
v -0.303925 0.000000 4.983380
v -0.293569 0.078662 4.983380
v -0.263207 0.151963 4.983380
v -0.214907 0.214908 4.983380
v -0.151963 0.263207 4.983380
v -0.078662 0.293569 4.983380
v 0.085163 0.317835 4.983380
v -0.000000 0.329047 4.983380
v 0.164523 0.284963 4.983380
v 0.232671 0.232671 4.983380
v 0.284962 0.164523 4.983380
v 0.317834 0.085164 4.983380
v 0.329046 0.000000 4.983380
v 0.317834 -0.085163 4.983380
v 0.284962 -0.164523 4.983380
v 0.232671 -0.232670 4.983380
v 0.164523 -0.284962 4.983380
v 0.085163 -0.317834 4.983380
v -0.000000 -0.329046 4.983380
v -0.085164 -0.317834 4.983380
v -0.164523 -0.284962 4.983380
v -0.232671 -0.232670 4.983380
v -0.284962 -0.164523 4.983380
v -0.317834 -0.085163 4.983380
v -0.329046 0.000000 4.983380
v -0.317834 0.085164 4.983380
v -0.284962 0.164523 4.983380
v -0.232671 0.232671 4.983380
v -0.164523 0.284963 4.983380
v -0.085164 0.317835 4.983380
v 0.085163 0.317835 5.000500
v -0.000000 0.329047 5.000500
v 0.164523 0.284963 5.000500
v 0.232671 0.232671 5.000500
v 0.284962 0.164523 5.000500
v 0.317834 0.085164 5.000500
v 0.329046 0.000000 5.000500
v 0.317834 -0.085163 5.000500
v 0.284962 -0.164523 5.000500
v 0.232671 -0.232670 5.000500
v 0.164523 -0.284962 5.000500
v 0.085163 -0.317834 5.000500
v -0.000000 -0.329046 5.000500
v -0.085164 -0.317834 5.000500
v -0.164523 -0.284962 5.000500
v -0.232671 -0.232670 5.000500
v -0.284962 -0.164523 5.000500
v -0.317834 -0.085163 5.000500
v -0.329046 0.000000 5.000500
v -0.317834 0.085164 5.000500
v -0.284962 0.164523 5.000500
v -0.232671 0.232671 5.000500
v -0.164523 0.284963 5.000500
v -0.085164 0.317835 5.000500
v 0.080674 0.301080 5.000500
v -0.000000 0.311701 5.000500
v 0.155850 0.269941 5.000500
v 0.220406 0.220406 5.000500
v 0.269941 0.155851 5.000500
v 0.301080 0.080675 5.000500
v 0.311701 0.000000 5.000500
v 0.301080 -0.080674 5.000500
v 0.269941 -0.155850 5.000500
v 0.220406 -0.220406 5.000500
v 0.155850 -0.269941 5.000500
v 0.080674 -0.301080 5.000500
v -0.000000 -0.311701 5.000500
v -0.080674 -0.301080 5.000500
v -0.155851 -0.269941 5.000500
v -0.220406 -0.220406 5.000500
v -0.269941 -0.155850 5.000500
v -0.301080 -0.080674 5.000500
v -0.311701 0.000000 5.000500
v -0.301080 0.080675 5.000500
v -0.269941 0.155851 5.000500
v -0.220406 0.220406 5.000500
v -0.155851 0.269941 5.000500
v -0.080674 0.301080 5.000500
v 0.080674 0.301080 5.076853
v -0.000000 0.311701 5.076853
v 0.155851 0.269941 5.076853
v 0.220406 0.220406 5.076853
v 0.269941 0.155851 5.076853
v 0.301080 0.080675 5.076853
v 0.311701 0.000000 5.076853
v 0.301080 -0.080674 5.076853
v 0.269941 -0.155850 5.076853
v 0.220406 -0.220406 5.076853
v 0.155851 -0.269941 5.076853
v 0.080674 -0.301080 5.076853
v -0.000000 -0.311701 5.076853
v -0.080674 -0.301080 5.076853
v -0.155851 -0.269941 5.076853
v -0.220406 -0.220406 5.076853
v -0.269941 -0.155850 5.076853
v -0.301080 -0.080674 5.076853
v -0.311701 0.000000 5.076853
v -0.301080 0.080675 5.076853
v -0.269941 0.155851 5.076853
v -0.220406 0.220406 5.076853
v -0.155851 0.269941 5.076853
v -0.080674 0.301080 5.076853
v 0.071638 0.267355 5.076853
v -0.000000 0.276787 5.076853
v 0.138393 0.239704 5.076853
v 0.195717 0.195718 5.076853
v 0.239704 0.138394 5.076853
v 0.267355 0.071638 5.076853
v 0.276786 0.000000 5.076853
v 0.267355 -0.071637 5.076853
v 0.239704 -0.138393 5.076853
v 0.195717 -0.195717 5.076853
v 0.138393 -0.239704 5.076853
v 0.071638 -0.267355 5.076853
v -0.000000 -0.276786 5.076853
v -0.071638 -0.267355 5.076853
v -0.138393 -0.239704 5.076853
v -0.195717 -0.195717 5.076853
v -0.239704 -0.138393 5.076853
v -0.267355 -0.071637 5.076853
v -0.276786 0.000000 5.076853
v -0.267355 0.071638 5.076853
v -0.239704 0.138394 5.076853
v -0.195717 0.195718 5.076853
v -0.138393 0.239704 5.076853
v -0.071638 0.267355 5.076853
v 0.071637 0.267355 4.964767
v -0.000000 0.276787 4.964767
v 0.138393 0.239704 4.964767
v 0.195717 0.195718 4.964767
v 0.239704 0.138393 4.964767
v 0.267355 0.071638 4.964767
v 0.276786 0.000000 4.964767
v 0.267355 -0.071637 4.964767
v 0.239704 -0.138393 4.964767
v 0.195717 -0.195717 4.964767
v 0.138393 -0.239704 4.964767
v 0.071637 -0.267355 4.964767
v -0.000000 -0.276786 4.964767
v -0.071638 -0.267355 4.964767
v -0.138393 -0.239704 4.964767
v -0.195718 -0.195717 4.964767
v -0.239704 -0.138393 4.964767
v -0.267355 -0.071637 4.964767
v -0.276786 0.000000 4.964767
v -0.267355 0.071638 4.964767
v -0.239704 0.138393 4.964767
v -0.195718 0.195718 4.964767
v -0.138393 0.239704 4.964767
v -0.071638 0.267355 4.964767
v 0.001519 0.005672 4.981195
v 0.064944 0.242375 4.912340
v 0.022647 0.084522 4.976158
v 0.040559 0.151368 4.961813
v 0.052527 0.196034 4.940344
v -0.000000 0.250925 4.912340
v 0.000000 0.005872 4.981195
v 0.000000 0.202949 4.940344
v 0.000000 0.156708 4.961813
v 0.000000 0.087504 4.976158
v 0.002936 0.005085 4.981195
v 0.125462 0.217308 4.912340
v 0.043752 0.075780 4.976158
v 0.078354 0.135713 4.961813
v 0.101474 0.175759 4.940344
v 0.004152 0.004152 4.981195
v 0.177431 0.177431 4.912340
v 0.061874 0.061874 4.976158
v 0.110809 0.110809 4.961813
v 0.143506 0.143507 4.940344
v 0.005085 0.002936 4.981195
v 0.217307 0.125463 4.912340
v 0.075780 0.043752 4.976158
v 0.135713 0.078354 4.961813
v 0.175759 0.101475 4.940344
v 0.005671 0.001520 4.981195
v 0.242375 0.064944 4.912340
v 0.084522 0.022648 4.976158
v 0.151368 0.040559 4.961813
v 0.196033 0.052527 4.940344
v 0.005871 0.000000 4.981195
v 0.250925 0.000000 4.912340
v 0.087503 0.000000 4.976158
v 0.156708 0.000000 4.961813
v 0.202948 0.000000 4.940344
v 0.005671 -0.001519 4.981195
v 0.242375 -0.064944 4.912340
v 0.084522 -0.022647 4.976158
v 0.151368 -0.040558 4.961813
v 0.196033 -0.052527 4.940344
v 0.005085 -0.002935 4.981195
v 0.217307 -0.125462 4.912340
v 0.075780 -0.043751 4.976158
v 0.135713 -0.078353 4.961813
v 0.175759 -0.101474 4.940344
v 0.004152 -0.004151 4.981195
v 0.177431 -0.177430 4.912340
v 0.061874 -0.061874 4.976158
v 0.110809 -0.110809 4.961813
v 0.143506 -0.143506 4.940344
v 0.002936 -0.005084 4.981195
v 0.125462 -0.217307 4.912340
v 0.043752 -0.075780 4.976158
v 0.078354 -0.135712 4.961813
v 0.101474 -0.175758 4.940344
v 0.001520 -0.005671 4.981195
v 0.064944 -0.242374 4.912340
v 0.022648 -0.084521 4.976158
v 0.040559 -0.151368 4.961813
v 0.052527 -0.196033 4.940344
v 0.000000 -0.005871 4.981195
v -0.000000 -0.250924 4.912340
v 0.000000 -0.087503 4.976158
v 0.000000 -0.156707 4.961813
v 0.000000 -0.202948 4.940344
v -0.001520 -0.005671 4.981195
v -0.064944 -0.242374 4.912340
v -0.022647 -0.084521 4.976158
v -0.040559 -0.151368 4.961813
v -0.052527 -0.196033 4.940344
v -0.002935 -0.005084 4.981195
v -0.125462 -0.217307 4.912340
v -0.043752 -0.075780 4.976158
v -0.078354 -0.135712 4.961813
v -0.101474 -0.175758 4.940344
v -0.004151 -0.004151 4.981195
v -0.177431 -0.177430 4.912340
v -0.061874 -0.061874 4.976158
v -0.110809 -0.110809 4.961813
v -0.143506 -0.143506 4.940344
v -0.005085 -0.002935 4.981195
v -0.217307 -0.125462 4.912340
v -0.075780 -0.043751 4.976158
v -0.135713 -0.078353 4.961813
v -0.175759 -0.101474 4.940344
v -0.005671 -0.001519 4.981195
v -0.242375 -0.064944 4.912340
v -0.084522 -0.022647 4.976158
v -0.151368 -0.040558 4.961813
v -0.196033 -0.052527 4.940344
v -0.005871 0.000000 4.981195
v -0.250925 0.000000 4.912340
v -0.087503 0.000000 4.976158
v -0.156708 0.000000 4.961813
v -0.202948 0.000000 4.940344
v -0.005671 0.001520 4.981195
v -0.242375 0.064944 4.912340
v -0.084522 0.022648 4.976158
v -0.151368 0.040559 4.961813
v -0.196033 0.052527 4.940344
v -0.005085 0.002936 4.981195
v -0.217307 0.125463 4.912340
v -0.075780 0.043752 4.976158
v -0.135713 0.078354 4.961813
v -0.175759 0.101475 4.940344
v -0.004151 0.004152 4.981195
v -0.177431 0.177431 4.912340
v -0.061874 0.061875 4.976158
v -0.110809 0.110809 4.961813
v -0.143506 0.143507 4.940344
v -0.002936 0.005085 4.981195
v -0.125462 0.217308 4.912340
v -0.043752 0.075780 4.976158
v -0.078354 0.135713 4.961813
v -0.101474 0.175759 4.940344
v -0.001519 0.005672 4.981195
v -0.064944 0.242375 4.912340
v -0.022647 0.084522 4.976158
v -0.040559 0.151368 4.961813
v -0.052527 0.196034 4.940344
v 0.066405 0.247827 4.964767
v -0.000000 0.256570 4.964767
v 0.128285 0.222196 4.964767
v -0.066405 0.247827 4.964767
v 0.181422 0.181422 4.964767
v 0.222196 0.128285 4.964767
v 0.247827 0.066405 4.964767
v 0.256569 0.000000 4.964767
v 0.247827 -0.066405 4.964767
v 0.222196 -0.128284 4.964767
v 0.181422 -0.181422 4.964767
v 0.128285 -0.222195 4.964767
v 0.066405 -0.247827 4.964767
v -0.000000 -0.256569 4.964767
v -0.066405 -0.247827 4.964767
v -0.128285 -0.222195 4.964767
v -0.181422 -0.181422 4.964767
v -0.222196 -0.128284 4.964767
v -0.247827 -0.066405 4.964767
v -0.256570 0.000000 4.964767
v -0.247827 0.066405 4.964767
v -0.222196 0.128285 4.964767
v -0.181422 0.181422 4.964767
v -0.128285 0.222196 4.964767
v 0.000000 0.245165 -3.351445
v 0.000000 0.287625 -2.010482
v 0.000000 0.331690 -0.669643
v 0.000000 0.331690 0.669643
v 0.000000 0.323899 2.008929
v 0.000000 0.323899 3.348214
v 0.083831 0.312862 3.348214
v 0.083831 0.312862 2.008928
v 0.085848 0.320388 0.669643
v 0.085848 0.320388 -0.669643
v 0.074443 0.277824 -2.010483
v 0.063453 0.236811 -3.351445
v 0.161949 0.280505 3.348214
v 0.161949 0.280504 2.008928
v 0.165845 0.287252 0.669643
v 0.165845 0.287252 -0.669643
v 0.143812 0.249090 -2.010483
v 0.122582 0.212319 -3.351445
v 0.229031 0.229031 3.348214
v 0.229031 0.229031 2.008928
v 0.234540 0.234540 0.669643
v 0.234540 0.234540 -0.669643
v 0.203381 0.203381 -2.010483
v 0.173358 0.173358 -3.351445
v 0.280504 0.161950 3.348214
v 0.280504 0.161949 2.008928
v 0.287252 0.165845 0.669643
v 0.287252 0.165845 -0.669643
v 0.249090 0.143812 -2.010483
v 0.212319 0.122582 -3.351445
v 0.312862 0.083831 3.348214
v 0.312862 0.083831 2.008928
v 0.320388 0.085848 0.669643
v 0.320388 0.085848 -0.669643
v 0.277824 0.074443 -2.010483
v 0.236811 0.063453 -3.351445
v 0.323898 0.000000 3.348214
v 0.323898 0.000000 2.008928
v 0.331690 0.000000 0.669643
v 0.331690 -0.000000 -0.669643
v 0.287625 -0.000000 -2.010483
v 0.245165 -0.000000 -3.351445
v 0.312862 -0.083831 3.348214
v 0.312862 -0.083831 2.008928
v 0.320388 -0.085848 0.669643
v 0.320388 -0.085848 -0.669643
v 0.277824 -0.074443 -2.010483
v 0.236811 -0.063454 -3.351445
v 0.280504 -0.161949 3.348214
v 0.280504 -0.161949 2.008928
v 0.287252 -0.165845 0.669643
v 0.287252 -0.165845 -0.669643
v 0.249090 -0.143813 -2.010483
v 0.212319 -0.122583 -3.351445
v 0.229031 -0.229031 3.348214
v 0.229031 -0.229031 2.008928
v 0.234540 -0.234540 0.669643
v 0.234540 -0.234540 -0.669643
v 0.203381 -0.203382 -2.010483
v 0.173358 -0.173358 -3.351445
v 0.161949 -0.280504 3.348214
v 0.161949 -0.280504 2.008928
v 0.165845 -0.287252 0.669643
v 0.165845 -0.287252 -0.669643
v 0.143812 -0.249090 -2.010483
v 0.122582 -0.212319 -3.351445
v 0.083831 -0.312862 3.348214
v 0.083831 -0.312862 2.008928
v 0.085848 -0.320388 0.669643
v 0.085848 -0.320388 -0.669643
v 0.074443 -0.277824 -2.010483
v 0.063453 -0.236811 -3.351445
v 0.000000 -0.323898 3.348214
v 0.000000 -0.323898 2.008928
v 0.000000 -0.331690 0.669643
v 0.000000 -0.331690 -0.669643
v 0.000000 -0.287625 -2.010483
v 0.000000 -0.245165 -3.351445
v -0.083831 -0.312862 3.348214
v -0.083831 -0.312862 2.008928
v -0.085848 -0.320388 0.669643
v -0.085848 -0.320388 -0.669643
v -0.074443 -0.277824 -2.010483
v -0.063453 -0.236811 -3.351445
v -0.161949 -0.280504 3.348214
v -0.161949 -0.280504 2.008928
v -0.165845 -0.287252 0.669643
v -0.165845 -0.287252 -0.669643
v -0.143812 -0.249090 -2.010483
v -0.122582 -0.212319 -3.351445
v -0.229031 -0.229031 3.348214
v -0.229031 -0.229031 2.008928
v -0.234540 -0.234540 0.669643
v -0.234540 -0.234540 -0.669643
v -0.203381 -0.203382 -2.010483
v -0.173358 -0.173358 -3.351445
v -0.280504 -0.161949 3.348214
v -0.280504 -0.161949 2.008928
v -0.287252 -0.165845 0.669643
v -0.287252 -0.165845 -0.669643
v -0.249090 -0.143813 -2.010483
v -0.212319 -0.122583 -3.351445
v -0.312862 -0.083831 3.348214
v -0.312862 -0.083831 2.008928
v -0.320388 -0.085848 0.669643
v -0.320388 -0.085848 -0.669643
v -0.277824 -0.074443 -2.010483
v -0.236811 -0.063454 -3.351445
v -0.323898 0.000000 3.348214
v -0.323898 0.000000 2.008928
v -0.331690 0.000000 0.669643
v -0.331690 -0.000000 -0.669643
v -0.287625 -0.000000 -2.010483
v -0.245165 -0.000000 -3.351445
v -0.312862 0.083831 3.348214
v -0.312862 0.083831 2.008928
v -0.320388 0.085848 0.669643
v -0.320388 0.085848 -0.669643
v -0.277824 0.074443 -2.010483
v -0.236811 0.063453 -3.351445
v -0.280504 0.161950 3.348214
v -0.280504 0.161949 2.008928
v -0.287252 0.165845 0.669643
v -0.287252 0.165845 -0.669643
v -0.249090 0.143812 -2.010483
v -0.212319 0.122582 -3.351445
v -0.229031 0.229031 3.348214
v -0.229031 0.229031 2.008928
v -0.234540 0.234540 0.669643
v -0.234540 0.234540 -0.669643
v -0.203381 0.203381 -2.010483
v -0.173358 0.173358 -3.351445
v -0.161949 0.280505 3.348214
v -0.161949 0.280504 2.008928
v -0.165845 0.287252 0.669643
v -0.165845 0.287252 -0.669643
v -0.143812 0.249090 -2.010483
v -0.122582 0.212319 -3.351445
v -0.083831 0.312862 3.348214
v -0.083831 0.312862 2.008928
v -0.085848 0.320388 0.669643
v -0.085848 0.320388 -0.669643
v -0.074443 0.277824 -2.010483
v -0.063453 0.236811 -3.351445
v 0.000000 0.323899 3.298214
v 0.083831 0.312862 3.298214
v 0.161949 0.280505 3.298214
v 0.229031 0.229031 3.298214
v 0.280504 0.161950 3.298214
v 0.312862 0.083831 3.298214
v 0.323898 0.000000 3.298214
v 0.312862 -0.083831 3.298214
v 0.280504 -0.161949 3.298214
v 0.229031 -0.229031 3.298214
v 0.161949 -0.280504 3.298214
v 0.083831 -0.312862 3.298214
v 0.000000 -0.323898 3.298214
v -0.083831 -0.312862 3.298214
v -0.161949 -0.280504 3.298214
v -0.229031 -0.229031 3.298214
v -0.280504 -0.161949 3.298214
v -0.312862 -0.083831 3.298214
v -0.323898 0.000000 3.298214
v -0.312862 0.083831 3.298214
v -0.280504 0.161950 3.298214
v -0.229031 0.229031 3.298214
v -0.161949 0.280505 3.298214
v -0.083831 0.312862 3.298214
v 0.000000 0.323899 1.958929
v 0.083831 0.312862 1.958928
v 0.161949 0.280504 1.958928
v 0.229031 0.229031 1.958928
v 0.280504 0.161949 1.958928
v 0.312862 0.083831 1.958928
v 0.323898 0.000000 1.958928
v 0.312862 -0.083831 1.958928
v 0.280504 -0.161949 1.958928
v 0.229031 -0.229031 1.958928
v 0.161949 -0.280504 1.958928
v 0.083831 -0.312862 1.958928
v 0.000000 -0.323898 1.958928
v -0.083831 -0.312862 1.958928
v -0.161949 -0.280504 1.958928
v -0.229031 -0.229031 1.958928
v -0.280504 -0.161949 1.958928
v -0.312862 -0.083831 1.958928
v -0.323898 0.000000 1.958928
v -0.312862 0.083831 1.958928
v -0.280504 0.161949 1.958928
v -0.229031 0.229031 1.958928
v -0.161949 0.280504 1.958928
v -0.083831 0.312862 1.958928
v 0.000000 0.331690 0.619643
v 0.085848 0.320388 0.619643
v 0.165845 0.287252 0.619643
v 0.234540 0.234540 0.619643
v 0.287252 0.165845 0.619643
v 0.320388 0.085848 0.619643
v 0.331690 0.000000 0.619643
v 0.320388 -0.085848 0.619643
v 0.287252 -0.165845 0.619643
v 0.234540 -0.234540 0.619643
v 0.165845 -0.287252 0.619643
v 0.085848 -0.320388 0.619643
v 0.000000 -0.331690 0.619643
v -0.085848 -0.320388 0.619643
v -0.165845 -0.287252 0.619643
v -0.234540 -0.234540 0.619643
v -0.287252 -0.165845 0.619643
v -0.320388 -0.085848 0.619643
v -0.331690 0.000000 0.619643
v -0.320388 0.085848 0.619643
v -0.287252 0.165845 0.619643
v -0.234540 0.234540 0.619643
v -0.165845 0.287252 0.619643
v -0.085848 0.320388 0.619643
v 0.000000 0.331690 -0.719643
v 0.085848 0.320388 -0.719643
v 0.165845 0.287252 -0.719643
v 0.234540 0.234540 -0.719643
v 0.287252 0.165845 -0.719643
v 0.320388 0.085848 -0.719643
v 0.331690 -0.000000 -0.719643
v 0.320388 -0.085848 -0.719643
v 0.287252 -0.165845 -0.719643
v 0.234540 -0.234540 -0.719643
v 0.165845 -0.287252 -0.719643
v 0.085848 -0.320388 -0.719643
v 0.000000 -0.331690 -0.719643
v -0.085848 -0.320388 -0.719643
v -0.165845 -0.287252 -0.719643
v -0.234540 -0.234540 -0.719643
v -0.287252 -0.165845 -0.719643
v -0.320388 -0.085848 -0.719643
v -0.331690 -0.000000 -0.719643
v -0.320388 0.085848 -0.719643
v -0.287252 0.165845 -0.719643
v -0.234540 0.234540 -0.719643
v -0.165845 0.287252 -0.719643
v -0.085848 0.320388 -0.719643
v 0.000000 0.287625 -2.057374
v 0.074443 0.277824 -2.057375
v 0.143812 0.249090 -2.057375
v 0.203381 0.203381 -2.057375
v 0.249090 0.143812 -2.057375
v 0.277824 0.074443 -2.057375
v 0.287625 -0.000000 -2.057375
v 0.277824 -0.074443 -2.057375
v 0.249090 -0.143813 -2.057375
v 0.203381 -0.203382 -2.057375
v 0.143812 -0.249090 -2.057375
v 0.074443 -0.277824 -2.057375
v 0.000000 -0.287625 -2.057375
v -0.074443 -0.277824 -2.057375
v -0.143812 -0.249090 -2.057375
v -0.203381 -0.203382 -2.057375
v -0.249090 -0.143813 -2.057375
v -0.277824 -0.074443 -2.057375
v -0.287625 -0.000000 -2.057375
v -0.277824 0.074443 -2.057375
v -0.249090 0.143812 -2.057375
v -0.203381 0.203381 -2.057375
v -0.143812 0.249090 -2.057375
v -0.074443 0.277824 -2.057375
v 0.063453 0.236811 -3.394984
v 0.122582 0.212319 -3.394984
v 0.173358 0.173358 -3.394984
v 0.212319 0.122582 -3.394984
v 0.236811 0.063453 -3.394984
v 0.245165 -0.000000 -3.394984
v 0.236811 -0.063454 -3.394984
v 0.212319 -0.122583 -3.394984
v 0.173358 -0.173358 -3.394984
v 0.122582 -0.212319 -3.394984
v 0.063453 -0.236811 -3.394984
v 0.000000 -0.245165 -3.394984
v -0.063453 -0.236811 -3.394984
v -0.122582 -0.212319 -3.394984
v -0.173358 -0.173358 -3.394984
v -0.212319 -0.122583 -3.394984
v -0.236811 -0.063454 -3.394984
v -0.245165 -0.000000 -3.394984
v -0.236811 0.063453 -3.394984
v -0.212319 0.122582 -3.394984
v -0.173358 0.173358 -3.394984
v -0.122582 0.212319 -3.394984
v -0.063453 0.236811 -3.394984
v 0.000000 0.245165 -3.394984
v 0.000000 0.312500 3.348214
v 0.080881 0.301852 3.348214
v 0.156250 0.270633 3.348214
v 0.220971 0.220971 3.348214
v 0.270633 0.156250 3.348214
v 0.301852 0.080881 3.348214
v 0.312500 0.000000 3.348214
v 0.301852 -0.080881 3.348214
v 0.270633 -0.156250 3.348214
v 0.220971 -0.220971 3.348214
v 0.156250 -0.270633 3.348214
v 0.080881 -0.301852 3.348214
v 0.000000 -0.312500 3.348214
v -0.080881 -0.301852 3.348214
v -0.156250 -0.270633 3.348214
v -0.220971 -0.220971 3.348214
v -0.270633 -0.156250 3.348214
v -0.301852 -0.080881 3.348214
v -0.312500 0.000000 3.348214
v -0.301852 0.080881 3.348214
v -0.270633 0.156250 3.348214
v -0.220971 0.220971 3.348214
v -0.156250 0.270633 3.348214
v -0.080881 0.301852 3.348214
v 0.080881 0.301852 3.298214
v 0.156250 0.270633 3.298214
v 0.220971 0.220971 3.298214
v 0.270633 0.156250 3.298214
v 0.301852 0.080881 3.298214
v 0.312500 0.000000 3.298214
v 0.301852 -0.080881 3.298214
v 0.270633 -0.156250 3.298214
v 0.220971 -0.220971 3.298214
v 0.156250 -0.270633 3.298214
v 0.080881 -0.301852 3.298214
v 0.000000 -0.312500 3.298214
v -0.080881 -0.301852 3.298214
v -0.156250 -0.270633 3.298214
v -0.220971 -0.220971 3.298214
v -0.270633 -0.156250 3.298214
v -0.301852 -0.080881 3.298214
v -0.312500 0.000000 3.298214
v -0.301852 0.080881 3.298214
v -0.270633 0.156250 3.298214
v -0.220971 0.220971 3.298214
v -0.156250 0.270633 3.298214
v -0.080881 0.301852 3.298214
v 0.000000 0.312500 3.298214
v 0.080881 0.301852 2.008928
v 0.156250 0.270633 2.008928
v 0.220971 0.220971 2.008928
v 0.270633 0.156250 2.008928
v 0.301852 0.080881 2.008928
v 0.312500 0.000000 2.008928
v 0.301852 -0.080881 2.008928
v 0.270633 -0.156250 2.008928
v 0.220971 -0.220971 2.008928
v 0.156250 -0.270633 2.008928
v 0.080881 -0.301852 2.008928
v 0.000000 -0.312500 2.008928
v -0.080881 -0.301852 2.008928
v -0.156250 -0.270633 2.008928
v -0.220971 -0.220971 2.008928
v -0.270633 -0.156250 2.008928
v -0.301852 -0.080881 2.008928
v -0.312500 0.000000 2.008928
v -0.301852 0.080881 2.008928
v -0.270633 0.156250 2.008928
v -0.220971 0.220971 2.008928
v -0.156250 0.270633 2.008928
v -0.080881 0.301852 2.008928
v 0.000000 0.312500 2.008929
v 0.080881 0.301852 1.958928
v 0.156250 0.270633 1.958928
v 0.220971 0.220971 1.958928
v 0.270633 0.156250 1.958928
v 0.301852 0.080881 1.958928
v 0.312500 0.000000 1.958928
v 0.301852 -0.080881 1.958928
v 0.270633 -0.156250 1.958928
v 0.220971 -0.220971 1.958928
v 0.156250 -0.270633 1.958928
v 0.080881 -0.301852 1.958928
v 0.000000 -0.312500 1.958928
v -0.080881 -0.301852 1.958928
v -0.156250 -0.270633 1.958928
v -0.220971 -0.220971 1.958928
v -0.270633 -0.156250 1.958928
v -0.301852 -0.080881 1.958928
v -0.312500 0.000000 1.958928
v -0.301852 0.080881 1.958928
v -0.270633 0.156250 1.958928
v -0.220971 0.220971 1.958928
v -0.156250 0.270633 1.958928
v -0.080881 0.301852 1.958928
v 0.000000 0.312500 1.958929
v 0.080881 0.301852 0.669643
v 0.156250 0.270633 0.669643
v 0.220971 0.220971 0.669643
v 0.270633 0.156250 0.669643
v 0.301852 0.080881 0.669643
v 0.312500 0.000000 0.669643
v 0.301852 -0.080881 0.669643
v 0.270633 -0.156250 0.669643
v 0.220971 -0.220971 0.669643
v 0.156250 -0.270633 0.669643
v 0.080881 -0.301852 0.669643
v 0.000000 -0.312500 0.669643
v -0.080881 -0.301852 0.669643
v -0.156250 -0.270633 0.669643
v -0.220971 -0.220971 0.669643
v -0.270633 -0.156250 0.669643
v -0.301852 -0.080881 0.669643
v -0.312500 0.000000 0.669643
v -0.301852 0.080881 0.669643
v -0.270633 0.156250 0.669643
v -0.220971 0.220971 0.669643
v -0.156250 0.270633 0.669643
v -0.080881 0.301852 0.669643
v 0.000000 0.312500 0.669643
v 0.082826 0.309113 0.619643
v 0.160009 0.277143 0.619643
v 0.226286 0.226286 0.619643
v 0.277143 0.160009 0.619643
v 0.309113 0.082827 0.619643
v 0.320017 0.000000 0.619643
v 0.309113 -0.082826 0.619643
v 0.277143 -0.160008 0.619643
v 0.226286 -0.226286 0.619643
v 0.160009 -0.277143 0.619643
v 0.082826 -0.309113 0.619643
v 0.000000 -0.320017 0.619643
v -0.082826 -0.309113 0.619643
v -0.160009 -0.277143 0.619643
v -0.226286 -0.226286 0.619643
v -0.277143 -0.160008 0.619643
v -0.309113 -0.082826 0.619643
v -0.320017 0.000000 0.619643
v -0.309113 0.082827 0.619643
v -0.277143 0.160009 0.619643
v -0.226286 0.226286 0.619643
v -0.160009 0.277143 0.619643
v -0.082826 0.309113 0.619643
v 0.000000 0.320017 0.619643
v 0.082826 0.309113 -0.669643
v 0.160009 0.277143 -0.669643
v 0.226286 0.226286 -0.669643
v 0.277143 0.160008 -0.669643
v 0.309113 0.082826 -0.669643
v 0.320017 -0.000000 -0.669643
v 0.309113 -0.082827 -0.669643
v 0.277143 -0.160009 -0.669643
v 0.226286 -0.226286 -0.669643
v 0.160009 -0.277143 -0.669643
v 0.082826 -0.309113 -0.669643
v 0.000000 -0.320017 -0.669643
v -0.082826 -0.309113 -0.669643
v -0.160009 -0.277143 -0.669643
v -0.226286 -0.226286 -0.669643
v -0.277143 -0.160009 -0.669643
v -0.309113 -0.082827 -0.669643
v -0.320017 -0.000000 -0.669643
v -0.309113 0.082826 -0.669643
v -0.277143 0.160008 -0.669643
v -0.226286 0.226286 -0.669643
v -0.160009 0.277143 -0.669643
v -0.082826 0.309113 -0.669643
v 0.000000 0.320017 -0.669643
v 0.080881 0.301852 -0.719643
v 0.156250 0.270633 -0.719643
v 0.220971 0.220971 -0.719643
v 0.270633 0.156250 -0.719643
v 0.301852 0.080881 -0.719643
v 0.312500 -0.000000 -0.719643
v 0.301852 -0.080881 -0.719643
v 0.270633 -0.156250 -0.719643
v 0.220971 -0.220971 -0.719643
v 0.156250 -0.270633 -0.719643
v 0.080881 -0.301852 -0.719643
v 0.000000 -0.312500 -0.719643
v -0.080881 -0.301852 -0.719643
v -0.156250 -0.270633 -0.719643
v -0.220971 -0.220971 -0.719643
v -0.270633 -0.156250 -0.719643
v -0.301852 -0.080881 -0.719643
v -0.312500 -0.000000 -0.719643
v -0.301852 0.080881 -0.719643
v -0.270633 0.156250 -0.719643
v -0.220971 0.220971 -0.719643
v -0.156250 0.270633 -0.719643
v -0.080881 0.301852 -0.719643
v 0.000000 0.312500 -0.719643
v 0.071823 0.268047 -2.010483
v 0.138751 0.240324 -2.010483
v 0.196224 0.196224 -2.010483
v 0.240324 0.138751 -2.010483
v 0.268047 0.071823 -2.010483
v 0.277503 -0.000000 -2.010483
v 0.268047 -0.071823 -2.010483
v 0.240324 -0.138752 -2.010483
v 0.196224 -0.196224 -2.010483
v 0.138751 -0.240325 -2.010483
v 0.071823 -0.268047 -2.010483
v 0.000000 -0.277503 -2.010483
v -0.071823 -0.268047 -2.010483
v -0.138751 -0.240325 -2.010483
v -0.196224 -0.196224 -2.010483
v -0.240324 -0.138752 -2.010483
v -0.268047 -0.071823 -2.010483
v -0.277503 -0.000000 -2.010483
v -0.268047 0.071823 -2.010483
v -0.240324 0.138751 -2.010483
v -0.196224 0.196224 -2.010483
v -0.138751 0.240324 -2.010483
v -0.071823 0.268047 -2.010483
v 0.000000 0.277503 -2.010482
v 0.071823 0.268047 -2.057375
v 0.138751 0.240324 -2.057375
v 0.196224 0.196224 -2.057375
v 0.240324 0.138751 -2.057375
v 0.268047 0.071823 -2.057375
v 0.277503 -0.000000 -2.057375
v 0.268047 -0.071823 -2.057375
v 0.240324 -0.138752 -2.057375
v 0.196224 -0.196224 -2.057375
v 0.138751 -0.240325 -2.057375
v 0.071823 -0.268047 -2.057375
v 0.000000 -0.277503 -2.057375
v -0.071823 -0.268047 -2.057375
v -0.138751 -0.240325 -2.057375
v -0.196224 -0.196224 -2.057375
v -0.240324 -0.138752 -2.057375
v -0.268047 -0.071823 -2.057375
v -0.277503 -0.000000 -2.057375
v -0.268047 0.071823 -2.057375
v -0.240324 0.138751 -2.057375
v -0.196224 0.196224 -2.057375
v -0.138751 0.240324 -2.057375
v -0.071823 0.268047 -2.057375
v 0.000000 0.277503 -2.057374
v 0.061220 0.228477 -3.351445
v 0.118269 0.204847 -3.351445
v 0.167257 0.167257 -3.351445
v 0.204847 0.118268 -3.351445
v 0.228477 0.061220 -3.351445
v 0.236537 -0.000000 -3.351445
v 0.228477 -0.061221 -3.351445
v 0.204847 -0.118269 -3.351445
v 0.167257 -0.167257 -3.351445
v 0.118269 -0.204848 -3.351445
v 0.061220 -0.228478 -3.351445
v 0.000000 -0.236538 -3.351445
v -0.061220 -0.228478 -3.351445
v -0.118269 -0.204848 -3.351445
v -0.167257 -0.167257 -3.351445
v -0.204847 -0.118269 -3.351445
v -0.228477 -0.061221 -3.351445
v -0.236537 -0.000000 -3.351445
v -0.228477 0.061220 -3.351445
v -0.204847 0.118268 -3.351445
v -0.167257 0.167257 -3.351445
v -0.118269 0.204847 -3.351445
v -0.061220 0.228477 -3.351445
v 0.000000 0.236537 -3.351445
v 0.061220 0.228477 -3.394984
v 0.118269 0.204847 -3.394984
v 0.167257 0.167257 -3.394984
v 0.204847 0.118268 -3.394984
v 0.228477 0.061220 -3.394984
v 0.236537 -0.000000 -3.394984
v 0.228477 -0.061221 -3.394984
v 0.204847 -0.118269 -3.394984
v 0.167257 -0.167257 -3.394984
v 0.118269 -0.204848 -3.394984
v 0.061220 -0.228478 -3.394984
v 0.000000 -0.236538 -3.394984
v -0.061220 -0.228478 -3.394984
v -0.118269 -0.204848 -3.394984
v -0.167257 -0.167257 -3.394984
v -0.204847 -0.118269 -3.394984
v -0.228477 -0.061221 -3.394984
v -0.236537 -0.000000 -3.394984
v -0.228477 0.061220 -3.394984
v -0.204847 0.118268 -3.394984
v -0.167257 0.167257 -3.394984
v -0.118269 0.204847 -3.394984
v -0.061220 0.228477 -3.394984
v 0.000000 0.236537 -3.394983
v 0.000000 0.202321 -4.687500
v 0.052365 0.195427 -4.687500
v 0.101161 0.175215 -4.687500
v 0.143063 0.143063 -4.687500
v 0.175216 0.101161 -4.687500
v 0.195428 0.052364 -4.687500
v 0.202322 -0.000000 -4.687500
v 0.195428 -0.052365 -4.687500
v 0.175216 -0.101161 -4.687500
v 0.143063 -0.143063 -4.687500
v 0.101161 -0.175216 -4.687500
v 0.052365 -0.195428 -4.687500
v 0.000000 -0.202322 -4.687500
v -0.052365 -0.195428 -4.687500
v -0.101161 -0.175216 -4.687500
v -0.143063 -0.143063 -4.687500
v -0.175216 -0.101161 -4.687500
v -0.195428 -0.052365 -4.687500
v -0.202322 -0.000000 -4.687500
v -0.195428 0.052364 -4.687500
v -0.175216 0.101161 -4.687500
v -0.143063 0.143063 -4.687500
v -0.101161 0.175215 -4.687500
v -0.052365 0.195427 -4.687500
v 0.000000 0.202321 -4.705095
v 0.052365 0.195427 -4.705095
v 0.101161 0.175215 -4.705095
v 0.143063 0.143063 -4.705095
v 0.175216 0.101161 -4.705095
v 0.195428 0.052364 -4.705095
v 0.202322 -0.000000 -4.705095
v 0.195428 -0.052365 -4.705095
v 0.175216 -0.101161 -4.705095
v 0.143063 -0.143063 -4.705095
v 0.101161 -0.175216 -4.705095
v 0.052365 -0.195428 -4.705095
v 0.000000 -0.202322 -4.705095
v -0.052365 -0.195428 -4.705095
v -0.101161 -0.175216 -4.705095
v -0.143063 -0.143063 -4.705095
v -0.175216 -0.101161 -4.705095
v -0.195428 -0.052365 -4.705095
v -0.202322 -0.000000 -4.705095
v -0.195428 0.052364 -4.705095
v -0.175216 0.101161 -4.705095
v -0.143063 0.143063 -4.705095
v -0.101161 0.175215 -4.705095
v -0.052365 0.195427 -4.705095
v 0.000000 0.155979 -4.705095
v 0.040370 0.150664 -4.705095
v 0.077990 0.135082 -4.705095
v 0.110294 0.110294 -4.705095
v 0.135082 0.077989 -4.705095
v 0.150664 0.040370 -4.705095
v 0.155979 -0.000000 -4.705095
v 0.150664 -0.040371 -4.705095
v 0.135082 -0.077990 -4.705095
v 0.110294 -0.110294 -4.705095
v 0.077990 -0.135082 -4.705095
v 0.040370 -0.150665 -4.705095
v 0.000000 -0.155980 -4.705095
v -0.040370 -0.150665 -4.705095
v -0.077990 -0.135082 -4.705095
v -0.110294 -0.110294 -4.705095
v -0.135082 -0.077990 -4.705095
v -0.150664 -0.040371 -4.705095
v -0.155979 -0.000000 -4.705095
v -0.150664 0.040370 -4.705095
v -0.135082 0.077989 -4.705095
v -0.110294 0.110294 -4.705095
v -0.077990 0.135082 -4.705095
v -0.040370 0.150664 -4.705095
v -0.000000 0.155979 -4.834549
v 0.040370 0.150664 -4.834549
v 0.077990 0.135082 -4.834549
v 0.110294 0.110294 -4.834549
v 0.135082 0.077989 -4.834549
v 0.150664 0.040370 -4.834549
v 0.155979 -0.000000 -4.834549
v 0.150664 -0.040371 -4.834549
v 0.135082 -0.077990 -4.834549
v 0.110294 -0.110294 -4.834549
v 0.077990 -0.135082 -4.834549
v 0.040370 -0.150665 -4.834549
v -0.000000 -0.155980 -4.834549
v -0.040370 -0.150665 -4.834549
v -0.077990 -0.135082 -4.834549
v -0.110294 -0.110294 -4.834549
v -0.135082 -0.077990 -4.834549
v -0.150665 -0.040371 -4.834549
v -0.155979 -0.000000 -4.834549
v -0.150665 0.040370 -4.834549
v -0.135082 0.077989 -4.834549
v -0.110294 0.110294 -4.834549
v -0.077990 0.135082 -4.834549
v -0.040370 0.150664 -4.834549
v -0.000000 0.231998 -4.834549
v 0.060045 0.224093 -4.834549
v 0.115999 0.200916 -4.834549
v 0.164047 0.164047 -4.834549
v 0.200916 0.115999 -4.834549
v 0.224093 0.060045 -4.834549
v 0.231998 -0.000000 -4.834549
v 0.224093 -0.060046 -4.834549
v 0.200916 -0.115999 -4.834549
v 0.164047 -0.164048 -4.834549
v 0.115999 -0.200917 -4.834549
v 0.060045 -0.224093 -4.834549
v -0.000000 -0.231998 -4.834549
v -0.060046 -0.224093 -4.834549
v -0.115999 -0.200917 -4.834549
v -0.164047 -0.164048 -4.834549
v -0.200916 -0.115999 -4.834549
v -0.224093 -0.060046 -4.834549
v -0.231998 -0.000000 -4.834549
v -0.224093 0.060045 -4.834549
v -0.200916 0.115999 -4.834549
v -0.164047 0.164047 -4.834549
v -0.115999 0.200916 -4.834549
v -0.060046 0.224093 -4.834549
v -0.000000 0.202531 -4.858109
v 0.052419 0.195630 -4.858109
v 0.101266 0.175397 -4.858109
v 0.143211 0.143211 -4.858109
v 0.175397 0.101265 -4.858109
v 0.195630 0.052419 -4.858109
v 0.202531 -0.000000 -4.858109
v 0.195630 -0.052419 -4.858109
v 0.175397 -0.101266 -4.858109
v 0.143211 -0.143212 -4.858109
v 0.101266 -0.175398 -4.858109
v 0.052419 -0.195631 -4.858109
v -0.000000 -0.202532 -4.858109
v -0.052419 -0.195631 -4.858109
v -0.101266 -0.175398 -4.858109
v -0.143211 -0.143212 -4.858109
v -0.175397 -0.101266 -4.858109
v -0.195630 -0.052419 -4.858109
v -0.202531 -0.000000 -4.858109
v -0.195630 0.052419 -4.858109
v -0.175397 0.101265 -4.858109
v -0.143211 0.143211 -4.858109
v -0.101266 0.175397 -4.858109
v -0.052419 0.195630 -4.858109
v -0.000000 0.231998 -4.858109
v 0.060045 0.224093 -4.858109
v 0.115999 0.200916 -4.858109
v 0.164047 0.164047 -4.858109
v 0.200916 0.115999 -4.858109
v 0.224093 0.060045 -4.858109
v 0.231998 -0.000000 -4.858109
v 0.224093 -0.060046 -4.858109
v 0.200916 -0.115999 -4.858109
v 0.164047 -0.164048 -4.858109
v 0.115999 -0.200917 -4.858109
v 0.060045 -0.224093 -4.858109
v -0.000000 -0.231998 -4.858109
v -0.060046 -0.224093 -4.858109
v -0.115999 -0.200917 -4.858109
v -0.164047 -0.164048 -4.858109
v -0.200916 -0.115999 -4.858109
v -0.224093 -0.060046 -4.858109
v -0.231998 -0.000000 -4.858109
v -0.224093 0.060045 -4.858109
v -0.200916 0.115999 -4.858109
v -0.164047 0.164047 -4.858109
v -0.115999 0.200916 -4.858109
v -0.060046 0.224093 -4.858109
v -0.000000 0.202531 -4.845907
v 0.052419 0.195630 -4.845907
v 0.101266 0.175397 -4.845907
v 0.143211 0.143211 -4.845907
v 0.175397 0.101265 -4.845907
v 0.195630 0.052419 -4.845907
v 0.202531 -0.000000 -4.845907
v 0.195630 -0.052419 -4.845907
v 0.175397 -0.101266 -4.845907
v 0.143211 -0.143212 -4.845907
v 0.101266 -0.175398 -4.845907
v 0.052419 -0.195631 -4.845907
v -0.000000 -0.202532 -4.845907
v -0.052419 -0.195631 -4.845907
v -0.101266 -0.175398 -4.845907
v -0.143211 -0.143212 -4.845907
v -0.175397 -0.101266 -4.845907
v -0.195630 -0.052419 -4.845907
v -0.202531 -0.000000 -4.845907
v -0.195630 0.052419 -4.845907
v -0.175397 0.101265 -4.845907
v -0.143211 0.143211 -4.845907
v -0.101266 0.175397 -4.845907
v -0.052419 0.195630 -4.845907
vn -0.0000 1.0000 -0.0000
vn 0.2588 0.9659 -0.0000
vn 0.5000 0.8660 -0.0000
vn 0.7071 0.7071 -0.0000
vn 0.8660 0.5000 -0.0000
vn 0.9659 0.2588 -0.0000
vn 1.0000 -0.0000 -0.0000
vn 0.9659 -0.2588 -0.0000
vn 0.8660 -0.5000 -0.0000
vn 0.7071 -0.7071 -0.0000
vn 0.5000 -0.8660 -0.0000
vn 0.2588 -0.9659 -0.0000
vn -0.0000 -1.0000 -0.0000
vn -0.2588 -0.9659 -0.0000
vn -0.5000 -0.8660 -0.0000
vn -0.7071 -0.7071 -0.0000
vn -0.8660 -0.5000 -0.0000
vn -0.9659 -0.2588 -0.0000
vn -1.0000 -0.0000 -0.0000
vn -0.9659 0.2588 -0.0000
vn -0.8660 0.5000 -0.0000
vn -0.7071 0.7071 -0.0000
vn -0.5000 0.8660 -0.0000
vn -0.0000 -0.0000 -1.0000
vn -0.2588 0.9659 -0.0000
vn -0.0000 -0.0000 1.0000
vn -0.8610 -0.4971 0.1070
vn -0.7030 -0.7030 0.1071
vn -0.4971 -0.8610 0.1071
vn -0.2573 -0.9604 0.1071
vn 0.9604 -0.2573 0.1071
vn 0.9943 -0.0000 0.1071
vn -0.0000 0.9943 0.1071
vn -0.2573 0.9604 0.1071
vn -0.9604 -0.2573 0.1071
vn 0.8610 -0.4971 0.1071
vn 0.2573 0.9604 0.1071
vn -0.9943 -0.0000 0.1071
vn 0.7030 -0.7030 0.1071
vn 0.4971 0.8610 0.1071
vn -0.9604 0.2573 0.1071
vn 0.4971 -0.8610 0.1071
vn 0.7030 0.7030 0.1071
vn -0.8610 0.4971 0.1071
vn 0.2573 -0.9604 0.1070
vn 0.8610 0.4971 0.1071
vn -0.7030 0.7030 0.1071
vn 0.0086 0.0322 0.9994
vn -0.0000 0.0333 0.9994
vn -0.0086 0.0322 0.9994
vn -0.0167 0.0289 0.9994
vn -0.0236 0.0236 0.9994
vn -0.0289 0.0167 0.9994
vn -0.0322 0.0086 0.9994
vn -0.0334 -0.0000 0.9994
vn -0.0322 -0.0087 0.9994
vn -0.0289 -0.0167 0.9994
vn -0.0236 -0.0236 0.9994
vn -0.0167 -0.0289 0.9994
vn -0.0086 -0.0323 0.9994
vn -0.0000 -0.0334 0.9994
vn 0.0086 -0.0323 0.9994
vn 0.0167 -0.0289 0.9994
vn 0.0236 -0.0236 0.9994
vn 0.0289 -0.0167 0.9994
vn 0.0322 -0.0087 0.9994
vn 0.0334 -0.0000 0.9994
vn 0.0322 0.0086 0.9994
vn 0.0289 0.0167 0.9994
vn 0.0236 0.0236 0.9994
vn 0.0167 0.0289 0.9994
vn 0.9604 0.2573 0.1071
vn -0.4971 0.8610 0.1071
vn -0.0000 -0.9943 0.1071
vn 0.1305 0.4869 0.8636
vn -0.0000 0.5041 0.8636
vn -0.0000 0.4662 0.8847
vn 0.1207 0.4503 0.8847
vn -0.0000 0.3227 0.9465
vn 0.0835 0.3117 0.9465
vn -0.0000 0.1384 0.9904
vn 0.0358 0.1337 0.9904
vn 0.2521 0.4366 0.8636
vn 0.2331 0.4037 0.8847
vn 0.1613 0.2795 0.9465
vn 0.0692 0.1199 0.9904
vn 0.3565 0.3565 0.8636
vn 0.3296 0.3296 0.8847
vn 0.2282 0.2282 0.9465
vn 0.0979 0.0979 0.9904
vn 0.4366 0.2521 0.8636
vn 0.4037 0.2331 0.8847
vn 0.2795 0.1613 0.9465
vn 0.1199 0.0692 0.9904
vn 0.4869 0.1305 0.8636
vn 0.4503 0.1207 0.8847
vn 0.3117 0.0835 0.9465
vn 0.1337 0.0358 0.9904
vn 0.5041 -0.0000 0.8636
vn 0.4662 -0.0000 0.8847
vn 0.3227 -0.0000 0.9465
vn 0.1384 -0.0000 0.9904
vn 0.4869 -0.1305 0.8636
vn 0.4503 -0.1207 0.8847
vn 0.3117 -0.0835 0.9465
vn 0.1337 -0.0358 0.9904
vn 0.4366 -0.2521 0.8636
vn 0.4037 -0.2331 0.8847
vn 0.2795 -0.1613 0.9465
vn 0.1199 -0.0692 0.9904
vn 0.3565 -0.3565 0.8636
vn 0.3296 -0.3296 0.8847
vn 0.2282 -0.2282 0.9465
vn 0.0979 -0.0979 0.9904
vn 0.2521 -0.4366 0.8636
vn 0.2331 -0.4037 0.8847
vn 0.1613 -0.2795 0.9465
vn 0.0692 -0.1199 0.9904
vn 0.1305 -0.4869 0.8636
vn 0.1207 -0.4503 0.8847
vn 0.0835 -0.3117 0.9465
vn 0.0358 -0.1337 0.9904
vn -0.0000 -0.5041 0.8636
vn -0.0000 -0.4662 0.8847
vn -0.0000 -0.3227 0.9465
vn -0.0000 -0.1384 0.9904
vn -0.1305 -0.4869 0.8636
vn -0.1207 -0.4503 0.8847
vn -0.0835 -0.3117 0.9465
vn -0.0358 -0.1337 0.9904
vn -0.2521 -0.4366 0.8636
vn -0.2331 -0.4037 0.8847
vn -0.1613 -0.2795 0.9465
vn -0.0692 -0.1199 0.9904
vn -0.3565 -0.3565 0.8636
vn -0.3296 -0.3296 0.8847
vn -0.2282 -0.2282 0.9465
vn -0.0979 -0.0979 0.9904
vn -0.4366 -0.2521 0.8636
vn -0.4037 -0.2331 0.8847
vn -0.2795 -0.1613 0.9465
vn -0.1199 -0.0692 0.9904
vn -0.4869 -0.1305 0.8636
vn -0.4503 -0.1207 0.8847
vn -0.3117 -0.0835 0.9465
vn -0.1337 -0.0358 0.9904
vn -0.5041 -0.0000 0.8636
vn -0.4662 -0.0000 0.8847
vn -0.3227 -0.0000 0.9465
vn -0.1384 -0.0000 0.9904
vn -0.4869 0.1305 0.8636
vn -0.4503 0.1207 0.8847
vn -0.3117 0.0835 0.9465
vn -0.1337 0.0358 0.9904
vn -0.4366 0.2521 0.8636
vn -0.4037 0.2331 0.8847
vn -0.2795 0.1613 0.9465
vn -0.1199 0.0692 0.9904
vn -0.3565 0.3565 0.8636
vn -0.3296 0.3296 0.8847
vn -0.2282 0.2282 0.9465
vn -0.0979 0.0979 0.9904
vn -0.2521 0.4366 0.8636
vn -0.2331 0.4037 0.8847
vn -0.1613 0.2795 0.9465
vn -0.0692 0.1199 0.9904
vn -0.1305 0.4869 0.8636
vn -0.1207 0.4503 0.8847
vn -0.0835 0.3117 0.9465
vn -0.0358 0.1337 0.9904
vn -0.2587 0.9656 -0.0271
vn -0.0000 0.9996 -0.0271
vn -0.4998 0.8657 -0.0271
vn -0.7068 0.7068 -0.0271
vn -0.8657 0.4998 -0.0271
vn -0.9656 0.2587 -0.0271
vn -0.9996 -0.0000 -0.0271
vn -0.9656 -0.2587 -0.0271
vn -0.8657 -0.4998 -0.0271
vn -0.7068 -0.7068 -0.0271
vn -0.4998 -0.8657 -0.0271
vn -0.2587 -0.9656 -0.0271
vn -0.0000 -0.9996 -0.0271
vn 0.2587 -0.9656 -0.0271
vn 0.4998 -0.8657 -0.0271
vn 0.7068 -0.7068 -0.0271
vn 0.8657 -0.4998 -0.0271
vn 0.9656 -0.2587 -0.0271
vn 0.9996 -0.0000 -0.0271
vn 0.9656 0.2587 -0.0271
vn 0.8657 0.4998 -0.0271
vn 0.7068 0.7068 -0.0271
vn 0.4998 0.8657 -0.0271
vn 0.2587 0.9656 -0.0271
vn -0.2587 0.9654 -0.0316
vn -0.0000 0.9995 -0.0316
vn -0.4997 0.8656 -0.0316
vn -0.7068 0.7068 -0.0316
vn -0.8656 0.4997 -0.0316
vn -0.9654 0.2587 -0.0316
vn -0.9995 -0.0000 -0.0316
vn -0.9654 -0.2587 -0.0316
vn -0.8656 -0.4997 -0.0316
vn -0.7068 -0.7068 -0.0316
vn -0.4997 -0.8656 -0.0316
vn -0.2587 -0.9654 -0.0316
vn -0.0000 -0.9995 -0.0316
vn 0.2587 -0.9654 -0.0316
vn 0.4997 -0.8656 -0.0316
vn 0.7068 -0.7068 -0.0316
vn 0.8656 -0.4997 -0.0316
vn 0.9654 -0.2587 -0.0316
vn 0.9995 -0.0000 -0.0316
vn 0.9654 0.2587 -0.0316
vn 0.8656 0.4997 -0.0316
vn 0.7068 0.7068 -0.0316
vn 0.4997 0.8656 -0.0316
vn 0.2587 0.9654 -0.0316
vn -0.2587 0.9654 -0.0327
vn -0.0000 0.9995 -0.0327
vn -0.4997 0.8656 -0.0327
vn -0.7067 0.7067 -0.0327
vn -0.8656 0.4997 -0.0327
vn -0.9654 0.2587 -0.0327
vn -0.9995 -0.0000 -0.0327
vn -0.9654 -0.2587 -0.0327
vn -0.8656 -0.4997 -0.0327
vn -0.7067 -0.7067 -0.0327
vn -0.4997 -0.8656 -0.0327
vn -0.2587 -0.9654 -0.0327
vn -0.0000 -0.9995 -0.0327
vn 0.2587 -0.9654 -0.0327
vn 0.4997 -0.8656 -0.0327
vn 0.7067 -0.7067 -0.0327
vn 0.8656 -0.4997 -0.0327
vn 0.9654 -0.2587 -0.0327
vn 0.9995 -0.0000 -0.0327
vn 0.9654 0.2587 -0.0327
vn 0.8656 0.4997 -0.0327
vn 0.7067 0.7067 -0.0327
vn 0.4997 0.8656 -0.0327
vn 0.2587 0.9654 -0.0327
vt 0.439659 0.517374
vt 0.241217 0.517374
vt 0.241217 0.505286
vt 0.439659 0.505286
vt 0.241217 0.493198
vt 0.439659 0.493198
vt 0.241217 0.481111
vt 0.439659 0.481111
vt 0.241217 0.469023
vt 0.439659 0.469023
vt 0.241217 0.456936
vt 0.439659 0.456936
vt 0.241217 0.444848
vt 0.439659 0.444848
vt 0.241217 0.432761
vt 0.439659 0.432761
vt 0.241217 0.420673
vt 0.439659 0.420673
vt 0.241217 0.408585
vt 0.439659 0.408585
vt 0.241217 0.396498
vt 0.439659 0.396498
vt 0.241217 0.384410
vt 0.439659 0.384410
vt 0.241217 0.372323
vt 0.439659 0.372323
vt 0.439659 0.662424
vt 0.241217 0.662424
vt 0.241217 0.650337
vt 0.439659 0.650337
vt 0.241217 0.638249
vt 0.439659 0.638249
vt 0.241217 0.626162
vt 0.439659 0.626162
vt 0.241217 0.614074
vt 0.439659 0.614074
vt 0.241217 0.601986
vt 0.439659 0.601987
vt 0.241217 0.589899
vt 0.439659 0.589899
vt 0.241217 0.577811
vt 0.439659 0.577811
vt 0.241217 0.565724
vt 0.439659 0.565724
vt 0.241217 0.553636
vt 0.439659 0.553636
vt 0.241217 0.541549
vt 0.439659 0.541549
vt 0.849721 0.055663
vt 0.849853 0.043573
vt 0.852837 0.043619
vt 0.852689 0.055691
vt 0.241217 0.529461
vt 0.439659 0.529461
vt 0.115824 0.947007
vt 0.113445 0.955292
vt 0.112256 0.954799
vt 0.114450 0.946813
vt 0.853183 0.019555
vt 0.853066 0.006680
vt 0.860632 0.006937
vt 0.859988 0.019546
vt 0.849276 0.115299
vt 0.849429 0.103207
vt 0.852409 0.103235
vt 0.852282 0.115317
vt 0.850268 0.199473
vt 0.850070 0.187621
vt 0.853023 0.187574
vt 0.853186 0.199454
vt 0.850513 0.258875
vt 0.850453 0.246989
vt 0.853392 0.246975
vt 0.853468 0.258869
vt 0.850024 0.031563
vt 0.850146 0.019560
vt 0.853000 0.031608
vt 0.849448 0.091275
vt 0.849530 0.079389
vt 0.852554 0.079423
vt 0.852397 0.091296
vt 0.849507 0.151773
vt 0.849441 0.139685
vt 0.852446 0.139679
vt 0.852486 0.151756
vt 0.849798 0.175652
vt 0.849684 0.163753
vt 0.852645 0.163729
vt 0.852751 0.175614
vt 0.850335 0.235162
vt 0.850126 0.223134
vt 0.853184 0.223130
vt 0.853293 0.235135
vt 0.849913 0.295068
vt 0.850541 0.282846
vt 0.853505 0.282923
vt 0.852954 0.295628
vt 0.849745 0.067580
vt 0.852600 0.067604
vt 0.849352 0.127519
vt 0.852372 0.127510
vt 0.850330 0.211156
vt 0.853178 0.211170
vt 0.850563 0.270837
vt 0.853534 0.270842
vt 0.849860 0.007146
vt 0.859506 0.175475
vt 0.859438 0.163551
vt 0.863442 0.163528
vt 0.863706 0.175418
vt 0.859889 0.211025
vt 0.859906 0.222998
vt 0.859202 0.103243
vt 0.859139 0.115302
vt 0.859769 0.031563
vt 0.860062 0.234962
vt 0.859220 0.127477
vt 0.859632 0.043564
vt 0.860096 0.246785
vt 0.859324 0.139541
vt 0.859239 0.151580
vt 0.859428 0.055619
vt 0.860204 0.258695
vt 0.859344 0.067574
vt 0.860306 0.270674
vt 0.859729 0.187479
vt 0.859298 0.079382
vt 0.860356 0.282815
vt 0.859899 0.199292
vt 0.859142 0.091289
vt 0.860604 0.295829
vt 0.864273 0.222996
vt 0.864046 0.211015
vt 0.902297 0.211246
vt 0.902163 0.223077
vt 0.863811 0.055670
vt 0.863511 0.067616
vt 0.864390 0.258691
vt 0.864531 0.270666
vt 0.864079 0.187436
vt 0.863264 0.079420
vt 0.864741 0.282756
vt 0.863861 0.199289
vt 0.863325 0.091316
vt 0.865216 0.295099
vt 0.863402 0.103271
vt 0.864791 0.007745
vt 0.864140 0.019727
vt 0.863405 0.115314
vt 0.863967 0.031652
vt 0.864054 0.234957
vt 0.863641 0.127466
vt 0.863865 0.043640
vt 0.864250 0.246772
vt 0.863387 0.139546
vt 0.863604 0.151562
vt 0.901625 0.068025
vt 0.902025 0.056145
vt 0.905462 0.056204
vt 0.905386 0.068063
vt 0.901973 0.103647
vt 0.901790 0.115552
vt 0.902454 0.020723
vt 0.902249 0.032594
vt 0.902430 0.235002
vt 0.902116 0.127506
vt 0.902089 0.044396
vt 0.902676 0.246785
vt 0.901993 0.139475
vt 0.902226 0.151511
vt 0.902000 0.163658
vt 0.902552 0.258700
vt 0.902211 0.175768
vt 0.902847 0.270745
vt 0.902206 0.187727
vt 0.901733 0.079978
vt 0.903126 0.282589
vt 0.902384 0.199575
vt 0.901765 0.091846
vt 0.903198 0.294205
vt 0.902545 0.008838
vt 0.905921 0.223049
vt 0.905869 0.211241
vt 0.908298 0.211218
vt 0.908357 0.223013
vt 0.906340 0.258658
vt 0.906471 0.270704
vt 0.905883 0.175783
vt 0.905797 0.187744
vt 0.905354 0.079994
vt 0.906640 0.282579
vt 0.905790 0.199573
vt 0.905343 0.091848
vt 0.906707 0.294665
vt 0.905419 0.103636
vt 0.906387 0.008412
vt 0.906138 0.020814
vt 0.905554 0.115529
vt 0.905836 0.032683
vt 0.906024 0.234958
vt 0.905593 0.127476
vt 0.905639 0.044464
vt 0.906119 0.246756
vt 0.905775 0.139450
vt 0.905753 0.151501
vt 0.905833 0.163661
vt 0.908935 0.270672
vt 0.908807 0.258638
vt 0.911278 0.258611
vt 0.911508 0.270641
vt 0.907876 0.103634
vt 0.908006 0.115532
vt 0.908576 0.020858
vt 0.908266 0.032711
vt 0.908464 0.234906
vt 0.908066 0.127454
vt 0.908053 0.044479
vt 0.908578 0.246725
vt 0.908246 0.139410
vt 0.908262 0.151470
vt 0.908330 0.163631
vt 0.907910 0.056214
vt 0.908381 0.175768
vt 0.907827 0.068058
vt 0.908242 0.187732
vt 0.907806 0.079975
vt 0.909053 0.282534
vt 0.908223 0.199552
vt 0.907776 0.091838
vt 0.909260 0.294647
vt 0.908996 0.008516
vt 0.910461 0.115530
vt 0.910335 0.103629
vt 0.921383 0.103514
vt 0.921604 0.115281
vt 0.910771 0.175777
vt 0.910795 0.187739
vt 0.910266 0.068087
vt 0.910267 0.079991
vt 0.911458 0.282506
vt 0.910654 0.199550
vt 0.910211 0.091843
vt 0.911656 0.294290
vt 0.910611 0.211216
vt 0.911587 0.008996
vt 0.910973 0.020943
vt 0.910792 0.223004
vt 0.910697 0.032775
vt 0.910910 0.234888
vt 0.910530 0.127447
vt 0.910470 0.044527
vt 0.911036 0.246707
vt 0.910724 0.139404
vt 0.910772 0.151469
vt 0.910942 0.163631
vt 0.910357 0.056257
vt 0.295211 0.890637
vt 0.285230 0.882984
vt 0.288620 0.878856
vt 0.298415 0.886011
vt 0.922029 0.021319
vt 0.921712 0.032938
vt 0.921812 0.222996
vt 0.922002 0.234827
vt 0.921831 0.127264
vt 0.921510 0.044663
vt 0.922207 0.246650
vt 0.922062 0.139380
vt 0.922175 0.151540
vt 0.922223 0.163750
vt 0.921384 0.056362
vt 0.922469 0.258579
vt 0.922064 0.175860
vt 0.921352 0.068132
vt 0.922625 0.270655
vt 0.921938 0.187850
vt 0.921323 0.079999
vt 0.922562 0.282570
vt 0.921739 0.199714
vt 0.921305 0.091785
vt 0.922577 0.294227
vt 0.921663 0.211317
vt 0.922625 0.009556
vt 0.299121 0.691799
vt 0.309450 0.685495
vt 0.317928 0.700891
vt 0.308935 0.706291
vt 0.245747 0.823783
vt 0.243219 0.812882
vt 0.247941 0.812003
vt 0.250515 0.822450
vt 0.260051 0.722908
vt 0.267584 0.712552
vt 0.271882 0.716172
vt 0.264710 0.726030
vt 0.306428 0.897436
vt 0.309049 0.892270
vt 0.249502 0.834548
vt 0.254279 0.832713
vt 0.253715 0.734016
vt 0.258764 0.736543
vt 0.318512 0.902442
vt 0.319988 0.897152
vt 0.254278 0.845314
vt 0.259012 0.842877
vt 0.248841 0.745522
vt 0.253902 0.747327
vt 0.307032 0.680544
vt 0.318593 0.675785
vt 0.319995 0.680837
vt 0.260301 0.855682
vt 0.264642 0.852831
vt 0.245347 0.756994
vt 0.250349 0.758240
vt 0.295957 0.687039
vt 0.267463 0.865641
vt 0.271700 0.862116
vt 0.243048 0.768232
vt 0.247838 0.769062
vt 0.285791 0.694702
vt 0.289228 0.698952
vt 0.276053 0.874746
vt 0.279821 0.870762
vt 0.241642 0.779354
vt 0.246544 0.779841
vt 0.241636 0.801777
vt 0.241217 0.790512
vt 0.246180 0.790594
vt 0.246663 0.801332
vt 0.276218 0.703037
vt 0.280076 0.707070
vt 0.271280 0.825533
vt 0.268175 0.817042
vt 0.274634 0.814965
vt 0.277700 0.822639
vt 0.278411 0.843318
vt 0.284594 0.851104
vt 0.266010 0.762798
vt 0.263507 0.772093
vt 0.300437 0.712542
vt 0.291606 0.858448
vt 0.262023 0.781398
vt 0.261472 0.790674
vt 0.261917 0.799889
vt 0.292653 0.719703
vt 0.299473 0.865180
vt 0.263306 0.808981
vt 0.285524 0.727442
vt 0.308138 0.871140
vt 0.265763 0.817804
vt 0.279239 0.735725
vt 0.317526 0.876426
vt 0.268811 0.826598
vt 0.273866 0.744477
vt 0.327727 0.880931
vt 0.273172 0.835103
vt 0.269450 0.753553
vt 0.327622 0.696464
vt 0.265857 0.808435
vt 0.264528 0.799616
vt 0.271283 0.798870
vt 0.272597 0.807024
vt 0.276419 0.745869
vt 0.281682 0.737386
vt 0.288023 0.741722
vt 0.283039 0.749528
vt 0.328615 0.877799
vt 0.318943 0.873606
vt 0.322508 0.866419
vt 0.331688 0.870365
vt 0.275571 0.833731
vt 0.281618 0.830167
vt 0.272075 0.754666
vt 0.278889 0.757619
vt 0.319301 0.703488
vt 0.328461 0.699272
vt 0.331688 0.706210
vt 0.323118 0.710460
vt 0.280706 0.841688
vt 0.286528 0.837292
vt 0.268667 0.763638
vt 0.275604 0.765894
vt 0.310595 0.708794
vt 0.314919 0.715380
vt 0.286743 0.849233
vt 0.292333 0.844189
vt 0.266164 0.772655
vt 0.273164 0.774296
vt 0.302361 0.714892
vt 0.307268 0.721009
vt 0.293637 0.856303
vt 0.298750 0.850730
vt 0.264679 0.781686
vt 0.271535 0.782617
vt 0.294861 0.721922
vt 0.300230 0.727351
vt 0.301292 0.862826
vt 0.305974 0.856517
vt 0.929672 0.886599
vt 0.929672 0.886378
vt 0.929729 0.886165
vt 0.929839 0.885973
vt 0.929995 0.885817
vt 0.930186 0.885706
vt 0.930399 0.885649
vt 0.930620 0.885648
vt 0.930833 0.885705
vt 0.931025 0.885815
vt 0.931181 0.885971
vt 0.931292 0.886162
vt 0.931349 0.886375
vt 0.931350 0.886596
vt 0.931293 0.886809
vt 0.931183 0.887001
vt 0.931027 0.887157
vt 0.930836 0.887268
vt 0.930623 0.887325
vt 0.930402 0.887326
vt 0.930188 0.887269
vt 0.929997 0.887159
vt 0.929841 0.887003
vt 0.929730 0.886812
vt 0.287825 0.729363
vt 0.293789 0.734304
vt 0.309756 0.868561
vt 0.313947 0.861804
vt 0.264132 0.790680
vt 0.270841 0.790758
vt 0.892081 0.891601
vt 0.892051 0.881483
vt 0.900435 0.882577
vt 0.900416 0.890503
vt 0.907892 0.883551
vt 0.907877 0.889504
vt 0.918001 0.884860
vt 0.918003 0.888152
vt 0.894683 0.901353
vt 0.902484 0.898148
vt 0.909413 0.895265
vt 0.918856 0.891334
vt 0.899728 0.910138
vt 0.906456 0.905007
vt 0.912424 0.900411
vt 0.920512 0.894181
vt 0.906914 0.917342
vt 0.912080 0.910592
vt 0.916636 0.904637
vt 0.922842 0.896509
vt 0.915745 0.922389
vt 0.918941 0.914564
vt 0.921815 0.907597
vt 0.925698 0.898154
vt 0.925524 0.924962
vt 0.926605 0.916617
vt 0.927571 0.909153
vt 0.928881 0.899004
vt 0.935632 0.924962
vt 0.934542 0.916588
vt 0.933533 0.909113
vt 0.932176 0.898993
vt 0.945437 0.922341
vt 0.942207 0.914510
vt 0.939292 0.907568
vt 0.935357 0.898138
vt 0.954253 0.917244
vt 0.949054 0.910511
vt 0.944456 0.904578
vt 0.938209 0.896488
vt 0.961401 0.910006
vt 0.954647 0.904906
vt 0.948677 0.900356
vt 0.940537 0.894155
vt 0.966408 0.901197
vt 0.958582 0.898034
vt 0.951632 0.895172
vt 0.942181 0.891298
vt 0.968963 0.891411
vt 0.960608 0.890371
vt 0.953137 0.889413
vt 0.943021 0.888113
vt 0.968909 0.881330
vt 0.960596 0.882446
vt 0.953140 0.883461
vt 0.943018 0.884821
vt 0.966299 0.871604
vt 0.958519 0.874808
vt 0.951594 0.877707
vt 0.942163 0.881640
vt 0.961264 0.862849
vt 0.954553 0.867969
vt 0.948614 0.872541
vt 0.940514 0.878788
vt 0.954105 0.855661
vt 0.948946 0.862397
vt 0.944379 0.868341
vt 0.938180 0.876459
vt 0.945293 0.850608
vt 0.942093 0.858428
vt 0.939208 0.865377
vt 0.935321 0.874821
vt 0.935511 0.848021
vt 0.934425 0.856367
vt 0.933451 0.863857
vt 0.932137 0.873970
vt 0.925390 0.848017
vt 0.926483 0.856398
vt 0.927496 0.863855
vt 0.928842 0.873979
vt 0.915574 0.850647
vt 0.918841 0.858484
vt 0.921739 0.865400
vt 0.925659 0.874832
vt 0.906806 0.855769
vt 0.911992 0.862440
vt 0.916570 0.868380
vt 0.922809 0.876487
vt 0.899691 0.862956
vt 0.906407 0.868045
vt 0.912369 0.872618
vt 0.920487 0.878824
vt 0.894676 0.871712
vt 0.902450 0.874910
vt 0.909408 0.877792
vt 0.918850 0.881680
vt 0.871025 0.780619
vt 0.876960 0.780811
vt 0.876861 0.789388
vt 0.870919 0.789253
vt 0.876964 0.521924
vt 0.870148 0.521769
vt 0.870183 0.510917
vt 0.877064 0.511046
vt 0.542950 0.146689
vt 0.550323 0.146818
vt 0.550319 0.159510
vt 0.542874 0.159377
vt 0.579575 0.163903
vt 0.572065 0.163743
vt 0.572078 0.151033
vt 0.579579 0.151089
vt 0.808776 0.170523
vt 0.801155 0.170350
vt 0.801212 0.157720
vt 0.808840 0.157821
vt 0.826259 0.141277
vt 0.834082 0.141402
vt 0.834112 0.154367
vt 0.826281 0.154318
vt 0.871052 0.772028
vt 0.877061 0.772184
vt 0.876866 0.532604
vt 0.870190 0.532478
vt 0.542965 0.134244
vt 0.550184 0.134312
vt 0.579526 0.176716
vt 0.571997 0.176516
vt 0.808720 0.183196
vt 0.801101 0.183017
vt 0.826229 0.128264
vt 0.834044 0.128399
vt 0.871000 0.763293
vt 0.877153 0.763400
vt 0.876738 0.542961
vt 0.870216 0.542783
vt 0.542870 0.122206
vt 0.550012 0.122258
vt 0.579505 0.189520
vt 0.571876 0.189339
vt 0.808660 0.195868
vt 0.801050 0.195684
vt 0.826189 0.115267
vt 0.833947 0.115355
vt 0.870871 0.754245
vt 0.877214 0.754332
vt 0.876600 0.553134
vt 0.870160 0.552914
vt 0.542654 0.110174
vt 0.549882 0.110187
vt 0.579444 0.202600
vt 0.571706 0.202383
vt 0.808609 0.208528
vt 0.801064 0.208387
vt 0.826164 0.102466
vt 0.833822 0.102553
vt 0.870769 0.744862
vt 0.877252 0.744982
vt 0.876459 0.563280
vt 0.870028 0.563064
vt 0.542271 0.097726
vt 0.549733 0.097677
vt 0.579289 0.215944
vt 0.571488 0.215642
vt 0.808549 0.220984
vt 0.801164 0.220884
vt 0.826149 0.089863
vt 0.833707 0.090007
vt 0.870730 0.735320
vt 0.877279 0.735483
vt 0.876326 0.573429
vt 0.869888 0.573209
vt 0.541871 0.084808
vt 0.549495 0.084761
vt 0.579010 0.229266
vt 0.571200 0.228930
vt 0.808455 0.233030
vt 0.801242 0.232933
vt 0.826127 0.077302
vt 0.833611 0.077401
vt 0.870669 0.725831
vt 0.877309 0.725945
vt 0.876261 0.583556
vt 0.869754 0.583378
vt 0.541487 0.071682
vt 0.549111 0.071604
vt 0.578685 0.242591
vt 0.570928 0.242272
vt 0.808198 0.244855
vt 0.801129 0.244790
vt 0.826121 0.064945
vt 0.833436 0.065011
vt 0.870527 0.716179
vt 0.877317 0.716239
vt 0.876217 0.593876
vt 0.869676 0.593741
vt 0.541128 0.058807
vt 0.548599 0.058663
vt 0.578296 0.255729
vt 0.570629 0.255378
vt 0.808204 0.256507
vt 0.801223 0.256453
vt 0.826148 0.052977
vt 0.833233 0.053067
vt 0.870294 0.706191
vt 0.877227 0.706186
vt 0.876137 0.604239
vt 0.869633 0.604061
vt 0.540673 0.046353
vt 0.548062 0.046195
vt 0.577973 0.268631
vt 0.570373 0.268296
vt 0.808204 0.267992
vt 0.801298 0.267879
vt 0.826217 0.041398
vt 0.833128 0.041541
vt 0.870096 0.695991
vt 0.877030 0.695989
vt 0.876003 0.614418
vt 0.869576 0.614193
vt 0.540102 0.033903
vt 0.547563 0.033706
vt 0.577668 0.281530
vt 0.569998 0.281221
vt 0.808168 0.279499
vt 0.801305 0.279295
vt 0.826298 0.030019
vt 0.833112 0.030210
vt 0.869947 0.685881
vt 0.876831 0.685939
vt 0.875921 0.624606
vt 0.869473 0.624427
vt 0.539372 0.020948
vt 0.547006 0.020701
vt 0.577390 0.294777
vt 0.569624 0.294388
vt 0.808135 0.290981
vt 0.801249 0.290827
vt 0.826322 0.018634
vt 0.833151 0.018778
vt 0.869438 0.675595
vt 0.877005 0.675437
vt 0.876256 0.635189
vt 0.869092 0.635265
vt 0.538108 0.007225
vt 0.546667 0.006680
vt 0.577499 0.308810
vt 0.568772 0.308645
vt 0.808545 0.302913
vt 0.800901 0.303028
vt 0.825901 0.006804
vt 0.833479 0.006680
vt 0.869803 0.889930
vt 0.876368 0.890076
vt 0.876778 0.899969
vt 0.869475 0.900094
vt 0.877785 0.385586
vt 0.869973 0.385501
vt 0.869329 0.372496
vt 0.878084 0.372323
vt 0.539150 0.295316
vt 0.546555 0.295758
vt 0.546521 0.309160
vt 0.538188 0.308918
vt 0.575472 0.018443
vt 0.568991 0.018606
vt 0.568031 0.007139
vt 0.575214 0.006680
vt 0.808765 0.019743
vt 0.801391 0.019601
vt 0.800915 0.006827
vt 0.809098 0.006680
vt 0.826898 0.290746
vt 0.833726 0.290909
vt 0.834114 0.302742
vt 0.826536 0.302844
vt 0.869861 0.880347
vt 0.876377 0.880544
vt 0.877798 0.397915
vt 0.870167 0.397820
vt 0.539722 0.282769
vt 0.546964 0.283113
vt 0.576006 0.029509
vt 0.569467 0.029648
vt 0.808734 0.032079
vt 0.801384 0.031892
vt 0.826968 0.279314
vt 0.833782 0.279523
vt 0.869927 0.870862
vt 0.876406 0.871012
vt 0.877755 0.409794
vt 0.870286 0.409636
vt 0.540367 0.270711
vt 0.547532 0.271005
vt 0.576568 0.040694
vt 0.569852 0.040867
vt 0.808673 0.044327
vt 0.801313 0.044144
vt 0.826984 0.267982
vt 0.833895 0.268144
vt 0.870008 0.861519
vt 0.876412 0.861667
vt 0.877777 0.421417
vt 0.870371 0.421308
vt 0.540798 0.258571
vt 0.547957 0.258958
vt 0.577188 0.052295
vt 0.570244 0.052469
vt 0.808614 0.056577
vt 0.801242 0.056389
vt 0.826911 0.256453
vt 0.833996 0.256564
vt 0.870096 0.852315
vt 0.876428 0.852509
vt 0.877794 0.433066
vt 0.870406 0.432957
vt 0.541097 0.246283
vt 0.548395 0.246643
vt 0.577743 0.064345
vt 0.570628 0.064462
vt 0.808641 0.068807
vt 0.801176 0.068666
vt 0.826734 0.244503
vt 0.834056 0.244592
vt 0.870187 0.843136
vt 0.876509 0.843328
vt 0.877790 0.444742
vt 0.870484 0.444582
vt 0.541431 0.233791
vt 0.548815 0.234127
vt 0.578160 0.076621
vt 0.570972 0.076667
vt 0.808763 0.081251
vt 0.801129 0.081165
vt 0.826504 0.232144
vt 0.834074 0.232205
vt 0.870278 0.833960
vt 0.876599 0.834152
vt 0.877712 0.456185
vt 0.870507 0.456028
vt 0.541725 0.221082
vt 0.549100 0.221385
vt 0.578458 0.088885
vt 0.571251 0.088902
vt 0.808925 0.094176
vt 0.801187 0.094093
vt 0.826310 0.219323
vt 0.834055 0.219416
vt 0.870372 0.824783
vt 0.876683 0.824977
vt 0.877633 0.467437
vt 0.870561 0.467277
vt 0.542020 0.208656
vt 0.549260 0.208819
vt 0.578705 0.101179
vt 0.571486 0.101159
vt 0.809069 0.107079
vt 0.801344 0.107040
vt 0.826206 0.206284
vt 0.834020 0.206419
vt 0.870457 0.815616
vt 0.876716 0.815771
vt 0.877540 0.478497
vt 0.870566 0.478342
vt 0.542378 0.196658
vt 0.549532 0.196700
vt 0.579001 0.113453
vt 0.571746 0.113496
vt 0.809128 0.119798
vt 0.801472 0.119705
vt 0.826170 0.193279
vt 0.833993 0.193410
vt 0.870548 0.806591
vt 0.876683 0.806707
vt 0.877444 0.489382
vt 0.870551 0.489185
vt 0.542615 0.184561
vt 0.549852 0.184661
vt 0.579325 0.125746
vt 0.571986 0.125826
vt 0.809144 0.132536
vt 0.801524 0.132353
vt 0.826137 0.180275
vt 0.833962 0.180400
vt 0.870664 0.797852
vt 0.876667 0.797964
vt 0.877343 0.500205
vt 0.870453 0.500077
vt 0.542629 0.172077
vt 0.550010 0.172173
vt 0.579626 0.138298
vt 0.572209 0.138341
vt 0.809094 0.145168
vt 0.801467 0.145066
vt 0.826108 0.167309
vt 0.833939 0.167359
vt 0.824471 0.154313
vt 0.824304 0.167305
vt 0.824332 0.180285
vt 0.824362 0.193289
vt 0.824396 0.206297
vt 0.824465 0.219346
vt 0.824755 0.232178
vt 0.825046 0.244533
vt 0.825281 0.256474
vt 0.825438 0.267989
vt 0.825389 0.279309
vt 0.825279 0.290713
vt 0.824841 0.302565
vt 0.824304 0.007077
vt 0.824754 0.018664
vt 0.824718 0.030015
vt 0.824622 0.041389
vt 0.824512 0.052970
vt 0.824431 0.064944
vt 0.824396 0.077307
vt 0.824401 0.089869
vt 0.824399 0.102471
vt 0.824396 0.115275
vt 0.824422 0.128274
vt 0.824449 0.141286
vt 0.810602 0.157837
vt 0.810851 0.145183
vt 0.810908 0.132536
vt 0.810943 0.119792
vt 0.810803 0.107068
vt 0.810766 0.094156
vt 0.810525 0.081227
vt 0.810310 0.068792
vt 0.810314 0.056575
vt 0.810375 0.044331
vt 0.810440 0.032084
vt 0.810512 0.019772
vt 0.810930 0.006974
vt 0.810156 0.302639
vt 0.809716 0.290953
vt 0.809764 0.279503
vt 0.809844 0.267994
vt 0.809768 0.256506
vt 0.809829 0.244872
vt 0.810113 0.233054
vt 0.810252 0.220995
vt 0.810354 0.208533
vt 0.810420 0.195871
vt 0.810481 0.183199
vt 0.810538 0.170526
vt 0.581360 0.151089
vt 0.581436 0.138278
vt 0.581052 0.125700
vt 0.580663 0.113409
vt 0.580411 0.101137
vt 0.580165 0.088842
vt 0.579866 0.076568
vt 0.579479 0.064274
vt 0.578832 0.052209
vt 0.578150 0.040609
vt 0.577510 0.029434
vt 0.577042 0.018393
vt 0.576873 0.006866
vt 0.579402 0.308543
vt 0.579281 0.294787
vt 0.579482 0.281567
vt 0.579718 0.268673
vt 0.580105 0.255778
vt 0.580523 0.242637
vt 0.580863 0.229302
vt 0.581143 0.215970
vt 0.581329 0.202612
vt 0.581257 0.189518
vt 0.581305 0.176716
vt 0.581355 0.163901
vt 0.539937 0.159340
vt 0.539633 0.172051
vt 0.539775 0.184549
vt 0.539675 0.196593
vt 0.539202 0.208575
vt 0.538819 0.221009
vt 0.538435 0.233724
vt 0.538314 0.246222
vt 0.537900 0.258487
vt 0.537647 0.270597
vt 0.536890 0.282617
vt 0.536179 0.295123
vt 0.535054 0.308258
vt 0.535054 0.007924
vt 0.536307 0.021184
vt 0.537178 0.034067
vt 0.537880 0.046469
vt 0.538206 0.058894
vt 0.538483 0.071763
vt 0.538771 0.084904
vt 0.539340 0.097831
vt 0.539831 0.110253
vt 0.540171 0.122241
vt 0.540142 0.134247
vt 0.540050 0.146680
vt 0.878573 0.511068
vt 0.878848 0.500227
vt 0.878953 0.489392
vt 0.879065 0.478508
vt 0.879184 0.467447
vt 0.879289 0.456194
vt 0.879397 0.444748
vt 0.879458 0.433063
vt 0.879352 0.421412
vt 0.879387 0.409796
vt 0.879478 0.397920
vt 0.879545 0.385612
vt 0.879944 0.372617
vt 0.877686 0.634950
vt 0.877324 0.624586
vt 0.877416 0.614430
vt 0.877564 0.604254
vt 0.877692 0.593883
vt 0.877645 0.583558
vt 0.877734 0.573439
vt 0.877869 0.563295
vt 0.878012 0.553150
vt 0.878165 0.542978
vt 0.878327 0.532619
vt 0.878461 0.521935
vt 0.869722 0.789230
vt 0.869459 0.797828
vt 0.869313 0.806577
vt 0.869193 0.815605
vt 0.869097 0.824774
vt 0.869003 0.833952
vt 0.868911 0.843128
vt 0.868819 0.852306
vt 0.868719 0.861509
vt 0.868618 0.870854
vt 0.868537 0.880340
vt 0.868445 0.889900
vt 0.868052 0.899856
vt 0.868052 0.675850
vt 0.868568 0.685923
vt 0.868649 0.696015
vt 0.868891 0.706222
vt 0.869164 0.716206
vt 0.869374 0.725848
vt 0.869408 0.735328
vt 0.869419 0.744874
vt 0.869590 0.754264
vt 0.869765 0.763308
vt 0.869880 0.772033
vt 0.869830 0.780613
vt 0.835888 0.141392
vt 0.835915 0.154371
vt 0.835854 0.128386
vt 0.835790 0.115335
vt 0.835537 0.102530
vt 0.835455 0.089990
vt 0.835394 0.077380
vt 0.835127 0.064981
vt 0.834862 0.053042
vt 0.834674 0.041529
vt 0.834691 0.030210
vt 0.834769 0.018807
vt 0.835175 0.006955
vt 0.835295 0.290884
vt 0.835712 0.302473
vt 0.835362 0.279532
vt 0.835491 0.268157
vt 0.835632 0.256576
vt 0.835748 0.244599
vt 0.835824 0.232205
vt 0.835847 0.219409
vt 0.835827 0.206410
vt 0.835801 0.193401
vt 0.835771 0.180390
vt 0.835749 0.167364
vt 0.644054 0.529461
vt 0.453020 0.529461
vt 0.453020 0.517374
vt 0.644054 0.517374
vt 0.644054 0.541549
vt 0.453020 0.541549
vt 0.644054 0.553636
vt 0.453020 0.553636
vt 0.644054 0.565724
vt 0.453020 0.565724
vt 0.644054 0.577811
vt 0.453020 0.577811
vt 0.644054 0.589899
vt 0.453020 0.589899
vt 0.644054 0.601987
vt 0.453020 0.601987
vt 0.644054 0.614074
vt 0.453020 0.614074
vt 0.644054 0.626162
vt 0.453020 0.626162
vt 0.644054 0.638249
vt 0.453020 0.638249
vt 0.644054 0.650337
vt 0.453020 0.650337
vt 0.644054 0.662424
vt 0.453020 0.662424
vt 0.644054 0.384410
vt 0.453020 0.384410
vt 0.453020 0.372323
vt 0.644054 0.372323
vt 0.644054 0.396498
vt 0.453020 0.396498
vt 0.644054 0.408585
vt 0.453020 0.408585
vt 0.644054 0.420673
vt 0.453020 0.420673
vt 0.644054 0.432761
vt 0.453020 0.432761
vt 0.644054 0.444848
vt 0.453020 0.444848
vt 0.644054 0.456936
vt 0.453020 0.456936
vt 0.644054 0.469023
vt 0.453020 0.469023
vt 0.644054 0.481111
vt 0.453020 0.481111
vt 0.644054 0.493198
vt 0.453020 0.493198
vt 0.644054 0.505286
vt 0.453020 0.505286
vt 0.799456 0.157705
vt 0.799704 0.145050
vt 0.799764 0.132356
vt 0.799760 0.119718
vt 0.799565 0.107062
vt 0.799341 0.094108
vt 0.799362 0.081163
vt 0.799454 0.068659
vt 0.799538 0.056384
vt 0.799611 0.044139
vt 0.799681 0.031891
vt 0.799698 0.019636
vt 0.799191 0.007125
vt 0.799191 0.302749
vt 0.799616 0.290795
vt 0.799712 0.279292
vt 0.799752 0.267886
vt 0.799618 0.256467
vt 0.799451 0.244789
vt 0.799623 0.232933
vt 0.799460 0.220901
vt 0.799267 0.208397
vt 0.799287 0.195685
vt 0.799340 0.183015
vt 0.799396 0.170347
vt 0.785830 0.163819
vt 0.594797 0.163819
vt 0.594797 0.151731
vt 0.785830 0.151731
vt 0.785830 0.175906
vt 0.594797 0.175906
vt 0.785830 0.187994
vt 0.594797 0.187994
vt 0.785830 0.200081
vt 0.594797 0.200081
vt 0.785830 0.212169
vt 0.594797 0.212169
vt 0.785830 0.224257
vt 0.594797 0.224257
vt 0.785830 0.236344
vt 0.594797 0.236344
vt 0.785830 0.248432
vt 0.594797 0.248432
vt 0.785830 0.260519
vt 0.594797 0.260519
vt 0.785830 0.272607
vt 0.594797 0.272607
vt 0.785830 0.284694
vt 0.594797 0.284694
vt 0.785830 0.296782
vt 0.594797 0.296782
vt 0.785830 0.018768
vt 0.594797 0.018768
vt 0.594797 0.006680
vt 0.785830 0.006680
vt 0.785830 0.030856
vt 0.594797 0.030856
vt 0.785830 0.042943
vt 0.594797 0.042943
vt 0.785830 0.055031
vt 0.594797 0.055031
vt 0.785830 0.067118
vt 0.594797 0.067118
vt 0.785830 0.079206
vt 0.594797 0.079206
vt 0.785830 0.091293
vt 0.594797 0.091293
vt 0.785830 0.103381
vt 0.594797 0.103381
vt 0.785830 0.115469
vt 0.594797 0.115469
vt 0.785830 0.127556
vt 0.594797 0.127556
vt 0.785830 0.139644
vt 0.594797 0.139644
vt 0.569146 0.151024
vt 0.569299 0.138349
vt 0.569200 0.125881
vt 0.568813 0.113560
vt 0.568643 0.101216
vt 0.568422 0.088969
vt 0.568150 0.076746
vt 0.567833 0.064549
vt 0.567519 0.052556
vt 0.567216 0.040953
vt 0.566901 0.029745
vt 0.566476 0.018768
vt 0.565483 0.007710
vt 0.565483 0.307990
vt 0.566512 0.294225
vt 0.567075 0.281132
vt 0.567304 0.268221
vt 0.567706 0.255324
vt 0.567783 0.242213
vt 0.568122 0.228868
vt 0.568422 0.215591
vt 0.568669 0.202343
vt 0.568888 0.189309
vt 0.569040 0.176500
vt 0.569120 0.163742
vt 0.521693 0.167599
vt 0.330659 0.167599
vt 0.330659 0.155220
vt 0.521693 0.155220
vt 0.521693 0.179977
vt 0.330659 0.179977
vt 0.521693 0.192355
vt 0.330659 0.192355
vt 0.521693 0.204734
vt 0.330659 0.204734
vt 0.521693 0.217112
vt 0.330659 0.217112
vt 0.521693 0.229490
vt 0.330659 0.229490
vt 0.521693 0.241869
vt 0.330659 0.241869
vt 0.521693 0.254247
vt 0.330659 0.254247
vt 0.521693 0.266625
vt 0.330659 0.266625
vt 0.521693 0.279004
vt 0.330659 0.279004
vt 0.521693 0.291382
vt 0.330659 0.291382
vt 0.521693 0.303760
vt 0.330659 0.303760
vt 0.521693 0.019059
vt 0.330659 0.019059
vt 0.330659 0.006680
vt 0.521693 0.006680
vt 0.521693 0.031437
vt 0.330659 0.031437
vt 0.521693 0.043815
vt 0.330659 0.043815
vt 0.521693 0.056194
vt 0.330659 0.056194
vt 0.521693 0.068572
vt 0.330659 0.068572
vt 0.521693 0.080950
vt 0.330659 0.080950
vt 0.521693 0.093329
vt 0.330659 0.093329
vt 0.521693 0.105707
vt 0.330659 0.105707
vt 0.521693 0.118085
vt 0.330659 0.118085
vt 0.521693 0.130464
vt 0.330659 0.130464
vt 0.521693 0.142842
vt 0.330659 0.142842
vt 0.552081 0.159528
vt 0.551760 0.172203
vt 0.551554 0.184696
vt 0.551167 0.196739
vt 0.550975 0.208845
vt 0.550905 0.221415
vt 0.550571 0.234175
vt 0.550121 0.246700
vt 0.549650 0.259017
vt 0.549165 0.271070
vt 0.548681 0.283177
vt 0.548359 0.295786
vt 0.548341 0.308922
vt 0.548646 0.006900
vt 0.548864 0.020646
vt 0.549331 0.033637
vt 0.549751 0.046125
vt 0.550364 0.058586
vt 0.550973 0.071538
vt 0.551308 0.084718
vt 0.551500 0.097651
vt 0.551589 0.110170
vt 0.551644 0.122237
vt 0.551890 0.134286
vt 0.552122 0.146806
vt 0.848787 0.527934
vt 0.657458 0.529287
vt 0.657415 0.517200
vt 0.848749 0.517200
vt 0.848901 0.538667
vt 0.657586 0.541374
vt 0.849091 0.549399
vt 0.657800 0.553460
vt 0.849357 0.560130
vt 0.658099 0.565544
vt 0.849699 0.570858
vt 0.658484 0.577625
vt 0.850116 0.581584
vt 0.658954 0.589703
vt 0.850610 0.592306
vt 0.659510 0.601778
vt 0.851179 0.603025
vt 0.660151 0.613849
vt 0.851824 0.613739
vt 0.660877 0.625915
vt 0.852545 0.624449
vt 0.661689 0.637975
vt 0.853342 0.635153
vt 0.662586 0.650029
vt 0.854214 0.645852
vt 0.663569 0.662077
vt 0.853342 0.399246
vt 0.662586 0.384370
vt 0.663569 0.372323
vt 0.854214 0.388548
vt 0.852545 0.409950
vt 0.661689 0.396425
vt 0.851824 0.420660
vt 0.660877 0.408485
vt 0.851179 0.431374
vt 0.660151 0.420551
vt 0.850610 0.442093
vt 0.659510 0.432621
vt 0.850116 0.452816
vt 0.658954 0.444696
vt 0.849699 0.463541
vt 0.658484 0.456774
vt 0.849357 0.474270
vt 0.658099 0.468856
vt 0.849091 0.485000
vt 0.657800 0.480940
vt 0.848901 0.495733
vt 0.657586 0.493025
vt 0.848787 0.506466
vt 0.657458 0.505112
vt 0.868675 0.510899
vt 0.868942 0.500056
vt 0.869042 0.489180
vt 0.869084 0.478347
vt 0.868971 0.467283
vt 0.868972 0.456038
vt 0.868840 0.444590
vt 0.868831 0.432966
vt 0.868709 0.421317
vt 0.868697 0.409651
vt 0.868494 0.397846
vt 0.868219 0.385561
vt 0.867575 0.372817
vt 0.867575 0.635007
vt 0.868024 0.624391
vt 0.868163 0.614183
vt 0.868249 0.604059
vt 0.868201 0.593734
vt 0.868327 0.583364
vt 0.868476 0.573194
vt 0.868618 0.563049
vt 0.868752 0.552905
vt 0.868833 0.542785
vt 0.868730 0.532488
vt 0.868609 0.521771
vt 0.849292 0.813183
vt 0.657459 0.814767
vt 0.657415 0.804033
vt 0.849254 0.804033
vt 0.849405 0.822331
vt 0.657592 0.825500
vt 0.849594 0.831479
vt 0.657814 0.836232
vt 0.849858 0.840624
vt 0.658124 0.846961
vt 0.850199 0.849767
vt 0.658523 0.857688
vt 0.850614 0.858907
vt 0.659011 0.868410
vt 0.851105 0.868043
vt 0.659587 0.879129
vt 0.851671 0.877175
vt 0.660251 0.889842
vt 0.852313 0.886302
vt 0.661004 0.900550
vt 0.853030 0.895423
vt 0.661846 0.911250
vt 0.853823 0.904538
vt 0.662775 0.921944
vt 0.854691 0.913646
vt 0.663793 0.932629
vt 0.853823 0.703529
vt 0.662775 0.686123
vt 0.663793 0.675438
vt 0.854691 0.694421
vt 0.853030 0.712644
vt 0.661846 0.696817
vt 0.852313 0.721765
vt 0.661004 0.707517
vt 0.851671 0.730892
vt 0.660251 0.718225
vt 0.851105 0.740024
vt 0.659587 0.728938
vt 0.850614 0.749160
vt 0.659011 0.739656
vt 0.850199 0.758300
vt 0.658523 0.750379
vt 0.849858 0.767443
vt 0.658124 0.761106
vt 0.849594 0.776588
vt 0.657814 0.771835
vt 0.849405 0.785736
vt 0.657592 0.782567
vt 0.849292 0.794884
vt 0.657459 0.793300
vt 0.878052 0.789405
vt 0.877840 0.797973
vt 0.877919 0.806700
vt 0.878020 0.815769
vt 0.877961 0.824983
vt 0.877874 0.834160
vt 0.877784 0.843335
vt 0.877701 0.852512
vt 0.877665 0.861663
vt 0.877752 0.871012
vt 0.877700 0.880545
vt 0.877680 0.890046
vt 0.878112 0.899733
vt 0.878477 0.675664
vt 0.878209 0.685943
vt 0.878435 0.695961
vt 0.878672 0.706167
vt 0.878690 0.716236
vt 0.878647 0.725947
vt 0.878601 0.735484
vt 0.878561 0.744984
vt 0.878494 0.754339
vt 0.878393 0.763411
vt 0.878271 0.772197
vt 0.878156 0.780823
vt 0.536696 0.792901
vt 0.345088 0.794535
vt 0.345049 0.785386
vt 0.536664 0.785386
vt 0.536792 0.800416
vt 0.345205 0.803684
vt 0.536952 0.807930
vt 0.345400 0.812831
vt 0.537177 0.815443
vt 0.345673 0.821976
vt 0.537465 0.822953
vt 0.346024 0.831119
vt 0.537817 0.830460
vt 0.346453 0.840258
vt 0.538234 0.837964
vt 0.346960 0.849393
vt 0.538714 0.845464
vt 0.347545 0.858524
vt 0.539258 0.852960
vt 0.348207 0.867649
vt 0.539866 0.860451
vt 0.348947 0.876769
vt 0.540538 0.867937
vt 0.349765 0.885881
vt 0.541274 0.875416
vt 0.350661 0.894987
vt 0.540538 0.702835
vt 0.349765 0.684891
vt 0.350661 0.675785
vt 0.541274 0.695355
vt 0.539866 0.710321
vt 0.348947 0.694003
vt 0.539258 0.717811
vt 0.348207 0.703123
vt 0.538714 0.725307
vt 0.347545 0.712248
vt 0.538234 0.732808
vt 0.346960 0.721379
vt 0.537817 0.740312
vt 0.346453 0.730514
vt 0.537465 0.747819
vt 0.346024 0.739653
vt 0.537177 0.755329
vt 0.345673 0.748796
vt 0.536953 0.762841
vt 0.345400 0.757941
vt 0.536792 0.770355
vt 0.345205 0.767088
vt 0.536696 0.777870
vt 0.345088 0.776237
vt 0.086934 0.910541
vt 0.095053 0.912674
vt 0.094005 0.915238
vt 0.086549 0.913294
vt 0.109302 0.962759
vt 0.103140 0.969091
vt 0.102270 0.967964
vt 0.108226 0.961944
vt 0.069701 0.973493
vt 0.061883 0.969094
vt 0.062768 0.967950
vt 0.070231 0.972211
vt 0.049470 0.937952
vt 0.051806 0.929652
vt 0.053003 0.930140
vt 0.050840 0.938141
vt 0.078421 0.909193
vt 0.087119 0.909199
vt 0.078578 0.910492
vt 0.113752 0.930058
vt 0.115830 0.938368
vt 0.114551 0.938525
vt 0.112498 0.930557
vt 0.087010 0.975596
vt 0.078289 0.975734
vt 0.078465 0.974378
vt 0.086839 0.974303
vt 0.051516 0.954836
vt 0.049470 0.946537
vt 0.050745 0.946383
vt 0.052770 0.954343
vt 0.062139 0.915700
vt 0.069916 0.911290
vt 0.070436 0.912562
vt 0.063016 0.916835
vt 0.103343 0.915804
vt 0.109574 0.922303
vt 0.108463 0.923128
vt 0.102457 0.916942
vt 0.095425 0.973473
vt 0.094905 0.972212
vt 0.055649 0.962607
vt 0.056761 0.961785
vt 0.055940 0.922092
vt 0.057027 0.922910
vt 0.095579 0.911406
vt 0.071325 0.969592
vt 0.064487 0.965733
vt 0.068717 0.960350
vt 0.073902 0.963335
vt 0.053557 0.938490
vt 0.053419 0.946057
vt 0.086444 0.971545
vt 0.093826 0.969648
vt 0.100733 0.919195
vt 0.055570 0.931154
vt 0.078817 0.971571
vt 0.106159 0.924826
vt 0.059271 0.924540
vt 0.109908 0.931549
vt 0.064772 0.919058
vt 0.111868 0.938852
vt 0.071515 0.915150
vt 0.059064 0.960101
vt 0.111698 0.946424
vt 0.106008 0.960314
vt 0.109745 0.953761
vt 0.078924 0.913292
vt 0.055362 0.953362
vt 0.100529 0.965756
vt 0.177791 0.783377
vt 0.177791 0.777343
vt 0.196973 0.777343
vt 0.196972 0.783377
vt 0.105191 0.939695
vt 0.103726 0.934018
vt 0.074055 0.921453
vt 0.068868 0.924417
vt 0.064502 0.956083
vt 0.105160 0.945576
vt 0.100666 0.956265
vt 0.103620 0.951206
vt 0.079818 0.919954
vt 0.061578 0.950901
vt 0.096461 0.960434
vt 0.085736 0.919989
vt 0.060097 0.945222
vt 0.091301 0.963399
vt 0.091460 0.921563
vt 0.060143 0.939343
vt 0.085587 0.964899
vt 0.096619 0.924599
vt 0.061693 0.933692
vt 0.079661 0.964887
vt 0.100819 0.928870
vt 0.064640 0.928596
vt 0.573654 0.945781
vt 0.577847 0.950114
vt 0.571041 0.958838
vt 0.564772 0.952342
vt 0.177791 0.825610
vt 0.177791 0.819577
vt 0.196973 0.819577
vt 0.196973 0.825610
vt 0.177791 0.879910
vt 0.177791 0.873876
vt 0.196973 0.873876
vt 0.196973 0.879910
vt 0.177791 0.771310
vt 0.196973 0.771310
vt 0.177791 0.813543
vt 0.196973 0.813543
vt 0.177791 0.867843
vt 0.196973 0.867843
vt 0.177791 0.916110
vt 0.177791 0.910076
vt 0.196973 0.910076
vt 0.196973 0.916110
vt 0.177791 0.807510
vt 0.196973 0.807510
vt 0.177791 0.861810
vt 0.196973 0.861810
vt 0.177791 0.904043
vt 0.196973 0.904043
vt 0.177791 0.801477
vt 0.196973 0.801477
vt 0.177791 0.855776
vt 0.196973 0.855776
vt 0.177791 0.898010
vt 0.196973 0.898010
vt 0.177791 0.795443
vt 0.196973 0.795443
vt 0.177791 0.849743
vt 0.196973 0.849743
vt 0.177791 0.843710
vt 0.177791 0.837677
vt 0.196973 0.837677
vt 0.196973 0.843710
vt 0.177791 0.891976
vt 0.196973 0.891976
vt 0.177791 0.789410
vt 0.196972 0.789410
vt 0.177791 0.831643
vt 0.196972 0.831643
vt 0.177791 0.885943
vt 0.196973 0.885943
vt 0.613192 0.905448
vt 0.605649 0.900829
vt 0.607193 0.897409
vt 0.615535 0.902611
vt 0.583610 0.910701
vt 0.578345 0.913639
vt 0.571634 0.904844
vt 0.579470 0.900409
vt 0.614837 0.929316
vt 0.613387 0.923557
vt 0.623443 0.919464
vt 0.625688 0.927946
vt 0.583030 0.953213
vt 0.578752 0.963482
vt 0.588818 0.954807
vt 0.594815 0.954868
vt 0.596217 0.965796
vt 0.587297 0.965794
vt 0.574026 0.917840
vt 0.565204 0.911128
vt 0.610507 0.918362
vt 0.619275 0.911736
vt 0.600643 0.953370
vt 0.604887 0.963602
vt 0.570956 0.922985
vt 0.560702 0.918717
vt 0.606371 0.914079
vt 0.605847 0.950394
vt 0.612535 0.959203
vt 0.569324 0.928753
vt 0.558416 0.927274
vt 0.601221 0.910990
vt 0.610119 0.946194
vt 0.618823 0.952901
vt 0.569240 0.934758
vt 0.558177 0.936096
vt 0.595425 0.909342
vt 0.596981 0.898464
vt 0.613170 0.941015
vt 0.623369 0.945210
vt 0.570719 0.940566
vt 0.560432 0.944570
vt 0.589434 0.909244
vt 0.588055 0.898212
vt 0.614754 0.935240
vt 0.625560 0.936674
vt 0.376771 0.912743
vt 0.384916 0.912810
vt 0.384668 0.914631
vt 0.377010 0.914580
vt 0.621884 0.955282
vt 0.614714 0.962080
vt 0.554635 0.936529
vt 0.554635 0.926727
vt 0.597543 0.894611
vt 0.626841 0.946585
vt 0.556992 0.945901
vt 0.587633 0.894620
vt 0.629199 0.937109
vt 0.561704 0.954542
vt 0.578133 0.896903
vt 0.629211 0.927529
vt 0.568588 0.961923
vt 0.569274 0.901703
vt 0.626967 0.918071
vt 0.577346 0.966957
vt 0.596689 0.969646
vt 0.586801 0.969380
vt 0.562221 0.908873
vt 0.622137 0.909623
vt 0.606345 0.967029
vt 0.557396 0.917315
vt 0.361814 0.918853
vt 0.356058 0.924672
vt 0.352490 0.921975
vt 0.359038 0.915254
vt 0.368874 0.914781
vt 0.367222 0.910601
vt 0.376231 0.908347
vt 0.385508 0.908361
vt 0.392738 0.915053
vt 0.394560 0.910893
vt 0.399726 0.919298
vt 0.402537 0.915821
vt 0.405359 0.925305
vt 0.409027 0.922564
vt 0.409532 0.932431
vt 0.413677 0.930714
vt 0.411628 0.940412
vt 0.416172 0.939800
vt 0.411690 0.948623
vt 0.416181 0.949255
vt 0.409551 0.956535
vt 0.413691 0.958318
vt 0.405439 0.963610
vt 0.408957 0.966357
vt 0.399556 0.969316
vt 0.402276 0.972983
vt 0.392363 0.973266
vt 0.393952 0.977514
vt 0.384338 0.975159
vt 0.384821 0.979652
vt 0.376136 0.975255
vt 0.375581 0.979652
vt 0.368250 0.973161
vt 0.366525 0.977352
vt 0.361171 0.969066
vt 0.358419 0.972604
vt 0.355457 0.963176
vt 0.351788 0.965913
vt 0.351445 0.956003
vt 0.347208 0.957612
vt 0.349491 0.948005
vt 0.345049 0.948486
vt 0.349675 0.939775
vt 0.345201 0.939128
vt 0.352045 0.931862
vt 0.347814 0.930071
vt 0.357554 0.925779
vt 0.362949 0.920299
vt 0.369581 0.916478
vt 0.392011 0.916739
vt 0.398562 0.920749
vt 0.403869 0.926430
vt 0.407811 0.933161
vt 0.409790 0.940671
vt 0.409850 0.948398
vt 0.407838 0.955834
vt 0.403968 0.962476
vt 0.398447 0.967840
vt 0.391685 0.971539
vt 0.384099 0.973302
vt 0.376349 0.973416
vt 0.368941 0.971460
vt 0.362305 0.967594
vt 0.356935 0.962060
vt 0.353166 0.955314
vt 0.351348 0.947788
vt 0.351511 0.940049
vt 0.353773 0.932579
s 1
f 721/1/1 2/2/1 4/3/2 722/4/2
f 722/4/2 4/3/2 6/5/3 723/6/3
f 723/6/3 6/5/3 8/7/4 724/8/4
f 724/8/4 8/7/4 10/9/5 725/10/5
f 725/10/5 10/9/5 12/11/6 726/12/6
f 726/12/6 12/11/6 14/13/7 727/14/7
f 727/14/7 14/13/7 16/15/8 728/16/8
f 728/16/8 16/15/8 18/17/9 729/18/9
f 729/18/9 18/17/9 20/19/10 730/20/10
f 730/20/10 20/19/10 22/21/11 731/22/11
f 731/22/11 22/21/11 24/23/12 732/24/12
f 732/24/12 24/23/12 26/25/13 733/26/13
f 733/27/13 26/28/13 28/29/14 734/30/14
f 734/30/14 28/29/14 30/31/15 735/32/15
f 735/32/15 30/31/15 32/33/16 736/34/16
f 736/34/16 32/33/16 34/35/17 737/36/17
f 737/36/17 34/35/17 36/37/18 738/38/18
f 738/38/18 36/37/18 38/39/19 739/40/19
f 739/40/19 38/39/19 40/41/20 740/42/20
f 740/42/20 40/41/20 42/43/21 741/44/21
f 741/44/21 42/43/21 44/45/22 742/46/22
f 742/46/22 44/45/22 46/47/23 743/48/23
f 34/49/24 32/50/24 64/51/24 65/52/24
f 743/48/23 46/47/23 48/53/25 744/54/25
f 744/54/25 48/53/25 2/2/1 721/1/1
f 47/55/26 1/56/26 1009/57/26 1032/58/26
f 62/59/14 61/60/13 85/61/13 86/62/14
f 44/63/24 42/64/24 69/65/24 70/66/24
f 10/67/24 8/68/24 52/69/24 53/70/24
f 20/71/24 18/72/24 57/73/24 58/74/24
f 30/75/24 28/76/24 62/59/24 63/77/24
f 40/78/24 38/79/24 67/80/24 68/81/24
f 2/82/24 48/83/24 72/84/24 50/85/24
f 6/86/24 4/87/24 49/88/24 51/89/24
f 16/90/24 14/91/24 55/92/24 56/93/24
f 26/94/24 24/95/24 60/96/24 61/97/24
f 36/98/24 34/49/24 65/52/24 66/99/24
f 46/100/24 44/63/24 70/66/24 71/101/24
f 12/102/24 10/67/24 53/70/24 54/103/24
f 22/104/24 20/71/24 58/74/24 59/105/24
f 32/50/24 30/75/24 63/77/24 64/51/24
f 42/64/24 40/78/24 68/81/24 69/65/24
f 8/68/24 6/86/24 51/89/24 52/69/24
f 18/72/24 16/90/24 56/93/24 57/73/24
f 4/87/24 2/82/24 50/85/24 49/88/24
f 28/76/24 26/106/24 61/60/24 62/59/24
f 38/79/24 36/98/24 66/99/24 67/80/24
f 48/83/24 46/100/24 71/101/24 72/84/24
f 14/91/24 12/102/24 54/103/24 55/92/24
f 24/95/24 22/104/24 59/105/24 60/96/24
f 75/107/26 73/108/26 97/109/26 99/110/26
f 55/92/7 54/103/6 78/111/6 79/112/7
f 70/66/22 69/65/21 93/113/21 94/114/22
f 63/77/15 62/59/14 86/62/14 87/115/15
f 56/93/8 55/92/7 79/112/7 80/116/8
f 71/101/23 70/66/22 94/114/22 95/117/23
f 64/51/16 63/77/15 87/115/15 88/118/16
f 57/73/9 56/93/8 80/116/8 81/119/9
f 72/84/25 71/101/23 95/117/23 96/120/25
f 49/88/2 50/85/1 74/121/1 73/108/2
f 65/52/17 64/51/16 88/118/16 89/122/17
f 58/74/10 57/73/9 81/119/9 82/123/10
f 50/85/1 72/84/25 96/120/25 74/121/1
f 51/89/3 49/88/2 73/108/2 75/107/3
f 66/99/18 65/52/17 89/122/17 90/124/18
f 59/105/11 58/74/10 82/123/10 83/125/11
f 52/69/4 51/89/3 75/107/3 76/126/4
f 67/80/19 66/99/18 90/124/18 91/127/19
f 60/96/12 59/105/11 83/125/11 84/128/12
f 53/70/5 52/69/4 76/126/4 77/129/5
f 68/81/20 67/80/19 91/127/19 92/130/20
f 61/97/13 60/96/12 84/128/12 85/131/13
f 54/103/6 53/70/5 77/129/5 78/111/6
f 69/65/21 68/81/20 92/130/20 93/113/21
f 103/132/7 102/133/6 126/134/6 127/135/7
f 90/124/26 89/122/26 113/136/26 114/137/26
f 83/125/26 82/123/26 106/138/26 107/139/26
f 76/126/26 75/107/26 99/110/26 100/140/26
f 91/127/26 90/124/26 114/137/26 115/141/26
f 84/128/26 83/125/26 107/139/26 108/142/26
f 77/129/26 76/126/26 100/140/26 101/143/26
f 92/130/26 91/127/26 115/141/26 116/144/26
f 85/131/26 84/128/26 108/142/26 109/145/26
f 78/111/26 77/129/26 101/143/26 102/133/26
f 93/113/26 92/130/26 116/144/26 117/146/26
f 86/62/26 85/61/26 109/147/26 110/148/26
f 79/112/26 78/111/26 102/133/26 103/132/26
f 94/114/26 93/113/26 117/146/26 118/149/26
f 87/115/26 86/62/26 110/148/26 111/150/26
f 80/116/26 79/112/26 103/132/26 104/151/26
f 95/117/26 94/114/26 118/149/26 119/152/26
f 88/118/26 87/115/26 111/150/26 112/153/26
f 81/119/26 80/116/26 104/151/26 105/154/26
f 96/120/26 95/117/26 119/152/26 120/155/26
f 73/108/26 74/121/26 98/156/26 97/109/26
f 89/122/26 88/118/26 112/153/26 113/136/26
f 82/123/26 81/119/26 105/154/26 106/138/26
f 74/121/26 96/120/26 120/155/26 98/156/26
f 138/157/24 137/158/24 161/159/24 162/160/24
f 118/149/22 117/146/21 141/161/21 142/162/22
f 111/150/15 110/148/14 134/163/14 135/164/15
f 104/151/8 103/132/7 127/135/7 128/165/8
f 119/152/23 118/149/22 142/162/22 143/166/23
f 112/153/16 111/150/15 135/164/15 136/167/16
f 105/154/9 104/151/8 128/165/8 129/168/9
f 120/155/25 119/152/23 143/166/23 144/169/25
f 97/109/2 98/156/1 122/170/1 121/171/2
f 113/136/17 112/153/16 136/167/16 137/158/17
f 106/138/10 105/154/9 129/168/9 130/172/10
f 98/156/1 120/155/25 144/169/25 122/170/1
f 99/110/3 97/109/2 121/171/2 123/173/3
f 114/137/18 113/136/17 137/158/17 138/157/18
f 107/139/11 106/138/10 130/172/10 131/174/11
f 100/140/4 99/110/3 123/173/3 124/175/4
f 115/141/19 114/137/18 138/157/18 139/176/19
f 108/142/12 107/139/11 131/174/11 132/177/12
f 101/143/5 100/140/4 124/175/4 125/178/5
f 116/144/20 115/141/19 139/176/19 140/179/20
f 109/145/13 108/142/12 132/177/12 133/180/13
f 102/133/6 101/143/5 125/178/5 126/134/6
f 117/146/21 116/144/20 140/179/20 141/161/21
f 110/148/14 109/147/13 133/181/13 134/163/14
f 151/182/7 150/183/6 174/184/6 175/185/7
f 131/174/24 130/172/24 154/186/24 155/187/24
f 124/175/24 123/173/24 147/188/24 148/189/24
f 139/176/24 138/157/24 162/160/24 163/190/24
f 132/177/24 131/174/24 155/187/24 156/191/24
f 125/178/24 124/175/24 148/189/24 149/192/24
f 140/179/24 139/176/24 163/190/24 164/193/24
f 133/180/24 132/177/24 156/191/24 157/194/24
f 126/134/24 125/178/24 149/192/24 150/183/24
f 141/161/24 140/179/24 164/193/24 165/195/24
f 134/163/24 133/181/24 157/196/24 158/197/24
f 127/135/24 126/134/24 150/183/24 151/182/24
f 142/162/24 141/161/24 165/195/24 166/198/24
f 135/164/24 134/163/24 158/197/24 159/199/24
f 128/165/24 127/135/24 151/182/24 152/200/24
f 143/166/24 142/162/24 166/198/24 167/201/24
f 136/167/24 135/164/24 159/199/24 160/202/24
f 129/168/24 128/165/24 152/200/24 153/203/24
f 144/169/24 143/166/24 167/201/24 168/204/24
f 121/171/24 122/170/24 146/205/24 145/206/24
f 137/158/24 136/167/24 160/202/24 161/159/24
f 130/172/24 129/168/24 153/203/24 154/186/24
f 122/170/24 144/169/24 168/204/24 146/205/24
f 123/173/24 121/171/24 145/206/24 147/188/24
f 179/207/26 178/208/26 202/209/26 203/210/26
f 166/198/22 165/195/21 189/211/21 190/212/22
f 159/199/15 158/197/14 182/213/14 183/214/15
f 152/200/8 151/182/7 175/185/7 176/215/8
f 167/201/23 166/198/22 190/212/22 191/216/23
f 160/202/16 159/199/15 183/214/15 184/217/16
f 153/203/9 152/200/8 176/215/8 177/218/9
f 168/204/25 167/201/23 191/216/23 192/219/25
f 145/206/2 146/205/1 170/220/1 169/221/2
f 161/159/17 160/202/16 184/217/16 185/222/17
f 154/186/10 153/203/9 177/218/9 178/208/10
f 146/205/1 168/204/25 192/219/25 170/220/1
f 147/188/3 145/206/2 169/221/2 171/223/3
f 162/160/18 161/159/17 185/222/17 186/224/18
f 155/187/11 154/186/10 178/208/10 179/207/11
f 148/189/4 147/188/3 171/223/3 172/225/4
f 163/190/19 162/160/18 186/224/18 187/226/19
f 156/191/12 155/187/11 179/207/11 180/227/12
f 149/192/5 148/189/4 172/225/4 173/228/5
f 164/193/20 163/190/19 187/226/19 188/229/20
f 157/194/13 156/191/12 180/227/12 181/230/13
f 150/183/6 149/192/5 173/228/5 174/184/6
f 165/195/21 164/193/20 188/229/20 189/211/21
f 158/197/14 157/196/13 181/231/13 182/213/14
f 214/232/22 213/233/21 237/234/21 238/235/22
f 172/225/26 171/223/26 195/236/26 196/237/26
f 187/226/26 186/224/26 210/238/26 211/239/26
f 180/227/26 179/207/26 203/210/26 204/240/26
f 173/228/26 172/225/26 196/237/26 197/241/26
f 188/229/26 187/226/26 211/239/26 212/242/26
f 181/230/26 180/227/26 204/240/26 205/243/26
f 174/184/26 173/228/26 197/241/26 198/244/26
f 189/211/26 188/229/26 212/242/26 213/233/26
f 182/213/26 181/231/26 205/245/26 206/246/26
f 175/185/26 174/184/26 198/244/26 199/247/26
f 190/212/26 189/211/26 213/233/26 214/232/26
f 183/214/26 182/213/26 206/246/26 207/248/26
f 176/215/26 175/185/26 199/247/26 200/249/26
f 191/216/26 190/212/26 214/232/26 215/250/26
f 184/217/26 183/214/26 207/248/26 208/251/26
f 177/218/26 176/215/26 200/249/26 201/252/26
f 192/219/26 191/216/26 215/250/26 216/253/26
f 169/221/26 170/220/26 194/254/26 193/255/26
f 185/222/26 184/217/26 208/251/26 209/256/26
f 178/208/26 177/218/26 201/252/26 202/209/26
f 170/220/26 192/219/26 216/253/26 194/254/26
f 171/223/26 169/221/26 193/255/26 195/236/26
f 186/224/26 185/222/26 209/256/26 210/238/26
f 227/257/26 226/258/26 250/259/26 251/260/26
f 207/248/15 206/246/14 230/261/14 231/262/15
f 200/249/8 199/247/7 223/263/7 224/264/8
f 215/250/23 214/232/22 238/235/22 239/265/23
f 208/251/16 207/248/15 231/262/15 232/266/16
f 201/252/9 200/249/8 224/264/8 225/267/9
f 216/253/25 215/250/23 239/265/23 240/268/25
f 193/255/2 194/254/1 218/269/1 217/270/2
f 209/256/17 208/251/16 232/266/16 233/271/17
f 202/209/10 201/252/9 225/267/9 226/272/10
f 194/254/1 216/253/25 240/268/25 218/269/1
f 195/236/3 193/255/2 217/270/2 219/273/3
f 210/238/18 209/256/17 233/271/17 234/274/18
f 203/210/11 202/209/10 226/272/10 227/275/11
f 196/237/4 195/236/3 219/273/3 220/276/4
f 211/239/19 210/238/18 234/274/18 235/277/19
f 204/240/12 203/210/11 227/275/11 228/278/12
f 197/241/5 196/237/4 220/276/4 221/279/5
f 212/242/20 211/239/19 235/277/19 236/280/20
f 205/243/13 204/240/12 228/278/12 229/281/13
f 198/244/6 197/241/5 221/279/5 222/282/6
f 213/233/21 212/242/20 236/280/20 237/234/21
f 206/246/14 205/245/13 229/283/13 230/261/14
f 199/247/7 198/244/6 222/282/6 223/263/7
f 255/284/3 254/285/2 278/286/2 279/287/3
f 220/288/26 219/289/26 243/290/26 244/291/26
f 235/292/26 234/293/26 258/294/26 259/295/26
f 228/296/26 227/257/26 251/260/26 252/297/26
f 221/298/26 220/288/26 244/291/26 245/299/26
f 236/300/26 235/292/26 259/295/26 260/301/26
f 229/302/26 228/296/26 252/297/26 253/303/26
f 222/304/26 221/298/26 245/299/26 246/305/26
f 237/306/26 236/300/26 260/301/26 261/307/26
f 230/308/26 229/309/26 253/310/26 254/285/26
f 223/311/26 222/304/26 246/305/26 247/312/26
f 238/313/26 237/306/26 261/307/26 262/314/26
f 231/315/26 230/308/26 254/285/26 255/284/26
f 224/316/26 223/311/26 247/312/26 248/317/26
f 239/318/26 238/313/26 262/314/26 263/319/26
f 232/320/26 231/315/26 255/284/26 256/321/26
f 225/322/26 224/316/26 248/317/26 249/323/26
f 240/324/26 239/318/26 263/319/26 264/325/26
f 217/326/26 218/327/26 242/328/26 241/329/26
f 233/330/26 232/320/26 256/321/26 257/331/26
f 226/258/26 225/322/26 249/323/26 250/259/26
f 218/327/26 240/324/26 264/325/26 242/328/26
f 219/289/26 217/326/26 241/329/26 243/290/26
f 234/293/26 233/330/26 257/331/26 258/294/26
f 414/332/27 413/333/28 305/334/28 310/335/27
f 248/317/20 247/312/19 271/336/19 272/337/20
f 263/319/11 262/314/10 286/338/10 287/339/11
f 256/321/4 255/284/3 279/287/3 280/340/4
f 249/323/21 248/317/20 272/337/20 273/341/21
f 264/325/12 263/319/11 287/339/11 288/342/12
f 241/329/14 242/328/13 266/343/13 265/344/14
f 257/331/5 256/321/4 280/340/4 281/345/5
f 250/259/22 249/323/21 273/341/21 274/346/22
f 242/328/13 264/325/12 288/342/12 266/343/13
f 243/290/15 241/329/14 265/344/14 267/347/15
f 258/294/6 257/331/5 281/345/5 282/348/6
f 251/260/23 250/259/22 274/346/22 275/349/23
f 244/291/16 243/290/15 267/347/15 268/350/16
f 259/295/7 258/294/6 282/348/6 283/351/7
f 252/297/25 251/260/23 275/349/23 276/352/25
f 245/299/17 244/291/16 268/350/16 269/353/17
f 260/301/8 259/295/7 283/351/7 284/354/8
f 253/303/1 252/297/25 276/352/25 277/355/1
f 246/305/18 245/299/17 269/353/17 270/356/18
f 261/307/9 260/301/8 284/354/8 285/357/9
f 254/285/2 253/310/1 277/358/1 278/286/2
f 247/312/19 246/305/18 270/356/18 271/336/19
f 262/314/10 261/307/9 285/357/9 286/338/10
f 411/359/29 409/360/30 290/361/30 300/362/29
f 429/363/31 428/364/32 380/365/32 385/366/31
f 422/367/33 421/368/34 345/369/34 350/370/33
f 415/371/35 414/332/27 310/335/27 315/372/35
f 430/373/36 429/363/31 385/366/31 390/374/36
f 423/375/37 422/376/33 350/377/33 355/378/37
f 416/379/38 415/371/35 315/372/35 320/380/38
f 431/381/39 430/373/36 390/374/36 395/382/39
f 424/383/40 423/375/37 355/378/37 360/384/40
f 417/385/41 416/379/38 320/380/38 325/386/41
f 432/387/42 431/381/39 395/382/39 400/388/42
f 425/389/43 424/383/40 360/384/40 365/390/43
f 418/391/44 417/385/41 325/386/41 330/392/44
f 412/393/45 432/387/42 400/388/42 405/394/45
f 426/395/46 425/389/43 365/390/43 370/396/46
f 419/397/47 418/391/44 330/392/44 335/398/47
f 289/399/48 295/400/49 404/401/50 399/402/51 394/403/52 389/404/53 384/405/54 379/406/55 374/407/56 369/408/57 364/409/58 359/410/59 354/411/60 349/412/61 344/413/62 339/414/63 334/415/64 329/416/65 324/417/66 319/418/67 314/419/68 309/420/69 304/421/70 299/422/71
f 427/423/72 426/395/46 370/396/46 375/424/72
f 420/425/73 419/397/47 335/398/47 340/426/73
f 413/333/28 411/359/29 300/362/29 305/334/28
f 410/427/74 412/393/45 405/394/45 294/428/74
f 428/364/32 427/423/72 375/424/72 380/365/32
f 421/368/34 420/425/73 340/426/73 345/369/34
f 290/429/75 294/430/76 296/431/77 293/432/78
f 293/432/78 296/431/77 297/433/79 292/434/80
f 292/434/80 297/433/79 298/435/81 291/436/82
f 291/436/82 298/435/81 295/400/49 289/399/48
f 300/437/83 290/429/75 293/432/78 303/438/84
f 303/438/84 293/432/78 292/434/80 302/439/85
f 302/439/85 292/434/80 291/436/82 301/440/86
f 301/440/86 291/436/82 289/399/48 299/422/71
f 305/441/87 300/437/83 303/438/84 308/442/88
f 308/442/88 303/438/84 302/439/85 307/443/89
f 307/443/89 302/439/85 301/440/86 306/444/90
f 306/444/90 301/440/86 299/422/71 304/421/70
f 310/445/91 305/441/87 308/442/88 313/446/92
f 313/446/92 308/442/88 307/443/89 312/447/93
f 312/447/93 307/443/89 306/444/90 311/448/94
f 311/448/94 306/444/90 304/421/70 309/420/69
f 315/449/95 310/445/91 313/446/92 318/450/96
f 318/450/96 313/446/92 312/447/93 317/451/97
f 317/451/97 312/447/93 311/448/94 316/452/98
f 316/452/98 311/448/94 309/420/69 314/419/68
f 320/453/99 315/449/95 318/450/96 323/454/100
f 323/454/100 318/450/96 317/451/97 322/455/101
f 322/455/101 317/451/97 316/452/98 321/456/102
f 321/456/102 316/452/98 314/419/68 319/418/67
f 325/457/103 320/453/99 323/454/100 328/458/104
f 328/458/104 323/454/100 322/455/101 327/459/105
f 327/459/105 322/455/101 321/456/102 326/460/106
f 326/460/106 321/456/102 319/418/67 324/417/66
f 330/461/107 325/457/103 328/458/104 333/462/108
f 333/462/108 328/458/104 327/459/105 332/463/109
f 332/463/109 327/459/105 326/460/106 331/464/110
f 331/464/110 326/460/106 324/417/66 329/416/65
f 335/465/111 330/461/107 333/462/108 338/466/112
f 338/466/112 333/462/108 332/463/109 337/467/113
f 337/467/113 332/463/109 331/464/110 336/468/114
f 336/468/114 331/464/110 329/416/65 334/415/64
f 340/469/115 335/465/111 338/466/112 343/470/116
f 343/470/116 338/466/112 337/467/113 342/471/117
f 342/471/117 337/467/113 336/468/114 341/472/118
f 341/472/118 336/468/114 334/415/64 339/414/63
f 345/473/119 340/469/115 343/470/116 348/474/120
f 348/474/120 343/470/116 342/471/117 347/475/121
f 347/475/121 342/471/117 341/472/118 346/476/122
f 346/476/122 341/472/118 339/414/63 344/413/62
f 350/477/123 345/473/119 348/474/120 353/478/124
f 353/478/124 348/474/120 347/475/121 352/479/125
f 352/479/125 347/475/121 346/476/122 351/480/126
f 351/480/126 346/476/122 344/413/62 349/412/61
f 355/481/127 350/477/123 353/478/124 358/482/128
f 358/482/128 353/478/124 352/479/125 357/483/129
f 357/483/129 352/479/125 351/480/126 356/484/130
f 356/484/130 351/480/126 349/412/61 354/411/60
f 360/485/131 355/481/127 358/482/128 363/486/132
f 363/486/132 358/482/128 357/483/129 362/487/133
f 362/487/133 357/483/129 356/484/130 361/488/134
f 361/488/134 356/484/130 354/411/60 359/410/59
f 365/489/135 360/485/131 363/486/132 368/490/136
f 368/490/136 363/486/132 362/487/133 367/491/137
f 367/491/137 362/487/133 361/488/134 366/492/138
f 366/492/138 361/488/134 359/410/59 364/409/58
f 370/493/139 365/489/135 368/490/136 373/494/140
f 373/494/140 368/490/136 367/491/137 372/495/141
f 372/495/141 367/491/137 366/492/138 371/496/142
f 371/496/142 366/492/138 364/409/58 369/408/57
f 375/497/143 370/493/139 373/494/140 378/498/144
f 378/498/144 373/494/140 372/495/141 377/499/145
f 377/499/145 372/495/141 371/496/142 376/500/146
f 376/500/146 371/496/142 369/408/57 374/407/56
f 380/501/147 375/497/143 378/498/144 383/502/148
f 383/502/148 378/498/144 377/499/145 382/503/149
f 382/503/149 377/499/145 376/500/146 381/504/150
f 381/504/150 376/500/146 374/407/56 379/406/55
f 385/505/151 380/501/147 383/502/148 388/506/152
f 388/506/152 383/502/148 382/503/149 387/507/153
f 387/507/153 382/503/149 381/504/150 386/508/154
f 386/508/154 381/504/150 379/406/55 384/405/54
f 390/509/155 385/505/151 388/506/152 393/510/156
f 393/510/156 388/506/152 387/507/153 392/511/157
f 392/511/157 387/507/153 386/508/154 391/512/158
f 391/512/158 386/508/154 384/405/54 389/404/53
f 395/513/159 390/509/155 393/510/156 398/514/160
f 398/514/160 393/510/156 392/511/157 397/515/161
f 397/515/161 392/511/157 391/512/158 396/516/162
f 396/516/162 391/512/158 389/404/53 394/403/52
f 400/517/163 395/513/159 398/514/160 403/518/164
f 403/518/164 398/514/160 397/515/161 402/519/165
f 402/519/165 397/515/161 396/516/162 401/520/166
f 401/520/166 396/516/162 394/403/52 399/402/51
f 405/521/167 400/517/163 403/518/164 408/522/168
f 408/522/168 403/518/164 402/519/165 407/523/169
f 407/523/169 402/519/165 401/520/166 406/524/170
f 406/524/170 401/520/166 399/402/51 404/401/50
f 294/430/76 405/521/167 408/522/168 296/431/77
f 296/431/77 408/522/168 407/523/169 297/433/79
f 297/433/79 407/523/169 406/524/170 298/435/81
f 298/435/81 406/524/170 404/401/50 295/400/49
f 409/360/30 410/427/74 294/428/74 290/361/30
f 265/344/26 266/343/26 410/427/26 409/360/26
f 276/352/26 275/349/26 420/425/26 421/368/26
f 283/351/26 282/348/26 427/423/26 428/364/26
f 266/343/26 288/342/26 412/393/26 410/427/26
f 268/350/26 267/347/26 411/359/26 413/333/26
f 275/349/26 274/346/26 419/397/26 420/425/26
f 282/348/26 281/345/26 426/395/26 427/423/26
f 274/346/26 273/341/26 418/391/26 419/397/26
f 281/345/26 280/340/26 425/389/26 426/395/26
f 288/342/26 287/339/26 432/387/26 412/393/26
f 273/341/26 272/337/26 417/385/26 418/391/26
f 280/340/26 279/287/26 424/383/26 425/389/26
f 287/339/26 286/338/26 431/381/26 432/387/26
f 272/337/26 271/336/26 416/379/26 417/385/26
f 279/287/26 278/286/26 423/375/26 424/383/26
f 286/338/26 285/357/26 430/373/26 431/381/26
f 271/336/26 270/356/26 415/371/26 416/379/26
f 278/286/26 277/358/26 422/376/26 423/375/26
f 285/357/26 284/354/26 429/363/26 430/373/26
f 270/356/26 269/353/26 414/332/26 415/371/26
f 277/355/26 276/352/26 421/368/26 422/367/26
f 284/354/26 283/351/26 428/364/26 429/363/26
f 267/347/26 265/344/26 409/360/26 411/359/26
f 269/353/26 268/350/26 413/333/26 414/332/26
f 719/525/25 576/526/25 433/527/1 720/528/1
f 696/529/25 575/530/25 434/531/1 673/532/1
f 672/533/25 574/534/25 435/535/1 649/536/1
f 648/537/25 573/538/25 436/539/1 625/540/1
f 624/541/25 572/542/25 437/543/1 601/544/1
f 600/545/25 571/546/25 438/547/1 577/548/1
f 718/549/23 570/550/23 576/526/25 719/525/25
f 695/551/23 569/552/23 575/530/25 696/529/25
f 671/553/23 568/554/23 574/534/25 672/533/25
f 647/555/23 567/556/23 573/538/25 648/537/25
f 623/557/23 566/558/23 572/542/25 624/541/25
f 599/559/23 565/560/23 571/546/25 600/545/25
f 717/561/22 564/562/22 570/550/23 718/549/23
f 694/563/22 563/564/22 569/552/23 695/551/23
f 670/565/22 562/566/22 568/554/23 671/553/23
f 646/567/22 561/568/22 567/556/23 647/555/23
f 622/569/22 560/570/22 566/558/23 623/557/23
f 598/571/22 559/572/22 565/560/23 599/559/23
f 716/573/21 558/574/21 564/562/22 717/561/22
f 693/575/21 557/576/21 563/564/22 694/563/22
f 669/577/21 556/578/21 562/566/22 670/565/22
f 645/579/21 555/580/21 561/568/22 646/567/22
f 621/581/21 554/582/21 560/570/22 622/569/22
f 597/583/21 553/584/21 559/572/22 598/571/22
f 715/585/20 552/586/20 558/574/21 716/573/21
f 692/587/20 551/588/20 557/576/21 693/575/21
f 668/589/20 550/590/20 556/578/21 669/577/21
f 644/591/20 549/592/20 555/580/21 645/579/21
f 620/593/20 548/594/20 554/582/21 621/581/21
f 596/595/20 547/596/20 553/584/21 597/583/21
f 714/597/19 546/598/19 552/586/20 715/585/20
f 691/599/19 545/600/19 551/588/20 692/587/20
f 667/601/19 544/602/19 550/590/20 668/589/20
f 643/603/19 543/604/19 549/592/20 644/591/20
f 619/605/19 542/606/19 548/594/20 620/593/20
f 595/607/19 541/608/19 547/596/20 596/595/20
f 713/609/18 540/610/18 546/598/19 714/597/19
f 690/611/18 539/612/18 545/600/19 691/599/19
f 666/613/18 538/614/18 544/602/19 667/601/19
f 642/615/18 537/616/18 543/604/19 643/603/19
f 618/617/18 536/618/18 542/606/19 619/605/19
f 594/619/18 535/620/18 541/608/19 595/607/19
f 712/621/17 534/622/17 540/610/18 713/609/18
f 689/623/17 533/624/17 539/612/18 690/611/18
f 665/625/17 532/626/17 538/614/18 666/613/18
f 641/627/17 531/628/17 537/616/18 642/615/18
f 617/629/17 530/630/17 536/618/18 618/617/18
f 593/631/17 529/632/17 535/620/18 594/619/18
f 711/633/16 528/634/16 534/622/17 712/621/17
f 688/635/16 527/636/16 533/624/17 689/623/17
f 664/637/16 526/638/16 532/626/17 665/625/17
f 640/639/16 525/640/16 531/628/17 641/627/17
f 616/641/16 524/642/16 530/630/17 617/629/17
f 592/643/16 523/644/16 529/632/17 593/631/17
f 710/645/15 522/646/15 528/634/16 711/633/16
f 687/647/15 521/648/15 527/636/16 688/635/16
f 663/649/15 520/650/15 526/638/16 664/637/16
f 639/651/15 519/652/15 525/640/16 640/639/16
f 615/653/15 518/654/15 524/642/16 616/641/16
f 591/655/15 517/656/15 523/644/16 592/643/16
f 709/657/14 516/658/14 522/646/15 710/645/15
f 686/659/14 515/660/14 521/648/15 687/647/15
f 662/661/14 514/662/14 520/650/15 663/649/15
f 638/663/14 513/664/14 519/652/15 639/651/15
f 614/665/14 512/666/14 518/654/15 615/653/15
f 590/667/14 511/668/14 517/656/15 591/655/15
f 708/669/13 510/670/13 516/658/14 709/657/14
f 685/671/13 509/672/13 515/660/14 686/659/14
f 661/673/13 508/674/13 514/662/14 662/661/14
f 637/675/13 507/676/13 513/664/14 638/663/14
f 613/677/13 506/678/13 512/666/14 614/665/14
f 589/679/13 505/680/13 511/668/14 590/667/14
f 707/681/12 504/682/12 510/683/13 708/684/13
f 684/685/12 503/686/12 509/687/13 685/688/13
f 660/689/12 502/690/12 508/691/13 661/692/13
f 636/693/12 501/694/12 507/695/13 637/696/13
f 612/697/12 500/698/12 506/699/13 613/700/13
f 588/701/12 499/702/12 505/703/13 589/704/13
f 706/705/11 498/706/11 504/682/12 707/681/12
f 683/707/11 497/708/11 503/686/12 684/685/12
f 659/709/11 496/710/11 502/690/12 660/689/12
f 635/711/11 495/712/11 501/694/12 636/693/12
f 611/713/11 494/714/11 500/698/12 612/697/12
f 587/715/11 493/716/11 499/702/12 588/701/12
f 705/717/10 492/718/10 498/706/11 706/705/11
f 682/719/10 491/720/10 497/708/11 683/707/11
f 658/721/10 490/722/10 496/710/11 659/709/11
f 634/723/10 489/724/10 495/712/11 635/711/11
f 610/725/10 488/726/10 494/714/11 611/713/11
f 586/727/10 487/728/10 493/716/11 587/715/11
f 704/729/9 486/730/9 492/718/10 705/717/10
f 681/731/9 485/732/9 491/720/10 682/719/10
f 657/733/9 484/734/9 490/722/10 658/721/10
f 633/735/9 483/736/9 489/724/10 634/723/10
f 609/737/9 482/738/9 488/726/10 610/725/10
f 585/739/9 481/740/9 487/728/10 586/727/10
f 703/741/8 480/742/8 486/730/9 704/729/9
f 680/743/8 479/744/8 485/732/9 681/731/9
f 656/745/8 478/746/8 484/734/9 657/733/9
f 632/747/8 477/748/8 483/736/9 633/735/9
f 608/749/8 476/750/8 482/738/9 609/737/9
f 584/751/8 475/752/8 481/740/9 585/739/9
f 702/753/7 474/754/7 480/742/8 703/741/8
f 679/755/7 473/756/7 479/744/8 680/743/8
f 655/757/7 472/758/7 478/746/8 656/745/8
f 631/759/7 471/760/7 477/748/8 632/747/8
f 607/761/7 470/762/7 476/750/8 608/749/8
f 583/763/7 469/764/7 475/752/8 584/751/8
f 701/765/6 468/766/6 474/754/7 702/753/7
f 678/767/6 467/768/6 473/756/7 679/755/7
f 654/769/6 466/770/6 472/758/7 655/757/7
f 630/771/6 465/772/6 471/760/7 631/759/7
f 606/773/6 464/774/6 470/762/7 607/761/7
f 582/775/6 463/776/6 469/764/7 583/763/7
f 700/777/5 462/778/5 468/766/6 701/765/6
f 677/779/5 461/780/5 467/768/6 678/767/6
f 653/781/5 460/782/5 466/770/6 654/769/6
f 629/783/5 459/784/5 465/772/6 630/771/6
f 605/785/5 458/786/5 464/774/6 606/773/6
f 581/787/5 457/788/5 463/776/6 582/775/6
f 699/789/4 456/790/4 462/778/5 700/777/5
f 676/791/4 455/792/4 461/780/5 677/779/5
f 652/793/4 454/794/4 460/782/5 653/781/5
f 628/795/4 453/796/4 459/784/5 629/783/5
f 604/797/4 452/798/4 458/786/5 605/785/5
f 580/799/4 451/800/4 457/788/5 581/787/5
f 698/801/3 450/802/3 456/790/4 699/789/4
f 675/803/3 449/804/3 455/792/4 676/791/4
f 651/805/3 448/806/3 454/794/4 652/793/4
f 627/807/3 447/808/3 453/796/4 628/795/4
f 603/809/3 446/810/3 452/798/4 604/797/4
f 579/811/3 445/812/3 451/800/4 580/799/4
f 697/813/2 444/814/2 450/802/3 698/801/3
f 674/815/2 443/816/2 449/804/3 675/803/3
f 650/817/2 442/818/2 448/806/3 651/805/3
f 626/819/2 441/820/2 447/808/3 627/807/3
f 602/821/2 440/822/2 446/810/3 603/809/3
f 578/823/2 439/824/2 445/812/3 579/811/3
f 720/528/1 433/527/1 444/814/2 697/813/2
f 673/532/1 434/531/1 443/816/2 674/815/2
f 649/536/1 435/535/1 442/818/2 650/817/2
f 625/540/1 436/539/1 441/820/2 626/819/2
f 601/544/1 437/543/1 440/822/2 602/821/2
f 577/548/1 438/547/1 439/824/2 578/823/2
f 768/825/24 577/548/24 578/823/24 745/826/24
f 745/826/24 578/823/24 579/811/24 746/827/24
f 746/827/24 579/811/24 580/799/24 747/828/24
f 747/828/24 580/799/24 581/787/24 748/829/24
f 748/829/24 581/787/24 582/775/24 749/830/24
f 749/830/24 582/775/24 583/763/24 750/831/24
f 750/831/24 583/763/24 584/751/24 751/832/24
f 751/832/24 584/751/24 585/739/24 752/833/24
f 752/833/24 585/739/24 586/727/24 753/834/24
f 753/834/24 586/727/24 587/715/24 754/835/24
f 754/835/24 587/715/24 588/701/24 755/836/24
f 755/836/24 588/701/24 589/704/24 756/837/24
f 756/838/24 589/679/24 590/667/24 757/839/24
f 757/839/24 590/667/24 591/655/24 758/840/24
f 758/840/24 591/655/24 592/643/24 759/841/24
f 759/841/24 592/643/24 593/631/24 760/842/24
f 760/842/24 593/631/24 594/619/24 761/843/24
f 761/843/24 594/619/24 595/607/24 762/844/24
f 762/844/24 595/607/24 596/595/24 763/845/24
f 763/845/24 596/595/24 597/583/24 764/846/24
f 764/846/24 597/583/24 598/571/24 765/847/24
f 765/847/24 598/571/24 599/559/24 766/848/24
f 766/848/24 599/559/24 600/545/24 767/849/24
f 767/849/24 600/545/24 577/548/24 768/825/24
f 816/850/24 601/544/24 602/821/24 793/851/24
f 793/851/24 602/821/24 603/809/24 794/852/24
f 794/852/24 603/809/24 604/797/24 795/853/24
f 795/853/24 604/797/24 605/785/24 796/854/24
f 796/854/24 605/785/24 606/773/24 797/855/24
f 797/855/24 606/773/24 607/761/24 798/856/24
f 798/856/24 607/761/24 608/749/24 799/857/24
f 799/857/24 608/749/24 609/737/24 800/858/24
f 800/858/24 609/737/24 610/725/24 801/859/24
f 801/859/24 610/725/24 611/713/24 802/860/24
f 802/860/24 611/713/24 612/697/24 803/861/24
f 803/861/24 612/697/24 613/700/24 804/862/24
f 804/863/24 613/677/24 614/665/24 805/864/24
f 805/864/24 614/665/24 615/653/24 806/865/24
f 806/865/24 615/653/24 616/641/24 807/866/24
f 807/866/24 616/641/24 617/629/24 808/867/24
f 808/867/24 617/629/24 618/617/24 809/868/24
f 809/868/24 618/617/24 619/605/24 810/869/24
f 810/869/24 619/605/24 620/593/24 811/870/24
f 811/870/24 620/593/24 621/581/24 812/871/24
f 812/871/24 621/581/24 622/569/24 813/872/24
f 813/872/24 622/569/24 623/557/24 814/873/24
f 814/873/24 623/557/24 624/541/24 815/874/24
f 815/874/24 624/541/24 601/544/24 816/850/24
f 864/875/24 625/540/24 626/819/24 841/876/24
f 841/876/24 626/819/24 627/807/24 842/877/24
f 842/877/24 627/807/24 628/795/24 843/878/24
f 843/878/24 628/795/24 629/783/24 844/879/24
f 844/879/24 629/783/24 630/771/24 845/880/24
f 845/880/24 630/771/24 631/759/24 846/881/24
f 846/881/24 631/759/24 632/747/24 847/882/24
f 847/882/24 632/747/24 633/735/24 848/883/24
f 848/883/24 633/735/24 634/723/24 849/884/24
f 849/884/24 634/723/24 635/711/24 850/885/24
f 850/885/24 635/711/24 636/693/24 851/886/24
f 851/886/24 636/693/24 637/696/24 852/887/24
f 852/888/24 637/675/24 638/663/24 853/889/24
f 853/889/24 638/663/24 639/651/24 854/890/24
f 854/890/24 639/651/24 640/639/24 855/891/24
f 855/891/24 640/639/24 641/627/24 856/892/24
f 856/892/24 641/627/24 642/615/24 857/893/24
f 857/893/24 642/615/24 643/603/24 858/894/24
f 858/894/24 643/603/24 644/591/24 859/895/24
f 859/895/24 644/591/24 645/579/24 860/896/24
f 860/896/24 645/579/24 646/567/24 861/897/24
f 861/897/24 646/567/24 647/555/24 862/898/24
f 862/898/24 647/555/24 648/537/24 863/899/24
f 863/899/24 648/537/24 625/540/24 864/875/24
f 912/900/24 649/536/24 650/817/24 889/901/24
f 889/901/24 650/817/24 651/805/24 890/902/24
f 890/902/24 651/805/24 652/793/24 891/903/24
f 891/903/24 652/793/24 653/781/24 892/904/24
f 892/904/24 653/781/24 654/769/24 893/905/24
f 893/905/24 654/769/24 655/757/24 894/906/24
f 894/906/24 655/757/24 656/745/24 895/907/24
f 895/907/24 656/745/24 657/733/24 896/908/24
f 896/908/24 657/733/24 658/721/24 897/909/24
f 897/909/24 658/721/24 659/709/24 898/910/24
f 898/910/24 659/709/24 660/689/24 899/911/24
f 899/911/24 660/689/24 661/692/24 900/912/24
f 900/913/24 661/673/24 662/661/24 901/914/24
f 901/914/24 662/661/24 663/649/24 902/915/24
f 902/915/24 663/649/24 664/637/24 903/916/24
f 903/916/24 664/637/24 665/625/24 904/917/24
f 904/917/24 665/625/24 666/613/24 905/918/24
f 905/918/24 666/613/24 667/601/24 906/919/24
f 906/919/24 667/601/24 668/589/24 907/920/24
f 907/920/24 668/589/24 669/577/24 908/921/24
f 908/921/24 669/577/24 670/565/24 909/922/24
f 909/922/24 670/565/24 671/553/24 910/923/24
f 910/923/24 671/553/24 672/533/24 911/924/24
f 911/924/24 672/533/24 649/536/24 912/900/24
f 960/925/24 673/532/24 674/815/24 937/926/24
f 937/926/24 674/815/24 675/803/24 938/927/24
f 938/927/24 675/803/24 676/791/24 939/928/24
f 939/928/24 676/791/24 677/779/24 940/929/24
f 940/929/24 677/779/24 678/767/24 941/930/24
f 941/930/24 678/767/24 679/755/24 942/931/24
f 942/931/24 679/755/24 680/743/24 943/932/24
f 943/932/24 680/743/24 681/731/24 944/933/24
f 944/933/24 681/731/24 682/719/24 945/934/24
f 945/934/24 682/719/24 683/707/24 946/935/24
f 946/935/24 683/707/24 684/685/24 947/936/24
f 947/936/24 684/685/24 685/688/24 948/937/24
f 948/938/24 685/671/24 686/659/24 949/939/24
f 949/939/24 686/659/24 687/647/24 950/940/24
f 950/940/24 687/647/24 688/635/24 951/941/24
f 951/941/24 688/635/24 689/623/24 952/942/24
f 952/942/24 689/623/24 690/611/24 953/943/24
f 953/943/24 690/611/24 691/599/24 954/944/24
f 954/944/24 691/599/24 692/587/24 955/945/24
f 955/945/24 692/587/24 693/575/24 956/946/24
f 956/946/24 693/575/24 694/563/24 957/947/24
f 957/947/24 694/563/24 695/551/24 958/948/24
f 958/948/24 695/551/24 696/529/24 959/949/24
f 959/949/24 696/529/24 673/532/24 960/925/24
f 1008/950/24 720/528/24 697/813/24 985/951/24
f 985/951/24 697/813/24 698/801/24 986/952/24
f 986/952/24 698/801/24 699/789/24 987/953/24
f 987/953/24 699/789/24 700/777/24 988/954/24
f 988/954/24 700/777/24 701/765/24 989/955/24
f 989/955/24 701/765/24 702/753/24 990/956/24
f 990/956/24 702/753/24 703/741/24 991/957/24
f 991/957/24 703/741/24 704/729/24 992/958/24
f 992/958/24 704/729/24 705/717/24 993/959/24
f 993/959/24 705/717/24 706/705/24 994/960/24
f 994/960/24 706/705/24 707/681/24 995/961/24
f 995/961/24 707/681/24 708/684/24 996/962/24
f 996/963/24 708/669/24 709/657/24 997/964/24
f 997/964/24 709/657/24 710/645/24 998/965/24
f 998/965/24 710/645/24 711/633/24 999/966/24
f 999/966/24 711/633/24 712/621/24 1000/967/24
f 1000/967/24 712/621/24 713/609/24 1001/968/24
f 1001/968/24 713/609/24 714/597/24 1002/969/24
f 1002/969/24 714/597/24 715/585/24 1003/970/24
f 1003/970/24 715/585/24 716/573/24 1004/971/24
f 1004/971/24 716/573/24 717/561/24 1005/972/24
f 1005/972/24 717/561/24 718/549/24 1006/973/24
f 1006/973/24 718/549/24 719/525/24 1007/974/24
f 1007/974/24 719/525/24 720/528/24 1008/950/24
f 571/546/26 744/975/26 721/976/26 438/547/26
f 565/560/26 743/977/26 744/975/26 571/546/26
f 559/572/26 742/978/26 743/977/26 565/560/26
f 553/584/26 741/979/26 742/978/26 559/572/26
f 547/596/26 740/980/26 741/979/26 553/584/26
f 541/608/26 739/981/26 740/980/26 547/596/26
f 535/620/26 738/982/26 739/981/26 541/608/26
f 529/632/26 737/983/26 738/982/26 535/620/26
f 523/644/26 736/984/26 737/983/26 529/632/26
f 517/656/26 735/985/26 736/984/26 523/644/26
f 511/668/26 734/986/26 735/985/26 517/656/26
f 505/680/26 733/987/26 734/986/26 511/668/26
f 499/702/26 732/988/26 733/989/26 505/703/26
f 493/716/26 731/990/26 732/988/26 499/702/26
f 487/728/26 730/991/26 731/990/26 493/716/26
f 481/740/26 729/992/26 730/991/26 487/728/26
f 475/752/26 728/993/26 729/992/26 481/740/26
f 469/764/26 727/994/26 728/993/26 475/752/26
f 463/776/26 726/995/26 727/994/26 469/764/26
f 457/788/26 725/996/26 726/995/26 463/776/26
f 451/800/26 724/997/26 725/996/26 457/788/26
f 445/812/26 723/998/26 724/997/26 451/800/26
f 439/824/26 722/999/26 723/998/26 445/812/26
f 438/547/26 721/976/26 722/999/26 439/824/26
f 791/1000/25 767/1001/25 768/1002/1 792/1003/1
f 790/1004/23 766/1005/23 767/1001/25 791/1000/25
f 789/1006/22 765/1007/22 766/1005/23 790/1004/23
f 788/1008/21 764/1009/21 765/1007/22 789/1006/22
f 787/1010/20 763/1011/20 764/1009/21 788/1008/21
f 786/1012/19 762/1013/19 763/1011/20 787/1010/20
f 785/1014/18 761/1015/18 762/1013/19 786/1012/19
f 784/1016/17 760/1017/17 761/1015/18 785/1014/18
f 783/1018/16 759/1019/16 760/1017/17 784/1016/17
f 782/1020/15 758/1021/15 759/1019/16 783/1018/16
f 781/1022/14 757/1023/14 758/1021/15 782/1020/15
f 780/1024/13 756/1025/13 757/1023/14 781/1022/14
f 779/1026/12 755/1027/12 756/1028/13 780/1029/13
f 778/1030/11 754/1031/11 755/1027/12 779/1026/12
f 777/1032/10 753/1033/10 754/1031/11 778/1030/11
f 776/1034/9 752/1035/9 753/1033/10 777/1032/10
f 775/1036/8 751/1037/8 752/1035/9 776/1034/9
f 774/1038/7 750/1039/7 751/1037/8 775/1036/8
f 773/1040/6 749/1041/6 750/1039/7 774/1038/7
f 772/1042/5 748/1043/5 749/1041/6 773/1040/6
f 771/1044/4 747/1045/4 748/1043/5 772/1042/5
f 770/1046/3 746/1047/3 747/1045/4 771/1044/4
f 769/1048/2 745/1049/2 746/1047/3 770/1046/3
f 792/1003/1 768/1002/1 745/1049/2 769/1048/2
f 437/543/26 792/1050/26 769/1051/26 440/822/26
f 440/822/26 769/1051/26 770/1052/26 446/810/26
f 446/810/26 770/1052/26 771/1053/26 452/798/26
f 452/798/26 771/1053/26 772/1054/26 458/786/26
f 458/786/26 772/1054/26 773/1055/26 464/774/26
f 464/774/26 773/1055/26 774/1056/26 470/762/26
f 470/762/26 774/1056/26 775/1057/26 476/750/26
f 476/750/26 775/1057/26 776/1058/26 482/738/26
f 482/738/26 776/1058/26 777/1059/26 488/726/26
f 488/726/26 777/1059/26 778/1060/26 494/714/26
f 494/714/26 778/1060/26 779/1061/26 500/698/26
f 500/698/26 779/1061/26 780/1062/26 506/699/26
f 506/678/26 780/1063/26 781/1064/26 512/666/26
f 512/666/26 781/1064/26 782/1065/26 518/654/26
f 518/654/26 782/1065/26 783/1066/26 524/642/26
f 524/642/26 783/1066/26 784/1067/26 530/630/26
f 530/630/26 784/1067/26 785/1068/26 536/618/26
f 536/618/26 785/1068/26 786/1069/26 542/606/26
f 542/606/26 786/1069/26 787/1070/26 548/594/26
f 548/594/26 787/1070/26 788/1071/26 554/582/26
f 554/582/26 788/1071/26 789/1072/26 560/570/26
f 560/570/26 789/1072/26 790/1073/26 566/558/26
f 566/558/26 790/1073/26 791/1074/26 572/542/26
f 572/542/26 791/1074/26 792/1050/26 437/543/26
f 839/1075/25 815/1076/25 816/1077/1 840/1078/1
f 838/1079/23 814/1080/23 815/1076/25 839/1075/25
f 837/1081/22 813/1082/22 814/1080/23 838/1079/23
f 836/1083/21 812/1084/21 813/1082/22 837/1081/22
f 835/1085/20 811/1086/20 812/1084/21 836/1083/21
f 834/1087/19 810/1088/19 811/1086/20 835/1085/20
f 833/1089/18 809/1090/18 810/1088/19 834/1087/19
f 832/1091/17 808/1092/17 809/1090/18 833/1089/18
f 831/1093/16 807/1094/16 808/1092/17 832/1091/17
f 830/1095/15 806/1096/15 807/1094/16 831/1093/16
f 829/1097/14 805/1098/14 806/1096/15 830/1095/15
f 828/1099/13 804/1100/13 805/1098/14 829/1097/14
f 827/1101/12 803/1102/12 804/1103/13 828/1104/13
f 826/1105/11 802/1106/11 803/1102/12 827/1101/12
f 825/1107/10 801/1108/10 802/1106/11 826/1105/11
f 824/1109/9 800/1110/9 801/1108/10 825/1107/10
f 823/1111/8 799/1112/8 800/1110/9 824/1109/9
f 822/1113/7 798/1114/7 799/1112/8 823/1111/8
f 821/1115/6 797/1116/6 798/1114/7 822/1113/7
f 820/1117/5 796/1118/5 797/1116/6 821/1115/6
f 819/1119/4 795/1120/4 796/1118/5 820/1117/5
f 818/1121/3 794/1122/3 795/1120/4 819/1119/4
f 817/1123/2 793/1124/2 794/1122/3 818/1121/3
f 840/1078/1 816/1077/1 793/1124/2 817/1123/2
f 436/539/26 840/1125/26 817/1126/26 441/820/26
f 441/820/26 817/1126/26 818/1127/26 447/808/26
f 447/808/26 818/1127/26 819/1128/26 453/796/26
f 453/796/26 819/1128/26 820/1129/26 459/784/26
f 459/784/26 820/1129/26 821/1130/26 465/772/26
f 465/772/26 821/1130/26 822/1131/26 471/760/26
f 471/760/26 822/1131/26 823/1132/26 477/748/26
f 477/748/26 823/1132/26 824/1133/26 483/736/26
f 483/736/26 824/1133/26 825/1134/26 489/724/26
f 489/724/26 825/1134/26 826/1135/26 495/712/26
f 495/712/26 826/1135/26 827/1136/26 501/694/26
f 501/694/26 827/1136/26 828/1137/26 507/695/26
f 507/676/26 828/1138/26 829/1139/26 513/664/26
f 513/664/26 829/1139/26 830/1140/26 519/652/26
f 519/652/26 830/1140/26 831/1141/26 525/640/26
f 525/640/26 831/1141/26 832/1142/26 531/628/26
f 531/628/26 832/1142/26 833/1143/26 537/616/26
f 537/616/26 833/1143/26 834/1144/26 543/604/26
f 543/604/26 834/1144/26 835/1145/26 549/592/26
f 549/592/26 835/1145/26 836/1146/26 555/580/26
f 555/580/26 836/1146/26 837/1147/26 561/568/26
f 561/568/26 837/1147/26 838/1148/26 567/556/26
f 567/556/26 838/1148/26 839/1149/26 573/538/26
f 573/538/26 839/1149/26 840/1125/26 436/539/26
f 887/1150/25 863/1151/25 864/1152/1 888/1153/1
f 886/1154/23 862/1155/23 863/1151/25 887/1150/25
f 885/1156/22 861/1157/22 862/1155/23 886/1154/23
f 884/1158/21 860/1159/21 861/1157/22 885/1156/22
f 883/1160/20 859/1161/20 860/1159/21 884/1158/21
f 882/1162/19 858/1163/19 859/1161/20 883/1160/20
f 881/1164/18 857/1165/18 858/1163/19 882/1162/19
f 880/1166/17 856/1167/17 857/1165/18 881/1164/18
f 879/1168/16 855/1169/16 856/1167/17 880/1166/17
f 878/1170/15 854/1171/15 855/1169/16 879/1168/16
f 877/1172/14 853/1173/14 854/1171/15 878/1170/15
f 876/1174/13 852/1175/13 853/1173/14 877/1172/14
f 875/1176/12 851/1177/12 852/1178/13 876/1179/13
f 874/1180/11 850/1181/11 851/1177/12 875/1176/12
f 873/1182/10 849/1183/10 850/1181/11 874/1180/11
f 872/1184/9 848/1185/9 849/1183/10 873/1182/10
f 871/1186/8 847/1187/8 848/1185/9 872/1184/9
f 870/1188/7 846/1189/7 847/1187/8 871/1186/8
f 869/1190/6 845/1191/6 846/1189/7 870/1188/7
f 868/1192/5 844/1193/5 845/1191/6 869/1190/6
f 867/1194/4 843/1195/4 844/1193/5 868/1192/5
f 866/1196/3 842/1197/3 843/1195/4 867/1194/4
f 865/1198/2 841/1199/2 842/1197/3 866/1196/3
f 888/1153/1 864/1152/1 841/1199/2 865/1198/2
f 435/535/26 888/1200/26 865/1201/26 442/818/26
f 442/818/26 865/1201/26 866/1202/26 448/806/26
f 448/806/26 866/1202/26 867/1203/26 454/794/26
f 454/794/26 867/1203/26 868/1204/26 460/782/26
f 460/782/26 868/1204/26 869/1205/26 466/770/26
f 466/770/26 869/1205/26 870/1206/26 472/758/26
f 472/758/26 870/1206/26 871/1207/26 478/746/26
f 478/746/26 871/1207/26 872/1208/26 484/734/26
f 484/734/26 872/1208/26 873/1209/26 490/722/26
f 490/722/26 873/1209/26 874/1210/26 496/710/26
f 496/710/26 874/1210/26 875/1211/26 502/690/26
f 502/690/26 875/1211/26 876/1212/26 508/691/26
f 508/674/26 876/1213/26 877/1214/26 514/662/26
f 514/662/26 877/1214/26 878/1215/26 520/650/26
f 520/650/26 878/1215/26 879/1216/26 526/638/26
f 526/638/26 879/1216/26 880/1217/26 532/626/26
f 532/626/26 880/1217/26 881/1218/26 538/614/26
f 538/614/26 881/1218/26 882/1219/26 544/602/26
f 544/602/26 882/1219/26 883/1220/26 550/590/26
f 550/590/26 883/1220/26 884/1221/26 556/578/26
f 556/578/26 884/1221/26 885/1222/26 562/566/26
f 562/566/26 885/1222/26 886/1223/26 568/554/26
f 568/554/26 886/1223/26 887/1224/26 574/534/26
f 574/534/26 887/1224/26 888/1200/26 435/535/26
f 935/1225/171 911/1226/171 912/1227/172 936/1228/172
f 934/1229/173 910/1230/173 911/1226/171 935/1225/171
f 933/1231/174 909/1232/174 910/1230/173 934/1229/173
f 932/1233/175 908/1234/175 909/1232/174 933/1231/174
f 931/1235/176 907/1236/176 908/1234/175 932/1233/175
f 930/1237/177 906/1238/177 907/1236/176 931/1235/176
f 929/1239/178 905/1240/178 906/1238/177 930/1237/177
f 928/1241/179 904/1242/179 905/1240/178 929/1239/178
f 927/1243/180 903/1244/180 904/1242/179 928/1241/179
f 926/1245/181 902/1246/181 903/1244/180 927/1243/180
f 925/1247/182 901/1248/182 902/1246/181 926/1245/181
f 924/1249/183 900/1250/183 901/1248/182 925/1247/182
f 923/1251/184 899/1252/184 900/1253/183 924/1254/183
f 922/1255/185 898/1256/185 899/1252/184 923/1251/184
f 921/1257/186 897/1258/186 898/1256/185 922/1255/185
f 920/1259/187 896/1260/187 897/1258/186 921/1257/186
f 919/1261/188 895/1262/188 896/1260/187 920/1259/187
f 918/1263/189 894/1264/189 895/1262/188 919/1261/188
f 917/1265/190 893/1266/190 894/1264/189 918/1263/189
f 916/1267/191 892/1268/191 893/1266/190 917/1265/190
f 915/1269/192 891/1270/192 892/1268/191 916/1267/191
f 914/1271/193 890/1272/193 891/1270/192 915/1269/192
f 913/1273/194 889/1274/194 890/1272/193 914/1271/193
f 936/1228/172 912/1227/172 889/1274/194 913/1273/194
f 434/531/26 936/1275/26 913/1276/26 443/816/26
f 443/816/26 913/1276/26 914/1277/26 449/804/26
f 449/804/26 914/1277/26 915/1278/26 455/792/26
f 455/792/26 915/1278/26 916/1279/26 461/780/26
f 461/780/26 916/1279/26 917/1280/26 467/768/26
f 467/768/26 917/1280/26 918/1281/26 473/756/26
f 473/756/26 918/1281/26 919/1282/26 479/744/26
f 479/744/26 919/1282/26 920/1283/26 485/732/26
f 485/732/26 920/1283/26 921/1284/26 491/720/26
f 491/720/26 921/1284/26 922/1285/26 497/708/26
f 497/708/26 922/1285/26 923/1286/26 503/686/26
f 503/686/26 923/1286/26 924/1287/26 509/687/26
f 509/672/26 924/1288/26 925/1289/26 515/660/26
f 515/660/26 925/1289/26 926/1290/26 521/648/26
f 521/648/26 926/1290/26 927/1291/26 527/636/26
f 527/636/26 927/1291/26 928/1292/26 533/624/26
f 533/624/26 928/1292/26 929/1293/26 539/612/26
f 539/612/26 929/1293/26 930/1294/26 545/600/26
f 545/600/26 930/1294/26 931/1295/26 551/588/26
f 551/588/26 931/1295/26 932/1296/26 557/576/26
f 557/576/26 932/1296/26 933/1297/26 563/564/26
f 563/564/26 933/1297/26 934/1298/26 569/552/26
f 569/552/26 934/1298/26 935/1299/26 575/530/26
f 575/530/26 935/1299/26 936/1275/26 434/531/26
f 983/1300/195 959/1301/195 960/1302/196 984/1303/196
f 982/1304/197 958/1305/197 959/1301/195 983/1300/195
f 981/1306/198 957/1307/198 958/1305/197 982/1304/197
f 980/1308/199 956/1309/199 957/1307/198 981/1306/198
f 979/1310/200 955/1311/200 956/1309/199 980/1308/199
f 978/1312/201 954/1313/201 955/1311/200 979/1310/200
f 977/1314/202 953/1315/202 954/1313/201 978/1312/201
f 976/1316/203 952/1317/203 953/1315/202 977/1314/202
f 975/1318/204 951/1319/204 952/1317/203 976/1316/203
f 974/1320/205 950/1321/205 951/1319/204 975/1318/204
f 973/1322/206 949/1323/206 950/1321/205 974/1320/205
f 972/1324/207 948/1325/207 949/1323/206 973/1322/206
f 971/1326/208 947/1327/208 948/1328/207 972/1329/207
f 970/1330/209 946/1331/209 947/1327/208 971/1326/208
f 969/1332/210 945/1333/210 946/1331/209 970/1330/209
f 968/1334/211 944/1335/211 945/1333/210 969/1332/210
f 967/1336/212 943/1337/212 944/1335/211 968/1334/211
f 966/1338/213 942/1339/213 943/1337/212 967/1336/212
f 965/1340/214 941/1341/214 942/1339/213 966/1338/213
f 964/1342/215 940/1343/215 941/1341/214 965/1340/214
f 963/1344/216 939/1345/216 940/1343/215 964/1342/215
f 962/1346/217 938/1347/217 939/1345/216 963/1344/216
f 961/1348/218 937/1349/218 938/1347/217 962/1346/217
f 984/1303/196 960/1302/196 937/1349/218 961/1348/218
f 433/527/26 984/1350/26 961/1351/26 444/814/26
f 444/814/26 961/1351/26 962/1352/26 450/802/26
f 450/802/26 962/1352/26 963/1353/26 456/790/26
f 456/790/26 963/1353/26 964/1354/26 462/778/26
f 462/778/26 964/1354/26 965/1355/26 468/766/26
f 468/766/26 965/1355/26 966/1356/26 474/754/26
f 474/754/26 966/1356/26 967/1357/26 480/742/26
f 480/742/26 967/1357/26 968/1358/26 486/730/26
f 486/730/26 968/1358/26 969/1359/26 492/718/26
f 492/718/26 969/1359/26 970/1360/26 498/706/26
f 498/706/26 970/1360/26 971/1361/26 504/682/26
f 504/682/26 971/1361/26 972/1362/26 510/683/26
f 510/670/26 972/1363/26 973/1364/26 516/658/26
f 516/658/26 973/1364/26 974/1365/26 522/646/26
f 522/646/26 974/1365/26 975/1366/26 528/634/26
f 528/634/26 975/1366/26 976/1367/26 534/622/26
f 534/622/26 976/1367/26 977/1368/26 540/610/26
f 540/610/26 977/1368/26 978/1369/26 546/598/26
f 546/598/26 978/1369/26 979/1370/26 552/586/26
f 552/586/26 979/1370/26 980/1371/26 558/574/26
f 558/574/26 980/1371/26 981/1372/26 564/562/26
f 564/562/26 981/1372/26 982/1373/26 570/550/26
f 570/550/26 982/1373/26 983/1374/26 576/526/26
f 576/526/26 983/1374/26 984/1350/26 433/527/26
f 47/1375/219 1007/1376/219 1008/1377/220 1/1378/220
f 45/1379/221 1006/1380/221 1007/1376/219 47/1375/219
f 43/1381/222 1005/1382/222 1006/1380/221 45/1379/221
f 41/1383/223 1004/1384/223 1005/1382/222 43/1381/222
f 39/1385/224 1003/1386/224 1004/1384/223 41/1383/223
f 37/1387/225 1002/1388/225 1003/1386/224 39/1385/224
f 35/1389/226 1001/1390/226 1002/1388/225 37/1387/225
f 33/1391/227 1000/1392/227 1001/1390/226 35/1389/226
f 31/1393/228 999/1394/228 1000/1392/227 33/1391/227
f 29/1395/229 998/1396/229 999/1394/228 31/1393/228
f 27/1397/230 997/1398/230 998/1396/229 29/1395/229
f 25/1399/231 996/1400/231 997/1398/230 27/1397/230
f 23/1401/232 995/1402/232 996/1403/231 25/1404/231
f 21/1405/233 994/1406/233 995/1402/232 23/1401/232
f 19/1407/234 993/1408/234 994/1406/233 21/1405/233
f 17/1409/235 992/1410/235 993/1408/234 19/1407/234
f 15/1411/236 991/1412/236 992/1410/235 17/1409/235
f 13/1413/237 990/1414/237 991/1412/236 15/1411/236
f 11/1415/238 989/1416/238 990/1414/237 13/1413/237
f 9/1417/239 988/1418/239 989/1416/238 11/1415/238
f 7/1419/240 987/1420/240 988/1418/239 9/1417/239
f 5/1421/241 986/1422/241 987/1420/240 7/1419/240
f 3/1423/242 985/1424/242 986/1422/241 5/1421/241
f 1/1378/220 1008/1377/220 985/1424/242 3/1423/242
f 1026/1425/18 1027/1426/19 1051/1427/19 1050/1428/18
f 3/1429/26 5/1430/26 1011/1431/26 1010/1432/26
f 13/1433/26 15/1434/26 1016/1435/26 1015/1436/26
f 23/1437/26 25/1438/26 1021/1439/26 1020/1440/26
f 33/1441/26 35/1442/26 1026/1425/26 1025/1443/26
f 43/1444/26 45/1445/26 1031/1446/26 1030/1447/26
f 9/1448/26 11/1449/26 1014/1450/26 1013/1451/26
f 19/1452/26 21/1453/26 1019/1454/26 1018/1455/26
f 29/1456/26 31/1457/26 1024/1458/26 1023/1459/26
f 39/1460/26 41/1461/26 1029/1462/26 1028/1463/26
f 5/1430/26 7/1464/26 1012/1465/26 1011/1431/26
f 15/1434/26 17/1466/26 1017/1467/26 1016/1435/26
f 1/56/26 3/1429/26 1010/1432/26 1009/57/26
f 25/1438/26 27/1468/26 1022/1469/26 1021/1439/26
f 35/1442/26 37/1470/26 1027/1426/26 1026/1425/26
f 45/1445/26 47/55/26 1032/58/26 1031/1446/26
f 11/1449/26 13/1433/26 1015/1436/26 1014/1450/26
f 21/1453/26 23/1437/26 1020/1440/26 1019/1454/26
f 31/1457/26 33/1441/26 1025/1443/26 1024/1458/26
f 41/1461/26 43/1444/26 1030/1447/26 1029/1462/26
f 7/1464/26 9/1448/26 1013/1451/26 1012/1465/26
f 17/1466/26 19/1452/26 1018/1455/26 1017/1467/26
f 27/1468/26 29/1456/26 1023/1459/26 1022/1469/26
f 37/1470/26 39/1460/26 1028/1463/26 1027/1426/26
f 1039/1471/24 1040/1472/24 1064/1473/24 1063/1474/24
f 1019/1454/11 1020/1440/12 1044/1475/12 1043/1476/11
f 1012/1465/4 1013/1451/5 1037/1477/5 1036/1478/4
f 1027/1426/19 1028/1463/20 1052/1479/20 1051/1427/19
f 1020/1440/12 1021/1439/13 1045/1480/13 1044/1475/12
f 1013/1451/5 1014/1450/6 1038/1481/6 1037/1477/5
f 1028/1463/20 1029/1462/21 1053/1482/21 1052/1479/20
f 1021/1439/13 1022/1469/14 1046/1483/14 1045/1480/13
f 1014/1450/6 1015/1436/7 1039/1471/7 1038/1481/6
f 1029/1462/21 1030/1447/22 1054/1484/22 1053/1482/21
f 1022/1469/14 1023/1459/15 1047/1485/15 1046/1483/14
f 1015/1436/7 1016/1435/8 1040/1472/8 1039/1471/7
f 1030/1447/22 1031/1446/23 1055/1486/23 1054/1484/22
f 1023/1459/15 1024/1458/16 1048/1487/16 1047/1485/15
f 1016/1435/8 1017/1467/9 1041/1488/9 1040/1472/8
f 1031/1446/23 1032/58/25 1056/1489/25 1055/1486/23
f 1009/57/1 1010/1432/2 1034/1490/2 1033/1491/1
f 1024/1458/16 1025/1443/17 1049/1492/17 1048/1487/16
f 1017/1467/9 1018/1455/10 1042/1493/10 1041/1488/9
f 1032/58/25 1009/57/1 1033/1491/1 1056/1489/25
f 1010/1432/2 1011/1431/3 1035/1494/3 1034/1490/2
f 1025/1443/17 1026/1425/18 1050/1428/18 1049/1492/17
f 1018/1455/10 1019/1454/11 1043/1476/11 1042/1493/10
f 1011/1431/3 1012/1465/4 1036/1478/4 1035/1494/3
f 1067/1495/11 1068/1496/12 1092/1497/12 1091/1498/11
f 1054/1484/24 1055/1486/24 1079/1499/24 1078/1500/24
f 1047/1485/24 1048/1487/24 1072/1501/24 1071/1502/24
f 1040/1472/24 1041/1488/24 1065/1503/24 1064/1473/24
f 1055/1486/24 1056/1489/24 1080/1504/24 1079/1499/24
f 1033/1491/24 1034/1490/24 1058/1505/24 1057/1506/24
f 1048/1487/24 1049/1492/24 1073/1507/24 1072/1501/24
f 1041/1488/24 1042/1493/24 1066/1508/24 1065/1503/24
f 1056/1489/24 1033/1491/24 1057/1506/24 1080/1504/24
f 1034/1490/24 1035/1494/24 1059/1509/24 1058/1505/24
f 1049/1492/24 1050/1428/24 1074/1510/24 1073/1507/24
f 1042/1493/24 1043/1476/24 1067/1511/24 1066/1508/24
f 1035/1494/24 1036/1478/24 1060/1512/24 1059/1509/24
f 1050/1428/24 1051/1427/24 1075/1513/24 1074/1510/24
f 1043/1476/24 1044/1475/24 1068/1514/24 1067/1511/24
f 1036/1478/24 1037/1477/24 1061/1515/24 1060/1512/24
f 1051/1427/24 1052/1479/24 1076/1516/24 1075/1513/24
f 1044/1475/24 1045/1480/24 1069/1517/24 1068/1514/24
f 1037/1477/24 1038/1481/24 1062/1518/24 1061/1515/24
f 1052/1479/24 1053/1482/24 1077/1519/24 1076/1516/24
f 1045/1480/24 1046/1483/24 1070/1520/24 1069/1517/24
f 1038/1481/24 1039/1471/24 1063/1474/24 1062/1518/24
f 1053/1482/24 1054/1484/24 1078/1500/24 1077/1519/24
f 1046/1483/24 1047/1485/24 1071/1502/24 1070/1520/24
f 1102/1521/26 1103/1522/26 1127/1523/26 1126/1524/26
f 1060/1525/4 1061/1526/5 1085/1527/5 1084/1528/4
f 1075/1529/19 1076/1530/20 1100/1531/20 1099/1532/19
f 1068/1496/12 1069/1533/13 1093/1534/13 1092/1497/12
f 1061/1526/5 1062/1535/6 1086/1536/6 1085/1527/5
f 1076/1530/20 1077/1537/21 1101/1538/21 1100/1531/20
f 1069/1539/13 1070/1540/14 1094/1541/14 1093/1542/13
f 1062/1535/6 1063/1543/7 1087/1544/7 1086/1536/6
f 1077/1537/21 1078/1545/22 1102/1546/22 1101/1538/21
f 1070/1540/14 1071/1547/15 1095/1548/15 1094/1541/14
f 1063/1543/7 1064/1549/8 1088/1550/8 1087/1544/7
f 1078/1545/22 1079/1551/23 1103/1552/23 1102/1546/22
f 1071/1547/15 1072/1553/16 1096/1554/16 1095/1548/15
f 1064/1549/8 1065/1555/9 1089/1556/9 1088/1550/8
f 1079/1551/23 1080/1557/25 1104/1558/25 1103/1552/23
f 1057/1559/1 1058/1560/2 1082/1561/2 1081/1562/1
f 1072/1553/16 1073/1563/17 1097/1564/17 1096/1554/16
f 1065/1555/9 1066/1565/10 1090/1566/10 1089/1556/9
f 1080/1557/25 1057/1559/1 1081/1562/1 1104/1558/25
f 1058/1560/2 1059/1567/3 1083/1568/3 1082/1561/2
f 1073/1563/17 1074/1569/18 1098/1570/18 1097/1564/17
f 1066/1565/10 1067/1495/11 1091/1498/11 1090/1566/10
f 1059/1567/3 1060/1525/4 1084/1528/4 1083/1568/3
f 1074/1569/18 1075/1529/19 1099/1532/19 1098/1570/18
f 1115/1571/11 1116/1572/12 1164/1573/12 1163/1574/11
f 1095/1575/26 1096/1576/26 1120/1577/26 1119/1578/26
f 1088/1579/26 1089/1580/26 1113/1581/26 1112/1582/26
f 1103/1522/26 1104/1583/26 1128/1584/26 1127/1523/26
f 1081/1585/26 1082/1586/26 1106/1587/26 1105/1588/26
f 1096/1576/26 1097/1589/26 1121/1590/26 1120/1577/26
f 1089/1580/26 1090/1591/26 1114/1592/26 1113/1581/26
f 1104/1583/26 1081/1585/26 1105/1588/26 1128/1584/26
f 1082/1586/26 1083/1593/26 1107/1594/26 1106/1587/26
f 1097/1589/26 1098/1595/26 1122/1596/26 1121/1590/26
f 1090/1591/26 1091/1597/26 1115/1571/26 1114/1592/26
f 1083/1593/26 1084/1598/26 1108/1599/26 1107/1594/26
f 1098/1595/26 1099/1600/26 1123/1601/26 1122/1596/26
f 1091/1597/26 1092/1602/26 1116/1572/26 1115/1571/26
f 1084/1598/26 1085/1603/26 1109/1604/26 1108/1599/26
f 1099/1600/26 1100/1605/26 1124/1606/26 1123/1601/26
f 1092/1602/26 1093/1607/26 1117/1608/26 1116/1572/26
f 1085/1603/26 1086/1609/26 1110/1610/26 1109/1604/26
f 1100/1605/26 1101/1611/26 1125/1612/26 1124/1606/26
f 1093/1607/26 1094/1613/26 1118/1614/26 1117/1608/26
f 1086/1609/26 1087/1615/26 1111/1616/26 1110/1610/26
f 1101/1611/26 1102/1521/26 1126/1524/26 1125/1612/26
f 1094/1613/26 1095/1575/26 1119/1578/26 1118/1614/26
f 1087/1615/26 1088/1579/26 1112/1582/26 1111/1616/26
f 1132/1617/16 1133/1618/17 1181/1619/17 1180/1620/16
f 1108/1599/4 1109/1604/5 1157/1621/5 1156/1622/4
f 1123/1601/19 1124/1606/20 1172/1623/20 1171/1624/19
f 1116/1572/12 1117/1608/13 1165/1625/13 1164/1573/12
f 1109/1604/5 1110/1610/6 1158/1626/6 1157/1621/5
f 1124/1606/20 1125/1612/21 1173/1627/21 1172/1623/20
f 1117/1608/13 1118/1614/14 1166/1628/14 1165/1625/13
f 1110/1610/6 1111/1616/7 1159/1629/7 1158/1626/6
f 1125/1612/21 1126/1524/22 1174/1630/22 1173/1627/21
f 1118/1614/14 1119/1578/15 1167/1631/15 1166/1628/14
f 1111/1616/7 1112/1582/8 1160/1632/8 1159/1629/7
f 1126/1524/22 1127/1523/23 1175/1633/23 1174/1630/22
f 1119/1578/15 1120/1577/16 1168/1634/16 1167/1631/15
f 1112/1582/8 1113/1581/9 1161/1635/9 1160/1632/8
f 1127/1523/23 1128/1584/25 1176/1636/25 1175/1633/23
f 1105/1588/1 1106/1587/2 1154/1637/2 1153/1638/1
f 1120/1577/16 1121/1590/17 1169/1639/17 1168/1634/16
f 1113/1581/9 1114/1592/10 1162/1640/10 1161/1635/9
f 1128/1584/25 1105/1588/1 1153/1638/1 1176/1636/25
f 1106/1587/2 1107/1594/3 1155/1641/3 1154/1637/2
f 1121/1590/17 1122/1596/18 1170/1642/18 1169/1639/17
f 1114/1592/10 1115/1571/11 1163/1574/11 1162/1640/10
f 1107/1594/3 1108/1599/4 1156/1622/4 1155/1641/3
f 1122/1596/18 1123/1601/19 1171/1624/19 1170/1642/18
f 1130/1643/24 1129/1644/24 1153/1645/24 1154/1646/24
f 1131/1647/24 1130/1643/24 1154/1646/24 1155/1648/24
f 1132/1617/24 1131/1647/24 1155/1648/24 1156/1649/24
f 1133/1618/24 1132/1617/24 1156/1649/24 1157/1650/24
f 1134/1651/24 1133/1618/24 1157/1650/24 1158/1652/24
f 1135/1653/24 1134/1651/24 1158/1652/24 1159/1654/24
f 1136/1655/24 1135/1653/24 1159/1654/24 1160/1656/24
f 1137/1657/24 1136/1655/24 1160/1656/24 1161/1658/24
f 1138/1659/24 1137/1657/24 1161/1658/24 1162/1660/24
f 1139/1661/24 1138/1659/24 1162/1660/24 1163/1662/24
f 1140/1663/24 1139/1661/24 1163/1662/24 1164/1664/24
f 1141/1665/24 1140/1663/24 1164/1664/24 1165/1666/24
f 1142/1667/24 1141/1665/24 1165/1666/24 1166/1668/24
f 1143/1669/24 1142/1667/24 1166/1668/24 1167/1670/24
f 1144/1671/24 1143/1669/24 1167/1670/24 1168/1672/24
f 1145/1673/24 1144/1671/24 1168/1672/24 1169/1674/24
f 1146/1675/24 1145/1673/24 1169/1674/24 1170/1676/24
f 1147/1677/24 1146/1675/24 1170/1676/24 1171/1678/24
f 1148/1679/24 1147/1677/24 1171/1678/24 1172/1680/24
f 1149/1681/24 1148/1679/24 1172/1680/24 1173/1682/24
f 1150/1683/24 1149/1681/24 1173/1682/24 1174/1684/24
f 1151/1685/24 1150/1683/24 1174/1684/24 1175/1686/24
f 1152/1687/24 1151/1685/24 1175/1686/24 1176/1688/24
f 1129/1644/24 1152/1687/24 1176/1688/24 1153/1645/24
f 1177/1689/24 1178/1690/24 1179/1691/24 1180/1620/24 1181/1619/24 1182/1692/24 1183/1693/24 1184/1694/24 1185/1695/24 1186/1696/24 1187/1697/24 1188/1698/24 1189/1699/24 1190/1700/24 1191/1701/24 1192/1702/24 1193/1703/24 1194/1704/24 1195/1705/24 1196/1706/24 1197/1707/24 1198/1708/24 1199/1709/24 1200/1710/24
f 1147/1677/7 1148/1679/8 1196/1706/8 1195/1705/7
f 1140/1663/25 1141/1665/1 1189/1699/1 1188/1698/25
f 1133/1618/17 1134/1651/18 1182/1692/18 1181/1619/17
f 1148/1679/8 1149/1681/9 1197/1707/9 1196/1706/8
f 1141/1665/1 1142/1667/2 1190/1700/2 1189/1699/1
f 1134/1651/18 1135/1653/19 1183/1693/19 1182/1692/18
f 1149/1681/9 1150/1683/10 1198/1708/10 1197/1707/9
f 1142/1667/2 1143/1669/3 1191/1701/3 1190/1700/2
f 1135/1653/19 1136/1655/20 1184/1694/20 1183/1693/19
f 1150/1683/10 1151/1685/11 1199/1709/11 1198/1708/10
f 1143/1669/3 1144/1671/4 1192/1702/4 1191/1701/3
f 1136/1655/20 1137/1657/21 1185/1695/21 1184/1694/20
f 1151/1685/11 1152/1687/12 1200/1710/12 1199/1709/11
f 1129/1644/13 1130/1643/14 1178/1690/14 1177/1689/13
f 1144/1671/4 1145/1673/5 1193/1703/5 1192/1702/4
f 1137/1657/21 1138/1659/22 1186/1696/22 1185/1695/21
f 1152/1687/12 1129/1644/13 1177/1689/13 1200/1710/12
f 1130/1643/14 1131/1647/15 1179/1691/15 1178/1690/14
f 1145/1673/5 1146/1675/6 1194/1704/6 1193/1703/5
f 1138/1659/22 1139/1661/23 1187/1697/23 1186/1696/22
f 1131/1647/15 1132/1617/16 1180/1620/16 1179/1691/15
f 1146/1675/6 1147/1677/7 1195/1705/7 1194/1704/6
f 1139/1661/23 1140/1663/25 1188/1698/25 1187/1697/23
