# Blender 4.1.1
# www.blender.org
o Dynamo
v -0.061752 -0.133263 -0.123226
v -0.125196 -0.084287 -0.139440
v -0.143911 0.157766 -0.000000
v -0.097441 -0.084287 -0.139440
v -0.129822 -0.003679 -0.170671
v -0.155864 0.150965 -0.000000
v -0.050916 -0.128210 -0.120497
v -0.092815 -0.003679 -0.170671
v -0.150675 0.155774 -0.000000
v -0.063852 0.144904 -0.000000
v -0.083935 0.157766 -0.000000
v -0.042225 -0.124158 -0.112850
v -0.129822 0.096207 -0.165004
v -0.068736 0.151335 -0.000000
v -0.076087 0.156043 -0.000000
v -0.092815 0.096207 -0.165004
v -0.037403 -0.121909 -0.101800
v -0.045054 0.027796 0.000016
v -0.037403 -0.121909 -0.089536
v -0.129723 -0.030234 -0.165381
v 0.239853 0.138676 -0.000231
v -0.129030 -0.053603 -0.157134
v -0.042225 -0.124158 -0.078486
v 0.165795 0.149955 -0.000256
v -0.127319 -0.072422 -0.147432
v 0.147505 0.131675 -0.000219
v -0.111318 -0.088009 -0.140753
v -0.050837 -0.128157 -0.070460
v -0.092914 -0.030234 -0.165381
v -0.045028 0.111389 -0.000000
v -0.093607 -0.053603 -0.157134
v -0.036265 0.027796 0.000016
v -0.095317 -0.072422 -0.147432
v -0.061629 -0.133181 -0.067519
v -0.018691 0.019351 0.000008
v -0.129822 0.076945 -0.167956
v -0.022652 0.038949 0.000013
v -0.129822 0.052253 -0.170802
v -0.072589 -0.138316 -0.070840
v -0.129822 0.024566 -0.172166
v -0.030327 0.038950 0.000013
v -0.092815 0.076945 -0.167956
v -0.034109 0.036006 0.000014
v -0.092815 0.052253 -0.170802
v -0.081279 -0.142369 -0.078486
v -0.092815 0.024566 -0.172166
v 0.147496 0.113981 -0.000182
v 0.119825 0.083707 -0.000121
v 0.112732 0.083708 -0.000121
v -0.111318 -0.002963 -0.178039
v -0.086101 -0.144617 -0.089536
v -0.018691 0.034949 0.000013
v 0.075824 0.019235 0.000010
v -0.086101 -0.144617 -0.101800
v 0.244547 0.138676 -0.000231
v -0.081279 -0.142369 -0.112850
v 0.253430 0.129699 -0.000231
v 0.250835 0.136047 -0.000231
v -0.072589 -0.138316 -0.120497
v 0.226736 0.149954 -0.000255
v 0.236085 0.144724 -0.000244
v -0.068405 -0.118997 -0.123226
v 0.157189 0.144751 -0.000245
v -0.057568 -0.113944 -0.120497
v 0.151542 0.138896 -0.000233
v -0.048878 -0.109891 -0.112850
v 0.083708 0.035924 -0.000024
v -0.044055 -0.107642 -0.101800
v 0.080784 0.025187 -0.000002
v 0.083713 0.046161 -0.000045
v -0.044055 -0.107642 -0.089536
v -0.134499 0.114563 -0.161855
v 0.088115 0.050634 -0.000054
v -0.129822 0.108335 -0.163020
v -0.048878 -0.109891 -0.078486
v -0.088138 0.114563 -0.161855
v -0.059350 -0.113663 -0.070699
v -0.092815 0.108335 -0.163020
v 0.097604 0.055802 -0.000064
v 0.092216 0.050634 -0.000054
v 0.070697 0.019235 0.000010
v -0.012549 0.019351 0.000008
v -0.138940 0.093877 -0.126190
v -0.092328 -0.130152 -0.088559
v -0.092754 -0.130351 -0.101800
v -0.137917 0.096102 -0.141279
v -0.111318 0.096246 -0.173563
v -0.143911 0.152390 -0.040833
v -0.084720 0.096102 -0.141279
v -0.087931 -0.128102 -0.112850
v -0.083708 0.096044 -0.126658
v -0.155864 0.145821 -0.039073
v -0.079241 -0.124050 -0.120497
v -0.069464 -0.116724 -0.120749
v -0.150675 0.150466 -0.040317
v -0.063852 0.139967 -0.037504
v -0.059602 -0.112125 -0.118265
v -0.111318 -0.071390 -0.153983
v -0.051692 -0.108437 -0.111306
v -0.111318 -0.051704 -0.164835
v -0.083935 0.152390 -0.040833
v -0.111318 -0.028757 -0.173033
v -0.047303 -0.106390 -0.101249
v -0.068736 0.146178 -0.039168
v -0.076087 0.150726 -0.040387
v -0.047303 -0.106390 -0.090087
v -0.045054 0.026853 -0.007178
v -0.051692 -0.108437 -0.080030
v 0.239853 0.133891 -0.036116
v 0.165795 0.144779 -0.039058
v 0.147505 0.127132 -0.034291
v -0.045028 0.107594 -0.028830
v -0.091626 -0.127058 -0.101249
v -0.036265 0.026853 -0.007178
v -0.018691 0.018694 -0.005000
v -0.087236 -0.125011 -0.111306
v -0.022652 0.037626 -0.010068
v -0.079327 -0.121323 -0.118265
v -0.030327 0.037626 -0.010068
v -0.111321 -0.112983 -0.112843
v -0.034109 0.034783 -0.009306
v 0.147496 0.110050 -0.029677
v 0.119825 0.080823 -0.021782
v 0.112732 0.080824 -0.021782
v -0.084720 0.108108 -0.138418
v -0.018691 0.033762 -0.009033
v -0.077997 0.114274 -0.136528
v -0.083708 0.107984 -0.123131
v 0.075824 0.018582 -0.004969
v -0.080949 0.114116 -0.120784
v 0.244547 0.133891 -0.036115
v 0.253430 0.125220 -0.033792
v 0.250835 0.131352 -0.035435
v 0.226736 0.144778 -0.039057
v -0.111318 0.108420 -0.171870
v 0.236085 0.139729 -0.037693
v -0.111318 0.114672 -0.170964
v -0.138929 0.107984 -0.123131
v 0.157189 0.139756 -0.037701
v 0.151542 0.134103 -0.036174
v -0.141687 0.114116 -0.120784
v 0.083708 0.034694 -0.009321
v -0.137917 0.108108 -0.138418
v -0.144640 0.114274 -0.136528
v 0.080784 0.024329 -0.006521
v 0.083713 0.044577 -0.011991
v 0.088115 0.048895 -0.013157
v 0.097604 0.053884 -0.014505
v 0.092216 0.048895 -0.013157
v 0.070697 0.018582 -0.004969
v -0.137973 0.050150 -0.149219
v -0.137917 0.076989 -0.145511
v -0.012549 0.018693 -0.005000
v -0.111318 0.024780 -0.179556
v -0.111318 0.052259 -0.178501
v -0.111318 0.076929 -0.176096
v -0.143911 0.136629 -0.078883
v -0.155864 0.130740 -0.075483
v -0.150675 0.134904 -0.077887
v -0.063852 0.125491 -0.072452
v -0.083935 0.136629 -0.078883
v -0.068736 0.131060 -0.075668
v -0.084720 0.076989 -0.145511
v -0.076087 0.135137 -0.078021
v -0.045054 0.024081 -0.013884
v -0.055973 0.104575 -0.060376
v 0.239853 0.119982 -0.069539
v 0.165795 0.129737 -0.075199
v 0.147505 0.113924 -0.066027
v -0.045028 0.096466 -0.055695
v -0.036265 0.024081 -0.013884
v -0.141188 0.116936 -0.105726
v -0.018691 0.016762 -0.009668
v -0.022652 0.033738 -0.019463
v -0.070346 0.117029 -0.133999
v -0.073465 0.117029 -0.118319
v -0.030327 0.033738 -0.019463
v -0.082346 0.117029 -0.162971
v -0.034109 0.031189 -0.017991
v -0.082188 0.116827 -0.104298
v 0.147496 0.098620 -0.057149
v 0.119825 0.072432 -0.041958
v -0.111318 0.117029 -0.174971
v 0.112732 0.072432 -0.041959
v -0.018691 0.030274 -0.017463
v -0.140290 0.117029 -0.162971
v 0.075824 0.016663 -0.009609
v -0.149172 0.117029 -0.118319
v -0.152291 0.117029 -0.133999
v 0.244547 0.119982 -0.069538
v 0.253430 0.112207 -0.065050
v 0.250835 0.117705 -0.068224
v -0.111318 0.152747 -0.174971
v -0.082346 0.117029 -0.162971
v 0.226736 0.129736 -0.075197
v -0.082346 0.152747 -0.162971
v 0.236085 0.125213 -0.072573
v 0.157189 0.125236 -0.072588
v -0.070346 0.117029 -0.133999
v -0.070346 0.152747 -0.133999
v 0.151542 0.120171 -0.069650
v -0.073465 0.117029 -0.118319
v 0.083708 0.031099 -0.017983
v 0.080784 0.021812 -0.012595
v -0.082346 0.152747 -0.105027
v 0.083713 0.039954 -0.023119
v -0.111318 0.152747 -0.093026
v -0.140290 0.152747 -0.105027
v 0.088115 0.043823 -0.025364
v -0.149172 0.117029 -0.118319
v 0.097604 0.048294 -0.027957
v -0.152291 0.117029 -0.133999
v 0.092216 0.043823 -0.025363
v 0.070697 0.016663 -0.009609
v -0.152291 0.152747 -0.133999
v -0.140290 0.117029 -0.162971
v -0.012549 0.016762 -0.009668
v -0.140290 0.152747 -0.162971
v -0.111318 0.136295 -0.174971
v -0.143911 0.111557 -0.111557
v -0.082346 0.136295 -0.162971
v -0.155864 0.106748 -0.106748
v -0.070346 0.136295 -0.133999
v -0.150675 0.110149 -0.110149
v -0.073465 0.136295 -0.118319
v -0.063852 0.102463 -0.102463
v -0.149172 0.136295 -0.118319
v -0.152291 0.136295 -0.133999
v -0.083935 0.111557 -0.111557
v -0.140290 0.136295 -0.162971
v -0.068736 0.107010 -0.107010
v -0.076087 0.110339 -0.110339
v -0.045054 0.019667 -0.019643
v -0.055973 0.085385 -0.085385
v 0.239853 0.097896 -0.098223
v 0.165795 0.105854 -0.106215
v 0.147505 0.092954 -0.093263
v -0.045028 0.078764 -0.078764
v -0.036265 0.019667 -0.019643
v -0.018691 0.013689 -0.013677
v -0.022652 0.027551 -0.027532
v -0.095639 0.136295 -0.090159
v -0.030327 0.027551 -0.027532
v -0.095639 0.141936 -0.096145
v -0.034109 0.025470 -0.025450
v -0.111318 0.136295 -0.087049
v 0.147496 0.080468 -0.080726
v -0.111318 0.141936 -0.093026
v 0.119825 0.059104 -0.059275
v -0.126998 0.136295 -0.090159
v -0.126998 0.141936 -0.096145
v 0.112732 0.059104 -0.059276
v -0.018691 0.024722 -0.024703
v 0.075824 0.013608 -0.013594
v 0.244547 0.097896 -0.098223
v 0.253430 0.091548 -0.091875
v -0.086211 0.141936 -0.103935
v 0.250835 0.096036 -0.096363
v 0.226736 0.105853 -0.106213
v -0.079212 0.135008 -0.109717
v 0.236085 0.102163 -0.102508
v -0.076014 0.138797 -0.114504
v -0.080898 0.147749 -0.107195
v 0.157189 0.102181 -0.102528
v -0.089304 0.136295 -0.094395
v 0.151542 0.098049 -0.098379
v 0.083708 0.025385 -0.025419
v -0.082346 0.129387 -0.099051
v -0.140290 0.129312 -0.099051
v 0.080784 0.017809 -0.017812
v 0.083713 0.032609 -0.032672
v -0.133079 0.136295 -0.094225
v 0.088115 0.035765 -0.035842
v -0.144296 0.135123 -0.108413
v 0.097604 0.039413 -0.039503
v -0.137373 0.141936 -0.103077
v 0.092216 0.035765 -0.035841
v -0.142256 0.147843 -0.106341
v 0.070697 0.013608 -0.013594
v -0.146977 0.139017 -0.113302
v -0.012549 0.013689 -0.013677
v -0.143911 0.078883 -0.136629
v -0.155864 0.075482 -0.130740
v -0.150675 0.077887 -0.134904
v -0.063852 0.072452 -0.125491
v -0.083935 0.078883 -0.136629
v -0.068736 0.075667 -0.131060
v -0.076087 0.078021 -0.135137
v -0.045054 0.013912 -0.024064
v 0.239853 0.069138 -0.120213
v 0.165795 0.074756 -0.129993
v 0.147505 0.065648 -0.114143
v -0.045028 0.055695 -0.096466
v -0.036265 0.013912 -0.024064
v -0.018691 0.009683 -0.016754
v -0.022652 0.019486 -0.033725
v -0.030327 0.019486 -0.033725
v -0.034109 0.018015 -0.031175
v 0.147496 0.056833 -0.098802
v 0.119825 0.041749 -0.072553
v 0.112732 0.041749 -0.072554
v -0.018691 0.017486 -0.030260
v 0.075824 0.009626 -0.016653
v 0.244547 0.069138 -0.120213
v 0.253430 0.064650 -0.112439
v 0.250835 0.067823 -0.117936
v 0.226736 0.074756 -0.129991
v 0.236085 0.072151 -0.125457
v 0.157189 0.072163 -0.125481
v 0.151542 0.069246 -0.120404
v 0.083708 0.017941 -0.031123
v 0.080784 0.012592 -0.021814
v 0.083713 0.023042 -0.039999
v 0.088115 0.025270 -0.043877
v 0.097604 0.027845 -0.048358
v 0.092216 0.025270 -0.043877
v 0.070697 0.009626 -0.016653
v -0.012549 0.009683 -0.016754
v -0.143911 0.040833 -0.152390
v -0.155864 0.039073 -0.145821
v -0.150675 0.040317 -0.150466
v -0.063852 0.037504 -0.139967
v -0.084669 0.040833 -0.152390
v -0.068736 0.039168 -0.146178
v -0.076087 0.040387 -0.150726
v -0.045054 0.007210 -0.026845
v -0.055973 0.031253 -0.116638
v 0.239853 0.035669 -0.134011
v 0.165795 0.038564 -0.144912
v 0.147505 0.033869 -0.127245
v -0.045028 0.028830 -0.107594
v -0.036265 0.007210 -0.026845
v -0.018691 0.005016 -0.018689
v -0.022652 0.010094 -0.037619
v -0.030327 0.010094 -0.037619
v -0.034109 0.009333 -0.034776
v 0.147496 0.029324 -0.110145
v 0.119825 0.021548 -0.080886
v 0.112732 0.021548 -0.080887
v -0.018691 0.009059 -0.033755
v 0.075824 0.004988 -0.018577
v 0.244547 0.035669 -0.134011
v 0.253430 0.033345 -0.125340
v 0.250835 0.034988 -0.131471
v 0.226736 0.038565 -0.144910
v 0.236085 0.037222 -0.139856
v 0.157189 0.037228 -0.139882
v 0.151542 0.035723 -0.134223
v 0.083708 0.009275 -0.034706
v 0.080784 0.006517 -0.024330
v 0.083713 0.011904 -0.044600
v 0.088115 0.013053 -0.048922
v 0.097604 0.014381 -0.053917
v 0.092216 0.013053 -0.048922
v 0.070697 0.004988 -0.018577
v -0.012549 0.005016 -0.018689
v -0.143911 -0.000000 -0.157766
v -0.155864 -0.000000 -0.150965
v -0.150675 -0.000000 -0.155774
v -0.063852 -0.000000 -0.144904
v -0.083935 -0.000000 -0.157766
v -0.068736 -0.000000 -0.151335
v -0.076087 -0.000000 -0.156043
v -0.045054 0.000016 -0.027796
v 0.239853 -0.000231 -0.138676
v 0.165795 -0.000256 -0.149955
v 0.147505 -0.000219 -0.131675
v -0.045028 -0.000000 -0.111389
v -0.036265 0.000016 -0.027796
v -0.018691 0.000008 -0.019351
v -0.022652 0.000013 -0.038949
v -0.030327 0.000013 -0.038950
v -0.034109 0.000014 -0.036006
v 0.147496 -0.000182 -0.113981
v 0.119825 -0.000121 -0.083707
v 0.112732 -0.000121 -0.083708
v -0.018691 0.000013 -0.034949
v 0.075824 0.000010 -0.019235
v 0.244547 -0.000231 -0.138676
v 0.253430 -0.000231 -0.129699
v 0.250835 -0.000231 -0.136047
v 0.226736 -0.000255 -0.149954
v 0.236085 -0.000244 -0.144724
v 0.157189 -0.000245 -0.144751
v 0.151542 -0.000233 -0.138896
v 0.083708 -0.000024 -0.035924
v 0.080784 -0.000002 -0.025187
v 0.083713 -0.000045 -0.046161
v 0.088115 -0.000054 -0.050634
v 0.097604 -0.000064 -0.055802
v 0.092216 -0.000054 -0.050634
v 0.070697 0.000010 -0.019235
v -0.012549 0.000008 -0.019351
v -0.143911 -0.040833 -0.152390
v -0.155864 -0.039073 -0.145821
v -0.150675 -0.040317 -0.150466
v -0.063852 -0.037504 -0.139967
v -0.083935 -0.040833 -0.152390
v -0.068736 -0.039168 -0.146178
v -0.076087 -0.040387 -0.150726
v -0.045054 -0.007179 -0.026853
v -0.055973 -0.031253 -0.116638
v 0.239853 -0.036116 -0.133891
v 0.165795 -0.039058 -0.144779
v 0.147505 -0.034291 -0.127132
v -0.045028 -0.028830 -0.107594
v -0.036265 -0.007179 -0.026853
v -0.018691 -0.005000 -0.018694
v -0.022652 -0.010068 -0.037626
v -0.030327 -0.010068 -0.037626
v -0.034109 -0.009306 -0.034783
v 0.147496 -0.029677 -0.110050
v 0.119825 -0.021782 -0.080823
v 0.112732 -0.021782 -0.080824
v -0.018691 -0.009033 -0.033762
v 0.075824 -0.004969 -0.018582
v 0.244547 -0.036115 -0.133891
v 0.253430 -0.033792 -0.125220
v 0.250835 -0.035435 -0.131352
v 0.226736 -0.039057 -0.144778
v 0.236085 -0.037693 -0.139729
v 0.157189 -0.037701 -0.139756
v 0.151542 -0.036174 -0.134103
v 0.083708 -0.009321 -0.034694
v 0.080784 -0.006521 -0.024329
v 0.083713 -0.011991 -0.044577
v 0.088115 -0.013157 -0.048895
v 0.097604 -0.014505 -0.053884
v 0.092216 -0.013157 -0.048895
v 0.070697 -0.004969 -0.018582
v -0.012549 -0.005000 -0.018693
v -0.143911 -0.078883 -0.136629
v -0.155864 -0.075483 -0.130740
v -0.150675 -0.077887 -0.134904
v -0.063852 -0.072452 -0.125491
v -0.083935 -0.078883 -0.136629
v -0.068736 -0.075668 -0.131060
v -0.076087 -0.078021 -0.135137
v -0.045054 -0.013884 -0.024081
v 0.239853 -0.069539 -0.119982
v 0.165795 -0.075199 -0.129737
v 0.147505 -0.066027 -0.113925
v -0.045028 -0.055695 -0.096466
v -0.036265 -0.013884 -0.024081
v -0.018691 -0.009668 -0.016762
v -0.022652 -0.019463 -0.033738
v -0.030327 -0.019463 -0.033738
v -0.034109 -0.017991 -0.031189
v 0.147496 -0.057149 -0.098620
v 0.119825 -0.041958 -0.072432
v 0.112732 -0.041959 -0.072432
v -0.018691 -0.017463 -0.030274
v 0.075824 -0.009609 -0.016663
v 0.244547 -0.069538 -0.119982
v 0.253430 -0.065050 -0.112207
v 0.250835 -0.068224 -0.117705
v 0.226736 -0.075197 -0.129736
v 0.236085 -0.072573 -0.125213
v 0.157189 -0.072588 -0.125236
v 0.151542 -0.069650 -0.120171
v 0.083708 -0.017983 -0.031099
v 0.080784 -0.012595 -0.021812
v 0.083713 -0.023119 -0.039954
v 0.088115 -0.025364 -0.043823
v 0.097604 -0.027957 -0.048294
v 0.092216 -0.025363 -0.043823
v 0.070697 -0.009609 -0.016663
v -0.012549 -0.009668 -0.016762
v -0.143911 -0.111557 -0.111557
v -0.155864 -0.106748 -0.106748
v -0.150675 -0.110149 -0.110149
v -0.045054 -0.019643 -0.019667
v 0.239853 -0.098223 -0.097896
v 0.165795 -0.106215 -0.105854
v 0.147505 -0.093263 -0.092954
v -0.045028 -0.078764 -0.078764
v -0.036265 -0.019643 -0.019667
v -0.018691 -0.013677 -0.013689
v -0.022652 -0.027532 -0.027551
v -0.030327 -0.027532 -0.027551
v -0.034109 -0.025450 -0.025470
v 0.147496 -0.080726 -0.080468
v 0.119825 -0.059275 -0.059104
v 0.112732 -0.059276 -0.059104
v -0.018691 -0.024703 -0.024722
v 0.075824 -0.013594 -0.013608
v 0.244547 -0.098223 -0.097896
v 0.253430 -0.091875 -0.091548
v 0.250835 -0.096363 -0.096036
v 0.226736 -0.106213 -0.105853
v 0.236085 -0.102508 -0.102163
v 0.157189 -0.102528 -0.102181
v 0.151542 -0.098379 -0.098049
v 0.083708 -0.025419 -0.025385
v 0.080784 -0.017812 -0.017809
v 0.083713 -0.032672 -0.032609
v 0.088115 -0.035842 -0.035765
v 0.097604 -0.039503 -0.039413
v 0.092216 -0.035841 -0.035765
v 0.070697 -0.013594 -0.013608
v -0.012549 -0.013677 -0.013689
v -0.143911 -0.136629 -0.078883
v -0.155864 -0.130740 -0.075482
v -0.150675 -0.134904 -0.077887
v -0.045054 -0.024064 -0.013912
v 0.239853 -0.120213 -0.069138
v 0.165795 -0.129993 -0.074756
v 0.147505 -0.114143 -0.065648
v -0.045028 -0.096466 -0.055695
v -0.036265 -0.024064 -0.013912
v -0.018691 -0.016754 -0.009683
v -0.022652 -0.033725 -0.019486
v -0.030327 -0.033725 -0.019486
v -0.034109 -0.031175 -0.018015
v 0.147496 -0.098802 -0.056833
v 0.119825 -0.072553 -0.041749
v 0.112732 -0.072554 -0.041749
v -0.018691 -0.030260 -0.017486
v 0.075824 -0.016653 -0.009626
v 0.244547 -0.120213 -0.069138
v 0.253430 -0.112439 -0.064650
v 0.250835 -0.117936 -0.067823
v 0.226736 -0.129991 -0.074756
v 0.236085 -0.125457 -0.072151
v 0.157189 -0.125481 -0.072163
v 0.151542 -0.120404 -0.069246
v 0.083708 -0.031123 -0.017941
v 0.080784 -0.021814 -0.012592
v 0.083713 -0.039999 -0.023042
v 0.088115 -0.043877 -0.025270
v 0.097604 -0.048358 -0.027845
v 0.092216 -0.043877 -0.025270
v 0.070697 -0.016653 -0.009626
v -0.012549 -0.016754 -0.009683
v -0.143911 -0.152390 -0.040833
v -0.155864 -0.145821 -0.039073
v -0.150675 -0.150466 -0.040317
v -0.063852 -0.139967 -0.037504
v -0.083935 -0.152390 -0.040833
v -0.068736 -0.146178 -0.039168
v -0.076087 -0.150726 -0.040387
v -0.045054 -0.026845 -0.007210
v 0.239853 -0.134011 -0.035669
v 0.165795 -0.144912 -0.038564
v 0.147505 -0.127245 -0.033869
v -0.045028 -0.107594 -0.028830
v -0.036265 -0.026845 -0.007210
v -0.018691 -0.018689 -0.005016
v -0.022652 -0.037619 -0.010094
v -0.030327 -0.037619 -0.010094
v -0.034109 -0.034776 -0.009333
v 0.147496 -0.110145 -0.029324
v 0.119825 -0.080886 -0.021548
v 0.112732 -0.080887 -0.021548
v -0.018691 -0.033755 -0.009059
v 0.075824 -0.018577 -0.004988
v 0.244547 -0.134011 -0.035669
v 0.253430 -0.125340 -0.033345
v 0.250835 -0.131471 -0.034988
v 0.226736 -0.144910 -0.038565
v 0.236085 -0.139856 -0.037222
v 0.157189 -0.139882 -0.037228
v 0.151542 -0.134223 -0.035723
v 0.083708 -0.034706 -0.009275
v 0.080784 -0.024330 -0.006517
v 0.083713 -0.044600 -0.011904
v 0.088115 -0.048922 -0.013053
v 0.097604 -0.053917 -0.014381
v 0.092216 -0.048922 -0.013053
v 0.070697 -0.018577 -0.004988
v -0.012549 -0.018689 -0.005016
v -0.143911 -0.157766 0.000000
v -0.155864 -0.150965 0.000000
v -0.150675 -0.155774 0.000000
v -0.063852 -0.144904 0.000000
v -0.083935 -0.157766 0.000000
v -0.068736 -0.151335 0.000000
v -0.076087 -0.156043 0.000000
v -0.045054 -0.027796 -0.000016
v -0.055973 -0.120752 0.000000
v 0.239853 -0.138676 0.000231
v 0.165795 -0.149955 0.000256
v 0.147505 -0.131675 0.000219
v -0.045028 -0.111389 0.000000
v -0.036265 -0.027796 -0.000016
v -0.018691 -0.019351 -0.000008
v -0.022652 -0.038949 -0.000013
v -0.030327 -0.038950 -0.000013
v -0.034109 -0.036006 -0.000014
v 0.147496 -0.113981 0.000182
v 0.119825 -0.083707 0.000121
v 0.112732 -0.083708 0.000121
v -0.018691 -0.034949 -0.000013
v 0.075824 -0.019235 -0.000010
v 0.244547 -0.138676 0.000231
v 0.253430 -0.129699 0.000231
v 0.250835 -0.136047 0.000231
v 0.226736 -0.149954 0.000255
v 0.236085 -0.144724 0.000244
v 0.157189 -0.144751 0.000245
v 0.151542 -0.138896 0.000233
v 0.083708 -0.035924 0.000024
v 0.080784 -0.025187 0.000002
v 0.083713 -0.046161 0.000045
v 0.088115 -0.050634 0.000054
v 0.097604 -0.055802 0.000064
v 0.092216 -0.050634 0.000054
v 0.070697 -0.019235 -0.000010
v -0.012549 -0.019351 -0.000008
v -0.143911 -0.152390 0.040833
v -0.155864 -0.145821 0.039073
v -0.150675 -0.150466 0.040317
v -0.063852 -0.139967 0.037504
v -0.083935 -0.152390 0.040833
v -0.068736 -0.146178 0.039168
v -0.076087 -0.150726 0.040387
v -0.045054 -0.026853 0.007178
v 0.239853 -0.133891 0.036116
v 0.165795 -0.144779 0.039058
v 0.147505 -0.127132 0.034291
v -0.045028 -0.107594 0.028830
v -0.036265 -0.026853 0.007178
v -0.018691 -0.018694 0.005000
v -0.022652 -0.037626 0.010068
v -0.030327 -0.037626 0.010068
v -0.034109 -0.034783 0.009306
v 0.147496 -0.110050 0.029677
v 0.119825 -0.080823 0.021782
v 0.112732 -0.080824 0.021782
v -0.018691 -0.033762 0.009033
v 0.075824 -0.018582 0.004969
v 0.244547 -0.133891 0.036115
v 0.253430 -0.125220 0.033792
v 0.250835 -0.131352 0.035435
v 0.226736 -0.144778 0.039057
v 0.236085 -0.139729 0.037693
v 0.157189 -0.139756 0.037701
v 0.151542 -0.134103 0.036174
v 0.083708 -0.034694 0.009321
v 0.080784 -0.024329 0.006521
v 0.083713 -0.044577 0.011991
v 0.088115 -0.048895 0.013157
v 0.097604 -0.053884 0.014505
v 0.092216 -0.048895 0.013157
v 0.070697 -0.018582 0.004969
v -0.012549 -0.018693 0.005000
v -0.143911 -0.136629 0.078883
v -0.155864 -0.130740 0.075483
v -0.150675 -0.134904 0.077887
v -0.063852 -0.125491 0.072452
v -0.083935 -0.136629 0.078883
v -0.068736 -0.131060 0.075667
v -0.076087 -0.135137 0.078021
v -0.045054 -0.024081 0.013884
v -0.055973 -0.104575 0.060376
v 0.239853 -0.119982 0.069539
v 0.165795 -0.129737 0.075199
v 0.147505 -0.113925 0.066027
v -0.045028 -0.096466 0.055695
v -0.036265 -0.024081 0.013884
v -0.018691 -0.016762 0.009668
v -0.022652 -0.033738 0.019463
v -0.030327 -0.033738 0.019463
v -0.034109 -0.031190 0.017991
v 0.147496 -0.098620 0.057149
v 0.119825 -0.072432 0.041958
v 0.112732 -0.072432 0.041959
v -0.018691 -0.030274 0.017463
v 0.075824 -0.016663 0.009609
v 0.244547 -0.119982 0.069538
v 0.253430 -0.112207 0.065050
v 0.250835 -0.117705 0.068224
v 0.226736 -0.129736 0.075197
v 0.236085 -0.125213 0.072573
v 0.157189 -0.125236 0.072588
v 0.151542 -0.120171 0.069650
v 0.083708 -0.031099 0.017983
v 0.080784 -0.021812 0.012595
v 0.083713 -0.039954 0.023119
v 0.088115 -0.043823 0.025364
v 0.097604 -0.048294 0.027957
v 0.092216 -0.043823 0.025363
v 0.070697 -0.016663 0.009609
v -0.012549 -0.016762 0.009668
v -0.143911 -0.111557 0.111557
v -0.155864 -0.106748 0.106748
v -0.150675 -0.110149 0.110149
v -0.063852 -0.102463 0.102463
v -0.083935 -0.111557 0.111557
v -0.068736 -0.107010 0.107010
v -0.076087 -0.110339 0.110339
v -0.045054 -0.019667 0.019643
v -0.055973 -0.085385 0.085385
v 0.239853 -0.097896 0.098223
v 0.165795 -0.105854 0.106215
v 0.147505 -0.092954 0.093263
v -0.045028 -0.078764 0.078764
v -0.036265 -0.019667 0.019643
v -0.018691 -0.013689 0.013677
v -0.022652 -0.027551 0.027532
v -0.030327 -0.027551 0.027532
v -0.034109 -0.025470 0.025450
v 0.147496 -0.080468 0.080726
v 0.119825 -0.059104 0.059275
v 0.112732 -0.059104 0.059276
v -0.018691 -0.024722 0.024703
v 0.075824 -0.013608 0.013594
v 0.244547 -0.097896 0.098223
v 0.253430 -0.091548 0.091875
v 0.250835 -0.096036 0.096363
v 0.226736 -0.105853 0.106213
v 0.236085 -0.102163 0.102508
v 0.157189 -0.102181 0.102528
v 0.151542 -0.098049 0.098379
v 0.083708 -0.025385 0.025419
v 0.080784 -0.017809 0.017812
v 0.083713 -0.032609 0.032672
v 0.088115 -0.035765 0.035842
v 0.097604 -0.039413 0.039503
v 0.092216 -0.035765 0.035841
v 0.070697 -0.013608 0.013594
v -0.012549 -0.013689 0.013677
v -0.143911 -0.078883 0.136629
v -0.155864 -0.075482 0.130740
v -0.150675 -0.077887 0.134904
v -0.063852 -0.072452 0.125491
v -0.083935 -0.078883 0.136629
v -0.068736 -0.075667 0.131060
v -0.076087 -0.078021 0.135137
v -0.045054 -0.013912 0.024064
v -0.055973 -0.060376 0.104575
v 0.239853 -0.069138 0.120213
v 0.165795 -0.074756 0.129993
v 0.147505 -0.065648 0.114143
v -0.045028 -0.055695 0.096466
v -0.036265 -0.013912 0.024064
v -0.018691 -0.009683 0.016754
v -0.022652 -0.019486 0.033725
v -0.030327 -0.019486 0.033725
v -0.034109 -0.018015 0.031175
v 0.147496 -0.056833 0.098802
v 0.119825 -0.041749 0.072553
v 0.112732 -0.041749 0.072554
v -0.018691 -0.017486 0.030260
v 0.075824 -0.009626 0.016653
v 0.244547 -0.069138 0.120213
v 0.253430 -0.064650 0.112439
v 0.250835 -0.067823 0.117936
v 0.226736 -0.074756 0.129991
v 0.236085 -0.072151 0.125457
v 0.157189 -0.072163 0.125481
v 0.151542 -0.069246 0.120404
v 0.083708 -0.017942 0.031123
v 0.080784 -0.012592 0.021814
v 0.083713 -0.023042 0.039999
v 0.088115 -0.025270 0.043877
v 0.097604 -0.027845 0.048358
v 0.092216 -0.025270 0.043877
v 0.070697 -0.009626 0.016653
v -0.012549 -0.009683 0.016754
v -0.143911 -0.040833 0.152390
v -0.155864 -0.039073 0.145821
v -0.150675 -0.040317 0.150466
v -0.063852 -0.037504 0.139967
v -0.083935 -0.040833 0.152390
v -0.068736 -0.039168 0.146178
v -0.076087 -0.040387 0.150726
v -0.045054 -0.007210 0.026845
v 0.239853 -0.035669 0.134011
v 0.165795 -0.038564 0.144912
v 0.147505 -0.033869 0.127245
v -0.045028 -0.028830 0.107594
v -0.036265 -0.007210 0.026845
v -0.018691 -0.005016 0.018689
v -0.022652 -0.010094 0.037619
v -0.030327 -0.010094 0.037619
v -0.034109 -0.009333 0.034776
v 0.147496 -0.029324 0.110145
v 0.119825 -0.021548 0.080886
v 0.112732 -0.021548 0.080887
v -0.018691 -0.009059 0.033755
v 0.075824 -0.004988 0.018577
v 0.244547 -0.035669 0.134011
v 0.253430 -0.033345 0.125340
v 0.250835 -0.034988 0.131471
v 0.226736 -0.038565 0.144910
v 0.236085 -0.037222 0.139856
v 0.157189 -0.037228 0.139882
v 0.151542 -0.035723 0.134223
v 0.083708 -0.009275 0.034706
v 0.080784 -0.006517 0.024330
v 0.083713 -0.011904 0.044600
v 0.088115 -0.013053 0.048922
v 0.097604 -0.014381 0.053917
v 0.092216 -0.013053 0.048922
v 0.070697 -0.004988 0.018577
v -0.012549 -0.005016 0.018689
v -0.143911 0.000000 0.157766
v -0.155864 0.000000 0.150965
v -0.150675 0.000000 0.155774
v -0.063852 0.000000 0.144904
v -0.083935 0.000000 0.157766
v -0.068736 0.000000 0.151335
v -0.076087 0.000000 0.156043
v -0.045054 -0.000016 0.027796
v -0.055973 0.000000 0.120752
v 0.239853 0.000231 0.138676
v 0.165795 0.000256 0.149955
v 0.147505 0.000219 0.131675
v -0.045028 0.000000 0.111389
v -0.036265 -0.000016 0.027796
v -0.018691 -0.000008 0.019351
v -0.022652 -0.000013 0.038949
v -0.030327 -0.000013 0.038950
v -0.034109 -0.000014 0.036006
v 0.147496 0.000182 0.113981
v 0.119825 0.000121 0.083707
v 0.112732 0.000121 0.083708
v -0.018691 -0.000013 0.034949
v 0.075824 -0.000010 0.019235
v 0.244547 0.000231 0.138676
v 0.253430 0.000231 0.129699
v 0.250835 0.000231 0.136047
v 0.226736 0.000255 0.149954
v 0.236085 0.000244 0.144724
v 0.157189 0.000245 0.144751
v 0.151542 0.000233 0.138896
v 0.083708 0.000024 0.035924
v 0.080784 0.000002 0.025187
v 0.083713 0.000045 0.046161
v 0.088115 0.000054 0.050634
v 0.097604 0.000064 0.055802
v 0.092216 0.000054 0.050634
v 0.070697 -0.000010 0.019235
v -0.012549 -0.000008 0.019351
v -0.143911 0.040833 0.152390
v -0.155864 0.039073 0.145821
v -0.150675 0.040317 0.150466
v -0.063852 0.037504 0.139967
v -0.083935 0.040833 0.152390
v -0.068736 0.039168 0.146178
v -0.076087 0.040387 0.150726
v -0.045054 0.007178 0.026853
v 0.239853 0.036116 0.133891
v 0.165795 0.039058 0.144779
v 0.147505 0.034291 0.127132
v -0.045028 0.028830 0.107594
v -0.036265 0.007178 0.026853
v -0.018691 0.005000 0.018694
v -0.022652 0.010068 0.037626
v -0.030327 0.010068 0.037626
v -0.034109 0.009305 0.034783
v 0.147496 0.029677 0.110050
v 0.119825 0.021782 0.080823
v 0.112732 0.021782 0.080824
v -0.018691 0.009033 0.033762
v 0.075824 0.004969 0.018582
v 0.244547 0.036115 0.133891
v 0.253430 0.033792 0.125220
v 0.250835 0.035435 0.131351
v 0.226736 0.039057 0.144778
v 0.236085 0.037693 0.139729
v 0.157189 0.037701 0.139755
v 0.151542 0.036174 0.134103
v 0.083708 0.009321 0.034694
v 0.080784 0.006521 0.024329
v 0.083713 0.011991 0.044577
v 0.088115 0.013157 0.048895
v 0.097604 0.014505 0.053884
v 0.092216 0.013157 0.048895
v 0.070697 0.004969 0.018582
v -0.012549 0.005000 0.018693
v -0.143911 0.078883 0.136629
v -0.155864 0.075483 0.130740
v -0.150675 0.077887 0.134904
v -0.063852 0.072452 0.125491
v -0.083935 0.078883 0.136629
v -0.068736 0.075667 0.131060
v -0.076087 0.078021 0.135137
v -0.045054 0.013884 0.024081
v -0.055973 0.060376 0.104575
v 0.239853 0.069539 0.119982
v 0.165795 0.075199 0.129737
v 0.147505 0.066027 0.113924
v -0.045028 0.055695 0.096466
v -0.036265 0.013884 0.024081
v -0.018691 0.009668 0.016762
v -0.022652 0.019463 0.033738
v -0.030327 0.019463 0.033738
v -0.034109 0.017991 0.031189
v 0.147496 0.057149 0.098619
v 0.119825 0.041958 0.072432
v 0.112732 0.041959 0.072432
v -0.018691 0.017463 0.030274
v 0.075824 0.009609 0.016663
v 0.244547 0.069538 0.119982
v 0.253430 0.065050 0.112207
v 0.250835 0.068224 0.117705
v 0.226736 0.075197 0.129736
v 0.236085 0.072573 0.125213
v 0.157189 0.072588 0.125236
v 0.151542 0.069650 0.120171
v 0.083708 0.017983 0.031099
v 0.080784 0.012595 0.021812
v 0.083713 0.023119 0.039954
v 0.088115 0.025364 0.043823
v 0.097604 0.027957 0.048294
v 0.092216 0.025363 0.043823
v 0.070697 0.009609 0.016663
v -0.012549 0.009668 0.016762
v -0.143911 0.111557 0.111557
v -0.155864 0.106748 0.106748
v -0.150675 0.110149 0.110149
v -0.063852 0.102463 0.102463
v -0.083935 0.111557 0.111557
v -0.068736 0.107010 0.107010
v -0.076087 0.110339 0.110339
v -0.045054 0.019643 0.019667
v 0.239853 0.098223 0.097896
v 0.165795 0.106215 0.105854
v 0.147505 0.093263 0.092954
v -0.045028 0.078764 0.078764
v -0.036265 0.019643 0.019667
v -0.018691 0.013677 0.013689
v -0.022652 0.027532 0.027551
v -0.030327 0.027532 0.027551
v -0.034109 0.025450 0.025470
v 0.147496 0.080726 0.080468
v 0.119825 0.059275 0.059104
v 0.112732 0.059276 0.059104
v -0.018691 0.024703 0.024722
v 0.075824 0.013594 0.013608
v 0.244547 0.098223 0.097896
v 0.253430 0.091875 0.091548
v 0.250835 0.096363 0.096036
v 0.226736 0.106213 0.105853
v 0.236085 0.102508 0.102163
v 0.157189 0.102528 0.102181
v 0.151542 0.098379 0.098049
v 0.083708 0.025419 0.025385
v 0.080784 0.017812 0.017809
v 0.083713 0.032672 0.032609
v 0.088115 0.035842 0.035765
v 0.097604 0.039503 0.039413
v 0.092216 0.035841 0.035765
v 0.070697 0.013594 0.013608
v -0.012549 0.013677 0.013689
v -0.143911 0.136629 0.078883
v -0.155864 0.130740 0.075482
v -0.150675 0.134904 0.077887
v -0.063852 0.125491 0.072452
v -0.083935 0.136629 0.078883
v -0.068736 0.131060 0.075667
v -0.076087 0.135137 0.078021
v -0.045054 0.024064 0.013912
v -0.055973 0.104575 0.060376
v 0.239853 0.120213 0.069138
v 0.165795 0.129993 0.074756
v 0.147505 0.114143 0.065648
v -0.045028 0.096466 0.055695
v -0.036265 0.024064 0.013912
v -0.018691 0.016754 0.009683
v -0.022652 0.033725 0.019486
v -0.030327 0.033725 0.019486
v -0.034109 0.031175 0.018015
v 0.147496 0.098802 0.056833
v 0.119825 0.072553 0.041749
v 0.112732 0.072554 0.041749
v -0.018691 0.030260 0.017486
v 0.075824 0.016653 0.009626
v 0.244547 0.120213 0.069138
v 0.253430 0.112439 0.064650
v 0.250835 0.117936 0.067823
v 0.226736 0.129991 0.074756
v 0.236085 0.125456 0.072151
v 0.157189 0.125481 0.072163
v 0.151542 0.120404 0.069246
v 0.083708 0.031123 0.017941
v 0.080784 0.021814 0.012592
v 0.083713 0.039999 0.023042
v 0.088115 0.043877 0.025270
v 0.097604 0.048358 0.027845
v 0.092216 0.043877 0.025270
v 0.070697 0.016653 0.009626
v -0.012549 0.016754 0.009683
v -0.143911 0.152390 0.040833
v -0.155864 0.145821 0.039073
v -0.150675 0.150466 0.040317
v -0.063852 0.139967 0.037504
v -0.083935 0.152390 0.040833
v -0.068736 0.146178 0.039168
v -0.076087 0.150726 0.040387
v -0.045054 0.026845 0.007210
v 0.239853 0.134011 0.035669
v 0.165795 0.144912 0.038564
v 0.147505 0.127245 0.033869
v -0.045028 0.107594 0.028830
v -0.036265 0.026845 0.007210
v -0.018691 0.018689 0.005016
v -0.022652 0.037619 0.010094
v -0.030327 0.037619 0.010094
v -0.034109 0.034776 0.009333
v 0.147496 0.110145 0.029324
v 0.119825 0.080886 0.021548
v 0.112732 0.080887 0.021548
v -0.018691 0.033755 0.009059
v 0.075824 0.018577 0.004988
v 0.244547 0.134011 0.035669
v 0.253430 0.125340 0.033345
v 0.250835 0.131471 0.034988
v 0.226736 0.144910 0.038565
v 0.236085 0.139856 0.037222
v 0.157189 0.139882 0.037228
v 0.151542 0.134223 0.035723
v 0.083708 0.034706 0.009275
v 0.080784 0.024330 0.006517
v 0.083713 0.044600 0.011904
v 0.088115 0.048922 0.013053
v 0.097604 0.053917 0.014381
v 0.092216 0.048922 0.013053
v 0.070697 0.018577 0.004988
v -0.012549 0.018689 0.005016
v 0.253430 0.124760 -0.000222
v 0.253430 0.120451 -0.032505
v 0.253430 0.107934 -0.062572
v 0.253430 0.088061 -0.088376
v 0.253430 0.062187 -0.108156
v 0.253430 0.032075 -0.120566
v 0.253430 -0.000222 -0.124760
v 0.253430 -0.032505 -0.120451
v 0.253430 -0.062572 -0.107934
v 0.253430 -0.088376 -0.088061
v 0.253430 -0.108156 -0.062187
v 0.253430 -0.120566 -0.032075
v 0.253430 -0.124760 0.000222
v 0.253430 -0.120451 0.032505
v 0.253430 -0.107934 0.062572
v 0.253430 -0.088061 0.088376
v 0.253430 -0.062187 0.108156
v 0.253430 -0.032075 0.120566
v 0.253430 0.000222 0.124759
v 0.253430 0.032505 0.120451
v 0.253430 0.062572 0.107934
v 0.253430 0.088375 0.088061
v 0.253430 0.108156 0.062187
v 0.253430 0.120566 0.032075
v 0.249758 0.124760 -0.000222
v 0.249758 0.120451 -0.032505
v 0.249758 0.107934 -0.062572
v 0.249758 0.088061 -0.088376
v 0.249758 0.062187 -0.108156
v 0.249758 0.032075 -0.120566
v 0.249758 -0.000222 -0.124760
v 0.249758 -0.032505 -0.120451
v 0.249758 -0.062572 -0.107934
v 0.249758 -0.088376 -0.088061
v 0.249758 -0.108156 -0.062187
v 0.249758 -0.120566 -0.032075
v 0.249758 -0.124760 0.000222
v 0.249758 -0.120451 0.032505
v 0.249758 -0.107934 0.062572
v 0.249758 -0.088061 0.088376
v 0.249758 -0.062187 0.108156
v 0.249758 -0.032075 0.120566
v 0.249758 0.000222 0.124759
v 0.249758 0.032505 0.120451
v 0.249758 0.062572 0.107934
v 0.249758 0.088375 0.088061
v 0.249758 0.108156 0.062187
v 0.249758 0.120566 0.032075
v 0.298402 0.119573 -0.000213
v 0.319334 0.055628 -0.000099
v 0.304409 0.112966 -0.000201
v 0.311004 0.099930 -0.000178
v 0.319334 0.053707 -0.014493
v 0.298402 0.115444 -0.031154
v 0.311004 0.096479 -0.026036
v 0.304409 0.109064 -0.029432
v 0.319334 0.048126 -0.027900
v 0.298402 0.103447 -0.059971
v 0.311004 0.086453 -0.050119
v 0.304409 0.097730 -0.056657
v 0.319334 0.039265 -0.039405
v 0.298402 0.084400 -0.084702
v 0.311004 0.070535 -0.070787
v 0.304409 0.079736 -0.080021
v 0.319334 0.027728 -0.048225
v 0.298402 0.059602 -0.103660
v 0.311004 0.049811 -0.086631
v 0.304409 0.056308 -0.097932
v 0.319334 0.014302 -0.053758
v 0.298402 0.030742 -0.115554
v 0.311004 0.025692 -0.096571
v 0.304409 0.029043 -0.109168
v 0.319334 -0.000099 -0.055628
v 0.298402 -0.000213 -0.119573
v 0.311004 -0.000178 -0.099930
v 0.304409 -0.000201 -0.112966
v 0.319334 -0.014493 -0.053707
v 0.298402 -0.031154 -0.115444
v 0.311004 -0.026036 -0.096479
v 0.304409 -0.029432 -0.109064
v 0.319334 -0.027900 -0.048126
v 0.298402 -0.059971 -0.103447
v 0.311004 -0.050119 -0.086453
v 0.304409 -0.056657 -0.097730
v 0.319334 -0.039405 -0.039265
v 0.298402 -0.084702 -0.084400
v 0.311004 -0.070787 -0.070535
v 0.304409 -0.080021 -0.079736
v 0.319334 -0.048225 -0.027728
v 0.298402 -0.103660 -0.059602
v 0.311004 -0.086631 -0.049811
v 0.304409 -0.097932 -0.056308
v 0.319334 -0.053758 -0.014302
v 0.298402 -0.115554 -0.030742
v 0.311004 -0.096571 -0.025692
v 0.304409 -0.109168 -0.029043
v 0.319334 -0.055628 0.000099
v 0.298402 -0.119573 0.000213
v 0.311004 -0.099930 0.000178
v 0.304409 -0.112966 0.000201
v 0.319334 -0.053707 0.014493
v 0.298402 -0.115444 0.031154
v 0.311004 -0.096479 0.026036
v 0.304409 -0.109064 0.029432
v 0.319334 -0.048126 0.027900
v 0.298402 -0.103447 0.059971
v 0.311004 -0.086453 0.050119
v 0.304409 -0.097730 0.056657
v 0.319334 -0.039265 0.039405
v 0.298402 -0.084400 0.084702
v 0.311004 -0.070535 0.070787
v 0.304409 -0.079736 0.080021
v 0.319334 -0.027728 0.048225
v 0.298402 -0.059602 0.103660
v 0.311004 -0.049811 0.086631
v 0.304409 -0.056308 0.097932
v 0.319334 -0.014302 0.053758
v 0.298402 -0.030742 0.115554
v 0.311004 -0.025692 0.096571
v 0.304409 -0.029043 0.109168
v 0.319334 0.000099 0.055628
v 0.298402 0.000213 0.119573
v 0.311004 0.000178 0.099930
v 0.304409 0.000201 0.112966
v 0.319334 0.014493 0.053707
v 0.298402 0.031154 0.115444
v 0.311004 0.026036 0.096479
v 0.304409 0.029432 0.109064
v 0.319334 0.027900 0.048126
v 0.298402 0.059971 0.103447
v 0.311004 0.050119 0.086453
v 0.304409 0.056657 0.097730
v 0.319334 0.039405 0.039265
v 0.298402 0.084702 0.084400
v 0.311004 0.070787 0.070535
v 0.304409 0.080021 0.079736
v 0.319334 0.048225 0.027728
v 0.298402 0.103660 0.059602
v 0.311004 0.086631 0.049811
v 0.304409 0.097932 0.056308
v 0.319334 0.053758 0.014302
v 0.298402 0.115554 0.030742
v 0.311004 0.096571 0.025692
v 0.304409 0.109168 0.029043
v 0.314877 0.083959 -0.000150
v 0.314877 0.081060 -0.021875
v 0.314877 0.072636 -0.042109
v 0.314877 0.059263 -0.059474
v 0.314877 0.041850 -0.072786
v 0.314877 0.021586 -0.081137
v 0.314877 -0.000150 -0.083959
v 0.314877 -0.021875 -0.081060
v 0.314877 -0.042109 -0.072636
v 0.314877 -0.059474 -0.059262
v 0.314877 -0.072786 -0.041850
v 0.314877 -0.081137 -0.021586
v 0.314877 -0.083959 0.000150
v 0.314877 -0.081060 0.021875
v 0.314877 -0.072636 0.042109
v 0.314877 -0.059262 0.059474
v 0.314877 -0.041850 0.072786
v 0.314877 -0.021586 0.081137
v 0.314877 0.000150 0.083959
v 0.314877 0.021875 0.081060
v 0.314877 0.042109 0.072636
v 0.314877 0.059474 0.059262
v 0.314877 0.072786 0.041850
v 0.314877 0.081137 0.021586
v 0.321270 0.016817 -0.000030
v 0.321270 0.016236 -0.004382
v 0.321270 0.014549 -0.008434
v 0.321270 0.011870 -0.011913
v 0.321270 0.008383 -0.014579
v 0.321270 0.004324 -0.016252
v 0.321270 -0.000030 -0.016817
v 0.321270 -0.004382 -0.016236
v 0.321270 -0.008434 -0.014549
v 0.321270 -0.011913 -0.011870
v 0.321270 -0.014579 -0.008383
v 0.321270 -0.016252 -0.004324
v 0.321270 -0.016817 0.000030
v 0.321270 -0.016236 0.004381
v 0.321270 -0.014549 0.008434
v 0.321270 -0.011870 0.011913
v 0.321270 -0.008383 0.014579
v 0.321270 -0.004324 0.016252
v 0.321270 0.000030 0.016817
v 0.321270 0.004381 0.016236
v 0.321270 0.008434 0.014549
v 0.321270 0.011913 0.011870
v 0.321270 0.014579 0.008383
v 0.321270 0.016252 0.004324
v -0.056037 0.120752 -0.000000
v 0.112575 0.083707 -0.000121
v -0.056037 0.116638 -0.031253
v 0.112575 0.080823 -0.021782
v 0.112575 0.072432 -0.041958
v 0.112575 0.059104 -0.059275
v -0.056037 0.060376 -0.104575
v 0.112575 0.041749 -0.072553
v 0.112575 0.021548 -0.080886
v -0.056037 -0.000000 -0.120752
v 0.112575 -0.000121 -0.083707
v 0.112575 -0.021782 -0.080823
v -0.056037 -0.060376 -0.104575
v 0.112575 -0.041958 -0.072432
v -0.056037 -0.085385 -0.085385
v 0.112575 -0.059275 -0.059104
v -0.056037 -0.104575 -0.060376
v 0.112575 -0.072553 -0.041749
v -0.056037 -0.116638 -0.031253
v 0.112575 -0.080886 -0.021548
v 0.112575 -0.083707 0.000121
v -0.056037 -0.116638 0.031253
v 0.112575 -0.080823 0.021782
v 0.112575 -0.072432 0.041958
v 0.112575 -0.059104 0.059275
v 0.112575 -0.041749 0.072553
v -0.056037 -0.031253 0.116638
v 0.112575 -0.021548 0.080886
v 0.112575 0.000121 0.083707
v -0.056037 0.031253 0.116638
v 0.112575 0.021782 0.080823
v 0.112575 0.041958 0.072432
v -0.056037 0.085385 0.085385
v 0.112575 0.059275 0.059104
v 0.112575 0.072553 0.041749
v -0.056037 0.116638 0.031253
v 0.112575 0.080886 0.021548
v -0.001516 0.057248 -0.091999
v -0.004042 0.054632 -0.094700
v 0.003455 0.058746 -0.089484
v 0.070150 0.046436 -0.080610
v 0.063228 0.049159 -0.080422
v 0.009523 0.058357 -0.088116
v 0.078280 0.037635 -0.082326
v 0.074494 0.043037 -0.080989
v 0.079983 0.031604 -0.084413
v -0.005761 0.048252 -0.097738
v -0.004751 0.028301 -0.105763
v 0.080660 0.023385 -0.087653
v -0.004295 -0.000037 -0.109384
v 0.081273 -0.000098 -0.090584
v 0.080650 -0.023575 -0.087605
v -0.004753 -0.028372 -0.105745
v -0.003989 -0.054691 -0.094653
v -0.005761 -0.048252 -0.097738
v 0.074492 -0.043028 -0.080972
v 0.069898 -0.046620 -0.080568
v 0.079985 -0.031607 -0.084421
v 0.078278 -0.037631 -0.082318
v 0.003455 -0.058747 -0.089486
v -0.001515 -0.057251 -0.092003
v 0.009524 -0.058359 -0.088118
v 0.063229 -0.049169 -0.080438
v -0.004042 -0.054632 0.094700
v -0.001516 -0.057248 0.091999
v 0.003455 -0.058746 0.089484
v 0.070150 -0.046436 0.080610
v 0.063228 -0.049159 0.080422
v 0.009523 -0.058357 0.088116
v 0.074494 -0.043037 0.080989
v 0.078280 -0.037635 0.082326
v 0.079983 -0.031604 0.084413
v -0.005761 -0.048252 0.097738
v 0.080660 -0.023385 0.087653
v -0.004751 -0.028301 0.105763
v 0.081273 0.000098 0.090584
v -0.004295 0.000037 0.109384
v 0.080650 0.023575 0.087605
v -0.004753 0.028372 0.105745
v 0.079985 0.031607 0.084421
v 0.078278 0.037631 0.082318
v -0.005761 0.048252 0.097738
v -0.003989 0.054691 0.094653
v 0.074492 0.043028 0.080972
v 0.069898 0.046620 0.080568
v 0.009524 0.058359 0.088118
v 0.003455 0.058747 0.089486
v -0.001515 0.057251 0.092003
v 0.063229 0.049169 0.080438
v -0.056037 0.110014 -0.000000
v 0.112575 0.076263 -0.000110
v -0.056037 0.106265 -0.028474
v 0.112575 0.073636 -0.019845
v -0.056037 0.095275 -0.055007
v 0.112575 0.065991 -0.038227
v -0.056037 0.077792 -0.077792
v 0.112575 0.053848 -0.054004
v -0.056037 0.055007 -0.095275
v 0.112575 0.038036 -0.066101
v -0.056037 0.028474 -0.106266
v 0.112575 0.019632 -0.073693
v -0.056037 -0.000000 -0.110014
v 0.112575 -0.000110 -0.076263
v -0.056037 -0.028474 -0.106266
v 0.112575 -0.019845 -0.073636
v -0.056037 -0.055007 -0.095275
v 0.112575 -0.038227 -0.065991
v -0.056037 -0.077792 -0.077792
v 0.112575 -0.054004 -0.053848
v -0.056037 -0.095275 -0.055007
v 0.112575 -0.066101 -0.038036
v -0.056037 -0.106266 -0.028474
v 0.112575 -0.073693 -0.019632
v -0.056037 -0.110014 0.000000
v 0.112575 -0.076263 0.000110
v -0.056037 -0.106266 0.028474
v 0.112575 -0.073636 0.019845
v -0.056037 -0.095275 0.055007
v 0.112575 -0.065991 0.038227
v -0.056037 -0.077792 0.077792
v 0.112575 -0.053848 0.054004
v -0.056037 -0.055007 0.095275
v 0.112575 -0.038036 0.066101
v -0.056037 -0.028474 0.106266
v 0.112575 -0.019632 0.073693
v -0.056037 -0.000000 0.110014
v 0.112575 0.000110 0.076263
v -0.056037 0.028474 0.106266
v 0.112575 0.019845 0.073636
v -0.056037 0.055007 0.095275
v 0.112575 0.038227 0.065991
v -0.056037 0.077792 0.077792
v 0.112575 0.054004 0.053848
v -0.056037 0.095275 0.055007
v 0.112575 0.066101 0.038036
v -0.056037 0.106266 0.028474
v 0.112575 0.073693 0.019632
v -0.001516 0.052157 -0.083818
v -0.004042 0.049774 -0.086279
v 0.003455 0.053522 -0.081527
v 0.070150 0.042306 -0.073442
v 0.063228 0.044787 -0.073270
v 0.009523 0.053168 -0.080280
v 0.078280 0.034288 -0.075005
v 0.074494 0.039210 -0.073787
v 0.079983 0.028793 -0.076906
v -0.005761 0.043961 -0.089046
v -0.004751 0.025784 -0.096358
v 0.080660 0.021306 -0.079858
v -0.004295 -0.000034 -0.099657
v 0.081273 -0.000090 -0.082529
v 0.080650 -0.021479 -0.079814
v -0.004753 -0.025849 -0.096341
v -0.003989 -0.049827 -0.086235
v -0.005761 -0.043961 -0.089046
v 0.074492 -0.039202 -0.073771
v 0.069898 -0.042474 -0.073403
v 0.079985 -0.028796 -0.076914
v 0.078278 -0.034285 -0.074998
v 0.003455 -0.053523 -0.081528
v -0.001515 -0.052160 -0.083821
v 0.009524 -0.053169 -0.080282
v 0.063229 -0.044796 -0.073285
v -0.004042 -0.049774 0.086279
v -0.001516 -0.052157 0.083818
v 0.003455 -0.053522 0.081527
v 0.070150 -0.042306 0.073442
v 0.063228 -0.044787 0.073270
v 0.009523 -0.053168 0.080280
v 0.074494 -0.039210 0.073787
v 0.078280 -0.034288 0.075005
v 0.079983 -0.028793 0.076906
v -0.005761 -0.043961 0.089046
v 0.080660 -0.021306 0.079858
v -0.004751 -0.025784 0.096358
v 0.081273 0.000090 0.082529
v -0.004295 0.000034 0.099657
v 0.080650 0.021479 0.079814
v -0.004753 0.025849 0.096341
v 0.079985 0.028796 0.076914
v 0.078278 0.034285 0.074998
v -0.005761 0.043961 0.089046
v -0.003989 0.049827 0.086235
v 0.074492 0.039202 0.073771
v 0.069898 0.042474 0.073403
v 0.009524 0.053169 0.080282
v 0.003455 0.053523 0.081528
v -0.001515 0.052160 0.083821
v 0.063229 0.044796 0.073285
v -0.165035 0.031117 -0.000000
v -0.169374 0.079877 -0.000000
v -0.169374 0.077155 -0.020674
v -0.165035 0.030056 -0.008054
v -0.169374 0.069175 -0.039938
v -0.165035 0.026948 -0.015558
v -0.169374 0.056481 -0.056481
v -0.165035 0.022003 -0.022003
v -0.169374 0.039938 -0.069175
v -0.165035 0.015558 -0.026948
v -0.169374 0.020674 -0.077155
v -0.165035 0.008054 -0.030056
v -0.169374 -0.000000 -0.079877
v -0.165035 -0.000000 -0.031117
v -0.169374 -0.020674 -0.077155
v -0.165035 -0.008054 -0.030056
v -0.169374 -0.039938 -0.069175
v -0.165035 -0.015558 -0.026948
v -0.169374 -0.056481 -0.056481
v -0.165035 -0.022003 -0.022003
v -0.169374 -0.069175 -0.039938
v -0.165035 -0.026948 -0.015558
v -0.169374 -0.077155 -0.020674
v -0.165035 -0.030056 -0.008054
v -0.169374 -0.079877 0.000000
v -0.165035 -0.031117 0.000000
v -0.169374 -0.077155 0.020674
v -0.165035 -0.030056 0.008054
v -0.169374 -0.069175 0.039938
v -0.165035 -0.026948 0.015558
v -0.169374 -0.056481 0.056481
v -0.165035 -0.022003 0.022003
v -0.169374 -0.039938 0.069175
v -0.165035 -0.015558 0.026948
v -0.169374 -0.020674 0.077155
v -0.165035 -0.008054 0.030056
v -0.169374 0.000000 0.079877
v -0.165035 -0.000000 0.031117
v -0.169374 0.020674 0.077155
v -0.165035 0.008054 0.030056
v -0.169374 0.039938 0.069175
v -0.165035 0.015558 0.026948
v -0.169374 0.056481 0.056481
v -0.165035 0.022003 0.022003
v -0.169374 0.069175 0.039938
v -0.165035 0.026948 0.015558
v -0.169374 0.077155 0.020674
v -0.165035 0.030056 0.008054
v -0.165035 0.064334 -0.017238
v -0.165035 0.066603 -0.000000
v -0.165035 0.057680 -0.033302
v -0.165035 0.047096 -0.047096
v -0.165035 0.033302 -0.057680
v -0.165035 0.017238 -0.064334
v -0.165035 -0.000000 -0.066603
v -0.165035 -0.017238 -0.064334
v -0.165035 -0.033302 -0.057680
v -0.165035 -0.047096 -0.047096
v -0.165035 -0.057680 -0.033302
v -0.165035 -0.064334 -0.017238
v -0.165035 -0.066603 0.000000
v -0.165035 -0.064334 0.017238
v -0.165035 -0.057680 0.033302
v -0.165035 -0.047096 0.047096
v -0.165035 -0.033302 0.057680
v -0.165035 -0.017238 0.064334
v -0.165035 0.000000 0.066603
v -0.165035 0.017238 0.064334
v -0.165035 0.033302 0.057680
v -0.165035 0.047096 0.047096
v -0.165035 0.057680 0.033302
v -0.165035 0.064334 0.017238
v -0.176305 0.030056 -0.008054
v -0.176305 0.031117 -0.000000
v -0.176305 0.026948 -0.015558
v -0.176305 0.022003 -0.022003
v -0.176305 0.015558 -0.026948
v -0.176305 0.008054 -0.030056
v -0.176305 -0.000000 -0.031117
v -0.176305 -0.008054 -0.030056
v -0.176305 -0.015558 -0.026948
v -0.176305 -0.022003 -0.022003
v -0.176305 -0.026948 -0.015558
v -0.176305 -0.030056 -0.008054
v -0.176305 -0.031117 0.000000
v -0.176305 -0.030056 0.008054
v -0.176305 -0.026948 0.015558
v -0.176305 -0.022003 0.022003
v -0.176305 -0.015558 0.026948
v -0.176305 -0.008054 0.030056
v -0.176305 -0.000000 0.031117
v -0.176305 0.008054 0.030056
v -0.176305 0.015558 0.026948
v -0.176305 0.022003 0.022003
v -0.176305 0.026948 0.015558
v -0.176305 0.030056 0.008054
v -0.181412 0.104295 -0.000000
v -0.175238 0.118633 -0.000000
v -0.175238 0.114591 -0.030704
v -0.181412 0.100741 -0.026994
v -0.175238 0.102739 -0.059316
v -0.181412 0.090322 -0.052148
v -0.175238 0.083886 -0.083886
v -0.175238 0.059316 -0.102739
v -0.181412 0.052147 -0.090322
v -0.175238 0.030704 -0.114591
v -0.175238 -0.000000 -0.118633
v -0.181412 -0.000000 -0.104295
v -0.175238 -0.030704 -0.114591
v -0.181412 -0.026994 -0.100741
v -0.175238 -0.059316 -0.102739
v -0.181412 -0.052148 -0.090322
v -0.175238 -0.083886 -0.083886
v -0.181412 -0.073748 -0.073748
v -0.175238 -0.102739 -0.059316
v -0.181412 -0.090322 -0.052147
v -0.175238 -0.114591 -0.030704
v -0.181412 -0.100741 -0.026993
v -0.175238 -0.118633 0.000000
v -0.181412 -0.104295 0.000000
v -0.175238 -0.114591 0.030704
v -0.181412 -0.100741 0.026994
v -0.175238 -0.102739 0.059316
v -0.181412 -0.090322 0.052148
v -0.175238 -0.083886 0.083886
v -0.181412 -0.073748 0.073748
v -0.175238 -0.059316 0.102739
v -0.181412 -0.052147 0.090322
v -0.175238 -0.030704 0.114591
v -0.181412 -0.026994 0.100741
v -0.175238 0.000000 0.118633
v -0.181412 0.000000 0.104295
v -0.175238 0.030704 0.114591
v -0.175238 0.059316 0.102739
v -0.181412 0.052148 0.090322
v -0.175238 0.083886 0.083886
v -0.181412 0.073748 0.073748
v -0.175238 0.102739 0.059316
v -0.181412 0.090322 0.052147
v -0.175238 0.114591 0.030704
v -0.181412 0.100741 0.026993
v -0.182083 0.092143 -0.000000
v -0.182083 0.089003 -0.023848
v -0.182083 0.079798 -0.046071
v -0.182083 0.065155 -0.065155
v -0.182083 0.046071 -0.079798
v -0.182083 0.023848 -0.089003
v -0.182083 -0.000000 -0.092143
v -0.182083 -0.023848 -0.089003
v -0.182083 -0.046071 -0.079798
v -0.182083 -0.065155 -0.065155
v -0.182083 -0.079798 -0.046071
v -0.182083 -0.089003 -0.023848
v -0.182083 -0.092143 0.000000
v -0.182083 -0.089003 0.023848
v -0.182083 -0.079798 0.046071
v -0.182083 -0.065155 0.065155
v -0.182083 -0.046071 0.079798
v -0.182083 -0.023848 0.089003
v -0.182083 0.000000 0.092143
v -0.182083 0.023848 0.089003
v -0.182083 0.046071 0.079798
v -0.182083 0.065155 0.065155
v -0.182083 0.079798 0.046071
v -0.182083 0.089003 0.023848
v -0.286926 0.051644 -0.000000
v -0.293363 0.017639 -0.000000
v -0.257972 -0.036288 0.062853
v -0.286926 0.049884 -0.013367
v -0.293363 0.017038 -0.004565
v -0.257972 -0.036288 -0.062853
v -0.286926 0.044725 -0.025822
v -0.293363 0.015275 -0.008819
v -0.268387 0.053157 -0.053157
v -0.257972 -0.053157 0.053157
v -0.280832 0.047456 -0.047456
v -0.272242 0.052621 -0.052621
v -0.286926 0.036518 -0.036518
v -0.293363 0.012472 -0.012472
v -0.212560 0.051319 -0.051320
v -0.185498 0.062463 -0.062463
v -0.196936 0.054305 -0.054305
v -0.181312 0.073300 -0.073300
v -0.268387 0.037588 -0.065104
v -0.280832 0.033556 -0.058121
v -0.272242 0.037209 -0.064447
v -0.286926 0.025822 -0.044725
v -0.293363 0.008819 -0.015275
v -0.212560 0.036288 -0.062853
v -0.185498 0.044168 -0.076501
v -0.196936 0.038400 -0.066510
v -0.268387 0.019457 -0.072614
v -0.280832 0.017370 -0.064826
v -0.272242 0.019261 -0.071882
v -0.286926 0.013366 -0.049884
v -0.293363 0.004565 -0.017038
v -0.212560 0.018784 -0.070104
v -0.185498 0.022863 -0.085326
v -0.196936 0.019877 -0.074182
v -0.181312 0.026830 -0.100130
v -0.268387 -0.000000 -0.075176
v -0.280832 -0.000000 -0.067113
v -0.272242 -0.000000 -0.074417
v -0.286926 -0.000000 -0.051644
v -0.293363 -0.000000 -0.017639
v -0.212560 -0.000000 -0.072577
v -0.185498 -0.000000 -0.088336
v -0.196936 -0.000000 -0.076799
v -0.268387 -0.019457 -0.072614
v -0.280832 -0.017370 -0.064826
v -0.272242 -0.019261 -0.071882
v -0.286926 -0.013367 -0.049884
v -0.293363 -0.004565 -0.017038
v -0.212560 -0.018784 -0.070104
v -0.185498 -0.022863 -0.085326
v -0.196936 -0.019877 -0.074182
v -0.268387 -0.037588 -0.065104
v -0.280832 -0.033556 -0.058121
v -0.272242 -0.037209 -0.064447
v -0.286926 -0.025822 -0.044725
v -0.293363 -0.008819 -0.015275
v -0.212560 -0.036288 -0.062853
v -0.185498 -0.044168 -0.076501
v -0.196936 -0.038400 -0.066510
v -0.268387 -0.053157 -0.053157
v -0.280832 -0.047456 -0.047456
v -0.272242 -0.052621 -0.052621
v -0.286926 -0.036518 -0.036518
v -0.293363 -0.012472 -0.012472
v -0.212560 -0.051320 -0.051319
v -0.185498 -0.062463 -0.062463
v -0.196936 -0.054305 -0.054305
v -0.268387 -0.065104 -0.037588
v -0.280832 -0.058121 -0.033556
v -0.272242 -0.064447 -0.037209
v -0.286926 -0.044725 -0.025822
v -0.293363 -0.015275 -0.008819
v -0.212560 -0.062853 -0.036288
v -0.185498 -0.076501 -0.044168
v -0.196936 -0.066510 -0.038400
v -0.268387 -0.072614 -0.019457
v -0.280832 -0.064826 -0.017370
v -0.272242 -0.071882 -0.019261
v -0.286926 -0.049884 -0.013366
v -0.293363 -0.017038 -0.004565
v -0.212560 -0.070104 -0.018784
v -0.185498 -0.085326 -0.022863
v -0.196936 -0.074182 -0.019877
v -0.268387 -0.075176 0.000000
v -0.280832 -0.067113 0.000000
v -0.272242 -0.074417 0.000000
v -0.286926 -0.051644 0.000000
v -0.293363 -0.017639 0.000000
v -0.212560 -0.072577 0.000000
v -0.185498 -0.088336 0.000000
v -0.196936 -0.076799 0.000000
v -0.268387 -0.072614 0.019457
v -0.280832 -0.064826 0.017370
v -0.272242 -0.071882 0.019261
v -0.286926 -0.049884 0.013367
v -0.293363 -0.017038 0.004565
v -0.212560 -0.070104 0.018784
v -0.185498 -0.085326 0.022863
v -0.196936 -0.074182 0.019877
v -0.268387 -0.065104 0.037588
v -0.280832 -0.058121 0.033556
v -0.272242 -0.064447 0.037209
v -0.286926 -0.044725 0.025822
v -0.293363 -0.015275 0.008819
v -0.212560 -0.062853 0.036288
v -0.185498 -0.076501 0.044168
v -0.196936 -0.066510 0.038400
v -0.268387 -0.053157 0.053157
v -0.280832 -0.047456 0.047456
v -0.272242 -0.052621 0.052621
v -0.286926 -0.036518 0.036518
v -0.293363 -0.012472 0.012472
v -0.212560 -0.051320 0.051320
v -0.185498 -0.062463 0.062463
v -0.196936 -0.054305 0.054305
v -0.268387 -0.037588 0.065104
v -0.280832 -0.033556 0.058121
v -0.272242 -0.037209 0.064447
v -0.286926 -0.025822 0.044725
v -0.293363 -0.008819 0.015275
v -0.212560 -0.036288 0.062853
v -0.185498 -0.044168 0.076501
v -0.196936 -0.038400 0.066510
v -0.268387 -0.019457 0.072614
v -0.280832 -0.017370 0.064826
v -0.272242 -0.019261 0.071882
v -0.286926 -0.013366 0.049884
v -0.293363 -0.004565 0.017038
v -0.212560 -0.018784 0.070104
v -0.185498 -0.022863 0.085326
v -0.196936 -0.019877 0.074182
v -0.268387 0.000000 0.075176
v -0.280832 0.000000 0.067113
v -0.272242 0.000000 0.074417
v -0.286926 0.000000 0.051644
v -0.293363 0.000000 0.017639
v -0.212560 0.000000 0.072577
v -0.185498 0.000000 0.088335
v -0.196936 0.000000 0.076799
v -0.268387 0.019457 0.072614
v -0.280832 0.017370 0.064826
v -0.272242 0.019261 0.071882
v -0.286926 0.013366 0.049884
v -0.293363 0.004565 0.017038
v -0.212560 0.018784 0.070104
v -0.185498 0.022863 0.085326
v -0.196936 0.019877 0.074182
v -0.181312 0.026830 0.100130
v -0.268387 0.037588 0.065104
v -0.280832 0.033556 0.058121
v -0.272242 0.037209 0.064447
v -0.286926 0.025822 0.044725
v -0.293363 0.008819 0.015275
v -0.212560 0.036288 0.062853
v -0.185498 0.044168 0.076501
v -0.196936 0.038400 0.066510
v -0.268387 0.053157 0.053157
v -0.280832 0.047456 0.047456
v -0.272242 0.052621 0.052621
v -0.286926 0.036518 0.036518
v -0.293363 0.012472 0.012472
v -0.212560 0.051320 0.051319
v -0.185498 0.062463 0.062463
v -0.196936 0.054305 0.054305
v -0.286926 0.044725 0.025822
v -0.293363 0.015275 0.008819
v -0.286926 0.049884 0.013366
v -0.293363 0.017038 0.004565
v -0.185498 0.072396 -0.049518
v -0.196936 0.060859 -0.045764
v -0.212560 0.056637 -0.044390
v -0.181312 0.086779 -0.055734
v -0.185498 0.072396 0.049518
v -0.196936 0.060859 0.045764
v -0.212560 0.056637 0.044390
v -0.181312 0.086779 0.055734
v -0.257972 0.053157 -0.053157
v -0.257972 -0.019457 0.072614
v -0.257972 -0.053157 -0.053157
v -0.257972 -0.037588 0.065104
v -0.257972 0.000000 0.075176
v -0.257972 -0.037588 -0.065104
v -0.257972 -0.065104 -0.037588
v -0.257972 -0.019457 -0.072614
v -0.257972 -0.065104 0.037588
v -0.257972 -0.000000 -0.075176
v -0.257972 0.053157 0.053157
v -0.257972 -0.072614 0.019457
v -0.257972 0.019457 -0.072614
v -0.257972 -0.072614 -0.019457
v -0.257972 0.037588 0.065104
v -0.257972 -0.075176 0.000000
v -0.257972 0.037588 -0.065104
v -0.257972 0.019457 0.072614
v -0.257972 -0.051320 -0.051319
v -0.257972 -0.018784 0.070104
v -0.257972 0.051319 -0.051320
v -0.257972 -0.062853 -0.036288
v -0.257972 0.000000 0.072577
v -0.257972 -0.070104 -0.018784
v -0.257972 0.018784 0.070104
v -0.257972 0.036288 -0.062853
v -0.257972 -0.072577 0.000000
v -0.257972 0.036288 0.062853
v -0.257972 0.018784 -0.070104
v -0.257972 -0.070104 0.018784
v -0.257972 0.051320 0.051319
v -0.257972 -0.000000 -0.072577
v -0.257972 -0.062853 0.036288
v -0.257972 0.056637 -0.044390
v -0.257972 -0.018784 -0.070104
v -0.257972 -0.051320 0.051320
v -0.277600 0.058665 -0.031884
v -0.280831 0.056522 -0.034460
v -0.257972 0.058665 0.042964
v -0.257972 0.056689 0.048555
v -0.257972 0.056676 0.044421
v -0.277600 0.058665 0.031884
v -0.281061 0.055785 0.034515
v -0.280341 0.058665 -0.015393
v -0.284496 0.055843 -0.014963
v -0.281140 0.058665 -0.000000
v -0.285271 0.055843 -0.000000
v -0.268387 0.058665 -0.042964
v -0.268387 0.056683 -0.048563
v -0.270358 0.058665 -0.042181
v -0.272242 0.056667 -0.047348
v -0.270358 0.058665 0.042181
v -0.272242 0.056667 0.047348
v -0.268387 0.058665 0.042964
v -0.268387 0.056683 0.048563
v -0.280341 0.058665 0.015393
v -0.284496 0.055843 0.014963
v -0.257972 0.056689 -0.048555
v -0.257972 0.058665 -0.042964
v -0.212560 0.056637 -0.040252
v -0.226677 0.056637 -0.040252
v -0.181312 0.086779 -0.040252
v -0.185498 0.072396 -0.040252
v -0.196936 0.060859 -0.040252
v -0.226677 0.056637 0.040252
v -0.212560 0.056637 0.040252
v -0.181312 0.086779 0.040252
v -0.185498 0.072396 0.040252
v -0.196936 0.060859 0.040252
v -0.226677 -0.031501 -0.040252
v -0.181312 -0.031501 -0.040252
v -0.226677 -0.031501 0.040252
v -0.181312 -0.031501 0.040252
v -0.068767 -0.092403 -0.118243
v -0.077236 -0.097504 -0.120503
v -0.083935 -0.101574 -0.119217
v -0.093291 -0.111654 -0.111432
v -0.057144 -0.086550 -0.088978
v -0.059208 -0.080860 -0.101249
v -0.063251 -0.086628 -0.112310
v -0.095165 -0.119467 -0.101249
v -0.091817 -0.127617 -0.090628
v -0.083995 -0.136724 -0.078644
v -0.057607 -0.095753 -0.080030
v -0.064187 -0.127820 -0.067731
v -0.068736 -0.133579 -0.069586
v -0.074798 -0.136779 -0.071919
v -0.054802 -0.122500 -0.106884
v -0.050731 -0.120178 -0.095571
v -0.054802 -0.122500 -0.084257
v -0.064629 -0.128105 -0.079571
v -0.074457 -0.133710 -0.084257
v -0.078528 -0.136032 -0.095571
v -0.074457 -0.133710 -0.106884
v -0.064629 -0.128105 -0.111571
v -0.045634 -0.139301 -0.106884
v -0.041470 -0.137151 -0.095571
v -0.045634 -0.139301 -0.084257
v -0.055686 -0.144494 -0.079571
v -0.065738 -0.149686 -0.084257
v -0.069901 -0.151837 -0.095571
v -0.065738 -0.149686 -0.106884
v -0.055686 -0.144494 -0.111571
v -0.039784 -0.151286 -0.106884
v -0.035539 -0.149300 -0.095571
v -0.039783 -0.151286 -0.084257
v -0.050032 -0.156079 -0.079571
v -0.060280 -0.160872 -0.084257
v -0.064525 -0.162857 -0.095571
v -0.060280 -0.160872 -0.106884
v -0.050032 -0.156079 -0.111571
v -0.035536 -0.160774 -0.106884
v -0.031224 -0.158939 -0.095571
v -0.035536 -0.160774 -0.084257
v -0.045947 -0.165203 -0.079571
v -0.056358 -0.169632 -0.084257
v -0.060670 -0.171466 -0.095571
v -0.056358 -0.169632 -0.106884
v -0.045947 -0.165203 -0.111571
v -0.029436 -0.175949 -0.106884
v -0.024987 -0.174475 -0.095571
v -0.029436 -0.175949 -0.084257
v -0.040176 -0.179507 -0.079571
v -0.050915 -0.183065 -0.084257
v -0.055364 -0.184539 -0.095571
v -0.050915 -0.183065 -0.106884
v -0.040176 -0.179507 -0.111571
v -0.023628 -0.198183 -0.106884
v -0.019010 -0.197384 -0.095571
v -0.023628 -0.198183 -0.084257
v -0.034776 -0.200112 -0.079571
v -0.045924 -0.202041 -0.084257
v -0.050542 -0.202840 -0.095571
v -0.045924 -0.202041 -0.106884
v -0.034776 -0.200112 -0.111571
v -0.053736 -0.131046 -0.095571
v -0.021076 -0.227665 -0.106884
v -0.032389 -0.227665 -0.111571
v -0.016389 -0.227665 -0.095571
v -0.021076 -0.227665 -0.084257
v -0.032389 -0.227665 -0.079571
v -0.043703 -0.227665 -0.084257
v -0.048389 -0.227665 -0.095571
v -0.043703 -0.227665 -0.106884
v -0.083057 0.114010 -0.108047
v -0.083609 0.112072 -0.110770
v -0.083614 0.111507 -0.111507
v -0.082346 0.120713 -0.099057
v -0.082346 0.129389 -0.087750
v -0.139972 0.111557 -0.111557
v -0.140290 0.121149 -0.099057
v -0.143291 0.129315 -0.088415
v -0.139632 0.114013 -0.108357
v -0.083624 0.107925 -0.114259
v -0.083675 0.096033 -0.123398
v -0.083935 0.083350 -0.133202
v -0.083708 0.089426 -0.128477
v -0.138546 0.078883 -0.136629
v -0.084098 0.078883 -0.136629
v -0.139012 0.107925 -0.114344
v -0.137234 0.040833 -0.152390
v -0.084118 0.077004 -0.137408
v -0.135277 -0.002492 -0.157438
v -0.087369 -0.002492 -0.157438
v -0.085721 0.024067 -0.154597
v -0.136916 0.024067 -0.154597
v -0.134515 -0.040833 -0.152390
v -0.088122 -0.040833 -0.152390
v -0.088261 -0.032668 -0.154905
v -0.134376 -0.032668 -0.154905
v -0.130979 -0.078883 -0.136629
v -0.091590 -0.078883 -0.136629
v -0.089445 -0.057488 -0.145491
v -0.133192 -0.057488 -0.145491
v -0.127793 -0.094804 -0.125597
v -0.124154 -0.105986 -0.115575
v -0.094852 -0.094761 -0.125657
v -0.098461 -0.106078 -0.115664
v -0.111276 -0.100712 -0.127629
v -0.100625 -0.223346 -0.102262
v -0.098386 -0.131572 -0.098315
v -0.093115 -0.223346 -0.115040
v -0.088578 -0.131572 -0.115005
v -0.100426 -0.223346 -0.127932
v -0.098127 -0.131572 -0.131844
v -0.115247 -0.223346 -0.128047
v -0.117485 -0.131572 -0.131994
v -0.122756 -0.223346 -0.115269
v -0.127294 -0.131572 -0.115304
v -0.115445 -0.223346 -0.102377
v -0.117744 -0.131572 -0.098465
v -0.098386 -0.147099 -0.098315
v -0.088578 -0.147099 -0.115005
v -0.098127 -0.147099 -0.131844
v -0.117485 -0.147099 -0.131994
v -0.127294 -0.147099 -0.115304
v -0.117744 -0.147099 -0.098465
v -0.093115 -0.147099 -0.115040
v -0.100426 -0.147099 -0.127932
v -0.115247 -0.147099 -0.128047
v -0.122756 -0.147099 -0.115269
v -0.115445 -0.147099 -0.102377
v -0.100625 -0.147099 -0.102262
v -0.135128 -0.161937 -0.125826
v -0.138983 -0.092750 -0.114537
v -0.135128 -0.161937 -0.080926
v -0.138983 -0.092750 -0.045349
v -0.090091 -0.161937 -0.125826
v -0.086236 -0.092750 -0.067754
v -0.090091 -0.161937 -0.080926
v -0.086236 -0.092750 -0.045349
v -0.089444 -0.150331 -0.125826
v -0.128827 -0.092750 -0.114537
v -0.126854 -0.150331 -0.147192
v -0.128827 -0.092750 -0.067754
v -0.126456 -0.161937 -0.147192
v -0.135775 -0.150332 -0.074958
v -0.089444 -0.150332 -0.074958
v -0.135775 -0.150332 -0.138314
v -0.135750 -0.149164 -0.109593
v -0.126854 -0.150331 -0.138314
v -0.126854 -0.150331 -0.123241
v -0.135128 -0.161937 -0.137873
v -0.090091 -0.161937 -0.137873
v -0.097214 -0.161937 -0.147192
v -0.096568 -0.150331 -0.147192
v -0.089444 -0.150331 -0.137873
v -0.135862 -0.137474 -0.125396
v -0.136738 -0.120187 -0.117208
v -0.127446 -0.120187 -0.117208
v -0.126907 -0.137474 -0.125396
v -0.126896 -0.140159 -0.120677
v -0.089151 -0.145075 -0.087012
v -0.089444 -0.150332 -0.094549
v -0.126854 -0.150331 -0.094549
v -0.127034 -0.145075 -0.087012
v -0.135128 -0.161937 0.125826
v -0.138983 -0.092750 0.114537
v -0.135128 -0.161937 0.080926
v -0.138983 -0.092750 0.045349
v -0.090091 -0.161937 0.125826
v -0.086236 -0.092750 0.067754
v -0.090091 -0.161937 0.080926
v -0.086236 -0.092750 0.045349
v -0.089444 -0.150331 0.137873
v -0.128827 -0.092750 0.114537
v -0.127753 -0.150331 0.147192
v -0.128827 -0.092750 0.067754
v -0.127231 -0.161937 0.147192
v -0.135775 -0.150332 0.074958
v -0.089444 -0.150332 0.074958
v -0.135775 -0.150332 0.138314
v -0.135750 -0.148941 0.112759
v -0.126854 -0.150331 0.138314
v -0.126854 -0.150331 0.123242
v -0.135128 -0.161937 0.137873
v -0.090091 -0.161937 0.137873
v -0.097214 -0.161937 0.147192
v -0.096568 -0.150331 0.147192
v -0.135862 -0.137474 0.125396
v -0.136738 -0.120187 0.117208
v -0.127446 -0.120187 0.117208
v -0.126907 -0.137474 0.125396
v -0.126896 -0.140159 0.120677
v -0.089151 -0.145075 0.087012
v -0.089444 -0.150332 0.094549
v -0.126854 -0.150331 0.094549
v -0.127034 -0.145075 0.087012
v 0.095937 -0.163967 0.043984
v 0.095937 -0.163967 -0.043984
v 0.161532 -0.163967 0.043984
v 0.162854 -0.104296 0.043984
v 0.161532 -0.163967 -0.043984
v 0.162854 -0.104296 -0.043984
v 0.146085 -0.163967 -0.043985
v 0.151626 -0.104296 -0.043984
v 0.146085 -0.163967 0.043984
v 0.151626 -0.104296 0.043984
v 0.136523 -0.163967 -0.043985
v 0.136523 -0.145878 0.043984
v 0.136523 -0.145878 -0.043985
v 0.136523 -0.163967 0.043984
v 0.143525 -0.142005 -0.043984
v 0.141304 -0.163967 0.043984
v 0.141304 -0.163967 -0.043984
v 0.143525 -0.142005 0.043984
v 0.095937 -0.161487 0.043984
v 0.095937 -0.161487 -0.043984
v 0.162854 -0.148850 -0.043984
v 0.162854 -0.148850 0.043984
v 0.168775 -0.107800 0.043984
v 0.168775 -0.107800 -0.043985
v 0.168775 -0.145346 -0.043985
v 0.168775 -0.145346 0.043984
v 0.225027 -0.104628 0.043984
v 0.225027 -0.104628 -0.043984
v 0.225027 -0.144720 -0.043984
v 0.225027 -0.144720 0.043984
v 0.162854 -0.155785 -0.022798
v 0.162854 -0.155785 0.022798
v 0.168775 -0.152281 -0.022798
v 0.168775 -0.152281 0.022798
v 0.225027 -0.149109 -0.022798
v 0.225027 -0.149109 0.022798
v 0.104678 -0.145878 0.043984
v 0.095937 -0.154619 0.043984
v 0.095937 -0.154619 -0.043984
v 0.104678 -0.145878 -0.043984
v 0.162854 -0.155785 -0.000000
v 0.168775 -0.152281 -0.000000
v 0.225027 -0.151598 -0.000000
v 0.122475 -0.218429 -0.014821
v 0.122475 -0.126655 -0.019359
v 0.135310 -0.218429 -0.007411
v 0.139240 -0.126655 -0.009679
v 0.135310 -0.218429 0.007411
v 0.139240 -0.126655 0.009679
v 0.122475 -0.218429 0.014821
v 0.122475 -0.126655 0.019359
v 0.109639 -0.218429 0.007411
v 0.105710 -0.126655 0.009679
v 0.109639 -0.218429 -0.007411
v 0.105710 -0.126655 -0.009679
v 0.122475 -0.142182 -0.019359
v 0.139240 -0.142182 -0.009679
v 0.139240 -0.142182 0.009679
v 0.122475 -0.142182 0.019359
v 0.105710 -0.142182 0.009679
v 0.105710 -0.142182 -0.009679
v 0.135310 -0.142182 -0.007411
v 0.135310 -0.142182 0.007411
v 0.122475 -0.142182 0.014821
v 0.109639 -0.142182 0.007411
v 0.109639 -0.142182 -0.007411
v 0.122475 -0.142182 -0.014821
v -0.107936 -0.218429 0.100334
v -0.107936 -0.126655 0.095796
v -0.095100 -0.218429 0.107744
v -0.091171 -0.126655 0.105475
v -0.095100 -0.218429 0.122565
v -0.091171 -0.126655 0.124834
v -0.107936 -0.218429 0.129976
v -0.107936 -0.126655 0.134513
v -0.120771 -0.218429 0.122565
v -0.124701 -0.126655 0.124834
v -0.120771 -0.218429 0.107744
v -0.124701 -0.126655 0.105475
v -0.107936 -0.142182 0.095796
v -0.091171 -0.142182 0.105475
v -0.091171 -0.142182 0.124834
v -0.107936 -0.142182 0.134513
v -0.124701 -0.142182 0.124834
v -0.124701 -0.142182 0.105475
v -0.095100 -0.142182 0.107744
v -0.095100 -0.142182 0.122565
v -0.107936 -0.142182 0.129976
v -0.120771 -0.142182 0.122565
v -0.120771 -0.142182 0.107744
v -0.107936 -0.142182 0.100334
v 0.071341 0.016200 -0.004325
v -0.265436 0.016202 -0.004327
v 0.071341 0.004354 -0.016192
v -0.265436 0.004353 -0.016195
v 0.071341 -0.011846 -0.011867
v -0.265436 -0.011848 -0.011868
v 0.071341 -0.016200 0.004325
v -0.265436 -0.016202 0.004327
v 0.071341 -0.004354 0.016192
v -0.265436 -0.004353 0.016195
v 0.071341 0.011846 0.011867
v -0.265436 0.011848 0.011868
vn 0.0001 1.0000 -0.0014
vn 0.0001 0.9656 -0.2602
vn 0.0001 0.9655 -0.2602
vn 0.0001 1.0000 -0.0015
vn -0.0000 1.0000 0.0005
vn -0.0000 0.9661 -0.2583
vn 0.2473 0.9689 -0.0017
vn 0.6801 0.7332 -0.0012
vn 0.6801 0.7079 -0.1910
vn 0.2473 0.9355 -0.2524
vn -1.0000 0.0005 -0.0000
vn -0.9623 0.2718 -0.0004
vn -0.9623 0.2625 -0.0708
vn -1.0000 0.0005 -0.0001
vn 0.8487 0.5288 -0.0009
vn 0.8487 0.5106 -0.1377
vn -0.7381 0.6747 -0.0010
vn -0.7381 0.6747 -0.0011
vn -0.7381 0.6514 -0.1756
vn -0.7708 0.6153 0.1649
vn -0.7708 0.6370 -0.0000
vn -0.8879 0.4601 -0.0000
vn -0.8879 0.4444 0.1191
vn -0.0000 0.9655 -0.2605
vn -0.0000 1.0000 -0.0017
vn 1.0000 -0.0003 -0.0000
vn 1.0000 -0.0003 0.0001
vn -0.6187 0.7856 -0.0013
vn -0.6187 0.7585 -0.2046
vn -0.7979 0.5820 -0.1570
vn -0.7979 0.6028 -0.0010
vn -0.0000 1.0000 0.0006
vn -0.2825 0.9593 -0.0000
vn -0.2825 0.9266 -0.2483
vn -0.4862 0.8441 -0.2262
vn -0.4862 0.8739 -0.0000
vn -0.5175 0.8557 -0.0015
vn -0.5175 0.8262 -0.2229
vn 0.7105 0.7037 0.0003
vn 0.7105 0.6798 -0.1819
vn 0.3740 0.8959 -0.2397
vn 0.3740 0.9274 0.0003
vn -0.7708 0.6153 -0.1649
vn -0.3167 0.9485 0.0003
vn -0.3167 0.9163 -0.2452
vn -0.8225 0.5494 -0.1470
vn -0.8225 0.5687 0.0002
vn -0.9028 -0.3725 0.2151
vn -0.9028 -0.3042 0.3041
vn -0.7963 -0.4277 0.4277
vn -0.7963 -0.5238 0.3024
vn -0.9925 0.1219 -0.0001
vn -0.9925 0.1178 -0.0316
vn -0.8941 0.4326 -0.1159
vn -0.8941 0.4479 -0.0000
vn 0.8802 0.4745 -0.0000
vn 0.8805 0.4579 -0.1225
vn 0.6711 0.7161 -0.1919
vn 0.6711 0.7413 -0.0000
vn -0.7682 0.6402 0.0002
vn -0.7682 0.6184 -0.1655
vn -0.9672 0.2454 -0.0656
vn -0.9672 0.2541 0.0001
vn 0.3778 0.8943 -0.2396
vn 0.3778 0.9259 -0.0000
vn -0.9141 0.4056 -0.0004
vn -0.7127 0.7015 -0.0008
vn -0.7127 0.6774 -0.1823
vn -0.9141 0.3917 -0.1054
vn 1.0000 -0.0000 -0.0000
vn 0.1075 0.9736 -0.2014
vn 0.1069 0.9943 -0.0000
vn -0.0000 1.0000 0.0004
vn -0.0000 0.9660 -0.2584
vn -0.0597 0.9726 -0.2249
vn -0.0000 1.0000 -0.0000
vn -0.8014 0.5981 -0.0007
vn -0.8014 0.5776 -0.1555
vn -0.3842 0.8915 -0.2399
vn -0.3842 0.9233 -0.0010
vn 0.6943 0.7197 -0.0012
vn 0.9781 0.2082 -0.0004
vn 0.9781 0.2010 -0.0543
vn 0.6943 0.6948 -0.1874
vn 0.6499 0.7600 -0.0000
vn 0.6501 0.7340 -0.1967
vn 0.6500 0.7340 -0.1967
vn 0.6501 0.7599 -0.0000
vn -0.8791 0.4766 -0.0007
vn -0.8791 0.4602 -0.1240
vn 0.1937 0.9811 -0.0016
vn 0.1937 0.9472 -0.2555
vn 0.9508 0.3098 -0.0000
vn 0.9507 0.2995 -0.0802
vn -0.0000 1.0000 -0.0011
vn -0.0000 0.9656 -0.2598
vn -0.0000 0.9655 -0.2604
vn -0.2825 0.8308 -0.4796
vn -0.4862 0.7568 -0.4369
vn -0.5175 0.7403 -0.4291
vn -0.6187 0.6797 -0.3940
vn 0.7105 0.6095 -0.3516
vn 0.3740 0.8033 -0.4634
vn -0.7708 0.5517 -0.3185
vn -0.7979 0.5216 -0.3023
vn -0.9623 0.2352 -0.1363
vn -0.3167 0.8216 -0.4740
vn -0.8225 0.4926 -0.2842
vn -0.9028 -0.2151 0.3725
vn -0.9028 -0.1114 0.4155
vn -0.7963 -0.1566 0.5842
vn -0.7963 -0.3024 0.5238
vn -0.9925 0.1056 -0.0610
vn -0.8941 0.3879 -0.2240
vn 0.8802 0.4111 -0.2374
vn 0.6711 0.6420 -0.3707
vn -0.7682 0.5545 -0.3199
vn -0.9672 0.2201 -0.1269
vn 0.3785 0.8016 -0.4628
vn -0.7127 0.6071 -0.3514
vn -0.9141 0.3511 -0.2031
vn 0.0500 0.8181 -0.5729
vn -0.0000 0.8662 -0.4996
vn -0.0000 0.9239 -0.3827
vn -0.8014 0.5176 -0.2997
vn -0.3842 0.7991 -0.4625
vn 0.9781 0.1801 -0.1044
vn 0.6943 0.6226 -0.3609
vn 0.6500 0.6581 -0.3799
vn 0.6501 0.6581 -0.3799
vn -0.8791 0.4124 -0.2389
vn 0.1937 0.8488 -0.4919
vn 0.9507 0.2686 -0.1550
vn -0.0000 0.8655 -0.5009
vn -0.0000 0.8652 -0.5014
vn 0.0001 0.8653 -0.5012
vn 0.0001 0.8653 -0.5013
vn -0.0000 0.8663 -0.4995
vn 0.6801 0.6343 -0.3677
vn 0.2473 0.8383 -0.4859
vn -1.0000 0.0004 -0.0002
vn 0.8487 0.4575 -0.2652
vn -0.7381 0.5837 -0.3382
vn -0.7381 0.5838 -0.3382
vn -0.8879 0.3984 -0.2301
vn -0.8879 0.4444 -0.1191
vn -0.0000 0.8652 -0.5015
vn 1.0000 -0.0003 0.0002
vn -0.3842 0.6521 -0.6535
vn -0.0000 0.7064 -0.7079
vn 0.1937 0.6926 -0.6949
vn -0.0000 0.7059 -0.7083
vn 0.0001 0.7061 -0.7081
vn -0.0000 0.7075 -0.7067
vn 0.6801 0.5175 -0.5193
vn 0.2473 0.6840 -0.6863
vn -0.9623 0.1919 -0.1925
vn -1.0000 0.0003 -0.0003
vn 0.8487 0.3733 -0.3745
vn -0.7381 0.4763 -0.4778
vn -0.7708 0.4505 -0.4505
vn -0.8879 0.3254 -0.3254
vn 1.0000 -0.0002 0.0002
vn -0.6187 0.5546 -0.5565
vn -0.7979 0.4256 -0.4270
vn -0.2825 0.6783 -0.6783
vn -0.4862 0.6179 -0.6179
vn -0.5175 0.6040 -0.6061
vn 0.7105 0.4978 -0.4974
vn 0.3740 0.6560 -0.6556
vn -0.3167 0.6709 -0.6705
vn -0.8225 0.4023 -0.4020
vn -0.9028 -0.0000 0.4302
vn -0.7963 -0.0000 0.6048
vn -0.9925 0.0862 -0.0863
vn -0.8941 0.3167 -0.3167
vn 0.8803 0.3353 -0.3356
vn 0.6711 0.5242 -0.5242
vn -0.7682 0.4528 -0.4525
vn -0.9672 0.1797 -0.1795
vn 0.3785 0.6545 -0.6546
vn -0.7127 0.4955 -0.4966
vn -0.9141 0.2865 -0.2871
vn 0.2144 0.6909 -0.6904
vn 0.1067 0.7031 -0.7031
vn 0.1541 0.7839 -0.6015
vn 0.2127 0.7752 -0.5948
vn 0.2129 0.7752 -0.5948
vn 0.2128 0.7752 -0.5948
vn 0.1749 0.7811 -0.5994
vn 0.2158 0.6901 -0.6907
vn 0.2126 0.7752 -0.5948
vn -0.0000 0.7074 -0.7068
vn -0.0077 0.7104 -0.7038
vn -0.0074 0.7068 -0.7074
vn -0.0150 0.7889 -0.6143
vn -0.0145 0.7928 -0.6093
vn -0.0153 0.7951 -0.6062
vn -0.0146 0.7927 -0.6094
vn -0.0148 0.7927 -0.6094
vn -0.0000 0.7933 -0.6088
vn 0.0001 0.7034 -0.7108
vn 0.0002 0.7934 -0.6088
vn -0.0002 0.7934 -0.6088
vn 0.0002 0.7931 -0.6091
vn 0.0001 0.7934 -0.6087
vn 0.0002 0.7938 -0.6082
vn -0.8014 0.4224 -0.4235
vn 0.9781 0.1469 -0.1475
vn 0.6943 0.5080 -0.5097
vn 0.6495 0.5373 -0.5379
vn 0.6500 0.5373 -0.5374
vn -0.8791 0.3365 -0.3375
vn 0.9507 0.2191 -0.2193
vn 0.8804 0.2371 -0.4107
vn 0.6711 0.3707 -0.6420
vn -0.8941 0.2239 -0.3879
vn -0.7682 0.3203 -0.5543
vn -0.8225 0.2845 -0.4924
vn -0.9672 0.1271 -0.2200
vn 0.3778 0.4629 -0.8018
vn -0.7127 0.3501 -0.6079
vn -0.9141 0.2025 -0.3515
vn 0.2127 0.5948 -0.7752
vn 0.0020 0.6088 -0.7934
vn 0.1069 0.4971 -0.8611
vn 0.2108 0.5951 -0.7755
vn -0.9925 0.0609 -0.1056
vn -0.0000 0.5004 -0.8658
vn 0.0119 0.4230 -0.9061
vn -0.0000 0.5000 -0.8660
vn -0.0000 0.6088 -0.7934
vn -0.0000 0.5014 -0.8652
vn 0.0001 0.5015 -0.8652
vn -0.0000 0.4986 -0.8668
vn -0.8014 0.2984 -0.5184
vn -0.3842 0.4608 -0.8000
vn 0.9781 0.1038 -0.1805
vn 0.6943 0.3588 -0.6239
vn 0.6502 0.3799 -0.6580
vn 0.6501 0.3799 -0.6581
vn -0.8791 0.2377 -0.4131
vn 0.1937 0.4891 -0.8504
vn 0.9510 0.1546 -0.2677
vn -0.0000 0.4991 -0.8666
vn -0.0000 0.4986 -0.8669
vn 0.0001 0.4988 -0.8667
vn 0.0001 0.4987 -0.8668
vn -0.0000 0.5005 -0.8658
vn 0.6801 0.3655 -0.6356
vn 0.2473 0.4830 -0.8399
vn -0.9623 0.1355 -0.2356
vn -1.0000 0.0002 -0.0004
vn 0.8487 0.2636 -0.4584
vn -0.7381 0.3364 -0.5848
vn -0.7381 0.3365 -0.5848
vn -0.7708 0.3185 -0.5517
vn -0.8879 0.2301 -0.3985
vn -0.0000 0.4985 -0.8669
vn 1.0000 -0.0002 0.0003
vn -0.6187 0.3917 -0.6811
vn -0.7979 0.3005 -0.5226
vn -0.0000 0.5005 -0.8657
vn -0.2825 0.4796 -0.8308
vn -0.4862 0.4369 -0.7568
vn -0.5175 0.4266 -0.7418
vn 0.7105 0.3521 -0.6093
vn 0.3740 0.4640 -0.8030
vn -0.3167 0.4745 -0.8213
vn -0.9028 0.1113 0.4155
vn -0.7963 0.1565 0.5842
vn -0.7708 0.1649 -0.6153
vn -0.8879 0.1191 -0.4444
vn 0.2473 0.2492 -0.9363
vn -0.0000 0.2572 -0.9664
vn 1.0000 -0.0001 0.0003
vn -0.6187 0.2021 -0.7592
vn -0.7979 0.1551 -0.5826
vn -0.0000 0.2594 -0.9658
vn -0.2825 0.2483 -0.9266
vn -0.4862 0.2262 -0.8441
vn -0.5175 0.2201 -0.8269
vn 0.7105 0.1824 -0.6796
vn 0.3740 0.2403 -0.8957
vn -0.9623 0.0699 -0.2627
vn -0.3167 0.2458 -0.9161
vn -0.8225 0.1474 -0.5493
vn -0.9028 0.2151 0.3725
vn -0.7963 0.3024 0.5238
vn -0.9925 0.0315 -0.1178
vn -0.8941 0.1159 -0.4326
vn 0.8803 0.1228 -0.4583
vn 0.6711 0.1919 -0.7161
vn -0.7682 0.1659 -0.6183
vn -0.9672 0.0659 -0.2454
vn 0.3778 0.2396 -0.8943
vn -0.7127 0.1808 -0.6778
vn -0.9141 0.1046 -0.3919
vn 0.0728 0.2567 -0.9637
vn -0.0000 0.2592 -0.9658
vn -0.0000 0.2529 -0.9675
vn -0.0000 0.2588 -0.9659
vn -0.0000 0.3827 -0.9239
vn -0.0001 0.3827 -0.9239
vn -0.0000 0.2643 -0.9644
vn 0.0003 0.3829 -0.9238
vn -0.0000 0.2644 -0.9644
vn -0.8014 0.1541 -0.5780
vn -0.3842 0.2380 -0.8920
vn 0.9781 0.0535 -0.2012
vn 0.6943 0.1851 -0.6955
vn 0.6502 0.1966 -0.7338
vn 0.6500 0.1967 -0.7340
vn -0.8791 0.1227 -0.4605
vn 0.1937 0.2524 -0.9481
vn 0.9506 0.0803 -0.2998
vn -0.0000 0.2578 -0.9662
vn 0.0001 0.2574 -0.9663
vn -0.0000 0.2593 -0.9658
vn 0.6801 0.1886 -0.7085
vn -1.0000 0.0001 -0.0005
vn 0.8487 0.1360 -0.5110
vn -0.7381 0.1736 -0.6519
vn -0.0555 -0.1012 -0.9933
vn -0.0314 -0.0005 -0.9995
vn -0.0000 0.1305 -0.9914
vn 0.1471 -0.0010 -0.9891
vn 0.0831 -0.0016 -0.9965
vn -0.0002 0.1305 -0.9914
vn 0.0010 -0.0927 -0.9957
vn 0.0005 0.0018 -1.0000
vn -0.8014 -0.0007 -0.5981
vn -0.3842 -0.0010 -0.9233
vn 0.9781 -0.0004 -0.2082
vn 0.6943 -0.0012 -0.7197
vn 0.6500 -0.0000 -0.7600
vn 0.6501 -0.0000 -0.7598
vn -0.8791 -0.0007 -0.4766
vn 0.1937 -0.0016 -0.9811
vn 0.9510 -0.0000 -0.3091
vn 0.8804 -0.0000 -0.4742
vn -0.0000 -0.0011 -1.0000
vn -0.0000 -0.0017 -1.0000
vn 0.0001 -0.0014 -1.0000
vn 0.0001 -0.0015 -1.0000
vn -0.0000 0.0005 -1.0000
vn 0.6801 -0.0012 -0.7332
vn 0.2473 -0.0017 -0.9689
vn -0.9623 -0.0004 -0.2718
vn -1.0000 -0.0000 -0.0005
vn 0.8487 -0.0009 -0.5288
vn -0.7381 -0.0011 -0.6747
vn -0.7381 -0.0010 -0.6747
vn -0.7708 -0.0000 -0.6370
vn -0.8879 -0.0000 -0.4601
vn 1.0000 -0.0000 0.0003
vn -0.6187 -0.0013 -0.7856
vn -0.7979 -0.0010 -0.6028
vn -0.0000 0.0006 -1.0000
vn -0.2825 -0.0000 -0.9593
vn -0.4862 -0.0000 -0.8739
vn -0.5175 -0.0015 -0.8557
vn 0.7105 0.0003 -0.7037
vn 0.3740 0.0003 -0.9274
vn -0.3167 0.0003 -0.9485
vn -0.8225 0.0002 -0.5687
vn -0.9028 0.3041 0.3042
vn -0.7963 0.4277 0.4277
vn -0.9925 -0.0001 -0.1219
vn -0.8941 -0.0000 -0.4479
vn 0.6711 -0.0000 -0.7413
vn -0.7682 0.0002 -0.6402
vn -0.9672 0.0001 -0.2541
vn 0.3778 -0.0000 -0.9259
vn -0.7127 -0.0008 -0.7015
vn -0.9141 -0.0004 -0.4056
vn -0.0000 0.0004 -1.0000
vn -0.4862 -0.2262 -0.8441
vn -0.7708 -0.1649 -0.6153
vn -0.7979 -0.1570 -0.5820
vn -0.9623 -0.0708 -0.2625
vn -0.3167 -0.2452 -0.9163
vn -0.8225 -0.1470 -0.5494
vn -0.9028 0.3725 0.2151
vn -0.7963 0.5238 0.3024
vn -0.9925 -0.0316 -0.1178
vn -0.8941 -0.1159 -0.4326
vn 0.3740 -0.2397 -0.8959
vn 0.8804 -0.1227 -0.4580
vn 0.6711 -0.1919 -0.7161
vn -0.7682 -0.1655 -0.6184
vn -0.9672 -0.0656 -0.2454
vn 0.3778 -0.2396 -0.8943
vn -0.7127 -0.1823 -0.6774
vn -0.9141 -0.1054 -0.3917
vn 0.1476 -0.2573 -0.9550
vn -0.0000 -0.2584 -0.9660
vn -0.0373 -0.2618 -0.9644
vn -0.0380 -0.2595 -0.9650
vn -0.0753 -0.1316 -0.9884
vn 0.0797 -0.2630 -0.9615
vn 0.1603 -0.1334 -0.9780
vn -0.0000 -0.2562 -0.9666
vn 0.0009 -0.1300 -0.9915
vn 0.0009 -0.1299 -0.9915
vn -0.8014 -0.1555 -0.5776
vn -0.3842 -0.2399 -0.8915
vn 0.9781 -0.0543 -0.2010
vn 0.6943 -0.1874 -0.6948
vn 0.6501 -0.1967 -0.7340
vn 0.6500 -0.1967 -0.7340
vn -0.8791 -0.1240 -0.4602
vn 0.1937 -0.2555 -0.9472
vn 0.9508 -0.0802 -0.2993
vn -0.0000 -0.2598 -0.9656
vn -0.0000 -0.2604 -0.9655
vn 0.0001 -0.2602 -0.9656
vn 0.0001 -0.2602 -0.9655
vn -0.0000 -0.2583 -0.9661
vn 0.6801 -0.1910 -0.7079
vn 0.2473 -0.2524 -0.9355
vn -1.0000 -0.0001 -0.0005
vn 0.8487 -0.1377 -0.5106
vn -0.7381 -0.1756 -0.6514
vn -0.8879 -0.1191 -0.4444
vn -0.0000 -0.2605 -0.9655
vn 1.0000 0.0001 0.0003
vn -0.6187 -0.2046 -0.7585
vn -0.2825 -0.2483 -0.9266
vn -0.5175 -0.2229 -0.8262
vn 0.7105 -0.1819 -0.6798
vn 0.0001 -0.5012 -0.8653
vn 0.0001 -0.5013 -0.8653
vn -0.0000 -0.4995 -0.8663
vn 0.6801 -0.3677 -0.6343
vn 0.2473 -0.4859 -0.8383
vn -0.9623 -0.1363 -0.2352
vn -1.0000 -0.0002 -0.0004
vn 0.8487 -0.2652 -0.4575
vn -0.7381 -0.3382 -0.5837
vn -0.7381 -0.3382 -0.5838
vn -0.7708 -0.3185 -0.5517
vn -0.8879 -0.2301 -0.3985
vn -0.0000 -0.5015 -0.8652
vn 1.0000 0.0002 0.0003
vn -0.6187 -0.3940 -0.6797
vn -0.7979 -0.3023 -0.5216
vn -0.2825 -0.4796 -0.8308
vn -0.4862 -0.4369 -0.7568
vn -0.5175 -0.4291 -0.7403
vn 0.7105 -0.3516 -0.6095
vn 0.3740 -0.4634 -0.8033
vn -0.3167 -0.4740 -0.8216
vn -0.8225 -0.2842 -0.4926
vn -0.9028 0.4155 0.1114
vn -0.7963 0.5842 0.1566
vn -0.9925 -0.0610 -0.1056
vn -0.8941 -0.2240 -0.3879
vn 0.8802 -0.2373 -0.4110
vn 0.6711 -0.3707 -0.6420
vn -0.7682 -0.3199 -0.5545
vn -0.9672 -0.1269 -0.2201
vn 0.3777 -0.4630 -0.8018
vn -0.7127 -0.3514 -0.6071
vn -0.9141 -0.2031 -0.3511
vn 0.1170 -0.4986 -0.8589
vn -0.0000 -0.4996 -0.8662
vn -0.0119 -0.5205 -0.8538
vn -0.0114 -0.5034 -0.8640
vn -0.0000 -0.3827 -0.9239
vn 0.0167 -0.4255 -0.9048
vn 0.0032 -0.4060 -0.9139
vn -0.0009 -0.4771 -0.8789
vn -0.8014 -0.2997 -0.5176
vn -0.3842 -0.4625 -0.7991
vn 0.9781 -0.1044 -0.1801
vn 0.6943 -0.3609 -0.6226
vn 0.6501 -0.3799 -0.6581
vn 0.6500 -0.3800 -0.6581
vn -0.8791 -0.2389 -0.4124
vn 0.1937 -0.4919 -0.8488
vn 0.9508 -0.1549 -0.2684
vn -0.0000 -0.5009 -0.8655
vn -0.0000 -0.5014 -0.8652
vn 0.6459 -0.0575 -0.7612
vn 0.2251 -0.2130 -0.9508
vn -0.7127 -0.4966 -0.4955
vn -0.9141 -0.2871 -0.2865
vn -0.1445 -0.4368 -0.8879
vn -0.9925 -0.0863 -0.0862
vn -0.0000 -0.7068 -0.7074
vn 0.0043 -0.7420 -0.6703
vn -0.0164 -0.7030 -0.7110
vn -0.0414 -0.5213 -0.8523
vn -0.2605 -0.5721 -0.7777
vn 0.0679 -0.5831 -0.8095
vn 0.0399 -0.6156 -0.7870
vn -0.0014 -0.5903 -0.8072
vn 0.0046 -0.0939 -0.9956
vn -0.8014 -0.4235 -0.4224
vn -0.3842 -0.6535 -0.6521
vn 0.9781 -0.1475 -0.1469
vn 0.6943 -0.5097 -0.5080
vn 0.6491 -0.5379 -0.5379
vn 0.6499 -0.5374 -0.5374
vn -0.8791 -0.3375 -0.3365
vn 0.1937 -0.6949 -0.6926
vn 0.7955 0.0642 -0.6025
vn 0.9662 0.0353 -0.2555
vn -0.0000 -0.7079 -0.7064
vn -0.0000 -0.7083 -0.7059
vn 0.0001 -0.7081 -0.7061
vn -0.0000 -0.7067 -0.7075
vn 0.6801 -0.5193 -0.5175
vn 0.2473 -0.6863 -0.6840
vn -0.9623 -0.1925 -0.1919
vn -1.0000 -0.0003 -0.0003
vn 0.8487 -0.3745 -0.3733
vn -0.7381 -0.4778 -0.4763
vn -0.7708 -0.4505 -0.4505
vn -0.8879 -0.3254 -0.3254
vn 1.0000 0.0002 0.0002
vn -0.6187 -0.5565 -0.5546
vn -0.7979 -0.4270 -0.4256
vn -0.2825 -0.6783 -0.6783
vn -0.4862 -0.6179 -0.6179
vn -0.5175 -0.6061 -0.6040
vn 0.7105 -0.4974 -0.4978
vn 0.3740 -0.6556 -0.6560
vn -0.3167 -0.6705 -0.6709
vn -0.8225 -0.4020 -0.4023
vn -0.9028 0.4302 -0.0000
vn -0.7963 0.6048 -0.0000
vn -0.8941 -0.3167 -0.3167
vn -0.7682 -0.4525 -0.4528
vn -0.9672 -0.1795 -0.1797
vn 1.0000 0.0003 0.0002
vn -0.6187 -0.6811 -0.3917
vn -0.7979 -0.5226 -0.3005
vn -0.0000 -0.8657 -0.5005
vn -0.2825 -0.8308 -0.4796
vn -0.4862 -0.7568 -0.4369
vn -0.5175 -0.7418 -0.4266
vn 0.7105 -0.6093 -0.3521
vn 0.3740 -0.8030 -0.4640
vn -0.7708 -0.5517 -0.3185
vn -0.9623 -0.2356 -0.1355
vn -0.3167 -0.8213 -0.4745
vn -0.8225 -0.4924 -0.2845
vn -0.9028 0.4155 -0.1113
vn -0.7963 0.5842 -0.1565
vn -0.9925 -0.1056 -0.0609
vn -0.8941 -0.3879 -0.2239
vn -0.7682 -0.5543 -0.3203
vn -0.9672 -0.2200 -0.1271
vn -0.7127 -0.6079 -0.3501
vn -0.9141 -0.3515 -0.2025
vn -0.0000 -0.8658 -0.5004
vn -0.8014 -0.5184 -0.2984
vn -0.3842 -0.8000 -0.4608
vn 0.9781 -0.1805 -0.1038
vn 0.6943 -0.6239 -0.3588
vn 0.6500 -0.6581 -0.3799
vn 0.6499 -0.6582 -0.3800
vn -0.8791 -0.4131 -0.2377
vn 0.1937 -0.8504 -0.4891
vn 0.9891 0.0327 0.1434
vn 0.9907 0.1223 0.0600
vn 0.9482 -0.2211 -0.2281
vn 0.9495 -0.2700 -0.1596
vn 0.4249 0.4853 0.7642
vn -0.0000 -0.8666 -0.4991
vn -0.0000 -0.8669 -0.4986
vn 0.0001 -0.8667 -0.4988
vn 0.0001 -0.8668 -0.4987
vn -0.0000 -0.8658 -0.5005
vn 0.6801 -0.6356 -0.3655
vn 0.2473 -0.8399 -0.4830
vn -1.0000 -0.0004 -0.0002
vn 0.8487 -0.4584 -0.2636
vn -0.7381 -0.5848 -0.3364
vn -0.7381 -0.5848 -0.3365
vn -0.8879 -0.3985 -0.2301
vn -0.0000 -0.8669 -0.4985
vn 0.6501 -0.7339 -0.1966
vn 0.6500 -0.7340 -0.1967
vn -0.8791 -0.4605 -0.1227
vn -0.8014 -0.5780 -0.1541
vn 0.6943 -0.6955 -0.1851
vn 0.1937 -0.9481 -0.2524
vn 0.6796 -0.4088 0.6091
vn 0.9507 -0.2996 -0.0799
vn 0.8805 -0.4578 -0.1229
vn -0.3842 -0.8920 -0.2380
vn -0.0000 -0.9662 -0.2578
vn -0.0000 -0.9664 -0.2572
vn 0.0001 -0.9663 -0.2574
vn -0.0000 -0.9658 -0.2593
vn 0.6801 -0.7085 -0.1886
vn 0.2473 -0.9363 -0.2492
vn -0.9623 -0.2627 -0.0699
vn -1.0000 -0.0005 -0.0001
vn 0.8487 -0.5110 -0.1360
vn -0.7381 -0.6519 -0.1736
vn -0.7708 -0.6153 -0.1649
vn -0.8879 -0.4444 -0.1191
vn 1.0000 0.0003 0.0001
vn -0.6187 -0.7592 -0.2021
vn -0.7979 -0.5826 -0.1550
vn -0.0000 -0.9658 -0.2594
vn -0.2825 -0.9266 -0.2483
vn -0.4862 -0.8441 -0.2262
vn -0.5175 -0.8269 -0.2201
vn 0.7105 -0.6796 -0.1824
vn 0.3740 -0.8957 -0.2403
vn -0.3167 -0.9161 -0.2458
vn -0.8225 -0.5493 -0.1474
vn -0.9028 0.3725 -0.2151
vn -0.7963 0.5238 -0.3024
vn -0.9925 -0.1178 -0.0315
vn -0.8941 -0.4326 -0.1159
vn 0.6718 -0.7155 -0.1918
vn 0.4353 -0.7182 0.5429
vn -0.7682 -0.6183 -0.1659
vn -0.9672 -0.2454 -0.0659
vn 0.3778 -0.8943 -0.2396
vn 0.0279 -0.8292 0.5582
vn -0.7127 -0.6778 -0.1808
vn -0.9141 -0.3919 -0.1046
vn 0.1069 -0.9604 -0.2573
vn -0.5210 -0.8534 0.0164
vn -0.0000 -0.9658 -0.2592
vn -0.0000 -0.9659 -0.2588
vn 0.9781 -0.2012 -0.0535
vn -0.3167 -0.9485 -0.0003
vn -0.8225 -0.5687 -0.0002
vn -0.9028 0.3042 -0.3041
vn -0.7963 0.4277 -0.4277
vn -0.9925 -0.1219 0.0001
vn -0.8941 -0.4479 -0.0000
vn 0.3740 -0.9274 -0.0003
vn 0.8802 -0.4746 -0.0000
vn 0.6711 -0.7413 -0.0000
vn -0.7682 -0.6402 -0.0002
vn -0.9672 -0.2541 -0.0001
vn 0.3778 -0.9259 -0.0000
vn -0.7127 -0.7015 0.0008
vn -0.9141 -0.4056 0.0004
vn 0.1069 -0.9943 -0.0000
vn -0.0000 -1.0000 -0.0004
vn -0.0000 -1.0000 -0.0000
vn -0.8014 -0.5981 0.0007
vn -0.3842 -0.9233 0.0010
vn 0.9781 -0.2082 0.0004
vn 0.6943 -0.7197 0.0012
vn 0.6499 -0.7601 -0.0000
vn 0.6501 -0.7599 -0.0000
vn -0.8791 -0.4766 0.0007
vn 0.1937 -0.9811 0.0016
vn 0.9507 -0.3100 -0.0000
vn -0.0000 -1.0000 0.0011
vn -0.0000 -1.0000 0.0017
vn 0.0001 -1.0000 0.0014
vn 0.0001 -1.0000 0.0015
vn -0.0000 -1.0000 -0.0005
vn 0.6801 -0.7332 0.0012
vn 0.2473 -0.9689 0.0017
vn -0.9623 -0.2718 0.0004
vn -1.0000 -0.0005 -0.0000
vn 0.8487 -0.5288 0.0009
vn -0.7381 -0.6747 0.0011
vn -0.7381 -0.6747 0.0010
vn -0.7708 -0.6370 -0.0000
vn -0.8879 -0.4601 -0.0000
vn 1.0000 0.0003 -0.0000
vn -0.6187 -0.7856 0.0013
vn -0.7979 -0.6028 0.0010
vn -0.0000 -1.0000 -0.0006
vn -0.2825 -0.9593 -0.0000
vn -0.4862 -0.8739 -0.0000
vn -0.5175 -0.8557 0.0015
vn 0.7105 -0.7037 -0.0003
vn -0.9623 -0.2625 0.0708
vn -1.0000 -0.0005 0.0001
vn 0.8487 -0.5106 0.1377
vn 0.6801 -0.7079 0.1910
vn -0.7381 -0.6514 0.1756
vn -0.7708 -0.6153 0.1649
vn -0.8879 -0.4444 0.1191
vn 0.2473 -0.9355 0.2524
vn -0.0000 -0.9655 0.2605
vn 1.0000 0.0003 -0.0001
vn -0.6187 -0.7585 0.2046
vn -0.7979 -0.5820 0.1570
vn -0.0000 -0.9661 0.2583
vn -0.2825 -0.9266 0.2483
vn -0.4862 -0.8441 0.2262
vn -0.5175 -0.8262 0.2229
vn 0.7105 -0.6798 0.1819
vn 0.3740 -0.8959 0.2397
vn -0.3167 -0.9163 0.2452
vn -0.8225 -0.5494 0.1470
vn -0.9028 0.2151 -0.3725
vn -0.7963 0.3024 -0.5238
vn -0.9925 -0.1178 0.0316
vn -0.8941 -0.4326 0.1159
vn 0.8804 -0.4581 0.1227
vn 0.6711 -0.7161 0.1919
vn -0.7682 -0.6184 0.1655
vn -0.9672 -0.2454 0.0656
vn 0.3778 -0.8943 0.2396
vn -0.7127 -0.6774 0.1823
vn -0.9141 -0.3917 0.1054
vn 0.1069 -0.9604 0.2573
vn -0.0000 -0.9660 0.2584
vn -0.0000 -0.9659 0.2588
vn -0.8014 -0.5776 0.1555
vn -0.3842 -0.8915 0.2399
vn 0.9781 -0.2010 0.0543
vn 0.6943 -0.6948 0.1874
vn 0.6500 -0.7340 0.1967
vn -0.8791 -0.4602 0.1240
vn 0.1937 -0.9472 0.2555
vn 0.9510 -0.2986 0.0800
vn -0.0000 -0.9656 0.2598
vn -0.0000 -0.9655 0.2604
vn 0.0001 -0.9656 0.2602
vn 0.0001 -0.9655 0.2602
vn 0.3778 -0.8018 0.4629
vn 0.1069 -0.8611 0.4971
vn -0.9141 -0.3511 0.2031
vn -0.9925 -0.1056 0.0610
vn -0.0000 -0.8662 0.4996
vn -0.0000 -0.8660 0.5000
vn -0.8014 -0.5176 0.2997
vn -0.3842 -0.7991 0.4625
vn 0.9781 -0.1801 0.1044
vn 0.6943 -0.6226 0.3609
vn 0.6495 -0.6587 0.3798
vn 0.6500 -0.6582 0.3799
vn -0.8791 -0.4124 0.2389
vn 0.1937 -0.8488 0.4919
vn 0.9507 -0.2685 0.1549
vn 0.8803 -0.4109 0.2371
vn -0.0000 -0.8655 0.5009
vn -0.0000 -0.8652 0.5014
vn 0.0001 -0.8653 0.5012
vn 0.0001 -0.8653 0.5013
vn -0.0000 -0.8663 0.4995
vn 0.6801 -0.6343 0.3677
vn 0.2473 -0.8383 0.4859
vn -0.9623 -0.2352 0.1363
vn -1.0000 -0.0004 0.0002
vn 0.8487 -0.4575 0.2652
vn -0.7381 -0.5837 0.3382
vn -0.7381 -0.5838 0.3382
vn -0.7708 -0.5517 0.3185
vn -0.8879 -0.3985 0.2301
vn -0.0000 -0.8652 0.5015
vn 1.0000 0.0003 -0.0002
vn -0.6187 -0.6797 0.3940
vn -0.7979 -0.5216 0.3023
vn -0.2825 -0.8308 0.4796
vn -0.4862 -0.7568 0.4369
vn -0.5175 -0.7403 0.4291
vn 0.7105 -0.6095 0.3516
vn 0.3740 -0.8033 0.4634
vn -0.3167 -0.8216 0.4740
vn -0.8225 -0.4926 0.2842
vn -0.9028 0.1114 -0.4155
vn -0.7963 0.1566 -0.5842
vn -0.8941 -0.3879 0.2240
vn 0.6711 -0.6420 0.3707
vn -0.7682 -0.5545 0.3199
vn -0.9672 -0.2201 0.1269
vn -0.7127 -0.6071 0.3514
vn -0.0000 -0.7075 0.7067
vn -0.2825 -0.6783 0.6783
vn -0.4862 -0.6179 0.6179
vn -0.5175 -0.6040 0.6061
vn -0.6187 -0.5546 0.5565
vn 0.7105 -0.4978 0.4974
vn 0.3740 -0.6560 0.6556
vn -0.7708 -0.4505 0.4505
vn -0.7979 -0.4256 0.4270
vn -0.9623 -0.1919 0.1925
vn -0.3167 -0.6709 0.6705
vn -0.8225 -0.4023 0.4020
vn -0.9028 -0.0000 -0.4302
vn -0.7963 -0.0000 -0.6048
vn -0.9925 -0.0862 0.0863
vn -0.8941 -0.3167 0.3167
vn 0.8802 -0.3356 0.3356
vn 0.6711 -0.5242 0.5242
vn -0.7682 -0.4528 0.4525
vn -0.9672 -0.1797 0.1795
vn 0.3778 -0.6547 0.6547
vn -0.7127 -0.4955 0.4966
vn -0.9141 -0.2865 0.2871
vn 0.1069 -0.7031 0.7031
vn -0.0000 -0.7074 0.7068
vn -0.0000 -0.7071 0.7071
vn -0.8014 -0.4224 0.4235
vn -0.3842 -0.6521 0.6535
vn 0.9781 -0.1469 0.1475
vn 0.6943 -0.5080 0.5097
vn 0.6501 -0.5373 0.5373
vn -0.8791 -0.3365 0.3375
vn 0.1937 -0.6926 0.6949
vn 0.9507 -0.2193 0.2193
vn -0.0000 -0.7064 0.7079
vn -0.0000 -0.7059 0.7083
vn 0.0001 -0.7061 0.7081
vn 0.6801 -0.5175 0.5193
vn 0.2473 -0.6840 0.6863
vn -1.0000 -0.0003 0.0003
vn 0.8487 -0.3733 0.3745
vn -0.7381 -0.4763 0.4778
vn -0.8879 -0.3254 0.3254
vn 1.0000 0.0002 -0.0002
vn 0.6943 -0.3588 0.6239
vn 0.1937 -0.4891 0.8504
vn 0.9507 -0.1552 0.2687
vn 0.8801 -0.2374 0.4111
vn -0.3842 -0.4608 0.8000
vn -0.0000 -0.4991 0.8666
vn -0.0000 -0.4986 0.8669
vn 0.0001 -0.4988 0.8667
vn 0.0001 -0.4987 0.8668
vn -0.0000 -0.5005 0.8658
vn 0.6801 -0.3655 0.6356
vn 0.2473 -0.4830 0.8399
vn -0.9623 -0.1355 0.2356
vn -1.0000 -0.0002 0.0004
vn 0.8487 -0.2636 0.4584
vn -0.7381 -0.3364 0.5848
vn -0.7381 -0.3365 0.5848
vn -0.7708 -0.3185 0.5517
vn -0.8879 -0.2301 0.3985
vn -0.0000 -0.4985 0.8669
vn 1.0000 0.0002 -0.0003
vn -0.6187 -0.3917 0.6811
vn -0.7979 -0.3005 0.5226
vn -0.0000 -0.5005 0.8657
vn -0.2825 -0.4796 0.8308
vn -0.4862 -0.4369 0.7568
vn -0.5175 -0.4266 0.7418
vn 0.7105 -0.3521 0.6093
vn 0.3740 -0.4640 0.8030
vn -0.3167 -0.4745 0.8213
vn -0.8225 -0.2845 0.4924
vn -0.9028 -0.1113 -0.4155
vn -0.7963 -0.1565 -0.5842
vn -0.9925 -0.0609 0.1056
vn -0.8941 -0.2239 0.3879
vn 0.6711 -0.3707 0.6420
vn -0.7682 -0.3203 0.5543
vn -0.9672 -0.1271 0.2200
vn 0.3778 -0.4629 0.8018
vn -0.7127 -0.3501 0.6079
vn -0.9141 -0.2025 0.3515
vn 0.1069 -0.4971 0.8611
vn -0.0000 -0.5004 0.8658
vn -0.0000 -0.5000 0.8660
vn -0.8014 -0.2984 0.5184
vn 0.9781 -0.1038 0.1805
vn 0.6495 -0.3798 0.6587
vn 0.6500 -0.3799 0.6581
vn -0.8791 -0.2377 0.4131
vn 0.3740 -0.2403 0.8957
vn -0.3167 -0.2458 0.9161
vn 0.8802 -0.1228 0.4585
vn 0.6711 -0.1919 0.7161
vn -0.8941 -0.1159 0.4326
vn -0.7682 -0.1659 0.6183
vn -0.8225 -0.1474 0.5493
vn -0.9672 -0.0659 0.2454
vn 0.3778 -0.2396 0.8943
vn -0.7127 -0.1808 0.6778
vn -0.9141 -0.1046 0.3919
vn 0.1069 -0.2573 0.9604
vn -0.9925 -0.0315 0.1178
vn -0.0000 -0.2592 0.9658
vn -0.0000 -0.2588 0.9659
vn -0.8014 -0.1541 0.5780
vn -0.3842 -0.2380 0.8920
vn 0.9781 -0.0535 0.2012
vn 0.6943 -0.1851 0.6955
vn 0.6500 -0.1967 0.7340
vn 0.6503 -0.1966 0.7338
vn -0.8791 -0.1227 0.4605
vn 0.1937 -0.2524 0.9481
vn 0.9507 -0.0803 0.2995
vn -0.0000 -0.2578 0.9662
vn -0.0000 -0.2572 0.9664
vn 0.0001 -0.2574 0.9663
vn -0.0000 -0.2593 0.9658
vn 0.6801 -0.1886 0.7085
vn 0.2473 -0.2492 0.9363
vn -0.9623 -0.0699 0.2627
vn -1.0000 -0.0001 0.0005
vn 0.8487 -0.1360 0.5110
vn -0.7381 -0.1736 0.6519
vn -0.7708 -0.1649 0.6153
vn -0.8879 -0.1191 0.4444
vn 1.0000 0.0001 -0.0003
vn -0.6187 -0.2021 0.7592
vn -0.7979 -0.1550 0.5826
vn -0.0000 -0.2594 0.9658
vn -0.2825 -0.2483 0.9266
vn -0.4862 -0.2262 0.8441
vn -0.5175 -0.2201 0.8269
vn 0.7105 -0.1824 0.6796
vn -0.9028 -0.2151 -0.3725
vn -0.7963 -0.3024 -0.5238
vn -0.3842 0.0010 0.9233
vn -0.0000 0.0011 1.0000
vn 0.1937 0.0016 0.9811
vn -0.0000 0.0017 1.0000
vn 0.0001 0.0014 1.0000
vn 0.0001 0.0015 1.0000
vn -0.0000 -0.0005 1.0000
vn 0.6801 0.0012 0.7332
vn 0.2473 0.0017 0.9689
vn -0.9623 0.0004 0.2718
vn -1.0000 -0.0000 0.0005
vn 0.8487 0.0009 0.5288
vn -0.7381 0.0011 0.6747
vn -0.7381 0.0010 0.6747
vn -0.7708 -0.0000 0.6370
vn -0.8879 0.0001 0.4600
vn 1.0000 -0.0000 -0.0003
vn -0.6187 0.0013 0.7856
vn -0.7979 0.0010 0.6028
vn -0.0000 -0.0006 1.0000
vn -0.2825 -0.0000 0.9593
vn -0.4862 -0.0000 0.8739
vn -0.5175 0.0015 0.8557
vn 0.7105 -0.0003 0.7037
vn 0.3740 -0.0003 0.9274
vn -0.3167 -0.0003 0.9485
vn -0.8225 -0.0002 0.5687
vn -0.9028 -0.3041 -0.3042
vn -0.7963 -0.4277 -0.4277
vn -0.9925 0.0001 0.1219
vn -0.8941 -0.0000 0.4479
vn 0.8804 -0.0000 0.4741
vn 0.6711 -0.0000 0.7413
vn -0.7682 -0.0002 0.6402
vn -0.9672 -0.0001 0.2541
vn 0.3778 -0.0000 0.9259
vn -0.7127 0.0008 0.7015
vn -0.9141 0.0004 0.4056
vn 0.1069 -0.0000 0.9943
vn -0.0000 -0.0004 1.0000
vn -0.0000 -0.0000 1.0000
vn -0.8014 0.0007 0.5981
vn 0.9781 0.0004 0.2082
vn 0.6943 0.0012 0.7197
vn 0.6499 -0.0000 0.7601
vn 0.6501 -0.0000 0.7599
vn -0.8791 0.0007 0.4766
vn 0.9507 -0.0000 0.3101
vn 0.8802 0.1228 0.4584
vn 0.6711 0.1919 0.7161
vn -0.8941 0.1159 0.4326
vn -0.7682 0.1655 0.6184
vn -0.8225 0.1470 0.5494
vn -0.9672 0.0656 0.2454
vn 0.3778 0.2396 0.8943
vn -0.7127 0.1823 0.6774
vn -0.9141 0.1054 0.3917
vn 0.1069 0.2573 0.9604
vn -0.9925 0.0316 0.1178
vn -0.0000 0.2584 0.9660
vn -0.0000 0.2588 0.9659
vn -0.8014 0.1555 0.5776
vn -0.3842 0.2399 0.8915
vn 0.9781 0.0543 0.2010
vn 0.6943 0.1874 0.6948
vn 0.6500 0.1967 0.7340
vn 0.6501 0.1967 0.7340
vn -0.8791 0.1240 0.4602
vn 0.1937 0.2555 0.9472
vn 0.9507 0.0803 0.2995
vn -0.0000 0.2598 0.9656
vn -0.0000 0.2604 0.9655
vn 0.0001 0.2602 0.9656
vn 0.0001 0.2602 0.9655
vn -0.0000 0.2583 0.9661
vn 0.6801 0.1910 0.7079
vn 0.2473 0.2524 0.9355
vn -0.9623 0.0708 0.2625
vn -1.0000 0.0001 0.0005
vn 0.8487 0.1377 0.5106
vn -0.7381 0.1756 0.6514
vn -0.7708 0.1649 0.6153
vn -0.8879 0.1191 0.4444
vn -0.0000 0.2605 0.9655
vn 1.0000 -0.0001 -0.0003
vn -0.6187 0.2046 0.7585
vn -0.7979 0.1570 0.5820
vn -0.2825 0.2483 0.9266
vn -0.4862 0.2262 0.8441
vn -0.5175 0.2229 0.8262
vn 0.7105 0.1819 0.6798
vn 0.3740 0.2397 0.8959
vn -0.3167 0.2452 0.9163
vn -0.9028 -0.3725 -0.2151
vn -0.7963 -0.5238 -0.3024
vn -0.7708 0.3185 0.5517
vn -0.8879 0.2301 0.3985
vn 0.2473 0.4859 0.8383
vn -0.0000 0.5015 0.8652
vn 1.0000 -0.0002 -0.0003
vn -0.6187 0.3940 0.6797
vn -0.7979 0.3023 0.5216
vn -0.0000 0.4995 0.8663
vn -0.2825 0.4796 0.8308
vn -0.4862 0.4369 0.7568
vn -0.5175 0.4291 0.7403
vn 0.7105 0.3516 0.6095
vn 0.3740 0.4634 0.8033
vn -0.9623 0.1363 0.2352
vn -0.3167 0.4740 0.8216
vn -0.8225 0.2842 0.4926
vn -0.9028 -0.4155 -0.1114
vn -0.7963 -0.5842 -0.1566
vn -0.9925 0.0610 0.1056
vn -0.8941 0.2240 0.3879
vn 0.8803 0.2372 0.4109
vn 0.6711 0.3707 0.6420
vn -0.7682 0.3199 0.5545
vn -0.9672 0.1269 0.2201
vn 0.3778 0.4629 0.8018
vn -0.7127 0.3514 0.6071
vn -0.9141 0.2031 0.3511
vn 0.1069 0.4971 0.8611
vn -0.0000 0.4996 0.8662
vn -0.0000 0.5000 0.8660
vn -0.8014 0.2997 0.5176
vn -0.3842 0.4625 0.7991
vn 0.9781 0.1044 0.1801
vn 0.6943 0.3609 0.6226
vn 0.6501 0.3799 0.6581
vn -0.8791 0.2389 0.4124
vn 0.1937 0.4919 0.8488
vn 0.9507 0.1551 0.2687
vn -0.0000 0.5009 0.8655
vn -0.0000 0.5014 0.8652
vn 0.0001 0.5012 0.8653
vn 0.0001 0.5013 0.8653
vn 0.6801 0.3677 0.6343
vn -1.0000 0.0002 0.0004
vn 0.8487 0.2652 0.4575
vn -0.7381 0.3382 0.5837
vn -0.7381 0.3382 0.5838
vn 0.1069 0.7031 0.7031
vn -0.0000 0.7071 0.7071
vn -0.8014 0.4235 0.4224
vn -0.3842 0.6535 0.6521
vn 0.9781 0.1475 0.1469
vn 0.6943 0.5097 0.5080
vn 0.6500 0.5374 0.5374
vn 0.6500 0.5373 0.5373
vn -0.8791 0.3375 0.3365
vn 0.1937 0.6949 0.6926
vn 0.9507 0.2192 0.2192
vn 0.8804 0.3353 0.3353
vn -0.0000 0.7079 0.7064
vn -0.0000 0.7083 0.7059
vn 0.0001 0.7081 0.7061
vn -0.0000 0.7067 0.7075
vn 0.6801 0.5193 0.5175
vn 0.2473 0.6863 0.6840
vn -0.9623 0.1925 0.1919
vn -1.0000 0.0003 0.0003
vn 0.8487 0.3745 0.3733
vn -0.7381 0.4778 0.4763
vn -0.7708 0.4505 0.4505
vn -0.8879 0.3254 0.3254
vn 1.0000 -0.0002 -0.0002
vn -0.6187 0.5565 0.5546
vn -0.7979 0.4270 0.4256
vn -0.2825 0.6783 0.6783
vn -0.4862 0.6179 0.6179
vn -0.5175 0.6061 0.6040
vn 0.7105 0.4974 0.4978
vn 0.3740 0.6556 0.6560
vn -0.3167 0.6705 0.6709
vn -0.8225 0.4020 0.4023
vn -0.9028 -0.4302 -0.0000
vn -0.7963 -0.6048 -0.0000
vn -0.9925 0.0863 0.0862
vn -0.8941 0.3167 0.3167
vn 0.6711 0.5242 0.5242
vn -0.7682 0.4525 0.4528
vn -0.9672 0.1795 0.1797
vn 0.3778 0.6547 0.6547
vn -0.7127 0.4966 0.4955
vn -0.9141 0.2871 0.2865
vn -0.0000 0.7068 0.7074
vn -0.4862 0.7568 0.4369
vn -0.7708 0.5517 0.3185
vn -0.7979 0.5226 0.3005
vn -0.9623 0.2356 0.1355
vn -0.3167 0.8213 0.4745
vn -0.8225 0.4924 0.2845
vn -0.9925 0.1056 0.0609
vn -0.8941 0.3879 0.2239
vn 0.3740 0.8030 0.4640
vn 0.8802 0.4110 0.2373
vn 0.6711 0.6420 0.3707
vn -0.7682 0.5543 0.3203
vn -0.9672 0.2200 0.1271
vn 0.3778 0.8018 0.4629
vn -0.7127 0.6079 0.3501
vn -0.9141 0.3515 0.2025
vn 0.1069 0.8611 0.4971
vn -0.0000 0.8658 0.5004
vn -0.0000 0.8660 0.5000
vn -0.8014 0.5184 0.2984
vn -0.3842 0.8000 0.4608
vn 0.9781 0.1805 0.1038
vn 0.6943 0.6239 0.3588
vn 0.6502 0.6580 0.3799
vn 0.6501 0.6581 0.3799
vn -0.8791 0.4131 0.2377
vn 0.1937 0.8504 0.4891
vn 0.9508 0.2683 0.1549
vn -0.0000 0.8666 0.4991
vn -0.0000 0.8669 0.4986
vn 0.0001 0.8667 0.4988
vn 0.0001 0.8668 0.4987
vn -0.0000 0.8658 0.5005
vn 0.6801 0.6356 0.3655
vn 0.2473 0.8399 0.4830
vn -1.0000 0.0004 0.0002
vn 0.8487 0.4584 0.2636
vn -0.7381 0.5848 0.3364
vn -0.7381 0.5848 0.3365
vn -0.8879 0.3985 0.2301
vn -0.0000 0.8669 0.4985
vn 1.0000 -0.0003 -0.0002
vn -0.6187 0.6811 0.3917
vn -0.0000 0.8657 0.5005
vn -0.2825 0.8308 0.4796
vn -0.5175 0.7418 0.4266
vn 0.7105 0.6093 0.3521
vn 0.0001 0.9663 0.2574
vn -0.0000 0.9658 0.2593
vn 0.6801 0.7085 0.1886
vn 0.2473 0.9363 0.2492
vn -0.9623 0.2627 0.0699
vn -1.0000 0.0005 0.0001
vn -1.0000 -0.0000 -0.0000
vn 0.8487 0.5110 0.1360
vn -0.7381 0.6519 0.1736
vn -0.0000 0.9664 0.2572
vn 1.0000 -0.0003 -0.0001
vn -0.6187 0.7592 0.2021
vn -0.7979 0.5826 0.1551
vn -0.0000 0.9658 0.2594
vn -0.2825 0.9266 0.2483
vn -0.4862 0.8441 0.2262
vn -0.5175 0.8269 0.2201
vn 0.7105 0.6796 0.1824
vn 0.3740 0.8957 0.2403
vn -0.3167 0.9161 0.2458
vn -0.8225 0.5493 0.1474
vn -0.9925 0.1178 0.0315
vn -0.8941 0.4326 0.1159
vn 0.8805 0.4579 0.1225
vn 0.6711 0.7161 0.1919
vn -0.7682 0.6183 0.1659
vn -0.9672 0.2454 0.0659
vn 0.3778 0.8943 0.2396
vn -0.7127 0.6778 0.1808
vn -0.9141 0.3919 0.1046
vn 0.1069 0.9604 0.2573
vn -0.0000 0.9658 0.2592
vn -0.0000 0.9659 0.2588
vn -0.8014 0.5780 0.1541
vn -0.3842 0.8920 0.2380
vn 0.9781 0.2012 0.0535
vn 0.6943 0.6955 0.1851
vn 0.6501 0.7340 0.1967
vn -0.8791 0.4605 0.1227
vn 0.1937 0.9481 0.2524
vn 0.9507 0.2995 0.0802
vn -0.0000 0.9662 0.2578
vn 0.7377 -0.6518 0.1759
vn 0.7377 -0.5841 0.3386
vn 0.7377 0.6518 -0.1759
vn 0.7377 0.6751 -0.0012
vn -0.0000 1.0000 -0.0018
vn 0.7377 -0.5853 -0.3365
vn 0.7377 -0.6524 -0.1736
vn 0.7377 0.5841 -0.3386
vn 0.7377 0.4765 -0.4782
vn 0.7377 -0.3365 0.5853
vn 0.7377 -0.1736 0.6524
vn 0.7377 0.6524 0.1736
vn 0.7377 0.0012 0.6751
vn 0.7377 -0.0012 -0.6751
vn 0.7377 -0.1759 -0.6518
vn 0.7377 0.1736 -0.6524
vn 0.7377 0.1759 0.6518
vn 0.7377 0.3386 0.5841
vn 0.7377 -0.4782 -0.4765
vn 0.7377 -0.4765 0.4782
vn 0.7377 -0.6751 0.0012
vn 0.7377 0.3365 -0.5853
vn 0.7377 0.4782 0.4765
vn 0.7377 -0.3386 -0.5841
vn 0.7377 0.5853 0.3365
vn 0.1060 0.2591 0.9600
vn 0.1060 0.0018 0.9944
vn 0.4410 0.0016 0.8975
vn 0.4410 0.2338 0.8665
vn -0.0000 -0.2571 0.9664
vn -0.0000 0.0018 1.0000
vn -0.0000 -0.5015 -0.8651
vn -0.0000 -0.7084 -0.7058
vn -0.0000 0.8651 -0.5015
vn -0.0000 0.7058 -0.7084
vn -0.0000 0.5015 0.8651
vn -0.0000 -0.9664 -0.2571
vn -0.0000 -1.0000 0.0018
vn -0.0000 0.7084 0.7058
vn -0.0000 -0.8651 0.5015
vn -0.0000 0.2571 -0.9664
vn -0.0000 -0.7058 0.7084
vn -0.0000 -0.0018 -1.0000
vn -0.0000 0.9664 0.2571
vn 0.1060 0.9944 -0.0018
vn 0.1060 0.9609 0.2556
vn 0.4410 0.8673 0.2307
vn 0.4410 0.8975 -0.0016
vn 0.1060 -0.9944 0.0018
vn 0.1060 -0.9609 -0.2556
vn 0.4410 -0.8673 -0.2307
vn 0.4410 -0.8975 0.0016
vn 0.1060 0.2556 -0.9609
vn 0.1060 0.4956 -0.8620
vn 0.4410 0.4474 -0.7781
vn 0.4410 0.2307 -0.8673
vn 0.1060 0.4987 0.8603
vn 0.4410 0.4501 0.7765
vn 0.1060 -0.9600 0.2591
vn 0.4410 -0.8665 0.2338
vn 0.1060 -0.0018 -0.9944
vn 0.4410 -0.0016 -0.8975
vn 0.1060 0.7044 0.7019
vn 0.4410 0.6358 0.6335
vn 0.1060 -0.8603 0.4987
vn 0.4410 -0.7765 0.4501
vn 0.1060 -0.2591 -0.9600
vn 0.4410 -0.2338 -0.8665
vn 0.1060 0.8620 0.4956
vn 0.4410 0.7781 0.4474
vn 0.1060 -0.7019 0.7044
vn 0.4410 -0.6335 0.6358
vn 0.1060 -0.4987 -0.8603
vn 0.4410 -0.4501 -0.7765
vn 0.1060 -0.4956 0.8620
vn 0.4410 -0.4474 0.7781
vn 0.1060 -0.7044 -0.7019
vn 0.4410 -0.6358 -0.6335
vn 0.9942 0.0537 0.0927
vn 0.9942 0.0279 0.1034
vn 0.9996 0.0070 0.0261
vn 0.9996 0.0135 0.0234
vn 0.1060 -0.2556 0.9609
vn 0.4410 -0.2307 0.8673
vn 0.1060 -0.8620 -0.4956
vn 0.4410 -0.7781 -0.4474
vn 0.1060 0.8603 -0.4987
vn 0.1060 0.9600 -0.2591
vn 0.4410 0.8665 -0.2338
vn 0.4410 0.7765 -0.4501
vn 0.1060 0.7019 -0.7044
vn 0.4410 0.6335 -0.6358
vn 0.9800 0.1990 -0.0004
vn 0.9800 0.1921 -0.0518
vn 0.9352 0.3420 -0.0923
vn 0.9352 0.3542 -0.0006
vn 0.8184 0.5548 -0.1497
vn 0.8184 0.5747 -0.0010
vn 0.9800 0.1721 -0.0998
vn 0.9352 0.3064 -0.1777
vn 0.8184 0.4972 -0.2882
vn 0.9800 0.1404 -0.1409
vn 0.9352 0.2500 -0.2509
vn 0.8184 0.4056 -0.4071
vn 0.9800 0.0992 -0.1725
vn 0.9352 0.1766 -0.3071
vn 0.8184 0.2865 -0.4982
vn 0.9800 0.0512 -0.1923
vn 0.9352 0.0911 -0.3423
vn 0.8184 0.1478 -0.5554
vn 0.9800 -0.0004 -0.1990
vn 0.9352 -0.0006 -0.3542
vn 0.8184 -0.0010 -0.5747
vn 0.9800 -0.0518 -0.1921
vn 0.9352 -0.0923 -0.3420
vn 0.8184 -0.1497 -0.5548
vn 0.9800 -0.0998 -0.1721
vn 0.9352 -0.1777 -0.3064
vn 0.8184 -0.2882 -0.4972
vn 0.9800 -0.1409 -0.1404
vn 0.9352 -0.2509 -0.2500
vn 0.8184 -0.4071 -0.4056
vn 0.9800 -0.1725 -0.0992
vn 0.9352 -0.3071 -0.1766
vn 0.8184 -0.4982 -0.2865
vn 0.9800 -0.1923 -0.0512
vn 0.9352 -0.3423 -0.0911
vn 0.8184 -0.5554 -0.1478
vn 0.9800 -0.1990 0.0004
vn 0.9352 -0.3542 0.0006
vn 0.8184 -0.5747 0.0010
vn 0.9800 -0.1921 0.0518
vn 0.9352 -0.3420 0.0923
vn 0.8184 -0.5548 0.1497
vn 0.9800 -0.1721 0.0998
vn 0.9352 -0.3064 0.1777
vn 0.8184 -0.4972 0.2882
vn 0.9800 -0.1404 0.1409
vn 0.9352 -0.2500 0.2509
vn 0.8184 -0.4056 0.4071
vn 0.9800 -0.0992 0.1725
vn 0.9352 -0.1766 0.3071
vn 0.8184 -0.2865 0.4982
vn 0.9800 -0.0512 0.1923
vn 0.9352 -0.0911 0.3423
vn 0.8184 -0.1478 0.5554
vn 0.9800 0.0004 0.1990
vn 0.9352 0.0006 0.3542
vn 0.8184 0.0010 0.5747
vn 0.9800 0.0518 0.1921
vn 0.9352 0.0923 0.3420
vn 0.8184 0.1497 0.5548
vn 0.9800 0.0998 0.1721
vn 0.9352 0.1777 0.3064
vn 0.8184 0.2882 0.4972
vn 0.9800 0.1409 0.1404
vn 0.9352 0.2509 0.2500
vn 0.8184 0.4071 0.4056
vn 0.9800 0.1725 0.0992
vn 0.9352 0.3071 0.1766
vn 0.8184 0.4982 0.2865
vn 0.9800 0.1923 0.0512
vn 0.9352 0.3423 0.0911
vn 0.8184 0.5554 0.1478
vn 0.9942 0.1071 -0.0002
vn 0.9942 0.1034 -0.0279
vn 0.9942 0.0927 -0.0537
vn 0.9942 0.0756 -0.0759
vn 0.9942 0.0534 -0.0929
vn 0.9942 0.0275 -0.1035
vn 0.9942 -0.0002 -0.1071
vn 0.9942 -0.0279 -0.1034
vn 0.9942 -0.0537 -0.0927
vn 0.9942 -0.0759 -0.0756
vn 0.9942 -0.0929 -0.0534
vn 0.9942 -0.1035 -0.0275
vn 0.9942 -0.1071 0.0002
vn 0.9942 -0.1034 0.0279
vn 0.9942 -0.0927 0.0537
vn 0.9942 -0.0756 0.0759
vn 0.9942 -0.0534 0.0929
vn 0.9942 -0.0275 0.1035
vn 0.9942 0.0002 0.1071
vn 0.9942 0.0759 0.0756
vn 0.9942 0.0929 0.0534
vn 0.9942 0.1035 0.0275
vn 0.9996 0.0234 -0.0135
vn 0.9996 0.0261 -0.0070
vn 0.9996 0.0270 -0.0000
vn 0.9996 0.0261 0.0069
vn 0.9996 0.0234 0.0135
vn 0.9996 0.0191 0.0191
vn 0.9996 -0.0000 0.0270
vn 0.9996 -0.0069 0.0261
vn 0.9996 -0.0135 0.0234
vn 0.9996 -0.0191 0.0191
vn 0.9996 -0.0234 0.0135
vn 0.9996 -0.0261 0.0070
vn 0.9996 -0.0270 -0.0000
vn 0.9996 -0.0261 -0.0069
vn 0.9996 -0.0234 -0.0135
vn 0.9996 -0.0191 -0.0191
vn 0.9996 -0.0135 -0.0234
vn 0.9996 -0.0070 -0.0261
vn 0.9996 -0.0000 -0.0270
vn 0.9996 0.0069 -0.0261
vn 0.9996 0.0135 -0.0234
vn 0.9996 0.0191 -0.0191
vn 0.2146 0.9436 0.2521
vn 0.2146 0.9436 0.2520
vn 0.2146 0.9767 -0.0007
vn 0.2146 0.9767 -0.0005
vn 0.2146 0.9433 -0.2533
vn 0.2146 0.9433 -0.2531
vn 0.2147 0.8456 -0.4888
vn 0.2147 0.8457 -0.4886
vn 0.2146 0.6900 -0.6912
vn 0.2146 0.6901 -0.6912
vn 0.2169 0.5167 -0.8282
vn 0.2149 0.4829 -0.8489
vn 0.2147 0.4880 -0.8460
vn 0.2146 0.4874 -0.8464
vn 0.2134 0.4897 -0.8454
vn 0.2138 0.5120 -0.8319
vn 0.2158 0.5390 -0.8142
vn 0.2164 0.5357 -0.8162
vn 0.2170 0.4578 -0.8621
vn 0.2146 0.2522 -0.9436
vn 0.2146 0.2520 -0.9436
vn 0.2160 0.3426 -0.9143
vn 0.2167 0.4063 -0.8877
vn 0.2152 0.4321 -0.8758
vn 0.2144 0.2527 -0.9435
vn 0.2146 -0.0013 -0.9767
vn 0.2146 0.0001 -0.9767
vn 0.2147 -0.0002 -0.9767
vn 0.2147 -0.0001 -0.9767
vn 0.2145 -0.2540 -0.9431
vn 0.2146 -0.2533 -0.9433
vn 0.2147 -0.2529 -0.9434
vn 0.2152 -0.4325 -0.8756
vn 0.2150 -0.4879 -0.8460
vn 0.2147 -0.4888 -0.8456
vn 0.2160 -0.3418 -0.9146
vn 0.2145 -0.4892 -0.8454
vn 0.2133 -0.4878 -0.8465
vn 0.2170 -0.4578 -0.8621
vn 0.2167 -0.4056 -0.8880
vn 0.2143 -0.5115 -0.8321
vn 0.2146 -0.6911 -0.6902
vn 0.2146 -0.6910 -0.6903
vn 0.2169 -0.5164 -0.8284
vn 0.2164 -0.5359 -0.8160
vn 0.2158 -0.5392 -0.8140
vn 0.2146 -0.8462 -0.4878
vn 0.2146 -0.9436 -0.2523
vn 0.2146 -0.9435 -0.2525
vn 0.2146 -0.8461 -0.4879
vn 0.2146 -0.9767 0.0007
vn 0.2146 -0.9767 0.0005
vn 0.2146 -0.9432 0.2534
vn 0.2146 -0.9433 0.2533
vn 0.2147 -0.8456 0.4888
vn 0.2147 -0.8457 0.4886
vn 0.2147 -0.6901 0.6912
vn 0.2147 -0.6902 0.6911
vn 0.2169 -0.5161 0.8286
vn 0.2149 -0.4828 0.8489
vn 0.2147 -0.4878 0.8461
vn 0.2146 -0.4874 0.8464
vn 0.2134 -0.4898 0.8453
vn 0.2138 -0.5121 0.8319
vn 0.2158 -0.5390 0.8142
vn 0.2164 -0.5356 0.8162
vn 0.2170 -0.4581 0.8620
vn 0.2145 -0.2515 0.9438
vn 0.2146 -0.2520 0.9436
vn 0.2160 -0.3426 0.9143
vn 0.2167 -0.4063 0.8877
vn 0.2152 -0.4321 0.8758
vn 0.2146 -0.2521 0.9436
vn 0.2147 -0.2527 0.9434
vn 0.2147 0.0001 0.9767
vn 0.2147 0.0002 0.9767
vn 0.2146 0.0006 0.9767
vn 0.2146 -0.0003 0.9767
vn 0.2145 0.2540 0.9431
vn 0.2146 0.2532 0.9433
vn 0.2146 0.2534 0.9433
vn 0.2147 0.2529 0.9434
vn 0.2160 0.3418 0.9146
vn 0.2146 0.4892 0.8454
vn 0.2133 0.4878 0.8465
vn 0.2170 0.4575 0.8624
vn 0.2167 0.4056 0.8880
vn 0.2152 0.4325 0.8756
vn 0.2150 0.4880 0.8460
vn 0.2147 0.4885 0.8457
vn 0.2143 0.5115 0.8321
vn 0.2146 0.6910 0.6902
vn 0.2146 0.6909 0.6903
vn 0.2169 0.5174 0.8278
vn 0.2164 0.5360 0.8160
vn 0.2157 0.5393 0.8140
vn 0.2146 0.8462 0.4878
vn 0.2146 0.8461 0.4879
vn -0.1963 -0.9473 -0.2533
vn -0.1963 -0.9805 0.0005
vn -0.1963 -0.9805 0.0007
vn -0.1963 -0.9473 -0.2532
vn -0.1963 -0.9470 0.2544
vn -0.1963 -0.9470 0.2543
vn -0.1963 -0.8489 0.4907
vn -0.1963 -0.8489 0.4908
vn -0.1963 -0.6929 0.6938
vn -0.1963 -0.6930 0.6937
vn -0.1976 -0.5142 0.8346
vn -0.1977 -0.4940 0.8467
vn -0.1962 -0.4894 0.8497
vn -0.1963 -0.4900 0.8493
vn -0.1956 -0.4869 0.8513
vn -0.1952 -0.5189 0.8323
vn -0.1968 -0.5382 0.8195
vn -0.1976 -0.5414 0.8173
vn -0.1984 -0.3441 0.9177
vn -0.1963 -0.2534 0.9472
vn -0.1950 -0.4602 0.8661
vn -0.1974 -0.4080 0.8914
vn -0.1975 -0.4335 0.8792
vn -0.1963 -0.2537 0.9472
vn -0.1963 -0.2532 0.9473
vn -0.1963 0.0006 0.9805
vn -0.1963 0.0004 0.9805
vn -0.1963 0.0002 0.9805
vn -0.1963 0.0001 0.9805
vn -0.1963 0.2547 0.9469
vn -0.1962 0.2550 0.9468
vn -0.1963 0.2539 0.9471
vn -0.1963 0.2541 0.9471
vn -0.1963 0.4905 0.8490
vn -0.1956 0.4920 0.8483
vn -0.1975 0.4339 0.8790
vn -0.1951 0.4598 0.8664
vn -0.1977 0.4922 0.8478
vn -0.1962 0.4911 0.8487
vn -0.1984 0.3433 0.9180
vn -0.1976 0.4072 0.8917
vn -0.1963 0.6937 0.6930
vn -0.1963 0.6938 0.6929
vn -0.1977 0.5137 0.8349
vn -0.1975 0.5416 0.8171
vn -0.1968 0.5384 0.8194
vn -0.1952 0.5192 0.8321
vn -0.1963 0.8494 0.4898
vn -0.1963 0.8495 0.4897
vn -0.1963 0.9473 0.2533
vn -0.1963 0.9473 0.2532
vn -0.1963 0.9805 -0.0005
vn -0.1963 0.9805 -0.0007
vn -0.1963 0.9470 -0.2544
vn -0.1963 0.9470 -0.2543
vn -0.1963 0.8489 -0.4907
vn -0.1963 0.8489 -0.4908
vn -0.1963 0.6930 -0.6937
vn -0.1963 0.6929 -0.6938
vn -0.1976 0.5142 -0.8346
vn -0.1977 0.4941 -0.8466
vn -0.1962 0.4894 -0.8497
vn -0.1963 0.4900 -0.8493
vn -0.1956 0.4868 -0.8513
vn -0.1952 0.5186 -0.8324
vn -0.1968 0.5381 -0.8196
vn -0.1976 0.5413 -0.8173
vn -0.1984 0.3441 -0.9177
vn -0.1963 0.2536 -0.9472
vn -0.1962 0.2525 -0.9475
vn -0.1950 0.4600 -0.8662
vn -0.1974 0.4080 -0.8914
vn -0.1975 0.4335 -0.8792
vn -0.1963 0.2537 -0.9472
vn -0.1963 0.2531 -0.9473
vn -0.1963 -0.0001 -0.9805
vn -0.1963 -0.0002 -0.9805
vn -0.1963 -0.0003 -0.9805
vn -0.1963 -0.0004 -0.9805
vn -0.1963 -0.2548 -0.9469
vn -0.1962 -0.2550 -0.9468
vn -0.1963 -0.2542 -0.9470
vn -0.1963 -0.2539 -0.9471
vn -0.1951 -0.4594 -0.8665
vn -0.1977 -0.4922 -0.8478
vn -0.1962 -0.4911 -0.8487
vn -0.1984 -0.3433 -0.9180
vn -0.1976 -0.4072 -0.8917
vn -0.1975 -0.4339 -0.8790
vn -0.1963 -0.4905 -0.8490
vn -0.1956 -0.4920 -0.8483
vn -0.1952 -0.5190 -0.8322
vn -0.1963 -0.6937 -0.6930
vn -0.1963 -0.6938 -0.6929
vn -0.1976 -0.5137 -0.8349
vn -0.1975 -0.5416 -0.8171
vn -0.1968 -0.5384 -0.8194
vn -0.1963 -0.8494 -0.4898
vn -0.1963 -0.8495 -0.4897
vn -0.1799 -0.7831 -0.5953
vn -0.4504 -0.7355 -0.5060
vn -0.4224 -0.7532 -0.5043
vn -0.1738 -0.7898 -0.5883
vn 0.0223 -0.8014 -0.5978
vn 0.0083 -0.8028 -0.5961
vn 0.2379 -0.7762 -0.5838
vn 0.3196 -0.7623 -0.5628
vn 0.5957 -0.6356 -0.4911
vn 0.7243 -0.5614 -0.4002
vn 0.9223 -0.3335 -0.1952
vn 0.8881 -0.3878 -0.2468
vn 0.9867 -0.1496 -0.0640
vn 0.9993 -0.0269 -0.0277
vn 0.9995 0.0290 0.0094
vn 0.9994 0.0337 0.0106
vn 1.0000 -0.0000 0.0022
vn 0.9995 -0.0286 0.0094
vn 0.9994 -0.0342 0.0108
vn 0.9863 0.1517 -0.0649
vn 0.9992 0.0290 -0.0288
vn 0.8888 0.3879 -0.2442
vn 0.9198 0.3387 -0.1980
vn 0.7242 0.5617 -0.4001
vn 0.5954 0.6352 -0.4920
vn 0.2379 0.7758 -0.5844
vn 0.3200 0.7618 -0.5632
vn 0.0225 0.8009 -0.5984
vn 0.0084 0.8023 -0.5968
vn -0.1670 0.7894 -0.5908
vn -0.1740 0.7826 -0.5977
vn -0.4444 0.7359 -0.5108
vn -0.4163 0.7535 -0.5089
vn -0.7636 0.5907 -0.2607
vn -0.6523 0.7015 -0.2870
vn -0.8832 0.4332 -0.1796
vn -0.9180 0.3630 -0.1595
vn -0.9779 0.1922 -0.0817
vn -0.9898 0.1322 -0.0527
vn -0.9983 0.0569 -0.0149
vn -0.9988 0.0478 -0.0127
vn -1.0000 0.0008 -0.0035
vn -1.0000 0.0002 -0.0036
vn -0.9984 -0.0555 -0.0146
vn -0.9988 -0.0483 -0.0128
vn -0.9787 -0.1893 -0.0795
vn -0.9894 -0.1348 -0.0534
vn -0.9194 -0.3602 -0.1577
vn -0.8822 -0.4357 -0.1787
vn -0.6511 -0.7038 -0.2843
vn -0.7655 -0.5894 -0.2580
vn 0.0225 -0.8009 0.5984
vn 0.0084 -0.8023 0.5968
vn -0.1670 -0.7894 0.5908
vn -0.1740 -0.7826 0.5977
vn -0.4444 -0.7359 0.5108
vn -0.4163 -0.7535 0.5089
vn -0.7635 -0.5908 0.2609
vn -0.6532 -0.7001 0.2886
vn -0.9180 -0.3630 0.1595
vn -0.8832 -0.4332 0.1796
vn -0.9779 -0.1922 0.0817
vn -0.9898 -0.1322 0.0527
vn -0.9983 -0.0569 0.0150
vn -0.9988 -0.0477 0.0127
vn -1.0000 -0.0011 0.0035
vn -1.0000 -0.0002 0.0036
vn -0.9984 0.0554 0.0146
vn -0.9988 0.0483 0.0128
vn -0.9787 0.1893 0.0795
vn -0.9894 0.1348 0.0534
vn -0.9194 0.3602 0.1577
vn -0.8822 0.4357 0.1787
vn -0.7652 0.5896 0.2586
vn -0.6516 0.7028 0.2853
vn -0.4224 0.7532 0.5042
vn -0.4504 0.7356 0.5060
vn -0.1799 0.7831 0.5953
vn -0.1738 0.7898 0.5883
vn 0.0223 0.8013 0.5978
vn 0.0083 0.8028 0.5962
vn 0.2379 0.7762 0.5838
vn 0.3196 0.7623 0.5628
vn 0.5961 0.6359 0.4902
vn 0.7231 0.5631 0.4000
vn 0.8880 0.3879 0.2468
vn 0.9223 0.3335 0.1951
vn 0.9867 0.1496 0.0640
vn 0.9993 0.0269 0.0277
vn 0.9995 -0.0291 -0.0095
vn 0.9994 -0.0336 -0.0106
vn 1.0000 -0.0000 -0.0022
vn 0.9996 0.0285 -0.0094
vn 0.9994 0.0344 -0.0108
vn 0.9863 -0.1517 0.0649
vn 0.9992 -0.0290 0.0288
vn 0.9198 -0.3387 0.1980
vn 0.8888 -0.3879 0.2442
vn 0.7236 -0.5625 0.4000
vn 0.5955 -0.6353 0.4918
vn 0.2379 -0.7758 0.5844
vn 0.3200 -0.7618 0.5632
vn -0.9701 0.2101 0.1213
vn -0.9701 0.2343 0.0628
vn -0.9985 0.0533 0.0143
vn -0.9985 0.0478 0.0276
vn -0.9706 -0.2325 -0.0623
vn -0.9706 -0.2407 -0.0000
vn -0.9985 -0.0552 -0.0000
vn -0.9985 -0.0533 -0.0143
vn -0.9706 0.1203 -0.2085
vn -0.9706 0.0623 -0.2326
vn -0.9985 0.0143 -0.0533
vn -0.9985 0.0276 -0.0478
vn -0.9706 -0.0623 0.2325
vn -0.9706 -0.0000 0.2407
vn -0.9985 -0.0000 0.0552
vn -0.9985 -0.0143 0.0533
vn -0.9706 -0.1204 -0.2085
vn -0.9706 -0.1702 -0.1702
vn -0.9985 -0.0390 -0.0390
vn -0.9985 -0.0276 -0.0478
vn -0.9706 -0.0000 -0.2407
vn -0.9985 -0.0000 -0.0552
vn -0.9706 -0.0623 -0.2325
vn -0.9985 -0.0143 -0.0533
vn -0.9706 0.0623 0.2326
vn -0.9706 0.1204 0.2085
vn -0.9985 0.0276 0.0478
vn -0.9985 0.0143 0.0533
vn -0.9706 -0.2325 0.0623
vn -0.9985 -0.0533 0.0143
vn -0.9701 0.1715 -0.1715
vn -0.9985 0.0390 -0.0390
vn -0.9706 -0.2085 -0.1204
vn -0.9985 -0.0478 -0.0276
vn -0.9701 0.2426 -0.0000
vn -0.9985 0.0552 -0.0000
vn -0.9701 0.1715 0.1715
vn -0.9985 0.0390 0.0390
vn -0.9706 -0.1702 0.1702
vn -0.9706 -0.1204 0.2085
vn -0.9985 -0.0276 0.0478
vn -0.9985 -0.0390 0.0390
vn -0.9706 -0.2085 0.1204
vn -0.9985 -0.0478 0.0276
vn -0.9701 0.2101 -0.1213
vn -0.9985 0.0478 -0.0277
vn -0.9701 0.2343 -0.0628
vn -0.9985 0.0533 -0.0143
vn -0.7963 -0.5842 0.1565
vn -0.9854 -0.1642 0.0440
vn -0.9854 -0.1700 -0.0000
vn -0.9854 -0.1472 0.0850
vn -0.9854 -0.1202 0.1202
vn -0.9854 -0.0850 0.1472
vn -0.9854 -0.0440 0.1642
vn -0.9854 -0.0000 0.1700
vn -0.9854 0.0440 0.1642
vn -0.9854 0.0850 0.1472
vn -0.9854 0.1202 0.1202
vn -0.9854 0.1472 0.0850
vn -0.9854 0.1642 0.0440
vn -0.9854 0.1700 -0.0000
vn -0.9854 0.1642 -0.0440
vn -0.9854 0.1472 -0.0850
vn -0.9854 0.1202 -0.1202
vn -0.9854 0.0850 -0.1472
vn -0.9854 0.0440 -0.1642
vn -0.9854 -0.0000 -0.1700
vn -0.9854 -0.0440 -0.1642
vn -0.9854 -0.0850 -0.1472
vn -0.9854 -0.1202 -0.1202
vn -0.9854 -0.1472 -0.0850
vn -0.9854 -0.1642 -0.0440
vn -0.0000 -0.2588 -0.9659
vn -0.0000 -0.5000 -0.8660
vn -0.0000 0.9659 -0.2588
vn -0.0000 -0.7071 -0.7071
vn -0.0000 0.8660 -0.5000
vn -0.0000 -0.8660 -0.5000
vn -0.0000 0.7071 -0.7071
vn -0.0000 -0.0000 -1.0000
vn -0.9697 0.1222 -0.2117
vn -0.9697 0.0632 -0.2361
vn -0.9697 -0.0000 -0.2444
vn -0.9697 -0.0633 -0.2361
vn -0.9697 -0.1222 -0.2117
vn -0.9697 -0.1728 -0.1728
vn -0.9697 -0.2117 -0.1222
vn -0.9697 -0.2361 -0.0632
vn -0.9697 -0.2444 -0.0000
vn -0.9697 -0.2361 0.0633
vn -0.9697 -0.2117 0.1222
vn -0.9697 -0.1728 0.1728
vn -0.9697 -0.1222 0.2117
vn -0.9697 -0.0632 0.2361
vn -0.9697 -0.0000 0.2444
vn -0.9697 0.0633 0.2360
vn -0.9697 0.1222 0.2117
vn -0.9028 -0.4155 0.1113
vn -0.9586 0.2847 -0.0000
vn -0.9576 0.2775 -0.0769
vn -0.9949 0.0977 -0.0262
vn -0.9949 0.1011 -0.0000
vn -0.9572 0.2788 0.0779
vn -0.7864 0.6110 0.0910
vn -0.7854 0.6190 -0.0000
vn -0.9556 0.2562 -0.1456
vn -0.9949 0.0876 -0.0506
vn -0.8751 0.3423 -0.3422
vn -0.5124 0.6072 -0.6072
vn -0.5235 0.6760 -0.5187
vn -0.8840 0.3709 -0.2846
vn -0.1330 0.7008 -0.7008
vn -0.1342 0.7862 -0.6033
vn -0.0805 0.8704 -0.4858
vn -0.0962 0.7038 -0.7038
vn -0.4289 0.6427 -0.6349
vn -0.3892 0.8126 -0.4338
vn -0.9647 0.1863 -0.1863
vn -0.9641 0.2107 -0.1617
vn -0.7126 0.6604 -0.2368
vn -0.7829 0.6161 -0.0868
vn -0.3980 0.8103 0.4301
vn -0.4306 0.6449 0.6314
vn -0.0962 0.7038 0.7038
vn -0.0805 0.8704 0.4858
vn -0.9576 0.2044 -0.2032
vn -0.9949 0.0715 -0.0715
vn -0.0001 0.9856 0.1692
vn -0.0001 0.9856 -0.1692
vn -0.0358 0.9817 -0.1871
vn -0.0358 0.9817 0.1871
vn -0.8036 0.4260 -0.4157
vn -0.4265 0.4522 -0.7833
vn -0.8040 0.2973 -0.5150
vn -0.0962 0.4977 -0.8620
vn -0.9586 0.1423 -0.2465
vn -0.9949 0.0506 -0.0876
vn -0.8751 0.2420 -0.4192
vn -0.5124 0.4294 -0.7437
vn -0.1330 0.4956 -0.8583
vn -0.9647 0.1317 -0.2282
vn -0.9647 0.0682 -0.2545
vn -0.8751 0.1253 -0.4675
vn -0.4265 0.2341 -0.8737
vn -0.8040 0.1539 -0.5744
vn -0.0962 0.2576 -0.9614
vn -0.9586 0.0737 -0.2750
vn -0.9949 0.0262 -0.0977
vn -0.5124 0.2223 -0.8295
vn -0.1330 0.2565 -0.9573
vn -0.9586 -0.0000 -0.2847
vn -0.9949 -0.0000 -0.1011
vn -0.8040 -0.0000 -0.5947
vn -0.8751 -0.0000 -0.4840
vn -0.5124 -0.0000 -0.8587
vn -0.1330 -0.0000 -0.9911
vn -0.0962 -0.0000 -0.9954
vn -0.9647 -0.0000 -0.2635
vn -0.4265 -0.0000 -0.9045
vn -0.4265 -0.2341 -0.8737
vn -0.8040 -0.1539 -0.5744
vn -0.0962 -0.2576 -0.9614
vn -0.9586 -0.0737 -0.2750
vn -0.9949 -0.0262 -0.0977
vn -0.8751 -0.1253 -0.4675
vn -0.5124 -0.2223 -0.8295
vn -0.1330 -0.2565 -0.9573
vn -0.9647 -0.0682 -0.2545
vn -0.5124 -0.4294 -0.7437
vn -0.1330 -0.4956 -0.8583
vn -0.0962 -0.4977 -0.8620
vn -0.9647 -0.1317 -0.2282
vn -0.8751 -0.2420 -0.4192
vn -0.4265 -0.4522 -0.7833
vn -0.8040 -0.2973 -0.5150
vn -0.9586 -0.1423 -0.2465
vn -0.9949 -0.0506 -0.0876
vn -0.4265 -0.6396 -0.6396
vn -0.8040 -0.4205 -0.4205
vn -0.0962 -0.7038 -0.7038
vn -0.9586 -0.2013 -0.2013
vn -0.9949 -0.0715 -0.0715
vn -0.8751 -0.3423 -0.3423
vn -0.5124 -0.6072 -0.6072
vn -0.1330 -0.7008 -0.7008
vn -0.9647 -0.1863 -0.1863
vn -0.9647 -0.2282 -0.1317
vn -0.8751 -0.4192 -0.2420
vn -0.4265 -0.7833 -0.4522
vn -0.8040 -0.5150 -0.2973
vn -0.0962 -0.8620 -0.4977
vn -0.9586 -0.2465 -0.1423
vn -0.9949 -0.0876 -0.0506
vn -0.5124 -0.7437 -0.4294
vn -0.1330 -0.8583 -0.4956
vn -0.8040 -0.5744 -0.1539
vn -0.9586 -0.2750 -0.0737
vn -0.8751 -0.4675 -0.1253
vn -0.5124 -0.8295 -0.2223
vn -0.1330 -0.9573 -0.2565
vn -0.0962 -0.9614 -0.2576
vn -0.9647 -0.2545 -0.0682
vn -0.4265 -0.8737 -0.2341
vn -0.9949 -0.0977 -0.0262
vn -0.4265 -0.9045 -0.0000
vn -0.8040 -0.5947 -0.0000
vn -0.0962 -0.9954 -0.0000
vn -0.9586 -0.2847 -0.0000
vn -0.9949 -0.1011 -0.0000
vn -0.8751 -0.4840 -0.0000
vn -0.5124 -0.8587 -0.0000
vn -0.1330 -0.9911 -0.0000
vn -0.9647 -0.2635 -0.0000
vn -0.0962 -0.9614 0.2576
vn -0.9647 -0.2545 0.0682
vn -0.8751 -0.4675 0.1253
vn -0.4265 -0.8737 0.2341
vn -0.8040 -0.5744 0.1539
vn -0.9586 -0.2750 0.0737
vn -0.9949 -0.0977 0.0262
vn -0.5124 -0.8295 0.2223
vn -0.1330 -0.9573 0.2565
vn -0.0962 -0.8620 0.4977
vn -0.4265 -0.7833 0.4522
vn -0.9586 -0.2465 0.1423
vn -0.9949 -0.0876 0.0506
vn -0.8040 -0.5150 0.2973
vn -0.8751 -0.4192 0.2420
vn -0.5124 -0.7437 0.4294
vn -0.1330 -0.8583 0.4956
vn -0.9647 -0.2282 0.1317
vn -0.4265 -0.6396 0.6396
vn -0.8040 -0.4205 0.4205
vn -0.0962 -0.7038 0.7038
vn -0.9586 -0.2013 0.2013
vn -0.9949 -0.0715 0.0715
vn -0.8751 -0.3423 0.3423
vn -0.5124 -0.6072 0.6072
vn -0.1330 -0.7008 0.7008
vn -0.9647 -0.1863 0.1863
vn -0.8751 -0.2420 0.4192
vn -0.5124 -0.4294 0.7437
vn -0.1330 -0.4956 0.8583
vn -0.0962 -0.4977 0.8620
vn -0.9647 -0.1317 0.2282
vn -0.4265 -0.4522 0.7833
vn -0.8040 -0.2973 0.5150
vn -0.9586 -0.1423 0.2465
vn -0.9949 -0.0506 0.0876
vn -0.4265 -0.2341 0.8737
vn -0.8040 -0.1539 0.5744
vn -0.0962 -0.2576 0.9614
vn -0.9586 -0.0737 0.2750
vn -0.9949 -0.0262 0.0977
vn -0.8751 -0.1253 0.4675
vn -0.5124 -0.2223 0.8295
vn -0.1330 -0.2565 0.9573
vn -0.9647 -0.0682 0.2545
vn -0.5124 -0.0000 0.8587
vn -0.1330 -0.0000 0.9911
vn -0.0962 -0.0000 0.9954
vn -0.9647 -0.0000 0.2635
vn -0.8751 -0.0000 0.4840
vn -0.4265 -0.0000 0.9045
vn -0.8040 -0.0000 0.5947
vn -0.9586 -0.0000 0.2847
vn -0.9949 -0.0000 0.1011
vn -0.4265 0.2341 0.8737
vn -0.8040 0.1539 0.5744
vn -0.0962 0.2576 0.9614
vn -0.9586 0.0737 0.2750
vn -0.9949 0.0262 0.0977
vn -0.8751 0.1253 0.4675
vn -0.5124 0.2223 0.8295
vn -0.1330 0.2565 0.9573
vn -0.9647 0.0682 0.2545
vn -0.9647 0.1317 0.2282
vn -0.8751 0.2420 0.4192
vn -0.4265 0.4522 0.7833
vn -0.8040 0.2973 0.5150
vn -0.0962 0.4977 0.8620
vn -0.9586 0.1423 0.2465
vn -0.9949 0.0506 0.0876
vn -0.5124 0.4294 0.7437
vn -0.1330 0.4956 0.8583
vn -0.9586 0.2021 0.2006
vn -0.9949 0.0715 0.0715
vn -0.8037 0.4288 0.4126
vn -0.8751 0.3422 0.3422
vn -0.5124 0.6072 0.6072
vn -0.1330 0.7008 0.7009
vn -0.9647 0.1863 0.1863
vn -0.9569 0.2524 0.1434
vn -0.9949 0.0876 0.0506
vn -0.7350 0.6339 0.2407
vn -0.5235 0.6760 0.5187
vn -0.8840 0.3709 0.2846
vn -0.1342 0.7861 0.6033
vn -0.0000 0.7933 0.6088
vn -0.0000 0.7070 0.7072
vn -0.9641 0.2107 0.1617
vn -0.9949 0.0977 0.0262
vn -0.0001 0.8789 -0.4769
vn -0.1313 0.9888 -0.0710
vn -0.1352 0.9908 0.0001
vn -0.0838 0.9951 0.0524
vn -0.5247 0.8513 -0.0000
vn -0.5743 0.8118 -0.1052
vn -0.8544 0.5031 -0.1301
vn -0.8849 0.4658 -0.0000
vn -0.9602 0.2795 -0.0000
vn -0.8544 0.5031 0.1301
vn -0.0000 0.7934 -0.6088
vn -0.0001 0.8789 0.4769
vn -0.3097 0.9501 0.0372
vn -0.3040 0.9527 -0.0000
vn -0.1561 0.9734 -0.1676
vn -0.2971 0.9543 -0.0310
vn -0.1769 0.9687 0.1741
vn -0.2732 0.9579 -0.0882
vn -0.3004 0.9485 0.1001
vn -0.4217 0.9006 0.1052
vn 0.7071 -0.0000 -0.7071
vn -0.0467 -0.0589 -0.9972
vn -0.0439 -0.1480 -0.9880
vn 0.1253 -0.0738 -0.9894
vn 0.1252 -0.0738 0.9894
vn 0.1504 -0.0350 0.9880
vn 0.0099 -0.0745 0.9972
vn 0.1913 0.5307 -0.8257
vn -0.1691 0.3626 -0.9165
vn 0.6407 0.7402 -0.2039
vn 0.4779 0.6629 -0.5763
vn 0.6407 0.7402 0.2039
vn 0.4928 0.6696 0.5556
vn -0.8113 -0.4512 -0.3718
vn -0.5085 -0.6883 -0.5174
vn -0.9789 -0.0149 -0.2040
vn -0.8185 0.0598 -0.5714
vn -0.5295 0.1946 -0.8257
vn 0.4226 -0.9063 0.0002
vn -0.3932 -0.1834 -0.9010
vn -0.5196 0.1572 -0.8398
vn -0.1530 0.3281 -0.9322
vn -0.7086 -0.3304 -0.6235
vn -0.8135 0.0201 -0.5812
vn -0.8836 -0.4120 -0.2225
vn -0.9767 -0.0559 -0.2074
vn -0.8836 -0.4120 0.2225
vn -0.8631 -0.4509 0.2275
vn -0.7086 -0.3304 0.6235
vn -0.4320 -0.1643 0.8868
vn -0.0285 0.0126 0.9995
vn 0.4097 0.1883 0.8926
vn 0.7196 0.3327 0.6095
vn 0.5168 0.6409 0.5676
vn 0.8836 0.4120 0.2225
vn 0.6706 0.7122 0.2074
vn 0.8836 0.4120 -0.2225
vn 0.6706 0.7122 -0.2074
vn 0.7086 0.3304 -0.6235
vn 0.5075 0.6361 -0.5812
vn 0.3932 0.1834 -0.9010
vn 0.2135 0.4991 -0.8398
vn 0.6228 0.3398 -0.7048
vn 0.6307 0.3258 -0.7044
vn 0.0049 0.0025 -1.0000
vn 0.0040 0.0022 -1.0000
vn 0.8778 0.4790 -0.0000
vn 0.8885 0.4590 -0.0000
vn 0.6228 0.3398 0.7048
vn 0.6307 0.3258 0.7044
vn 0.0040 0.0022 1.0000
vn 0.0049 0.0025 1.0000
vn -0.6187 -0.3377 0.7093
vn -0.6258 -0.3232 0.7099
vn -0.8778 -0.4791 -0.0000
vn -0.8885 -0.4589 -0.0000
vn -0.6187 -0.3377 -0.7093
vn -0.6258 -0.3232 -0.7099
vn 0.6423 0.3004 -0.7051
vn 0.0036 0.0017 -1.0000
vn 0.9058 0.4237 -0.0000
vn 0.6423 0.3004 0.7051
vn 0.0036 0.0017 1.0000
vn -0.6387 -0.2987 0.7091
vn -0.9058 -0.4236 -0.0000
vn -0.6387 -0.2987 -0.7091
vn 0.6531 0.2773 -0.7047
vn 0.0042 0.0017 -1.0000
vn 0.9205 0.3907 -0.0000
vn 0.6531 0.2773 0.7047
vn 0.0042 0.0016 1.0000
vn -0.6486 -0.2765 0.7092
vn -0.9198 -0.3923 -0.0000
vn -0.6486 -0.2765 -0.7092
vn 0.6786 0.2240 -0.6995
vn 0.0148 0.0047 -0.9999
vn 0.9496 0.3133 -0.0000
vn 0.6786 0.2240 0.6995
vn 0.0148 0.0047 0.9999
vn -0.6634 -0.2206 0.7150
vn -0.9488 -0.3159 -0.0000
vn -0.6634 -0.2206 -0.7150
vn 0.7066 0.1220 -0.6970
vn 0.0204 0.0034 -0.9998
vn 0.9854 0.1700 -0.0000
vn 0.7066 0.1220 0.6970
vn 0.0204 0.0034 0.9998
vn -0.6861 -0.1190 0.7177
vn -0.9853 -0.1711 -0.0000
vn -0.6861 -0.1191 -0.7177
vn 0.7159 0.0620 -0.6954
vn 0.0210 0.0018 -0.9998
vn 0.9963 0.0862 -0.0000
vn 0.7159 0.0620 0.6954
vn 0.0210 0.0018 0.9998
vn -0.6950 -0.0602 0.7165
vn -0.9963 -0.0864 -0.0000
vn -0.6950 -0.0602 -0.7165
vn 0.2110 -0.9775 -0.0000
vn -0.0486 -0.1736 0.9836
vn -0.6936 -0.3106 0.6500
vn -0.9327 -0.3605 -0.0000
vn -0.6936 -0.3106 -0.6500
vn -0.0486 -0.1736 -0.9836
vn 0.6800 -0.0152 -0.7331
vn 0.9985 0.0553 -0.0000
vn 0.6800 -0.0152 0.7331
vn -0.5873 -0.4564 -0.6684
vn -0.6378 -0.3320 -0.6949
vn -0.0000 -0.4007 -0.9162
vn -0.0000 -0.5374 -0.8433
vn -0.6701 -0.2033 -0.7138
vn -0.0000 -0.2594 -0.9658
vn 0.6367 -0.3313 -0.6963
vn 0.5858 -0.4569 -0.6694
vn 0.6704 -0.2031 -0.7137
vn -0.6892 -0.0885 -0.7191
vn -0.0000 -0.1205 -0.9927
vn -0.8614 -0.2539 -0.4400
vn -0.7511 -0.4336 -0.4978
vn 0.6898 -0.0886 -0.7186
vn 0.0002 -0.6827 -0.7307
vn 0.4928 -0.5889 -0.6406
vn -0.4989 -0.5874 -0.6372
vn -0.8932 -0.1488 -0.4243
vn -0.8772 -0.1951 -0.4388
vn -0.9210 -0.0226 -0.3890
vn -0.4240 -0.6598 -0.6204
vn 0.7169 -0.4694 -0.5155
vn 0.8614 -0.2539 -0.4400
vn 0.8934 -0.1482 -0.4242
vn 0.8772 -0.1951 -0.4388
vn 0.9198 -0.0493 -0.3893
vn 0.4235 -0.6585 -0.6222
vn -0.3809 -0.6717 -0.6354
vn -0.0012 -0.8848 -0.4659
vn 0.1844 -0.8971 -0.4014
vn 0.3774 -0.6702 -0.6391
vn 0.6871 -0.0747 -0.7227
vn 0.7027 -0.4616 -0.5415
vn 0.7761 -0.6246 -0.0870
vn 0.9311 -0.3204 -0.1741
vn 0.9793 0.0407 -0.1983
vn 0.7383 0.1060 -0.6661
vn 0.8821 -0.4641 0.0804
vn 0.9645 -0.2636 0.0182
vn -0.6871 -0.0747 -0.7227
vn -0.7027 -0.4616 -0.5415
vn -0.0000 0.0045 -1.0000
vn -0.0000 0.0794 -0.9968
vn 0.9339 -0.3416 0.1055
vn 0.9671 -0.2439 0.0728
vn 0.9999 0.0029 -0.0097
vn 0.9992 0.0103 -0.0395
vn -0.0000 0.1450 -0.9894
vn -0.7761 -0.6246 -0.0870
vn -0.9311 -0.3207 -0.1739
vn -0.7383 0.1060 -0.6661
vn -0.9673 -0.2537 0.0068
vn -0.8974 -0.4386 0.0482
vn -0.9793 0.0407 -0.1983
vn -0.9775 -0.2085 0.0328
vn -0.9996 0.0071 -0.0263
vn -0.9541 -0.2952 0.0503
vn -0.9541 -0.2952 0.0504
vn -0.9867 0.0186 -0.1612
vn -0.7128 0.0578 -0.6989
vn -0.7018 -0.0007 -0.7124
vn -0.9286 0.0043 -0.3709
vn -0.9306 0.0242 -0.3653
vn -0.9972 0.0167 -0.0723
vn -0.9772 0.0351 -0.2092
vn -0.7257 0.0920 -0.6818
vn -0.0000 0.0742 -0.9972
vn -0.0000 -0.0046 -1.0000
vn -0.0000 0.1227 -0.9924
vn 0.7128 0.0578 -0.6990
vn 0.7017 -0.0011 -0.7124
vn 0.7257 0.0920 -0.6818
vn 0.9771 0.0364 -0.2099
vn 0.9972 0.0158 -0.0727
vn 0.9306 0.0241 -0.3653
vn 0.9287 0.0041 -0.3707
vn 0.2764 -0.8722 -0.4036
vn -0.0000 -0.8393 -0.5436
vn 0.3330 -0.9043 -0.2671
vn 0.9979 0.0155 -0.0635
vn 0.9973 0.0173 -0.0710
vn 0.4172 -0.9006 0.1222
vn 0.6802 -0.7186 0.1450
vn 0.5044 -0.8424 0.1895
vn 0.4143 -0.9022 0.1199
vn 0.3586 -0.9307 -0.0717
vn 0.3484 -0.9372 -0.0159
vn -0.2764 -0.8722 -0.4036
vn -0.3330 -0.9043 -0.2671
vn -0.4851 -0.8512 0.2004
vn -0.7291 -0.6688 0.1455
vn -0.4078 -0.9042 0.1272
vn -0.4052 -0.9057 0.1249
vn -0.3586 -0.9307 -0.0717
vn -0.3484 -0.9372 -0.0159
vn 0.9977 0.0628 -0.0256
vn 0.9976 0.0310 -0.0624
vn -0.9964 0.0755 -0.0380
vn -0.7071 -0.0000 -0.7071
vn -0.9970 0.0373 -0.0684
vn -0.7671 0.1161 0.6309
vn -0.6424 0.1543 0.7507
vn -0.9377 0.0473 0.3442
vn -0.8846 0.0516 0.4634
vn -0.1209 0.9397 0.3199
vn -0.5240 0.7716 0.3605
vn -0.2259 0.9734 -0.0379
vn 0.2617 0.9651 -0.0009
vn 0.5748 0.7498 0.3278
vn 0.1262 0.9418 0.3115
vn -0.0000 0.9446 0.3281
vn 0.6223 0.2461 0.7431
vn 0.3796 0.4708 0.7964
vn 0.7684 0.0781 0.6352
vn 0.6421 0.1174 0.7576
vn 0.0137 0.1339 0.9909
vn 0.0067 0.4821 0.8761
vn -0.9375 -0.0206 0.3473
vn -0.9952 -0.0000 -0.0980
vn -0.6000 0.2431 0.7622
vn -0.3540 0.4685 0.8094
vn 0.9952 -0.0000 -0.0980
vn 0.9243 0.0485 0.3786
vn 0.9239 -0.0000 0.3827
vn -0.6724 0.7374 -0.0639
vn -0.9425 0.2722 0.1936
vn -0.9884 -0.0310 0.1488
vn -0.9371 -0.0284 0.3479
vn -0.8374 0.0528 0.5441
vn 0.8315 0.0717 0.5509
vn 0.8672 0.0440 0.4959
vn 0.9376 0.2565 0.2348
vn 0.8181 0.5751 -0.0012
vn 0.9792 -0.0001 0.2029
vn -0.0012 -0.8720 -0.4895
vn -0.0225 -0.6148 -0.7883
vn 0.9593 -0.0002 0.2826
vn 0.8621 -0.0000 0.5067
vn 0.8699 -0.0000 -0.4933
vn 0.0077 -0.0000 -1.0000
vn -0.8621 -0.0000 -0.5067
vn -0.8699 -0.0000 0.4933
vn -0.0077 -0.0000 1.0000
vn 0.4933 -0.0000 0.8699
vn 1.0000 -0.0000 0.0077
vn 0.5067 -0.0000 -0.8621
vn -0.4933 -0.0000 -0.8699
vn -1.0000 -0.0000 -0.0077
vn -0.5067 -0.0000 0.8621
vn 0.9994 0.0332 0.0066
vn 0.9999 0.0164 0.0028
vn 0.9997 0.0229 0.0057
vn 0.9994 0.0326 0.0071
vn -0.9986 -0.0528 0.0015
vn -0.9987 -0.0510 -0.0011
vn -0.9985 -0.0547 -0.0048
vn -0.9989 -0.0471 -0.0045
vn 0.4302 -0.0240 -0.9024
vn -0.3830 -0.0243 -0.9234
vn -0.3974 -0.0252 -0.9173
vn 0.4554 -0.0254 -0.8899
vn 0.9985 -0.0556 -0.0000
vn -0.0000 -0.4573 0.8893
vn -0.0000 0.9824 -0.1866
vn -0.0000 0.8631 -0.5050
vn 1.0000 0.0041 -0.0000
vn 0.9999 0.0142 0.0057
vn 0.9447 -0.0526 -0.3236
vn 0.9470 -0.0528 -0.3167
vn -0.0000 0.6043 -0.7968
vn -0.0000 0.6068 -0.7948
vn -0.0000 0.3454 -0.9385
vn -0.0000 0.9534 -0.3017
vn -0.0000 0.9530 -0.3029
vn -0.9531 -0.0446 -0.2992
vn -0.9274 -0.0534 -0.3702
vn -0.0000 0.2707 -0.9627
vn -0.0000 0.2597 -0.9657
vn -0.0000 0.0969 -0.9953
vn -0.9996 -0.0242 -0.0108
vn -0.9984 -0.0568 -0.0069
vn -0.9985 -0.0534 -0.0101
vn -0.0000 0.5784 -0.8157
vn -0.0000 0.5747 -0.8183
vn 0.9994 0.0332 -0.0066
vn 0.9994 0.0326 -0.0071
vn 0.9997 0.0229 -0.0057
vn 0.9999 0.0164 -0.0028
vn -0.9986 -0.0523 -0.0017
vn -0.9989 -0.0458 0.0047
vn -0.9985 -0.0544 0.0048
vn -0.9987 -0.0506 0.0012
vn 0.4302 -0.0240 0.9024
vn 0.4554 -0.0254 0.8899
vn -0.4227 -0.0283 0.9058
vn -0.4031 -0.0270 0.9147
vn -0.0000 -0.4573 -0.8893
vn -0.0000 0.9824 0.1866
vn -0.0000 0.8691 0.4947
vn 0.9470 -0.0528 0.3167
vn -0.0000 0.9530 0.3029
vn -0.0000 0.9534 0.3017
vn 0.9999 0.0142 -0.0057
vn 0.9447 -0.0526 0.3236
vn -0.0000 0.6043 0.7968
vn -0.0000 0.3454 0.9385
vn -0.0000 0.6068 0.7948
vn -0.9586 -0.0463 0.2809
vn -0.9364 -0.0551 0.3465
vn -0.0000 0.2707 0.9627
vn -0.0000 0.0969 0.9953
vn -0.0000 0.2597 0.9657
vn -0.9996 -0.0243 0.0132
vn -0.9985 -0.0534 0.0101
vn -0.9984 -0.0565 0.0069
vn -0.0000 0.5747 0.8183
vn -0.0000 0.5784 0.8157
vn -0.3827 0.9239 -0.0000
vn -0.9239 0.3827 -0.0000
vn -0.2500 0.9683 -0.0000
vn -0.8030 0.5960 -0.0000
vn -0.9777 0.2101 -0.0000
vn 0.8338 -0.5521 -0.0000
vn 0.8266 -0.5579 0.0737
vn 0.7821 -0.5980 0.1753
vn 0.9911 -0.1330 -0.0000
vn 0.7821 -0.5980 -0.1753
vn 0.8266 -0.5579 -0.0737
vn 0.2834 -0.9465 -0.1545
vn 0.2564 -0.9275 -0.2721
vn 0.0326 -0.9656 -0.2580
vn 0.0336 -0.9869 -0.1577
vn 0.2834 -0.9465 0.1545
vn 0.2564 -0.9275 0.2721
vn 0.2807 -0.9598 -0.0000
vn 0.0336 -0.9869 0.1577
vn 0.0326 -0.9656 0.2580
vn 0.0342 -0.9994 -0.0000
vn 0.5000 -0.0000 -0.8660
vn 0.5000 -0.0000 0.8660
vn -0.5000 -0.0000 0.8660
vn -0.5000 -0.0000 -0.8660
vn 0.8660 -0.0000 -0.5000
vn 0.8660 -0.0000 0.5000
vn -0.8660 -0.0000 0.5000
vn -0.8660 -0.0000 -0.5000
vn -0.0000 0.2596 -0.9657
vn -0.0000 -0.7065 -0.7077
vn -0.0000 -0.9661 0.2580
vn -0.0000 -0.2596 0.9657
vn -0.0000 0.7065 0.7077
vn -0.0000 0.9661 -0.2580
vt 0.859374 0.771582
vt 0.864542 0.781462
vt 0.861405 0.783745
vt 0.855741 0.772948
vt 0.226492 0.880032
vt 0.228543 0.880564
vt 0.227833 0.882351
vt 0.226272 0.881950
vt 0.414426 0.717880
vt 0.416410 0.713054
vt 0.433543 0.717700
vt 0.432875 0.722875
vt 0.673538 0.155877
vt 0.669881 0.164614
vt 0.653980 0.155327
vt 0.659765 0.147834
vt 0.417694 0.709992
vt 0.433990 0.714409
vt 0.681699 0.136767
vt 0.672618 0.131533
vt 0.663913 0.454516
vt 0.640754 0.454513
vt 0.643820 0.433218
vt 0.661073 0.433331
vt 0.428158 0.760204
vt 0.400207 0.752715
vt 0.648964 0.823238
vt 0.652650 0.822248
vt 0.669281 0.862787
vt 0.654543 0.866606
vt 0.666387 0.172859
vt 0.648482 0.162386
vt 0.651231 0.158861
vt 0.668136 0.168740
vt 0.648402 0.819270
vt 0.651066 0.818557
vt 0.639566 0.463033
vt 0.614811 0.456002
vt 0.616602 0.451957
vt 0.640166 0.458754
vt 0.664169 0.178073
vt 0.644998 0.166847
vt 0.850958 0.351246
vt 0.850031 0.346226
vt 0.853012 0.345830
vt 0.853804 0.350651
vt 0.618360 0.448020
vt 0.857286 0.349940
vt 0.856655 0.345364
vt 0.858929 0.345170
vt 0.859467 0.349590
vt 0.622443 0.407201
vt 0.613707 0.397407
vt 0.621558 0.392151
vt 0.628507 0.400039
vt 0.227562 0.871528
vt 0.231787 0.872640
vt 0.229832 0.877402
vt 0.226911 0.876638
vt 0.469062 0.462984
vt 0.485695 0.455886
vt 0.487716 0.459363
vt 0.470120 0.466670
vt 0.863453 0.344820
vt 0.863806 0.348929
vt 0.489865 0.463237
vt 0.471260 0.470743
vt 0.228185 0.866800
vt 0.228608 0.863807
vt 0.234799 0.865455
vt 0.233614 0.868237
vt 0.094688 0.964512
vt 0.096115 0.966999
vt 0.089003 0.972348
vt 0.086425 0.967846
vt 0.491841 0.466947
vt 0.472280 0.474587
vt 0.097491 0.963337
vt 0.098506 0.965147
vt 0.504932 0.499527
vt 0.479596 0.507237
vt 0.229361 0.857776
vt 0.237089 0.859825
vt 0.235586 0.863517
vt 0.228866 0.861731
vt 0.419733 0.705156
vt 0.420909 0.702367
vt 0.435122 0.706211
vt 0.434708 0.709210
vt 0.672200 0.869938
vt 0.655578 0.874326
vt 0.231732 0.840100
vt 0.243957 0.843364
vt 0.418526 0.708001
vt 0.434278 0.712271
vt 0.465610 0.451604
vt 0.479323 0.445206
vt 0.592772 0.442115
vt 0.595708 0.438696
vt 0.629378 0.151076
vt 0.633890 0.147665
vt 0.849461 0.340981
vt 0.852563 0.340800
vt 0.598511 0.435407
vt 0.637452 0.144969
vt 0.641016 0.142265
vt 0.856354 0.340599
vt 0.858713 0.340573
vt 0.608394 0.385451
vt 0.606014 0.373178
vt 0.615035 0.372640
vt 0.616920 0.382766
vt 0.235579 0.874811
vt 0.232454 0.878902
vt 0.500860 0.444208
vt 0.503961 0.447159
vt 0.230385 0.881616
vt 0.863403 0.340558
vt 0.507443 0.450532
vt 0.240352 0.868653
vt 0.238486 0.871032
vt 0.098133 0.969025
vt 0.092660 0.976028
vt 0.510759 0.453719
vt 0.099954 0.966618
vt 0.528933 0.487983
vt 0.244023 0.863807
vt 0.241614 0.866984
vt 0.449843 0.706252
vt 0.450220 0.709254
vt 0.682492 0.855105
vt 0.687285 0.861397
vt 0.254922 0.849685
vt 0.450597 0.712322
vt 0.491355 0.435227
vt 0.450872 0.714462
vt 0.872160 0.789592
vt 0.869747 0.792631
vt 0.229229 0.883151
vt 0.451292 0.717756
vt 0.451986 0.722927
vt 0.648534 0.136519
vt 0.665179 0.124087
vt 0.612434 0.418918
vt 0.627157 0.428260
vt 0.457092 0.760204
vt 0.655957 0.820324
vt 0.653457 0.817166
vt 0.246539 0.871896
vt 0.244887 0.873181
vt 0.466374 0.708146
vt 0.467194 0.710142
vt 0.881686 0.795400
vt 0.880167 0.798978
vt 0.231887 0.883118
vt 0.230364 0.884302
vt 0.468452 0.713215
vt 0.470461 0.718031
vt 0.631856 0.126312
vt 0.640598 0.122694
vt 0.659910 0.114933
vt 0.583072 0.417779
vt 0.600716 0.405834
vt 0.485042 0.752715
vt 0.658654 0.817601
vt 0.693420 0.844348
vt 0.623584 0.129695
vt 0.627718 0.128007
vt 0.655410 0.815193
vt 0.575811 0.422481
vt 0.579502 0.420120
vt 0.618349 0.131829
vt 0.849274 0.335530
vt 0.852486 0.335582
vt 0.856408 0.335664
vt 0.858842 0.335818
vt 0.607222 0.360635
vt 0.615858 0.362400
vt 0.238678 0.877894
vt 0.234595 0.881034
vt 0.512129 0.427992
vt 0.516004 0.429880
vt 0.863677 0.336162
vt 0.520351 0.431976
vt 0.242468 0.874996
vt 0.100609 0.970449
vt 0.097144 0.978630
vt 0.086623 0.787084
vt 0.086790 0.787091
vt 0.085098 0.802445
vt 0.085502 0.795065
vt 0.085611 0.791682
vt 0.086199 0.789279
vt 0.086589 0.787565
vt 0.520670 0.437744
vt 0.518734 0.440856
vt 0.514047 0.447533
vt 0.524018 0.433752
vt 0.523784 0.434198
vt 0.522518 0.435695
vt 0.101744 0.967646
vt 0.126871 0.536129
vt 0.128918 0.536113
vt 0.129471 0.557509
vt 0.128987 0.551275
vt 0.127185 0.544363
vt 0.127558 0.540254
vt 0.126710 0.538226
vt 0.085618 0.808422
vt 0.115763 0.788503
vt 0.115483 0.790599
vt 0.116286 0.792658
vt 0.115513 0.796733
vt 0.116713 0.803767
vt 0.116715 0.810013
vt 0.249690 0.869452
vt 0.464075 0.702477
vt 0.465216 0.705280
vt 0.699627 0.849087
vt 0.263877 0.858632
vt 0.500341 0.422133
vt 0.518048 0.409305
vt 0.522200 0.409991
vt 0.236110 0.883655
vt 0.232945 0.884966
vt 0.859339 0.330926
vt 0.864296 0.331651
vt 0.526791 0.410734
vt 0.248095 0.878732
vt 0.245287 0.879859
vt 0.103366 0.971184
vt 0.102150 0.979979
vt 0.086711 0.784827
vt 0.087031 0.777047
vt 0.087214 0.772691
vt 0.087488 0.768672
vt 0.531024 0.411410
vt 0.530248 0.414492
vt 0.529032 0.418762
vt 0.527741 0.423269
vt 0.525005 0.431385
vt 0.240873 0.881677
vt 0.103723 0.968195
vt 0.126049 0.514710
vt 0.128837 0.514710
vt 0.126354 0.533754
vt 0.126252 0.524204
vt 0.115379 0.786090
vt 0.087703 0.765751
vt 0.115982 0.767006
vt 0.115766 0.776505
vt 0.531116 0.411423
vt 0.253702 0.876373
vt 0.250024 0.877919
vt 0.476847 0.695148
vt 0.478674 0.697560
vt 0.701156 0.831176
vt 0.708301 0.834164
vt 0.270210 0.869595
vt 0.480535 0.700029
vt 0.505364 0.407131
vt 0.481843 0.701744
vt 0.892441 0.798471
vt 0.891925 0.802335
vt 0.231165 0.885713
vt 0.483854 0.704387
vt 0.487041 0.708518
vt 0.627108 0.108548
vt 0.636478 0.107307
vt 0.657170 0.104700
vt 0.573389 0.396932
vt 0.593641 0.390236
vt 0.510101 0.738244
vt 0.660556 0.814263
vt 0.618249 0.109688
vt 0.622676 0.109121
vt 0.656790 0.812772
vt 0.565308 0.399414
vt 0.569402 0.398181
vt 0.612643 0.110403
vt 0.849499 0.329898
vt 0.852805 0.330197
vt 0.856842 0.330582
vt 0.611234 0.348694
vt 0.619204 0.352750
vt 0.569712 0.374794
vt 0.590577 0.373892
vt 0.500591 0.695038
vt 0.530557 0.717781
vt 0.661532 0.810538
vt 0.705062 0.816365
vt 0.618243 0.088990
vt 0.622666 0.089580
vt 0.657499 0.810070
vt 0.561435 0.375029
vt 0.565619 0.374930
vt 0.612643 0.088239
vt 0.850161 0.324110
vt 0.853546 0.324670
vt 0.627096 0.090167
vt 0.857678 0.325376
vt 0.860225 0.325922
vt 0.618355 0.338547
vt 0.624913 0.344408
vt 0.242015 0.885903
vt 0.236895 0.886583
vt 0.518697 0.390114
vt 0.522858 0.389609
vt 0.233488 0.887034
vt 0.865280 0.327048
vt 0.527517 0.389055
vt 0.249757 0.884926
vt 0.246752 0.885288
vt 0.106218 0.971171
vt 0.107332 0.979981
vt 0.532360 0.388430
vt 0.105777 0.968194
vt 0.125394 0.493291
vt 0.128863 0.493307
vt 0.125754 0.498407
vt 0.531173 0.410276
vt 0.116248 0.745572
vt 0.116407 0.750700
vt 0.087760 0.764695
vt 0.088946 0.744373
vt 0.255785 0.884099
vt 0.251832 0.884640
vt 0.487285 0.684763
vt 0.489675 0.686620
vt 0.712899 0.817425
vt 0.273488 0.881825
vt 0.492110 0.688523
vt 0.505901 0.391549
vt 0.493818 0.689841
vt 0.903664 0.798584
vt 0.904189 0.802459
vt 0.231554 0.887297
vt 0.496443 0.691873
vt 0.636472 0.091380
vt 0.657121 0.094162
vt 0.124471 0.470619
vt 0.128963 0.471905
vt 0.125269 0.484502
vt 0.525613 0.367073
vt 0.526825 0.365122
vt 0.530205 0.379126
vt 0.116468 0.736781
vt 0.089878 0.735614
vt 0.091343 0.721779
vt 0.116226 0.722871
vt 0.255798 0.892102
vt 0.251838 0.891602
vt 0.494676 0.672035
vt 0.497465 0.673210
vt 0.705213 0.801022
vt 0.712944 0.800024
vt 0.273488 0.894488
vt 0.500310 0.674416
vt 0.502059 0.376542
vt 0.513702 0.371866
vt 0.249760 0.891342
vt 0.502300 0.675247
vt 0.914562 0.795724
vt 0.916092 0.799338
vt 0.233481 0.889181
vt 0.231548 0.888947
vt 0.505362 0.676531
vt 0.510187 0.678514
vt 0.631811 0.072405
vt 0.640558 0.075990
vt 0.659683 0.084062
vt 0.571947 0.352775
vt 0.591931 0.357102
vt 0.545017 0.692724
vt 0.661512 0.806684
vt 0.623557 0.068988
vt 0.627680 0.070697
vt 0.657489 0.807270
vt 0.564034 0.350881
vt 0.568028 0.351858
vt 0.618337 0.066823
vt 0.851286 0.318194
vt 0.854732 0.319030
vt 0.858938 0.320074
vt 0.861522 0.320832
vt 0.627637 0.330511
vt 0.632506 0.337909
vt 0.242025 0.890284
vt 0.236898 0.889620
vt 0.517481 0.370311
vt 0.866646 0.322380
vt 0.521657 0.368643
vt 0.246762 0.890914
vt 0.108972 0.970411
vt 0.112335 0.978639
vt 0.107764 0.967642
vt 0.576205 0.330611
vt 0.579694 0.332479
vt 0.637387 0.053732
vt 0.640940 0.056448
vt 0.860643 0.314703
vt 0.863250 0.315683
vt 0.638691 0.325320
vt 0.641416 0.333499
vt 0.240904 0.894520
vt 0.236120 0.892557
vt 0.856386 0.313306
vt 0.504349 0.355241
vt 0.507634 0.352705
vt 0.232924 0.891259
vt 0.868412 0.317674
vt 0.511327 0.349875
vt 0.248104 0.897541
vt 0.245318 0.896353
vt 0.111439 0.968962
vt 0.116822 0.976049
vt 0.514906 0.347137
vt 0.109553 0.966573
vt 0.124061 0.450445
vt 0.128944 0.450502
vt 0.123937 0.454884
vt 0.516694 0.345759
vt 0.519329 0.349842
vt 0.116715 0.702688
vt 0.116448 0.707122
vt 0.092496 0.706071
vt 0.092619 0.701630
vt 0.253739 0.899837
vt 0.250044 0.898329
vt 0.498521 0.657828
vt 0.501519 0.658241
vt 0.701135 0.786202
vt 0.708490 0.783141
vt 0.270210 0.906720
vt 0.504579 0.658670
vt 0.494313 0.363006
vt 0.506716 0.658957
vt 0.924368 0.790084
vt 0.926799 0.793183
vt 0.231098 0.890529
vt 0.510006 0.659404
vt 0.515180 0.660071
vt 0.648468 0.062169
vt 0.664833 0.074921
vt 0.597671 0.341891
vt 0.552501 0.664782
vt 0.660497 0.802960
vt 0.633840 0.051017
vt 0.656759 0.804563
vt 0.572661 0.328670
vt 0.629350 0.047577
vt 0.852896 0.312182
vt 0.932395 0.782051
vt 0.935558 0.784419
vt 0.231872 0.893123
vt 0.230309 0.891970
vt 0.510060 0.641656
vt 0.515231 0.640961
vt 0.653890 0.043375
vt 0.659689 0.050855
vt 0.506766 0.642076
vt 0.672220 0.067416
vt 0.592193 0.315107
vt 0.606898 0.328503
vt 0.552499 0.635853
vt 0.658556 0.799626
vt 0.693449 0.772848
vt 0.648425 0.036285
vt 0.651155 0.039829
vt 0.655359 0.802136
vt 0.586452 0.309709
vt 0.589340 0.312448
vt 0.644969 0.031797
vt 0.855012 0.306106
vt 0.858527 0.307527
vt 0.862814 0.309291
vt 0.865429 0.310504
vt 0.650571 0.323042
vt 0.651146 0.331631
vt 0.238729 0.898322
vt 0.234617 0.895194
vt 0.490760 0.341833
vt 0.493216 0.338520
vt 0.870594 0.312960
vt 0.495915 0.334789
vt 0.244901 0.903100
vt 0.242517 0.901233
vt 0.113458 0.966928
vt 0.120490 0.972382
vt 0.498516 0.331190
vt 0.111035 0.965119
vt 0.122472 0.429023
vt 0.129192 0.429100
vt 0.123482 0.441070
vt 0.501089 0.327716
vt 0.510031 0.337961
vt 0.115817 0.681216
vt 0.116439 0.693294
vt 0.093717 0.692297
vt 0.095359 0.680318
vt 0.249750 0.906776
vt 0.246570 0.904364
vt 0.498556 0.643106
vt 0.501559 0.642729
vt 0.699661 0.767973
vt 0.263876 0.917687
vt 0.504627 0.642351
vt 0.483215 0.352073
vt 0.483876 0.333219
vt 0.484903 0.327937
vt 0.240369 0.907641
vt 0.238551 0.905221
vt 0.114876 0.964439
vt 0.123084 0.967887
vt 0.484426 0.323542
vt 0.235646 0.901432
vt 0.112067 0.963328
vt 0.481797 0.305520
vt 0.484114 0.284381
vt 0.487385 0.297608
vt 0.479271 0.316204
vt 0.484182 0.314426
vt 0.492051 0.320066
vt 0.097493 0.670368
vt 0.099712 0.662609
vt 0.106556 0.659017
vt 0.113057 0.663201
vt 0.114604 0.671083
vt 0.244102 0.912445
vt 0.241655 0.909293
vt 0.494781 0.628873
vt 0.497584 0.627732
vt 0.682550 0.762037
vt 0.687247 0.755746
vt 0.254920 0.926638
vt 0.500450 0.626573
vt 0.481916 0.337954
vt 0.477788 0.343155
vt 0.502445 0.625754
vt 0.938082 0.772178
vt 0.941761 0.773650
vt 0.230377 0.894648
vt 0.229170 0.893139
vt 0.505518 0.624496
vt 0.510333 0.622487
vt 0.669803 0.034079
vt 0.673476 0.042817
vt 0.681318 0.062082
vt 0.608502 0.301659
vt 0.619330 0.318287
vt 0.545011 0.607909
vt 0.655823 0.796908
vt 0.666351 0.025802
vt 0.668075 0.029939
vt 0.653384 0.800153
vt 0.604357 0.295084
vt 0.606435 0.298413
vt 0.664167 0.020563
vt 0.857643 0.299998
vt 0.861171 0.301718
vt 0.865475 0.303861
vt 0.868087 0.305323
vt 0.662576 0.323834
vt 0.660973 0.332271
vt 0.232486 0.897352
vt 0.873213 0.308277
vt 0.652486 0.794992
vt 0.669256 0.754445
vt 0.686416 0.020303
vt 0.687012 0.024753
vt 0.650971 0.798748
vt 0.625022 0.285498
vt 0.626195 0.289198
vt 0.685662 0.014666
vt 0.860782 0.293878
vt 0.864333 0.295881
vt 0.627373 0.292820
vt 0.687611 0.029207
vt 0.868665 0.298416
vt 0.871270 0.300157
vt 0.673954 0.327600
vt 0.670302 0.335325
vt 0.231866 0.903637
vt 0.229873 0.898882
vt 0.228539 0.895728
vt 0.876293 0.303678
vt 0.234820 0.910853
vt 0.233690 0.908046
vt 0.115597 0.961663
vt 0.124426 0.962875
vt 0.112584 0.961321
vt 0.237180 0.916458
vt 0.235634 0.912781
vt 0.487451 0.616104
vt 0.489864 0.614277
vt 0.672159 0.747197
vt 0.243953 0.932965
vt 0.492332 0.612416
vt 0.464952 0.340655
vt 0.470925 0.343146
vt 0.469479 0.344473
vt 0.454163 0.340762
vt 0.456762 0.334213
vt 0.494047 0.611108
vt 0.941033 0.761144
vt 0.944973 0.761618
vt 0.227771 0.893961
vt 0.496690 0.609098
vt 0.500821 0.605911
vt 0.688900 0.038615
vt 0.691503 0.059286
vt 0.633545 0.311436
vt 0.530545 0.582856
vt 0.654518 0.750509
vt 0.655494 0.742844
vt 0.231724 0.936234
vt 0.229458 0.918541
vt 0.478927 0.603277
vt 0.480829 0.600841
vt 0.452228 0.328402
vt 0.439135 0.341159
vt 0.437080 0.329649
vt 0.228916 0.914590
vt 0.228630 0.912518
vt 0.482147 0.599134
vt 0.941042 0.749708
vt 0.944973 0.749151
vt 0.226485 0.896291
vt 0.226200 0.894376
vt 0.484180 0.596509
vt 0.487345 0.592362
vt 0.706107 0.029114
vt 0.704913 0.038550
vt 0.702081 0.059223
vt 0.647723 0.288967
vt 0.649068 0.308394
vt 0.510089 0.562401
vt 0.648775 0.794007
vt 0.707262 0.020188
vt 0.706684 0.024649
vt 0.648285 0.798016
vt 0.647260 0.281334
vt 0.647480 0.285188
vt 0.707996 0.014537
vt 0.864360 0.287721
vt 0.868029 0.289936
vt 0.872479 0.292896
vt 0.875091 0.294997
vt 0.683990 0.334098
vt 0.678514 0.340649
vt 0.227646 0.904786
vt 0.226955 0.899681
vt 0.436386 0.325929
vt 0.451535 0.324840
vt 0.879889 0.299260
vt 0.435656 0.321834
vt 0.451865 0.321408
vt 0.228266 0.909516
vt 0.115578 0.958792
vt 0.124431 0.957687
vt 0.434958 0.317927
vt 0.455207 0.316748
vt 0.112550 0.959223
vt 0.428350 0.281334
vt 0.477070 0.605666
vt 0.877220 0.287086
vt 0.879907 0.289777
vt 0.692050 0.342889
vt 0.685146 0.347836
vt 0.223275 0.904803
vt 0.223932 0.899695
vt 0.872274 0.283400
vt 0.420384 0.334711
vt 0.418835 0.331281
vt 0.224359 0.896305
vt 0.884126 0.295239
vt 0.417144 0.327476
vt 0.222222 0.912523
vt 0.222648 0.909529
vt 0.114834 0.956019
vt 0.123095 0.952668
vt 0.415511 0.323867
vt 0.112044 0.957203
vt 0.400026 0.290414
vt 0.221462 0.918553
vt 0.221962 0.914598
vt 0.464339 0.598273
vt 0.465515 0.595484
vt 0.639234 0.750683
vt 0.638174 0.742871
vt 0.219070 0.936225
vt 0.466722 0.592639
vt 0.425144 0.345304
vt 0.467554 0.590649
vt 0.938108 0.738655
vt 0.941760 0.737105
vt 0.224577 0.894394
vt 0.468838 0.587587
vt 0.470822 0.582762
vt 0.724023 0.033827
vt 0.720420 0.042643
vt 0.712327 0.061903
vt 0.668300 0.290274
vt 0.664784 0.309336
vt 0.485038 0.547936
vt 0.644942 0.794017
vt 0.727460 0.025493
vt 0.725741 0.029658
vt 0.645510 0.798005
vt 0.669739 0.282792
vt 0.668999 0.286566
vt 0.729639 0.020218
vt 0.868119 0.281334
vt 0.740124 0.043039
vt 0.734350 0.050627
vt 0.451263 0.586229
vt 0.451711 0.582939
vt 0.721537 0.067148
vt 0.687843 0.296631
vt 0.679709 0.314163
vt 0.452379 0.577765
vt 0.457098 0.540445
vt 0.641254 0.795022
vt 0.624458 0.754602
vt 0.745612 0.035876
vt 0.742868 0.039455
vt 0.642838 0.798715
vt 0.691087 0.289760
vt 0.689438 0.293223
vt 0.749091 0.031342
vt 0.879082 0.390749
vt 0.876328 0.388613
vt 0.877566 0.386959
vt 0.880551 0.389179
vt 0.882275 0.386691
vt 0.879068 0.384748
vt 0.879983 0.383340
vt 0.883057 0.384988
vt 0.697652 0.353400
vt 0.689757 0.356435
vt 0.219051 0.903685
vt 0.221010 0.898924
vt 0.405542 0.343738
vt 0.403192 0.340814
vt 0.222304 0.895763
vt 0.881584 0.380614
vt 0.884126 0.381856
vt 0.400610 0.337562
vt 0.216033 0.910868
vt 0.217220 0.908087
vt 0.113396 0.953538
vt 0.120504 0.948164
vt 0.398127 0.334483
vt 0.111019 0.955405
vt 0.374917 0.306092
vt 0.213737 0.916494
vt 0.215245 0.912805
vt 0.450132 0.594424
vt 0.450546 0.591427
vt 0.621454 0.747450
vt 0.206853 0.932940
vt 0.450975 0.588367
vt 0.412797 0.352799
vt 0.932437 0.728743
vt 0.935561 0.726312
vt 0.223018 0.893977
vt 0.111360 0.951518
vt 0.116835 0.944487
vt 0.387189 0.351472
vt 0.384013 0.349123
vt 0.212352 0.905289
vt 0.215261 0.901511
vt 0.109550 0.953946
vt 0.354518 0.327491
vt 0.206811 0.912506
vt 0.209222 0.909333
vt 0.435410 0.594386
vt 0.435033 0.591383
vt 0.611321 0.762425
vt 0.606456 0.756189
vt 0.195905 0.926607
vt 0.434656 0.588315
vt 0.402789 0.363147
vt 0.393512 0.356194
vt 0.210485 0.907666
vt 0.434381 0.586176
vt 0.924435 0.720647
vt 0.926819 0.717512
vt 0.220463 0.894701
vt 0.221621 0.893161
vt 0.433962 0.582882
vt 0.433269 0.577711
vt 0.753291 0.056129
vt 0.745741 0.061961
vt 0.729077 0.074603
vt 0.705152 0.307628
vt 0.692919 0.322553
vt 0.428168 0.540439
vt 0.637960 0.796955
vt 0.760458 0.050633
vt 0.756875 0.053379
vt 0.640453 0.800095
vt 0.709995 0.301789
vt 0.707541 0.304729
vt 0.764999 0.047157
vt 0.873444 0.386530
vt 0.874725 0.384859
vt 0.876295 0.382760
vt 0.877306 0.381469
vt 0.700672 0.364830
vt 0.692073 0.365874
vt 0.218389 0.897420
vt 0.390503 0.353962
vt 0.879241 0.378938
vt 0.638520 0.802050
vt 0.635294 0.799679
vt 0.725305 0.318117
vt 0.722201 0.320354
vt 0.776253 0.066578
vt 0.770962 0.068754
vt 0.870552 0.384264
vt 0.871961 0.382618
vt 0.719171 0.322569
vt 0.766786 0.070474
vt 0.762609 0.072199
vt 0.873691 0.380593
vt 0.874813 0.379370
vt 0.700305 0.376856
vt 0.691841 0.375690
vt 0.212164 0.898429
vt 0.216248 0.895287
vt 0.385024 0.371265
vt 0.381553 0.369865
vt 0.218960 0.893194
vt 0.877026 0.376965
vt 0.377722 0.368293
vt 0.205955 0.903137
vt 0.208374 0.901324
vt 0.108871 0.950093
vt 0.112342 0.941885
vt 0.374062 0.366822
vt 0.107728 0.952919
vt 0.340143 0.353306
vt 0.201153 0.906861
vt 0.204304 0.904420
vt 0.421178 0.598158
vt 0.420037 0.595355
vt 0.600553 0.773284
vt 0.594297 0.768637
vt 0.186971 0.917658
vt 0.418879 0.592490
vt 0.395739 0.375648
vt 0.418060 0.590494
vt 0.914679 0.714896
vt 0.916185 0.711291
vt 0.220493 0.892004
vt 0.416802 0.587421
vt 0.414794 0.582605
vt 0.753800 0.075871
vt 0.734426 0.083759
vt 0.703607 0.333968
vt 0.400220 0.547922
vt 0.406579 0.603074
vt 0.404718 0.600605
vt 0.392081 0.389503
vt 0.380613 0.387977
vt 0.200824 0.898401
vt 0.202752 0.897590
vt 0.403410 0.598890
vt 0.903955 0.711805
vt 0.904463 0.707966
vt 0.217891 0.891353
vt 0.219675 0.890600
vt 0.401400 0.596247
vt 0.398214 0.592115
vt 0.767429 0.090142
vt 0.757969 0.091398
vt 0.737215 0.093987
vt 0.729062 0.340513
vt 0.711242 0.347799
vt 0.375160 0.562386
vt 0.633439 0.803008
vt 0.593044 0.786506
vt 0.776391 0.088989
vt 0.771911 0.089563
vt 0.637176 0.804444
vt 0.736091 0.337708
vt 0.732539 0.339111
vt 0.782066 0.088264
vt 0.867718 0.381741
vt 0.869283 0.380144
vt 0.871204 0.378195
vt 0.872446 0.377032
vt 0.697382 0.388619
vt 0.689342 0.385269
vt 0.209969 0.894648
vt 0.214730 0.892670
vt 0.376903 0.387494
vt 0.874920 0.374741
vt 0.372805 0.386935
vt 0.205558 0.896464
vt 0.106104 0.949351
vt 0.107326 0.940536
vt 0.368896 0.386431
vt 0.105730 0.952351
vt 0.332741 0.381877
vt 0.197149 0.899944
vt 0.408405 0.605486
vt 0.585873 0.783653
vt 0.180656 0.906705
vt 0.866710 0.377406
vt 0.868834 0.375546
vt 0.380516 0.405238
vt 0.376812 0.405698
vt 0.213942 0.889746
vt 0.217340 0.889294
vt 0.870200 0.374445
vt 0.872929 0.372280
vt 0.372712 0.406182
vt 0.201092 0.891401
vt 0.204095 0.891039
vt 0.103247 0.949355
vt 0.102132 0.940537
vt 0.368811 0.406673
vt 0.208828 0.890426
vt 0.103672 0.952334
vt 0.332783 0.411326
vt 0.195071 0.892226
vt 0.199020 0.891686
vt 0.397969 0.615870
vt 0.395580 0.614012
vt 0.589162 0.801116
vt 0.581576 0.800150
vt 0.177389 0.894491
vt 0.393144 0.612109
vt 0.391991 0.403842
vt 0.391437 0.610791
vt 0.892850 0.711714
vt 0.892312 0.707885
vt 0.219258 0.889029
vt 0.388811 0.608758
vt 0.384664 0.605592
vt 0.767416 0.108719
vt 0.757958 0.107472
vt 0.737252 0.104584
vt 0.734243 0.360305
vt 0.714836 0.363003
vt 0.354700 0.582843
vt 0.632523 0.806710
vt 0.776366 0.109936
vt 0.771893 0.109325
vt 0.636516 0.807117
vt 0.741744 0.359278
vt 0.737959 0.359785
vt 0.782033 0.110713
vt 0.864980 0.378935
vt 0.691482 0.399015
vt 0.684444 0.393940
vt 0.199014 0.884732
vt 0.201090 0.884992
vt 0.384940 0.626215
vt 0.382950 0.625383
vt 0.882127 0.714608
vt 0.880582 0.711060
vt 0.217343 0.887155
vt 0.219273 0.887400
vt 0.379887 0.624100
vt 0.375062 0.622115
vt 0.762574 0.126644
vt 0.753770 0.122983
vt 0.734536 0.114822
vt 0.734547 0.380794
vt 0.715124 0.378547
vt 0.340232 0.607898
vt 0.632600 0.810532
vt 0.589300 0.816237
vt 0.770894 0.130144
vt 0.766737 0.128392
vt 0.636595 0.809892
vt 0.742146 0.381621
vt 0.738314 0.381198
vt 0.776160 0.132368
vt 0.862369 0.375837
vt 0.864268 0.374393
vt 0.866597 0.372639
vt 0.868088 0.371610
vt 0.682887 0.408405
vt 0.677212 0.401208
vt 0.208817 0.886049
vt 0.213937 0.886714
vt 0.384754 0.421946
vt 0.381284 0.423312
vt 0.871068 0.369588
vt 0.377441 0.424800
vt 0.204085 0.885419
vt 0.100494 0.950108
vt 0.097124 0.941890
vt 0.373794 0.426244
vt 0.101690 0.952869
vt 0.340219 0.439708
vt 0.195058 0.884232
vt 0.390573 0.628597
vt 0.387785 0.627422
vt 0.581576 0.817253
vt 0.177391 0.881848
vt 0.395525 0.417745
vt 0.392950 0.437068
vt 0.389938 0.439239
vt 0.214715 0.883781
vt 0.217901 0.885082
vt 0.866130 0.368526
vt 0.869357 0.366671
vt 0.386597 0.441619
vt 0.202744 0.878799
vt 0.205528 0.879985
vt 0.098035 0.951555
vt 0.092643 0.944494
vt 0.383436 0.443911
vt 0.209937 0.881817
vt 0.099918 0.953921
vt 0.354470 0.465171
vt 0.197114 0.876505
vt 0.200806 0.878011
vt 0.386724 0.642809
vt 0.383727 0.642395
vt 0.593090 0.830876
vt 0.585991 0.833791
vt 0.180662 0.869634
vt 0.380666 0.641966
vt 0.402327 0.430370
vt 0.378529 0.641678
vt 0.872549 0.720278
vt 0.870107 0.717263
vt 0.219720 0.885814
vt 0.375239 0.641230
vt 0.370064 0.640562
vt 0.753244 0.142681
vt 0.745700 0.136864
vt 0.729255 0.123998
vt 0.729760 0.401109
vt 0.711131 0.394102
vt 0.332742 0.635845
vt 0.633639 0.814210
vt 0.760361 0.148219
vt 0.756806 0.145449
vt 0.637432 0.812591
vt 0.737072 0.403810
vt 0.733385 0.402441
vt 0.764863 0.151732
vt 0.859914 0.372446
vt 0.861981 0.371102
vt 0.864515 0.369472
vt 0.671748 0.414958
vt 0.668257 0.406513
vt 0.719933 0.419961
vt 0.703373 0.408000
vt 0.370014 0.659673
vt 0.332741 0.664776
vt 0.635534 0.817544
vt 0.600709 0.843979
vt 0.745508 0.162918
vt 0.742797 0.159324
vt 0.638764 0.815087
vt 0.726503 0.424528
vt 0.723188 0.422220
vt 0.748938 0.167474
vt 0.857642 0.368763
vt 0.859875 0.367535
vt 0.740080 0.155730
vt 0.862611 0.366049
vt 0.864349 0.365198
vt 0.659197 0.418298
vt 0.658100 0.409059
vt 0.212113 0.878017
vt 0.216222 0.881146
vt 0.404573 0.449636
vt 0.402197 0.452467
vt 0.218964 0.883219
vt 0.867817 0.363533
vt 0.399559 0.455579
vt 0.205944 0.873243
vt 0.208326 0.875109
vt 0.096031 0.953592
vt 0.088993 0.948173
vt 0.397074 0.458562
vt 0.098457 0.955381
vt 0.374490 0.486075
vt 0.201097 0.869572
vt 0.204274 0.871981
vt 0.386689 0.657530
vt 0.383686 0.657907
vt 0.594477 0.848713
vt 0.186980 0.858680
vt 0.380618 0.658284
vt 0.412017 0.440905
vt 0.378479 0.658559
vt 0.864804 0.728321
vt 0.861639 0.726057
vt 0.220528 0.884370
vt 0.375185 0.658979
vt 0.734310 0.148161
vt 0.721775 0.131482
vt 0.413761 0.469367
vt 0.398820 0.501148
vt 0.206737 0.863904
vt 0.209184 0.867053
vt 0.390460 0.671760
vt 0.387658 0.672901
vt 0.611324 0.854858
vt 0.606585 0.860955
vt 0.195917 0.849731
vt 0.384792 0.674059
vt 0.423789 0.448769
vt 0.418814 0.458951
vt 0.210470 0.868703
vt 0.382797 0.674878
vt 0.859446 0.738169
vt 0.855785 0.736813
vt 0.220465 0.881696
vt 0.221674 0.883203
vt 0.379724 0.676136
vt 0.374909 0.678145
vt 0.723999 0.164903
vt 0.720394 0.156108
vt 0.712613 0.136765
vt 0.705222 0.436162
vt 0.692317 0.420299
vt 0.340226 0.692721
vt 0.638203 0.820278
vt 0.727372 0.173242
vt 0.725689 0.169074
vt 0.640665 0.817102
vt 0.710527 0.442501
vt 0.707848 0.439293
vt 0.729499 0.178524
vt 0.855581 0.364793
vt 0.857977 0.363698
vt 0.860911 0.362376
vt 0.862767 0.361631
vt 0.646129 0.418018
vt 0.647556 0.408910
vt 0.215195 0.874908
vt 0.218355 0.878989
vt 0.417217 0.462253
vt 0.866469 0.360181
vt 0.415431 0.465891
vt 0.212288 0.871121
vt 0.094629 0.956085
vt 0.086422 0.952668
vt 0.097445 0.957179
vt 0.687767 0.451988
vt 0.686045 0.448162
vt 0.706667 0.174047
vt 0.706116 0.169588
vt 0.859440 0.358460
vt 0.861410 0.357834
vt 0.218974 0.872702
vt 0.220971 0.877460
vt 0.856315 0.359598
vt 0.434863 0.464399
vt 0.434124 0.467996
vt 0.222309 0.880618
vt 0.865337 0.356622
vt 0.433278 0.471960
vt 0.216015 0.865489
vt 0.217146 0.868294
vt 0.093921 0.958864
vt 0.085098 0.957669
vt 0.432497 0.475732
vt 0.096939 0.959196
vt 0.425690 0.509602
vt 0.213650 0.859888
vt 0.215199 0.863562
vt 0.397789 0.684529
vt 0.395377 0.686357
vt 0.624541 0.862455
vt 0.621489 0.869739
vt 0.206865 0.843398
vt 0.392909 0.688218
vt 0.437132 0.453313
vt 0.391194 0.689526
vt 0.856835 0.749137
vt 0.852940 0.748756
vt 0.223082 0.882390
vt 0.388551 0.691536
vt 0.384419 0.694723
vt 0.704913 0.160172
vt 0.702397 0.139487
vt 0.677610 0.428935
vt 0.354689 0.717780
vt 0.641484 0.822220
vt 0.707212 0.178502
vt 0.643014 0.818522
vt 0.689514 0.455916
vt 0.707896 0.184144
vt 0.853761 0.360543
vt 0.857026 0.760553
vt 0.853131 0.761030
vt 0.224368 0.880056
vt 0.224653 0.881983
vt 0.401064 0.704128
vt 0.397897 0.708276
vt 0.687658 0.169482
vt 0.688931 0.160087
vt 0.403097 0.701502
vt 0.691831 0.139455
vt 0.096995 0.961300
vt 0.375147 0.738244
vt 0.645153 0.823228
vt 0.639285 0.866532
vt 0.686412 0.178362
vt 0.687038 0.173925
vt 0.645652 0.819257
vt 0.665112 0.463033
vt 0.664519 0.458721
vt 0.685615 0.183980
vt 0.852210 0.356023
vt 0.854915 0.355245
vt 0.858223 0.354310
vt 0.860302 0.353816
vt 0.223192 0.871550
vt 0.223889 0.876658
vt 0.451868 0.465761
vt 0.452015 0.469472
vt 0.864442 0.352868
vt 0.452153 0.473577
vt 0.222201 0.863818
vt 0.222568 0.866820
vt 0.093949 0.961735
vt 0.085098 0.962839
vt 0.452280 0.477462
vt 0.453191 0.511364
vt 0.221367 0.857798
vt 0.221912 0.861747
vt 0.408176 0.694967
vt 0.406318 0.697357
vt 0.638286 0.874304
vt 0.219080 0.840112
vt 0.404415 0.699794
vt 0.451299 0.454294
vt 0.435408 0.704084
vt 0.449568 0.704120
vt 0.723355 0.558568
vt 0.738904 0.575494
vt 0.736820 0.576996
vt 0.721727 0.560577
vt 0.399498 0.683225
vt 0.409489 0.693265
vt 0.435685 0.596517
vt 0.421995 0.600147
vt 0.475541 0.693437
vt 0.485584 0.683450
vt 0.475755 0.607369
vt 0.463513 0.600253
vt 0.492696 0.671209
vt 0.449846 0.596554
vt 0.392557 0.629425
vt 0.388857 0.643095
vt 0.399668 0.617181
vt 0.496392 0.657542
vt 0.496424 0.643381
vt 0.392448 0.670943
vt 0.463257 0.700489
vt 0.421738 0.700381
vt 0.409711 0.607197
vt 0.492790 0.629691
vt 0.388818 0.657256
vt 0.485745 0.617406
vt 0.601213 0.574130
vt 0.617424 0.558195
vt 0.634851 0.581721
vt 0.624116 0.591802
vt 0.720471 0.696708
vt 0.700966 0.707907
vt 0.699999 0.705563
vt 0.718949 0.694700
vt 0.581576 0.615035
vt 0.587489 0.592706
vt 0.589898 0.593700
vt 0.584139 0.615365
vt 0.703550 0.546819
vt 0.702541 0.549187
vt 0.736437 0.681026
vt 0.734471 0.679443
vt 0.581648 0.637958
vt 0.584191 0.637617
vt 0.681553 0.540742
vt 0.681193 0.543270
vt 0.748484 0.661920
vt 0.746160 0.660890
vt 0.587587 0.659938
vt 0.589941 0.658961
vt 0.614745 0.695595
vt 0.598893 0.679545
vt 0.600912 0.678006
vt 0.616337 0.693605
vt 0.658919 0.540439
vt 0.659178 0.542979
vt 0.754607 0.640102
vt 0.752095 0.639741
vt 0.634108 0.707708
vt 0.635139 0.705351
vt 0.636592 0.545321
vt 0.637477 0.547758
vt 0.754884 0.617568
vt 0.752360 0.617833
vt 0.656248 0.713769
vt 0.656590 0.711221
vt 0.615877 0.556067
vt 0.749929 0.595435
vt 0.747541 0.596343
vt 0.679078 0.713769
vt 0.678745 0.711237
vt 0.599136 0.572521
vt 0.615841 0.648089
vt 0.623000 0.661066
vt 0.721142 0.606580
vt 0.714212 0.593507
vt 0.674991 0.683332
vt 0.689294 0.679783
vt 0.616430 0.604532
vt 0.703821 0.583017
vt 0.702211 0.672669
vt 0.612364 0.618848
vt 0.691366 0.575275
vt 0.712942 0.662422
vt 0.612173 0.633714
vt 0.677160 0.570988
vt 0.720264 0.649690
vt 0.662152 0.570477
vt 0.724494 0.635719
vt 0.645434 0.617144
vt 0.648830 0.611498
vt 0.662592 0.622449
vt 0.661571 0.624154
vt 0.647629 0.574334
vt 0.724929 0.620874
vt 0.633400 0.671768
vt 0.646222 0.679078
vt 0.660268 0.683101
vt 0.637882 0.649962
vt 0.644840 0.657102
vt 0.640197 0.663010
vt 0.631858 0.654451
vt 0.636029 0.668377
vt 0.626441 0.658514
vt 0.653396 0.662180
vt 0.650460 0.669037
vt 0.647859 0.675193
vt 0.662962 0.664900
vt 0.661875 0.672286
vt 0.660917 0.678923
vt 0.672897 0.665057
vt 0.673746 0.672481
vt 0.674514 0.679146
vt 0.682530 0.662643
vt 0.685262 0.669584
vt 0.687726 0.675851
vt 0.691223 0.657843
vt 0.695669 0.663856
vt 0.699681 0.669266
vt 0.698385 0.650946
vt 0.704258 0.655609
vt 0.709562 0.659798
vt 0.703487 0.642416
vt 0.710300 0.645396
vt 0.716415 0.648054
vt 0.706254 0.632874
vt 0.713640 0.634019
vt 0.720292 0.635036
vt 0.706462 0.622932
vt 0.713919 0.622110
vt 0.720660 0.621334
vt 0.704064 0.613279
vt 0.711021 0.610564
vt 0.717247 0.608105
vt 0.699279 0.604550
vt 0.705321 0.600108
vt 0.710770 0.596071
vt 0.692375 0.597374
vt 0.697052 0.591550
vt 0.701223 0.586315
vt 0.683859 0.592180
vt 0.686897 0.585314
vt 0.689643 0.579157
vt 0.674271 0.589380
vt 0.675427 0.581941
vt 0.676494 0.575219
vt 0.664260 0.589148
vt 0.663411 0.581619
vt 0.662641 0.574808
vt 0.654552 0.591602
vt 0.651772 0.584612
vt 0.649232 0.578305
vt 0.645830 0.596458
vt 0.641367 0.590450
vt 0.637354 0.585083
vt 0.638631 0.603389
vt 0.632749 0.598710
vt 0.627450 0.594493
vt 0.633468 0.611957
vt 0.626556 0.608959
vt 0.620343 0.606263
vt 0.630741 0.621578
vt 0.623296 0.620487
vt 0.616590 0.619490
vt 0.630591 0.631565
vt 0.623140 0.632445
vt 0.616412 0.633236
vt 0.633027 0.641241
vt 0.626053 0.644016
vt 0.619783 0.646526
vt 0.648326 0.642188
vt 0.652905 0.646902
vt 0.658539 0.650273
vt 0.664852 0.652073
vt 0.671411 0.652176
vt 0.677773 0.650587
vt 0.683510 0.647410
vt 0.688229 0.642855
vt 0.691607 0.637236
vt 0.693426 0.630935
vt 0.693554 0.624375
vt 0.691976 0.618004
vt 0.688809 0.612251
vt 0.684254 0.607515
vt 0.678631 0.604107
vt 0.672312 0.602272
vt 0.665728 0.602139
vt 0.659332 0.603726
vt 0.653566 0.606916
vt 0.643632 0.623481
vt 0.643523 0.630062
vt 0.645130 0.636442
vt 0.665526 0.634162
vt 0.663824 0.633143
vt 0.662442 0.631717
vt 0.661477 0.629982
vt 0.660993 0.628054
vt 0.661025 0.626066
vt 0.664023 0.621068
vt 0.665764 0.620106
vt 0.667695 0.619628
vt 0.669684 0.619667
vt 0.671593 0.620219
vt 0.673294 0.621246
vt 0.674671 0.622677
vt 0.675630 0.624414
vt 0.676107 0.626340
vt 0.676070 0.628322
vt 0.675521 0.630227
vt 0.674498 0.631924
vt 0.673072 0.633300
vt 0.671339 0.634261
vt 0.669416 0.634741
vt 0.667434 0.634705
vt 0.015014 0.180106
vt 0.104606 0.185291
vt 0.104279 0.196646
vt 0.014537 0.196486
vt 0.104588 0.208001
vt 0.014979 0.212867
vt 0.105533 0.219321
vt 0.016369 0.229194
vt 0.107110 0.230570
vt 0.018639 0.245423
vt 0.049589 0.253266
vt 0.048624 0.255402
vt 0.021791 0.261539
vt 0.109340 0.241665
vt 0.087371 0.246671
vt 0.083528 0.246253
vt 0.055061 0.250499
vt 0.051947 0.251386
vt 0.090030 0.247744
vt 0.112191 0.252638
vt 0.095912 0.257321
vt 0.094405 0.252976
vt 0.092695 0.250004
vt 0.048700 0.259161
vt 0.052015 0.269784
vt 0.025912 0.277305
vt 0.115635 0.263453
vt 0.099920 0.268917
vt 0.056806 0.283802
vt 0.030844 0.292869
vt 0.119673 0.274069
vt 0.103965 0.280521
vt 0.036654 0.308128
vt 0.061871 0.297800
vt 0.065860 0.308206
vt 0.068198 0.311224
vt 0.043235 0.323096
vt 0.105466 0.284766
vt 0.124289 0.284448
vt 0.103806 0.294231
vt 0.105304 0.291589
vt 0.105983 0.288159
vt 0.101142 0.296814
vt 0.129468 0.294561
vt 0.050732 0.337710
vt 0.070233 0.312298
vt 0.073235 0.312336
vt 0.076246 0.311086
vt 0.135217 0.304365
vt 0.141506 0.313832
vt 0.068088 0.365514
vt 0.059020 0.351856
vt 0.148314 0.322931
vt 0.077932 0.378625
vt 0.141498 0.079509
vt 0.068336 0.027613
vt 0.078200 0.014537
vt 0.148314 0.070429
vt 0.135200 0.088956
vt 0.059275 0.041257
vt 0.129442 0.098742
vt 0.050963 0.055371
vt 0.070312 0.080749
vt 0.068229 0.081821
vt 0.043441 0.069958
vt 0.124290 0.108812
vt 0.103984 0.099073
vt 0.101235 0.096357
vt 0.076315 0.081984
vt 0.073326 0.080742
vt 0.105398 0.101566
vt 0.119701 0.119172
vt 0.104048 0.112718
vt 0.105570 0.108381
vt 0.106079 0.104992
vt 0.065952 0.084810
vt 0.061944 0.095185
vt 0.036808 0.084834
vt 0.031052 0.100104
vt 0.056979 0.109135
vt 0.115673 0.129778
vt 0.099978 0.124286
vt 0.112235 0.140597
vt 0.095930 0.135882
vt 0.052242 0.123239
vt 0.026054 0.115639
vt 0.094466 0.140138
vt 0.109396 0.151590
vt 0.087283 0.146514
vt 0.090097 0.145378
vt 0.092761 0.143115
vt 0.048895 0.133865
vt 0.048849 0.137679
vt 0.021962 0.131461
vt 0.083591 0.146880
vt 0.107163 0.162725
vt 0.018713 0.147553
vt 0.049774 0.139786
vt 0.052100 0.141681
vt 0.055234 0.142575
vt 0.105568 0.173972
vt 0.016440 0.163781
vt 0.258731 0.337827
vt 0.250444 0.350239
vt 0.177389 0.298783
vt 0.183136 0.290180
vt 0.183106 0.074544
vt 0.177389 0.065879
vt 0.250891 0.014537
vt 0.259141 0.027034
vt 0.266739 0.039937
vt 0.188371 0.083490
vt 0.193170 0.092694
vt 0.273667 0.053213
vt 0.221014 0.090778
vt 0.218119 0.093274
vt 0.197472 0.102107
vt 0.279919 0.066847
vt 0.254571 0.077674
vt 0.252606 0.076649
vt 0.249639 0.076608
vt 0.246598 0.077733
vt 0.215924 0.101854
vt 0.217129 0.105863
vt 0.201297 0.111726
vt 0.216556 0.095567
vt 0.215653 0.098723
vt 0.256620 0.080471
vt 0.285409 0.080676
vt 0.259917 0.090196
vt 0.220386 0.116510
vt 0.204666 0.121518
vt 0.264371 0.102943
vt 0.290225 0.094630
vt 0.223788 0.127074
vt 0.207572 0.131445
vt 0.294344 0.108860
vt 0.268295 0.115684
vt 0.297721 0.123254
vt 0.270954 0.128791
vt 0.271069 0.125325
vt 0.229320 0.135694
vt 0.232063 0.136722
vt 0.210007 0.141432
vt 0.225143 0.130941
vt 0.226753 0.133642
vt 0.300341 0.137929
vt 0.211863 0.151461
vt 0.235723 0.137034
vt 0.264435 0.133191
vt 0.267552 0.132395
vt 0.269949 0.130692
vt 0.302213 0.152760
vt 0.213157 0.161743
vt 0.303322 0.167668
vt 0.213923 0.172078
vt 0.303666 0.182614
vt 0.214159 0.182438
vt 0.213864 0.192797
vt 0.303244 0.197557
vt 0.302058 0.212459
vt 0.213038 0.203127
vt 0.300109 0.227280
vt 0.211685 0.213401
vt 0.235539 0.227797
vt 0.231743 0.228179
vt 0.209804 0.223561
vt 0.297403 0.242008
vt 0.270479 0.236326
vt 0.269460 0.234361
vt 0.267059 0.232627
vt 0.263928 0.231802
vt 0.225030 0.233932
vt 0.223716 0.237900
vt 0.207416 0.233616
vt 0.229151 0.229156
vt 0.226603 0.231218
vt 0.270549 0.239786
vt 0.293962 0.256458
vt 0.267669 0.249624
vt 0.289898 0.270624
vt 0.264002 0.262596
vt 0.220275 0.248469
vt 0.204555 0.243550
vt 0.216999 0.259053
vt 0.201239 0.253330
vt 0.259905 0.275260
vt 0.285107 0.284616
vt 0.216578 0.269269
vt 0.218232 0.271683
vt 0.197504 0.262888
vt 0.215890 0.262991
vt 0.215657 0.266121
vt 0.256646 0.284729
vt 0.279615 0.298316
vt 0.254564 0.287496
vt 0.252653 0.288474
vt 0.273344 0.311812
vt 0.193271 0.272149
vt 0.221044 0.274035
vt 0.246714 0.287355
vt 0.249718 0.288491
vt 0.266371 0.325007
vt 0.188435 0.281294
vt 0.014967 0.746410
vt 0.014822 0.742546
vt 0.019036 0.741694
vt 0.019230 0.745512
vt 0.014959 0.775007
vt 0.019736 0.773988
vt 0.019767 0.777213
vt 0.014929 0.778246
vt 0.019773 0.780144
vt 0.014888 0.781243
vt 0.014931 0.783597
vt 0.019829 0.782356
vt 0.016138 0.787179
vt 0.020934 0.785637
vt 0.020360 0.797539
vt 0.024781 0.795079
vt 0.029253 0.809429
vt 0.032884 0.805912
vt 0.040856 0.818694
vt 0.043455 0.814353
vt 0.051042 0.823228
vt 0.052738 0.818485
vt 0.056023 0.819701
vt 0.054627 0.824556
vt 0.051323 0.660913
vt 0.052636 0.659017
vt 0.056023 0.662765
vt 0.054778 0.664538
vt 0.053148 0.666974
vt 0.049696 0.663431
vt 0.047923 0.666142
vt 0.051333 0.669640
vt 0.035108 0.693046
vt 0.032060 0.689933
vt 0.029891 0.692943
vt 0.032923 0.695995
vt 0.031382 0.698496
vt 0.028334 0.695552
vt 0.026456 0.698502
vt 0.029602 0.701259
vt 0.027746 0.703803
vt 0.024434 0.701276
vt 0.025194 0.707018
vt 0.021635 0.704803
vt 0.020622 0.717252
vt 0.016617 0.716035
vt 0.018728 0.728301
vt 0.014537 0.728161
vt 0.019068 0.732484
vt 0.014911 0.732750
vt 0.019193 0.735630
vt 0.015046 0.736180
vt 0.014967 0.739677
vt 0.019137 0.738918
vt 0.296024 0.751580
vt 0.291248 0.750559
vt 0.291774 0.722085
vt 0.296037 0.722986
vt 0.296173 0.719277
vt 0.291958 0.718419
vt 0.291854 0.715483
vt 0.296023 0.716243
vt 0.291803 0.712196
vt 0.295950 0.712747
vt 0.291938 0.709051
vt 0.296095 0.709318
vt 0.292279 0.704960
vt 0.296470 0.704830
vt 0.290410 0.693907
vt 0.294419 0.692700
vt 0.285862 0.683662
vt 0.289427 0.681456
vt 0.283260 0.680369
vt 0.286572 0.677843
vt 0.281411 0.677820
vt 0.284558 0.675063
vt 0.279635 0.675053
vt 0.282685 0.672109
vt 0.278180 0.672686
vt 0.281215 0.669641
vt 0.278952 0.666506
vt 0.275903 0.669616
vt 0.263105 0.642701
vt 0.259694 0.646197
vt 0.257880 0.643531
vt 0.261334 0.639989
vt 0.256250 0.641095
vt 0.259706 0.637472
vt 0.254978 0.639285
vt 0.258366 0.635537
vt 0.259916 0.799780
vt 0.256375 0.801100
vt 0.254978 0.796244
vt 0.258223 0.795035
vt 0.270137 0.795231
vt 0.267537 0.790890
vt 0.281739 0.785964
vt 0.278108 0.782447
vt 0.290630 0.774073
vt 0.286209 0.771613
vt 0.294838 0.763748
vt 0.290044 0.762204
vt 0.296052 0.760122
vt 0.291155 0.758881
vt 0.296093 0.757817
vt 0.291208 0.756715
vt 0.291214 0.753784
vt 0.296052 0.754819
vt 0.674317 0.421084
vt 0.660002 0.424822
vt 0.649901 0.316579
vt 0.663546 0.317439
vt 0.601870 0.387480
vt 0.599915 0.373510
vt 0.706789 0.364079
vt 0.706988 0.377765
vt 0.613282 0.334323
vt 0.623784 0.325098
vt 0.600209 0.359149
vt 0.605007 0.345749
vt 0.702763 0.390831
vt 0.696702 0.402947
vt 0.676491 0.321675
vt 0.608367 0.400904
vt 0.636387 0.319169
vt 0.645110 0.424637
vt 0.687300 0.413897
vt 0.697106 0.338971
vt 0.703394 0.350892
vt 0.687925 0.329011
vt 0.618089 0.412274
vt 0.630752 0.420330
vt 0.633543 0.414265
vt 0.637415 0.405763
vt 0.640378 0.399357
vt 0.648656 0.401929
vt 0.633097 0.394695
vt 0.627362 0.388273
vt 0.623520 0.380578
vt 0.621889 0.372215
vt 0.622500 0.363773
vt 0.625234 0.355827
vt 0.629928 0.348890
vt 0.636202 0.343441
vt 0.643574 0.339813
vt 0.651603 0.338218
vt 0.659734 0.338723
vt 0.667476 0.341247
vt 0.674308 0.345648
vt 0.679816 0.351601
vt 0.683652 0.358752
vt 0.685558 0.366618
vt 0.685383 0.374763
vt 0.683219 0.382689
vt 0.679051 0.389856
vt 0.673042 0.395791
vt 0.665651 0.400035
vt 0.657303 0.402146
vt 0.640660 0.363359
vt 0.642717 0.360057
vt 0.646230 0.363081
vt 0.644777 0.365338
vt 0.647741 0.383382
vt 0.651480 0.384610
vt 0.644520 0.381214
vt 0.641841 0.378390
vt 0.640014 0.374915
vt 0.639153 0.371058
vt 0.639278 0.367069
vt 0.645677 0.357549
vt 0.649124 0.355931
vt 0.652811 0.355107
vt 0.656623 0.355265
vt 0.660260 0.356444
vt 0.663506 0.358461
vt 0.666138 0.361241
vt 0.667968 0.364605
vt 0.668877 0.368340
vt 0.668774 0.372183
vt 0.667728 0.375916
vt 0.665711 0.379272
vt 0.662782 0.381856
vt 0.659368 0.383813
vt 0.655486 0.384854
vt 0.657662 0.379419
vt 0.654977 0.379999
vt 0.652275 0.379972
vt 0.649685 0.379220
vt 0.647406 0.377791
vt 0.645596 0.375766
vt 0.644396 0.373338
vt 0.643891 0.370664
vt 0.643995 0.367907
vt 0.648226 0.361299
vt 0.650579 0.360076
vt 0.653174 0.359535
vt 0.655821 0.359712
vt 0.658360 0.360594
vt 0.660671 0.361985
vt 0.662501 0.363922
vt 0.663747 0.366257
vt 0.664322 0.368847
vt 0.664262 0.371514
vt 0.663491 0.374054
vt 0.662078 0.376317
vt 0.660090 0.378139
vt 0.601855 0.387485
vt 0.599897 0.373511
vt 0.600192 0.359146
vt 0.604992 0.345741
vt 0.613269 0.334312
vt 0.623775 0.325083
vt 0.636382 0.319153
vt 0.649900 0.316562
vt 0.663549 0.317423
vt 0.676498 0.321660
vt 0.687936 0.328998
vt 0.697120 0.338961
vt 0.703409 0.350887
vt 0.706805 0.364077
vt 0.707005 0.377767
vt 0.702778 0.390838
vt 0.696714 0.402956
vt 0.523706 0.837784
vt 0.523025 0.843605
vt 0.508125 0.839864
vt 0.508372 0.837794
vt 0.523024 0.831968
vt 0.525792 0.831331
vt 0.525660 0.837784
vt 0.521103 0.849178
vt 0.507363 0.841826
vt 0.812168 0.185374
vt 0.814003 0.182983
vt 0.814958 0.183938
vt 0.812175 0.187523
vt 0.047270 0.419715
vt 0.041380 0.425402
vt 0.037598 0.421742
vt 0.041085 0.414736
vt 0.035080 0.430580
vt 0.032496 0.427285
vt 0.531826 0.860509
vt 0.530360 0.863310
vt 0.528617 0.862150
vt 0.530194 0.859246
vt 0.052570 0.414170
vt 0.044255 0.407699
vt 0.527048 0.852699
vt 0.525800 0.844244
vt 0.530168 0.816278
vt 0.528561 0.813370
vt 0.530293 0.812198
vt 0.531805 0.815001
vt 0.517888 0.854322
vt 0.506108 0.843539
vt 0.538416 0.816498
vt 0.538416 0.859099
vt 0.532846 0.857404
vt 0.532843 0.818118
vt 0.524036 0.858993
vt 0.521809 0.869649
vt 0.518173 0.865106
vt 0.523185 0.871363
vt 0.513296 0.858619
vt 0.504431 0.844888
vt 0.054775 0.428591
vt 0.047900 0.433708
vt 0.040766 0.438541
vt 0.535819 0.866268
vt 0.527415 0.876330
vt 0.061275 0.423594
vt 0.068196 0.434457
vt 0.061521 0.438482
vt 0.512690 0.874928
vt 0.510443 0.869355
vt 0.513511 0.877028
vt 0.507512 0.861593
vt 0.502439 0.845769
vt 0.053889 0.442890
vt 0.046089 0.447262
vt 0.516030 0.883146
vt 0.500993 0.862911
vt 0.500248 0.846108
vt 0.501662 0.871303
vt 0.067076 0.449190
vt 0.059082 0.452861
vt 0.050828 0.456624
vt 0.503062 0.886261
vt 0.502428 0.879640
vt 0.074593 0.445582
vt 0.502243 0.877368
vt 0.491451 0.876753
vt 0.492591 0.870727
vt 0.490990 0.878995
vt 0.494271 0.862401
vt 0.498028 0.845866
vt 0.071857 0.460314
vt 0.063502 0.463328
vt 0.054899 0.466458
vt 0.489731 0.885536
vt 0.079615 0.457518
vt 0.067092 0.474160
vt 0.058245 0.476646
vt 0.477142 0.881128
vt 0.480157 0.875191
vt 0.083558 0.469686
vt 0.075656 0.471817
vt 0.481219 0.873160
vt 0.483980 0.867664
vt 0.487886 0.860072
vt 0.495936 0.845052
vt 0.472351 0.866899
vt 0.476507 0.862357
vt 0.470776 0.868565
vt 0.482338 0.856091
vt 0.494121 0.843718
vt 0.078540 0.483543
vt 0.069858 0.485222
vt 0.060857 0.487093
vt 0.466260 0.873450
vt 0.086536 0.482026
vt 0.088586 0.494491
vt 0.080531 0.495425
vt 0.465511 0.858468
vt 0.470741 0.855218
vt 0.463545 0.859646
vt 0.478053 0.850751
vt 0.492718 0.841948
vt 0.071733 0.496474
vt 0.062652 0.497695
vt 0.457882 0.863123
vt 0.467110 0.846786
vt 0.475356 0.844451
vt 0.081701 0.507372
vt 0.072898 0.507823
vt 0.063752 0.508374
vt 0.452606 0.850933
vt 0.458990 0.849112
vt 0.089759 0.506995
vt 0.461199 0.848508
vt 0.491822 0.839874
vt 0.459725 0.837759
vt 0.465878 0.837689
vt 0.457435 0.837747
vt 0.474446 0.837654
vt 0.491517 0.837644
vt 0.082065 0.519328
vt 0.073275 0.519186
vt 0.064111 0.519110
vt 0.450802 0.837787
vt 0.090074 0.519483
vt 0.452590 0.824651
vt 0.458988 0.826387
vt 0.089570 0.531843
vt 0.081704 0.531275
vt 0.461188 0.827011
vt 0.467132 0.828597
vt 0.475392 0.830865
vt 0.491801 0.835414
vt 0.072894 0.530517
vt 0.063741 0.529855
vt 0.463523 0.815878
vt 0.465459 0.817048
vt 0.478125 0.824577
vt 0.492717 0.833376
vt 0.470773 0.820179
vt 0.080266 0.543171
vt 0.071600 0.541813
vt 0.062558 0.540528
vt 0.457816 0.812480
vt 0.088405 0.544313
vt 0.472313 0.808629
vt 0.476565 0.813063
vt 0.470723 0.806933
vt 0.482440 0.819268
vt 0.494136 0.831643
vt 0.078237 0.554986
vt 0.069667 0.553018
vt 0.060722 0.551107
vt 0.466140 0.802105
vt 0.086157 0.556822
vt 0.075268 0.566604
vt 0.066857 0.564011
vt 0.058108 0.561485
vt 0.477048 0.794391
vt 0.480135 0.800297
vt 0.082973 0.569019
vt 0.481176 0.802343
vt 0.484055 0.807777
vt 0.488011 0.815328
vt 0.495956 0.830338
vt 0.491403 0.798758
vt 0.492671 0.804751
vt 0.490970 0.796512
vt 0.494406 0.813052
vt 0.498046 0.829552
vt 0.071491 0.577909
vt 0.063374 0.574751
vt 0.054858 0.571637
vt 0.489642 0.789993
vt 0.078937 0.580866
vt 0.059083 0.585104
vt 0.050899 0.581426
vt 0.502944 0.789278
vt 0.502390 0.795887
vt 0.074042 0.592303
vt 0.066908 0.588834
vt 0.502178 0.798152
vt 0.501731 0.804218
vt 0.501122 0.812600
vt 0.500247 0.829365
vt 0.512607 0.800587
vt 0.510481 0.806204
vt 0.513449 0.798500
vt 0.507613 0.813970
vt 0.502410 0.829753
vt 0.061625 0.599325
vt 0.054197 0.595027
vt 0.046390 0.590833
vt 0.515868 0.792365
vt 0.068136 0.603049
vt 0.061828 0.613739
vt 0.055337 0.609118
vt 0.521740 0.805834
vt 0.518144 0.810486
vt 0.523111 0.804148
vt 0.513351 0.816989
vt 0.504376 0.830679
vt 0.048517 0.604302
vt 0.041320 0.599643
vt 0.527261 0.799080
vt 0.517914 0.821303
vt 0.506020 0.832069
vt 0.523991 0.816554
vt 0.048376 0.618077
vt 0.042393 0.612744
vt 0.035922 0.607808
vt 0.535934 0.809062
vt 0.053965 0.623452
vt 0.812195 0.233675
vt 0.814958 0.237276
vt 0.814003 0.238232
vt 0.812168 0.235840
vt 0.521118 0.826405
vt 0.507293 0.833772
vt 0.526766 0.822815
vt 0.038797 0.616525
vt 0.042537 0.623217
vt 0.033431 0.611236
vt 0.014537 0.599898
vt 0.016686 0.596287
vt 0.045932 0.629942
vt 0.508075 0.835725
vt 0.537363 0.862753
vt 0.597839 0.953283
vt 0.605176 0.953283
vt 0.605176 0.955433
vt 0.581576 0.955433
vt 0.581576 0.909281
vt 0.605176 0.909297
vt 0.605176 0.911447
vt 0.597839 0.911447
vt 0.613586 0.956147
vt 0.613586 0.953283
vt 0.622028 0.953283
vt 0.622028 0.958098
vt 0.841628 0.172891
vt 0.831866 0.174176
vt 0.831516 0.172871
vt 0.841628 0.171540
vt 0.822770 0.177944
vt 0.822094 0.176774
vt 0.860486 0.177944
vt 0.851389 0.174176
vt 0.851739 0.172871
vt 0.861161 0.176774
vt 0.811141 0.232934
vt 0.811141 0.188280
vt 0.629813 0.903401
vt 0.629813 0.911447
vt 0.622028 0.911447
vt 0.622028 0.906632
vt 0.868297 0.183938
vt 0.869252 0.182983
vt 0.874291 0.191749
vt 0.875461 0.191074
vt 0.878059 0.200845
vt 0.879363 0.200496
vt 0.879344 0.210607
vt 0.880695 0.210607
vt 0.878059 0.220369
vt 0.879363 0.220718
vt 0.874291 0.229465
vt 0.875461 0.230140
vt 0.868297 0.237276
vt 0.869252 0.238232
vt 0.860486 0.243270
vt 0.861161 0.244440
vt 0.851389 0.247038
vt 0.851739 0.248343
vt 0.841628 0.248323
vt 0.841628 0.249674
vt 0.831866 0.247038
vt 0.831516 0.248343
vt 0.822770 0.243270
vt 0.822094 0.244440
vt 0.016749 0.442372
vt 0.014537 0.438937
vt 0.021300 0.449916
vt 0.025515 0.457765
vt 0.029297 0.465925
vt 0.032578 0.474364
vt 0.035309 0.483035
vt 0.037454 0.491889
vt 0.038993 0.500871
vt 0.039917 0.509933
vt 0.040217 0.519033
vt 0.039888 0.528132
vt 0.038934 0.537189
vt 0.037370 0.546162
vt 0.035206 0.555008
vt 0.029180 0.572155
vt 0.032467 0.563683
vt 0.021187 0.588436
vt 0.025395 0.580406
vt 0.537457 0.812746
vt 0.527938 0.831091
vt 0.527856 0.837784
vt 0.531826 0.856844
vt 0.527945 0.844481
vt 0.531814 0.818684
vt 0.528767 0.851614
vt 0.528746 0.823958
vt 0.613586 0.911447
vt 0.613586 0.908583
vt 0.629813 0.953283
vt 0.629813 0.961329
vt 0.398152 0.876917
vt 0.356316 0.876917
vt 0.356316 0.831114
vt 0.398152 0.831114
vt 0.332741 0.831114
vt 0.348980 0.876917
vt 0.340860 0.879112
vt 0.334917 0.885107
vt 0.332741 0.892582
vt 0.421727 0.831114
vt 0.398152 0.789278
vt 0.421727 0.789278
vt 0.421727 0.892582
vt 0.419552 0.885107
vt 0.413608 0.879112
vt 0.405489 0.876917
vt 0.941163 0.307749
vt 0.941123 0.302146
vt 0.956264 0.301444
vt 0.955998 0.310519
vt 0.956264 0.318810
vt 0.952505 0.329885
vt 0.936592 0.317891
vt 0.939674 0.312929
vt 0.941308 0.334686
vt 0.931659 0.321623
vt 0.929919 0.333941
vt 0.925731 0.324149
vt 0.916678 0.324737
vt 0.920040 0.285606
vt 0.930814 0.281334
vt 0.927912 0.287570
vt 0.934374 0.291227
vt 0.943183 0.283227
vt 0.939000 0.296254
vt 0.954581 0.294517
vt 0.133111 0.586583
vt 0.139325 0.588002
vt 0.144308 0.591975
vt 0.147073 0.597718
vt 0.147073 0.604091
vt 0.144308 0.609833
vt 0.139325 0.613807
vt 0.133111 0.615225
vt 0.126774 0.613968
vt 0.121722 0.610084
vt 0.119149 0.604091
vt 0.119149 0.597718
vt 0.121915 0.591975
vt 0.126898 0.588002
vt 0.932576 0.300942
vt 0.937280 0.297346
vt 0.939462 0.302494
vt 0.934234 0.303938
vt 0.929566 0.298464
vt 0.933085 0.292846
vt 0.925321 0.297007
vt 0.927071 0.289605
vt 0.920029 0.297099
vt 0.917925 0.287248
vt 0.913201 0.298100
vt 0.916202 0.300402
vt 0.914783 0.306007
vt 0.913657 0.305122
vt 0.913907 0.308794
vt 0.916101 0.311664
vt 0.913254 0.313516
vt 0.919619 0.315134
vt 0.924175 0.315633
vt 0.925130 0.322272
vt 0.928109 0.314565
vt 0.930733 0.320039
vt 0.931269 0.312332
vt 0.935229 0.316603
vt 0.933694 0.309948
vt 0.938214 0.312237
vt 0.934669 0.306944
vt 0.939698 0.307563
vt 0.692023 0.960114
vt 0.691660 0.950113
vt 0.697998 0.949857
vt 0.698536 0.959684
vt 0.685464 0.960324
vt 0.685418 0.950212
vt 0.678904 0.960174
vt 0.679176 0.950169
vt 0.672387 0.959803
vt 0.672836 0.949971
vt 0.665886 0.959365
vt 0.666372 0.949687
vt 0.659363 0.958989
vt 0.659849 0.949395
vt 0.705033 0.959188
vt 0.704459 0.949515
vt 0.710980 0.949163
vt 0.711552 0.958752
vt 0.691518 0.943354
vt 0.697744 0.943154
vt 0.685388 0.943449
vt 0.679257 0.943410
vt 0.673029 0.943266
vt 0.666628 0.943059
vt 0.660094 0.942847
vt 0.704143 0.942889
vt 0.710675 0.942618
vt 0.691405 0.938166
vt 0.697577 0.938009
vt 0.685364 0.938231
vt 0.679323 0.938221
vt 0.673150 0.938120
vt 0.666766 0.937963
vt 0.660227 0.937808
vt 0.703959 0.937794
vt 0.710496 0.937580
vt 0.691221 0.930166
vt 0.697311 0.930128
vt 0.685328 0.930159
vt 0.679434 0.930220
vt 0.673344 0.930237
vt 0.666950 0.930223
vt 0.660366 0.930229
vt 0.703704 0.930056
vt 0.710289 0.930003
vt 0.691241 0.918985
vt 0.697414 0.919204
vt 0.685276 0.918877
vt 0.679313 0.919039
vt 0.673142 0.919314
vt 0.666682 0.919651
vt 0.660095 0.920018
vt 0.703877 0.919483
vt 0.710467 0.919789
vt 0.691841 0.903693
vt 0.698462 0.904563
vt 0.685206 0.903401
vt 0.678574 0.903753
vt 0.671961 0.904684
vt 0.665405 0.905784
vt 0.658888 0.906598
vt 0.705028 0.905604
vt 0.711552 0.906359
vt 0.492215 0.965847
vt 0.457838 0.926713
vt 0.462005 0.921903
vt 0.467176 0.918194
vt 0.473164 0.916039
vt 0.479489 0.915336
vt 0.485852 0.915425
vt 0.492215 0.915560
vt 0.450802 0.937319
vt 0.454301 0.932003
vt 0.832828 0.035944
vt 0.837206 0.044737
vt 0.830120 0.049990
vt 0.826424 0.040620
vt 0.841764 0.055275
vt 0.834092 0.060058
vt 0.821355 0.050990
vt 0.818550 0.041573
vt 0.825221 0.061802
vt 0.846443 0.066757
vt 0.838373 0.070904
vt 0.839862 0.039162
vt 0.833595 0.029664
vt 0.829643 0.073388
vt 0.822837 0.031522
vt 0.816948 0.034961
vt 0.829489 0.030018
vt 0.845363 0.051057
vt 0.843742 0.047190
vt 0.852747 0.063845
vt 0.828183 0.021527
vt 0.813684 0.037514
vt 0.815609 0.048729
vt 0.819709 0.061177
vt 0.818253 0.057244
vt 0.823047 0.075566
vt 0.812129 0.027893
vt 0.823624 0.015205
vt 0.819625 0.023426
vt 0.816149 0.014537
vt 0.811141 0.020124
vt 0.846583 0.130943
vt 0.845162 0.136025
vt 0.828206 0.138258
vt 0.829685 0.133139
vt 0.830337 0.126067
vt 0.845024 0.122673
vt 0.819666 0.136711
vt 0.821082 0.133283
vt 0.873751 0.119845
vt 0.878305 0.122455
vt 0.861939 0.129682
vt 0.860295 0.125662
vt 0.815028 0.134780
vt 0.816572 0.133168
vt 0.813214 0.135967
vt 0.814629 0.135027
vt 0.820981 0.127244
vt 0.822602 0.127117
vt 0.857174 0.118004
vt 0.891835 0.112149
vt 0.887199 0.109605
vt 0.869104 0.112886
vt 0.893318 0.103618
vt 0.896728 0.105026
vt 0.881827 0.105130
vt 0.896363 0.100396
vt 0.887365 0.099539
vt 0.900610 0.100065
vt 0.898653 0.100562
vt 0.867414 0.085853
vt 0.857227 0.091233
vt 0.851684 0.078936
vt 0.859901 0.074979
vt 0.864157 0.082178
vt 0.879250 0.096275
vt 0.874818 0.097490
vt 0.863211 0.102904
vt 0.847907 0.094974
vt 0.843014 0.082644
vt 0.852786 0.107155
vt 0.838561 0.098704
vt 0.834141 0.085879
vt 0.842276 0.111317
vt 0.830148 0.115580
vt 0.826177 0.116760
vt 0.827083 0.096828
vt 0.825414 0.088599
vt 0.863003 0.132280
vt 0.843663 0.139768
vt 0.823122 0.123708
vt 0.824846 0.120344
vt 0.826067 0.117776
vt 0.818452 0.140807
vt 0.811141 0.137108
vt 0.826327 0.142465
vt 0.881986 0.124060
vt 0.902698 0.100014
vt 0.900479 0.107036
vt 0.896123 0.113787
vt 0.798520 0.921679
vt 0.803823 0.912086
vt 0.810550 0.913445
vt 0.803403 0.926684
vt 0.774693 0.911238
vt 0.780332 0.920545
vt 0.775845 0.926253
vt 0.767935 0.913304
vt 0.774291 0.899158
vt 0.776626 0.899153
vt 0.767285 0.904696
vt 0.768963 0.901987
vt 0.777476 0.883500
vt 0.772825 0.886812
vt 0.765201 0.875125
vt 0.808582 0.875125
vt 0.805062 0.886803
vt 0.800200 0.883448
vt 0.788816 0.881105
vt 0.804532 0.894930
vt 0.799095 0.889157
vt 0.803459 0.899431
vt 0.800987 0.899337
vt 0.788804 0.892160
vt 0.788821 0.886597
vt 0.789372 0.925118
vt 0.789664 0.931996
vt 0.973939 0.579782
vt 0.957643 0.579782
vt 0.946119 0.568259
vt 0.946119 0.551962
vt 0.957643 0.540439
vt 0.973939 0.540439
vt 0.985462 0.551962
vt 0.985462 0.568259
vt 0.767915 0.935286
vt 0.789101 0.944213
vt 0.755503 0.905306
vt 0.756821 0.916345
vt 0.773135 0.894884
vt 0.778671 0.889128
vt 0.822523 0.916630
vt 0.810969 0.904735
vt 0.823865 0.904745
vt 0.811014 0.936290
vt 0.763220 0.882679
vt 0.764442 0.890666
vt 0.758419 0.890882
vt 0.755530 0.895278
vt 0.767238 0.898420
vt 0.810837 0.898575
vt 0.809261 0.902454
vt 0.813086 0.890059
vt 0.812569 0.881806
vt 0.819490 0.889333
vt 0.472191 0.313734
vt 0.464192 0.314209
vt 0.462466 0.313471
vt 0.457460 0.281334
vt 0.119149 0.411109
vt 0.129471 0.407699
vt 0.120933 0.418938
vt 0.822737 0.892655
vt 0.612790 0.240314
vt 0.628912 0.249206
vt 0.629475 0.237586
vt 0.623079 0.234929
vt 0.644801 0.240026
vt 0.635133 0.233590
vt 0.644801 0.221657
vt 0.634544 0.226990
vt 0.628502 0.213219
vt 0.628051 0.224744
vt 0.622205 0.228361
vt 0.612643 0.221837
vt 0.619294 0.496262
vt 0.612098 0.492108
vt 0.604902 0.496262
vt 0.604902 0.504572
vt 0.612098 0.508726
vt 0.619294 0.504572
vt 0.332741 0.921656
vt 0.332741 0.929966
vt 0.375488 0.929966
vt 0.375488 0.921656
vt 0.332741 0.938275
vt 0.375488 0.938275
vt 0.332741 0.946584
vt 0.375488 0.946584
vt 0.332741 0.954893
vt 0.375488 0.954893
vt 0.332741 0.963202
vt 0.375488 0.963202
vt 0.332741 0.971512
vt 0.375488 0.971512
vt 0.934721 0.123089
vt 0.949817 0.128645
vt 0.950438 0.122796
vt 0.952479 0.111612
vt 0.956390 0.096640
vt 0.931773 0.087588
vt 0.931773 0.118863
vt 0.822377 0.755228
vt 0.823865 0.730099
vt 0.817558 0.726373
vt 0.815757 0.745720
vt 0.821917 0.785500
vt 0.821906 0.769106
vt 0.815399 0.768888
vt 0.815411 0.785867
vt 0.823865 0.823948
vt 0.822446 0.798817
vt 0.815940 0.799184
vt 0.817547 0.827656
vt 0.877048 0.464291
vt 0.851073 0.464291
vt 0.849274 0.500591
vt 0.878846 0.500591
vt 0.917645 0.176515
vt 0.917792 0.171540
vt 0.912645 0.176367
vt 0.876685 0.456975
vt 0.851436 0.456975
vt 0.785495 0.833510
vt 0.786203 0.846050
vt 0.814220 0.821075
vt 0.957747 0.131563
vt 0.953440 0.122297
vt 0.822066 0.792074
vt 0.815560 0.792441
vt 0.937894 0.206816
vt 0.916664 0.206187
vt 0.914734 0.237402
vt 0.938601 0.238110
vt 0.917394 0.184962
vt 0.916918 0.201041
vt 0.937882 0.201662
vt 0.938401 0.184134
vt 0.938601 0.177383
vt 0.934764 0.172043
vt 0.815459 0.761833
vt 0.821978 0.761970
vt 0.916693 0.197438
vt 0.911486 0.197284
vt 0.909770 0.212695
vt 0.915461 0.212863
vt 0.808691 0.754178
vt 0.786266 0.707885
vt 0.783959 0.746606
vt 0.799277 0.749019
vt 0.851436 0.431802
vt 0.876685 0.431802
vt 0.876685 0.425048
vt 0.871823 0.419824
vt 0.855429 0.419824
vt 0.851436 0.425048
vt 0.917312 0.186728
vt 0.912294 0.186579
vt 0.812229 0.816321
vt 0.954800 0.050039
vt 0.957747 0.045812
vt 0.957747 0.014537
vt 0.933131 0.023589
vt 0.937041 0.038562
vt 0.939083 0.049746
vt 0.939703 0.055594
vt 0.785466 0.587810
vt 0.792310 0.580061
vt 0.790264 0.558951
vt 0.783959 0.562681
vt 0.785941 0.618227
vt 0.792446 0.618600
vt 0.792474 0.601117
vt 0.785968 0.601400
vt 0.889271 0.584906
vt 0.887472 0.621206
vt 0.917044 0.621206
vt 0.915246 0.584906
vt 0.797451 0.601629
vt 0.797459 0.596628
vt 0.889634 0.577590
vt 0.914883 0.577590
vt 0.792292 0.625174
vt 0.785400 0.631544
vt 0.783959 0.656675
vt 0.790274 0.660388
vt 0.790902 0.649423
vt 0.797664 0.622602
vt 0.821953 0.622641
vt 0.821987 0.601668
vt 0.805901 0.601643
vt 0.936080 0.049247
vt 0.931773 0.058513
vt 0.785786 0.624801
vt 0.827104 0.622813
vt 0.858359 0.624498
vt 0.858398 0.600620
vt 0.827138 0.601575
vt 0.792389 0.594410
vt 0.785870 0.594552
vt 0.818393 0.601331
vt 0.833849 0.600581
vt 0.833858 0.594887
vt 0.818401 0.596121
vt 0.799152 0.586749
vt 0.808562 0.581583
vt 0.823878 0.579159
vt 0.821542 0.540439
vt 0.894061 0.540439
vt 0.889634 0.545663
vt 0.889634 0.552417
vt 0.914883 0.552417
vt 0.914883 0.545663
vt 0.910890 0.540439
vt 0.807677 0.596595
vt 0.807669 0.601615
vt 0.821602 0.678810
vt 0.822321 0.666270
vt 0.793607 0.653810
vt 0.852940 0.880480
vt 0.902258 0.880480
vt 0.902258 0.873550
vt 0.852940 0.873550
vt 0.852940 0.898333
vt 0.902258 0.898333
vt 0.902258 0.831534
vt 0.852940 0.831534
vt 0.852940 0.840194
vt 0.902258 0.840194
vt 0.852940 0.842874
vt 0.902258 0.842874
vt 0.852940 0.845555
vt 0.852940 0.868309
vt 0.902258 0.868309
vt 0.902258 0.845555
vt 0.852940 0.902819
vt 0.902258 0.902819
vt 0.852940 0.924443
vt 0.902258 0.924443
vt 0.086489 0.911461
vt 0.090339 0.911461
vt 0.095240 0.906560
vt 0.095240 0.888707
vt 0.097411 0.884782
vt 0.118552 0.880239
vt 0.118552 0.873945
vt 0.093573 0.873945
vt 0.085098 0.874686
vt 0.085098 0.883346
vt 0.085098 0.886026
vt 0.085098 0.888707
vt 0.085098 0.911461
vt 0.934816 0.480112
vt 0.920796 0.480171
vt 0.907921 0.477114
vt 0.908259 0.485226
vt 0.961372 0.485226
vt 0.961710 0.477114
vt 0.948835 0.480171
vt 0.902258 0.869699
vt 0.852940 0.869699
vt 0.948685 0.475929
vt 0.961508 0.473300
vt 0.958423 0.442119
vt 0.946799 0.443771
vt 0.047991 0.891147
vt 0.023013 0.891147
vt 0.024977 0.894467
vt 0.046027 0.894467
vt 0.116588 0.870625
vt 0.095538 0.870625
vt 0.910543 0.419824
vt 0.911208 0.442119
vt 0.922832 0.443771
vt 0.934816 0.444537
vt 0.959088 0.419824
vt 0.118366 0.839088
vt 0.095889 0.839088
vt 0.025328 0.926004
vt 0.047805 0.926004
vt 0.920946 0.475929
vt 0.908123 0.473300
vt 0.934816 0.476010
vt 0.024679 0.876385
vt 0.024679 0.858531
vt 0.019778 0.853631
vt 0.015928 0.853631
vt 0.014537 0.853631
vt 0.014537 0.876385
vt 0.014537 0.879065
vt 0.014537 0.881746
vt 0.014537 0.890406
vt 0.047991 0.884852
vt 0.026850 0.880310
vt 0.673876 0.240026
vt 0.683545 0.233590
vt 0.684133 0.226990
vt 0.673876 0.221657
vt 0.690627 0.224744
vt 0.690175 0.213219
vt 0.696472 0.228361
vt 0.706034 0.221837
vt 0.695599 0.234929
vt 0.705888 0.240314
vt 0.689203 0.237586
vt 0.689766 0.249206
vt 0.662760 0.496263
vt 0.655564 0.492108
vt 0.648368 0.496263
vt 0.648368 0.504572
vt 0.655564 0.508726
vt 0.662760 0.504572
vt 0.931333 0.873080
vt 0.974080 0.873080
vt 0.974080 0.864771
vt 0.931333 0.864771
vt 0.974080 0.856462
vt 0.931333 0.856462
vt 0.974080 0.848153
vt 0.931333 0.848153
vt 0.974080 0.839843
vt 0.931333 0.839843
vt 0.974080 0.831534
vt 0.931333 0.831534
vt 0.931333 0.881389
vt 0.974080 0.881389
vt 0.767121 0.240314
vt 0.756832 0.234929
vt 0.750436 0.237586
vt 0.750998 0.249206
vt 0.744778 0.233590
vt 0.735109 0.240026
vt 0.745366 0.226990
vt 0.735109 0.221657
vt 0.751860 0.224744
vt 0.751408 0.213219
vt 0.757705 0.228361
vt 0.767267 0.221837
vt 0.575827 0.496262
vt 0.568631 0.492108
vt 0.561435 0.496262
vt 0.561435 0.504572
vt 0.568631 0.508726
vt 0.575827 0.504572
vt 0.931333 0.960319
vt 0.974080 0.960319
vt 0.974080 0.952010
vt 0.931333 0.952010
vt 0.974080 0.943701
vt 0.931333 0.943701
vt 0.974080 0.935392
vt 0.931333 0.935392
vt 0.974080 0.927083
vt 0.931333 0.927083
vt 0.974080 0.918773
vt 0.931333 0.918773
vt 0.974080 0.910464
vt 0.931333 0.910464
vt 0.286864 0.532021
vt 0.277918 0.532021
vt 0.277914 0.352322
vt 0.286862 0.352322
vt 0.268971 0.532021
vt 0.268966 0.352322
vt 0.322652 0.532021
vt 0.313705 0.532021
vt 0.313707 0.352322
vt 0.322655 0.352322
vt 0.304758 0.532021
vt 0.304759 0.352322
vt 0.295811 0.532021
vt 0.295810 0.352322
s 1
f 48/1/1 123/2/2 124/3/3 49/4/4
f 53/5/5 129/6/6 150/7/6 81/8/5
f 60/9/7 61/10/8 136/11/9 134/12/10
f 47/13/11 26/14/12 111/15/13 122/16/14
f 21/17/15 109/18/16 136/11/9 61/10/8
f 48/19/17 47/13/18 122/16/19 123/20/19
f 987/21/20 6/22/21 1501/23/22 1543/24/23
f 60/9/7 134/12/10 110/25/24 24/26/25
f 18/27/26 107/28/27 112/29/27 30/30/26
f 63/31/28 139/32/29 140/33/30 65/34/31
f 32/35/32 114/36/6 107/28/6 18/27/32
f 3/37/33 88/38/34 95/39/35 9/40/36
f 24/41/37 110/42/38 139/32/29 63/31/28
f 52/43/39 126/44/40 117/45/41 37/46/42
f 9/40/36 95/39/35 92/47/43 6/22/21
f 65/34/31 140/33/30 111/15/13 26/14/12
f 41/48/44 119/49/45 121/50/46 43/51/47
f 1547/52/48 1548/53/49 1410/54/50 1408/55/51
f 67/56/52 142/57/53 145/58/54 69/59/55
f 37/46/42 117/45/41 119/49/45 41/48/44
f 10/60/56 96/61/57 104/62/58 14/63/59
f 53/5/60 69/59/55 145/58/54 129/6/61
f 43/51/47 121/50/46 114/64/62 32/65/63
f 14/63/59 104/62/58 105/66/64 15/67/65
f 70/68/66 73/69/67 147/70/68 146/71/69
f 35/72/70 115/73/70 126/74/70 52/75/70
f 15/67/65 105/66/64 101/76/71 11/77/72
f 70/68/66 146/71/69 142/57/53 67/56/52
f 82/78/73 153/79/74 115/73/74 35/72/73
f 11/77/72 101/76/71 88/80/75 3/81/76
f 79/82/77 148/83/78 149/84/79 80/85/80
f 58/86/81 57/87/82 132/88/83 133/89/84
f 30/30/85 112/29/86 1217/90/87 1215/91/88
f 49/92/89 124/93/90 148/83/78 79/82/77
f 55/94/91 58/86/81 133/89/84 131/95/92
f 1215/96/93 1217/97/94 96/61/57 10/60/56
f 73/69/95 80/85/80 149/84/79 147/70/96
f 21/17/25 55/94/91 131/95/92 109/18/97
f 88/38/34 157/98/98 159/99/99 95/39/35
f 110/42/38 168/100/100 198/101/101 139/32/29
f 126/44/40 185/102/102 174/103/103 117/45/41
f 95/39/35 159/99/99 158/104/104 92/47/43
f 140/33/30 201/105/105 169/106/106 111/15/13
f 119/49/45 177/107/107 179/108/108 121/50/46
f 1549/109/109 1550/110/110 1414/111/111 1412/112/112
f 142/57/53 203/113/113 204/114/114 145/58/54
f 117/45/41 174/103/103 177/107/107 119/49/45
f 96/61/57 160/115/115 162/116/116 104/62/58
f 129/6/61 145/58/54 204/114/114 187/117/117
f 121/50/46 179/108/108 171/118/118 114/64/62
f 104/62/58 162/116/116 164/119/119 105/66/64
f 146/71/69 147/70/68 209/120/120 206/121/121
f 115/73/70 173/122/70 185/123/70 126/74/70
f 105/66/64 164/119/119 161/124/122 101/76/71
f 146/71/69 206/121/121 203/113/113 142/57/53
f 153/79/74 217/125/123 173/122/123 115/73/74
f 101/76/71 161/124/122 157/126/124 88/80/75
f 148/83/78 211/127/125 213/128/126 149/84/79
f 133/89/84 132/88/83 191/129/127 192/130/128
f 112/29/86 170/131/129 166/132/130 1217/90/87
f 124/93/90 184/133/131 211/127/125 148/83/78
f 131/95/92 133/89/84 192/130/128 190/134/132
f 1217/97/94 166/135/133 160/115/115 96/61/57
f 147/70/96 149/84/79 213/128/126 209/120/134
f 109/18/97 131/95/92 190/134/132 167/136/135
f 123/2/2 182/137/136 184/138/137 124/3/3
f 129/6/6 187/117/138 214/139/138 150/7/6
f 134/12/10 136/11/9 197/140/139 195/141/140
f 122/16/14 111/15/13 169/106/106 181/142/141
f 109/18/16 167/136/142 197/140/139 136/11/9
f 123/20/19 122/16/19 181/142/143 182/143/144
f 92/47/43 158/104/104 1504/144/145 1502/145/146
f 134/12/10 195/141/140 168/146/147 110/25/24
f 107/28/27 165/147/148 170/131/148 112/29/27
f 139/32/29 198/101/101 201/105/105 140/33/30
f 114/36/6 171/148/138 165/147/138 107/28/6
f 209/120/134 213/128/126 277/149/149 273/150/150
f 167/136/135 190/134/132 255/151/151 235/152/152
f 182/137/136 249/153/153 252/154/153 184/138/137
f 187/117/138 254/155/154 279/156/154 214/139/138
f 195/141/140 197/140/139 261/157/155 259/158/156
f 181/142/141 169/106/106 237/159/157 247/160/158
f 167/136/142 235/152/159 261/157/155 197/140/139
f 182/143/144 181/142/143 247/160/160 249/161/160
f 158/104/104 222/162/161 1506/163/162 1504/144/145
f 195/141/140 259/158/156 236/164/152 168/146/147
f 165/147/148 233/165/163 238/166/163 170/131/148
f 198/101/101 264/167/164 266/168/165 201/105/105
f 171/148/138 239/169/154 233/165/154 165/147/138
f 157/98/98 220/170/166 224/171/167 159/99/99
f 168/100/100 236/172/168 264/167/164 198/101/101
f 185/102/102 253/173/169 241/174/170 174/103/103
f 159/99/99 224/171/167 222/162/161 158/104/104
f 201/105/105 266/168/165 237/159/157 169/106/106
f 177/107/107 243/175/171 245/176/172 179/108/108
f 1550/110/110 1551/177/173 1416/178/174 1414/111/111
f 203/113/113 267/179/175 270/180/176 204/114/114
f 174/103/103 241/174/170 243/175/171 177/107/107
f 160/115/115 226/181/177 231/182/178 162/116/116
f 187/117/117 204/114/114 270/180/176 254/155/179
f 179/108/108 245/176/172 239/183/180 171/118/118
f 162/116/116 231/182/178 232/184/181 164/119/119
f 206/121/121 209/120/120 273/150/182 271/185/183
f 173/122/70 240/186/70 253/187/70 185/123/70
f 1891/188/184 229/189/185 1893/190/186 1892/191/187 180/192/187 1889/193/187 1890/194/187
f 180/195/188 1892/196/189 1893/197/190 161/124/122 164/119/119 232/184/181 1891/198/191 1890/199/189 1889/200/192
f 206/121/121 271/185/183 267/179/175 203/113/113
f 217/125/123 281/201/193 240/186/193 173/122/123
f 1894/202/194 220/203/195 157/204/196 1896/205/197 1895/206/198 172/207/199 1897/208/200
f 161/209/201 1893/190/186 229/189/185 1894/210/202 1897/211/203 172/212/204 1895/213/205 1896/214/206 157/215/207
f 211/127/125 275/216/208 277/149/149 213/128/126
f 192/130/128 191/129/127 256/217/209 258/218/210
f 170/131/129 238/166/211 234/219/212 166/132/130
f 184/133/131 252/220/213 275/216/208 211/127/125
f 190/134/132 192/130/128 258/218/210 255/151/151
f 166/135/133 234/221/214 226/181/177 160/115/115
f 226/181/177 285/222/215 287/223/216 231/182/178
f 254/155/179 270/180/176 312/224/217 303/225/218
f 245/176/172 298/226/219 294/227/220 239/183/180
f 231/182/178 287/223/216 288/228/221 232/184/181
f 271/185/183 273/150/182 314/229/222 313/230/223
f 240/186/70 295/231/70 302/232/70 253/187/70
f 229/189/185 1891/188/184 1898/233/224 1899/234/224 1901/235/224 1900/236/225
f 1891/198/191 232/184/181 288/228/221 286/237/226 1900/238/227 1901/239/224 1899/240/224 1898/241/224
f 271/185/183 313/230/223 311/242/228 267/179/175
f 281/201/193 318/243/229 295/231/229 240/186/193
f 1902/244/230 282/245/231 220/203/195 1894/202/194 1904/246/232 83/247/232
f 1904/248/232 1894/210/202 229/189/185 1900/236/225 1903/249/233 1902/250/234 83/251/232
f 1903/252/235 1900/238/227 286/237/226
f 275/216/208 315/253/236 316/254/237 277/149/149
f 258/218/210 256/217/209 305/255/238 306/256/239
f 238/166/211 293/257/240 1221/258/241 234/219/212
f 252/220/213 301/259/242 315/253/236 275/216/208
f 255/151/151 258/218/210 306/256/239 304/260/243
f 234/221/214 1221/261/244 285/222/215 226/181/177
f 273/150/150 277/149/149 316/254/237 314/229/245
f 235/152/152 255/151/151 304/260/243 290/262/246
f 249/153/153 300/263/247 301/264/248 252/154/153
f 254/155/154 303/225/249 317/265/249 279/156/154
f 259/158/156 261/157/155 308/266/250 307/267/251
f 247/160/158 237/159/157 292/268/252 299/269/253
f 235/152/159 290/262/254 308/266/250 261/157/155
f 249/161/160 247/160/160 299/269/255 300/270/256
f 222/162/161 283/271/257 1507/272/258 1506/163/162
f 259/158/156 307/267/251 291/273/259 236/164/152
f 233/165/163 289/274/260 293/257/260 238/166/163
f 264/167/164 309/275/261 310/276/262 266/168/165
f 239/169/154 294/277/263 289/274/263 233/165/154
f 220/170/166 282/278/264 284/279/265 224/171/167
f 236/172/168 291/280/266 309/275/261 264/167/164
f 253/173/169 302/281/267 296/282/268 241/174/170
f 224/171/167 284/279/265 283/271/257 222/162/161
f 266/168/165 310/276/262 292/268/252 237/159/157
f 243/175/171 297/283/269 298/226/219 245/176/172
f 1551/177/173 1552/284/270 1418/285/271 1416/178/174
f 267/179/175 311/242/228 312/224/217 270/180/176
f 241/174/170 296/282/268 297/283/269 243/175/171
f 283/271/257 320/286/272 1509/287/273 1507/272/258
f 307/267/251 345/288/274 329/289/275 291/273/259
f 289/274/260 326/290/276 331/291/276 293/257/260
f 309/275/261 347/292/277 348/293/278 310/276/262
f 294/277/263 332/294/279 326/290/279 289/274/263
f 282/278/264 319/295/280 321/296/281 284/279/265
f 291/280/266 329/297/282 347/292/277 309/275/261
f 302/281/267 340/298/283 334/299/284 296/282/268
f 284/279/265 321/296/281 320/286/272 283/271/257
f 310/276/262 348/293/278 330/300/285 292/268/252
f 297/283/269 335/301/286 336/302/287 298/226/219
f 1552/284/270 1553/303/288 1420/304/289 1418/285/271
f 311/242/228 349/305/290 350/306/291 312/224/217
f 296/282/268 334/299/284 335/301/286 297/283/269
f 285/222/215 322/307/292 324/308/293 287/223/216
f 303/225/218 312/224/217 350/306/291 341/309/294
f 298/226/219 336/302/287 332/310/295 294/227/220
f 287/223/216 324/308/293 325/311/296 288/228/221
f 313/230/223 314/229/222 352/312/297 351/313/298
f 295/231/70 333/314/70 340/315/70 302/232/70
f 288/228/221 325/311/296 323/316/299 286/237/226
f 313/230/223 351/313/298 349/305/290 311/242/228
f 318/243/229 356/317/300 333/314/300 295/231/229
f 1905/318/301 319/319/302 282/245/231 1902/244/230 151/320/303
f 1903/252/235 286/237/226 323/316/299 1906/321/304
f 1905/322/305 151/323/306 1902/250/234 1903/249/233 1906/324/306 323/325/307
f 315/253/236 353/326/308 354/327/309 316/254/237
f 306/256/239 305/255/238 343/328/310 344/329/311
f 293/257/240 331/291/312 327/330/313 1221/258/241
f 301/259/242 339/331/314 353/326/308 315/253/236
f 304/260/243 306/256/239 344/329/311 342/332/315
f 1221/261/244 327/333/316 322/307/292 285/222/215
f 314/229/245 316/254/237 354/327/309 352/312/317
f 290/262/246 304/260/243 342/332/315 328/334/275
f 300/263/247 338/335/318 339/336/318 301/264/248
f 303/225/249 341/309/319 355/337/319 317/265/249
f 307/267/251 308/266/250 346/338/320 345/288/274
f 299/269/253 292/268/252 330/300/285 337/339/321
f 290/262/254 328/334/322 346/338/320 308/266/250
f 300/270/256 299/269/255 337/339/323 338/340/323
f 1907/341/324 357/342/325 319/319/302 1905/318/301 1910/343/326
f 323/316/299 361/344/327 1908/345/328 1909/346/329
f 1910/347/326 1905/322/305 323/325/307 1909/348/326 1908/349/330 1907/350/331
f 353/326/308 390/351/332 391/352/333 354/327/309
f 344/329/311 343/328/310 380/353/334 381/354/335
f 331/291/312 368/355/336 1224/356/337 327/330/313
f 339/331/314 376/357/338 390/351/332 353/326/308
f 342/332/315 344/329/311 381/354/335 379/358/339
f 327/333/316 1224/359/340 360/360/341 322/307/292
f 352/312/317 354/327/309 391/352/333 389/361/342
f 328/334/275 342/332/315 379/358/339 365/362/343
f 338/335/318 375/363/344 376/364/345 339/336/318
f 341/309/319 378/365/346 392/366/346 355/337/319
f 345/288/274 346/338/320 383/367/347 382/368/348
f 337/339/321 330/300/285 367/369/349 374/370/350
f 328/334/322 365/362/351 383/367/347 346/338/320
f 338/340/323 337/339/323 374/370/352 375/371/353
f 320/286/272 358/372/354 1510/373/355 1509/287/273
f 345/288/274 382/368/348 366/374/343 329/289/275
f 326/290/276 364/375/356 368/355/356 331/291/276
f 347/292/277 384/376/357 385/377/358 348/293/278
f 332/294/279 369/378/359 364/375/359 326/290/279
f 319/295/280 357/379/360 359/380/361 321/296/281
f 329/297/282 366/381/362 384/376/357 347/292/277
f 340/298/283 377/382/363 371/383/364 334/299/284
f 321/296/281 359/380/361 358/372/354 320/286/272
f 348/293/278 385/377/358 367/369/349 330/300/285
f 335/301/286 372/384/365 373/385/366 336/302/287
f 1553/303/288 1554/386/367 1422/387/368 1420/304/289
f 349/305/290 386/388/369 387/389/370 350/306/291
f 334/299/284 371/383/364 372/384/365 335/301/286
f 322/307/292 360/360/341 362/390/371 324/308/293
f 341/309/294 350/306/291 387/389/370 378/365/372
f 336/302/287 373/385/366 369/391/373 332/310/295
f 324/308/293 362/390/371 363/392/374 325/311/296
f 351/313/298 352/312/297 389/361/375 388/393/376
f 333/314/70 370/394/70 377/395/70 340/315/70
f 325/311/296 363/392/374 361/344/327 323/316/299
f 351/313/298 388/393/376 386/388/369 349/305/290
f 356/317/300 393/396/377 370/394/377 333/314/300
f 359/380/361 396/397/378 395/398/379 358/372/354
f 385/377/358 423/399/380 405/400/381 367/369/349
f 372/384/365 410/401/382 411/402/383 373/385/366
f 1554/386/367 1555/403/384 1424/404/385 1422/387/368
f 386/388/369 424/405/386 425/406/387 387/389/370
f 371/383/364 409/407/388 410/401/382 372/384/365
f 360/360/341 397/408/389 399/409/390 362/390/371
f 378/365/372 387/389/370 425/406/387 416/410/391
f 373/385/366 411/402/383 407/411/392 369/391/373
f 362/390/371 399/409/390 400/412/393 363/392/374
f 388/393/376 389/361/375 427/413/394 426/414/395
f 370/394/70 408/415/70 415/416/70 377/395/70
f 363/392/374 400/412/393 398/417/396 361/344/327
f 388/393/376 426/414/395 424/405/386 386/388/369
f 393/396/377 431/418/397 408/415/397 370/394/377
f 1911/419/398 394/420/399 357/342/325 1907/341/324 1914/421/400
f 1908/345/328 361/344/327 398/417/396 1912/422/401 1913/423/402
f 1911/424/403 1914/425/404 1907/350/331 1908/349/330 1913/426/405 1912/427/403
f 390/351/332 428/428/406 429/429/407 391/352/333
f 381/354/335 380/353/334 418/430/408 419/431/409
f 368/355/336 406/432/410 402/433/411 1224/356/337
f 376/357/338 414/434/412 428/428/406 390/351/332
f 379/358/339 381/354/335 419/431/409 417/435/413
f 1224/359/340 402/436/414 397/408/389 360/360/341
f 389/361/342 391/352/333 429/429/407 427/413/415
f 365/362/343 379/358/339 417/435/413 403/437/416
f 375/363/344 413/438/417 414/439/418 376/364/345
f 378/365/346 416/410/419 430/440/419 392/366/346
f 382/368/348 383/367/347 421/441/420 420/442/421
f 374/370/350 367/369/349 405/400/381 412/443/422
f 365/362/351 403/437/423 421/441/420 383/367/347
f 375/371/353 374/370/352 412/443/424 413/444/424
f 358/372/354 395/398/379 1512/445/425 1510/373/355
f 382/368/348 420/442/421 404/446/426 366/374/343
f 364/375/356 401/447/427 406/432/427 368/355/356
f 384/376/357 422/448/428 423/399/380 385/377/358
f 369/378/359 407/449/419 401/447/419 364/375/359
f 357/379/360 394/450/429 396/397/378 359/380/361
f 366/381/362 404/451/430 422/448/428 384/376/357
f 377/382/363 415/452/431 409/407/388 371/383/364
f 413/438/417 450/453/432 451/454/433 414/439/418
f 416/410/419 453/455/434 467/456/434 430/440/419
f 420/442/421 421/441/420 458/457/435 457/458/436
f 412/443/422 405/400/381 442/459/437 449/460/438
f 403/437/423 440/461/439 458/457/435 421/441/420
f 413/444/424 412/443/424 449/460/440 450/462/441
f 395/398/379 433/463/442 1514/464/443 1512/445/425
f 420/442/421 457/458/436 441/465/444 404/446/426
f 401/447/427 439/466/445 443/467/445 406/432/427
f 422/448/428 459/468/446 460/469/447 423/399/380
f 407/449/419 444/470/434 439/466/434 401/447/419
f 394/450/429 432/471/448 434/472/449 396/397/378
f 404/451/430 441/473/450 459/468/446 422/448/428
f 415/452/431 452/474/451 446/475/452 409/407/388
f 396/397/378 434/472/449 433/463/442 395/398/379
f 423/399/380 460/469/447 442/459/437 405/400/381
f 410/401/382 447/476/453 448/477/454 411/402/383
f 1555/403/384 1556/478/455 1426/479/456 1424/404/385
f 424/405/386 461/480/457 462/481/458 425/406/387
f 409/407/388 446/475/452 447/476/453 410/401/382
f 397/408/389 435/482/459 437/483/460 399/409/390
f 416/410/391 425/406/387 462/481/458 453/455/461
f 411/402/383 448/477/454 444/484/462 407/411/392
f 399/409/390 437/483/460 438/485/463 400/412/393
f 426/414/395 427/413/394 464/486/464 463/487/465
f 408/415/70 445/488/70 452/489/70 415/416/70
f 400/412/393 438/485/463 436/490/466 398/417/396
f 426/414/395 463/487/465 461/480/457 424/405/386
f 431/418/397 468/491/467 445/488/467 408/415/397
f 1915/492/468 432/493/469 394/420/399 1911/419/398 1918/494/470
f 1912/422/401 398/417/396 436/490/466 1916/495/471 1917/496/470
f 1915/497/472 1918/498/470 1911/424/403 1912/427/403 1917/499/470 1916/500/473
f 428/428/406 465/501/474 466/502/475 429/429/407
f 419/431/409 418/430/408 455/503/476 456/504/477
f 406/432/410 443/467/478 1227/505/479 402/433/411
f 414/434/412 451/506/480 465/501/474 428/428/406
f 417/435/413 419/431/409 456/504/477 454/507/481
f 402/436/414 1227/508/482 435/482/459 397/408/389
f 427/413/415 429/429/407 466/502/475 464/486/483
f 403/437/416 417/435/413 454/507/481 440/461/484
f 438/485/463 437/483/460 1818/509/485 1819/510/486
f 463/487/465 464/486/464 497/511/487 496/512/488
f 445/488/70 478/513/70 485/514/70 452/489/70
f 1820/515/489 436/490/466 438/485/463 1819/510/486
f 463/487/465 496/512/488 494/516/490 461/480/457
f 468/491/467 501/517/491 478/513/491 445/488/467
f 120/518/492 469/519/493 1920/520/494
f 436/490/466 1820/515/489 1821/521/495 1922/522/496 1921/523/497 1916/495/471
f 1915/497/472 1916/500/473 1921/524/498 1922/525/498 120/526/499 1920/527/498 1919/528/498
f 465/501/474 498/529/500 499/530/501 466/502/475
f 456/504/477 455/503/476 488/531/502 489/532/503
f 443/467/478 476/533/504 1229/534/505 1227/505/479
f 451/506/480 484/535/506 498/529/500 465/501/474
f 454/507/481 456/504/477 489/532/503 487/536/507
f 1824/537/508 435/482/459 1227/508/482 1823/538/509
f 464/486/483 466/502/475 499/530/501 497/511/510
f 440/461/484 454/507/481 487/536/507 473/539/511
f 450/453/432 483/540/512 484/541/512 451/454/433
f 453/455/434 486/542/513 500/543/513 467/456/434
f 457/458/436 458/457/435 491/544/514 490/545/515
f 449/460/438 442/459/437 475/546/516 482/547/517
f 440/461/439 473/539/518 491/544/514 458/457/435
f 450/462/441 449/460/440 482/547/519 483/548/519
f 433/463/442 470/549/520 1516/550/521 1514/464/443
f 457/458/436 490/545/515 474/551/511 441/465/444
f 439/466/445 472/552/522 476/533/522 443/467/445
f 459/468/446 492/553/523 493/554/524 460/469/447
f 444/470/434 477/555/513 472/552/513 439/466/434
f 432/471/448 469/556/525 471/557/526 434/472/449
f 441/473/450 474/558/527 492/553/523 459/468/446
f 452/474/451 485/559/528 479/560/529 446/475/452
f 434/472/449 471/557/526 470/549/520 433/463/442
f 460/469/447 493/554/524 475/546/516 442/459/437
f 447/476/453 480/561/530 481/562/531 448/477/454
f 1556/478/455 1557/563/532 1428/564/533 1426/479/456
f 461/480/457 494/516/490 495/565/534 462/481/458
f 446/475/452 479/560/529 480/561/530 447/476/453
f 1818/509/485 437/483/460 435/482/459 1824/537/508
f 453/455/461 462/481/458 495/565/534 486/542/535
f 448/477/454 481/562/531 477/566/536 444/484/462
f 472/552/522 505/567/537 509/568/537 476/533/522
f 492/553/523 525/569/538 526/570/539 493/554/524
f 477/555/513 510/571/540 505/567/540 472/552/513
f 469/556/525 502/572/541 504/573/542 471/557/526
f 474/558/527 507/574/543 525/569/538 492/553/523
f 485/559/528 518/575/544 512/576/545 479/560/529
f 471/557/526 504/573/542 503/577/546 470/549/520
f 493/554/524 526/570/539 508/578/547 475/546/516
f 480/561/530 513/579/548 514/580/549 481/562/531
f 1557/563/532 1558/581/550 1430/582/551 1428/564/533
f 494/516/490 527/583/552 528/584/553 495/565/534
f 479/560/529 512/576/545 513/579/548 480/561/530
f 486/542/535 495/565/534 528/584/553 519/585/554
f 481/562/531 514/580/549 510/586/555 477/566/536
f 496/512/488 497/511/487 530/587/556 529/588/557
f 478/513/70 511/589/70 518/590/70 485/514/70
f 496/512/488 529/588/557 527/583/552 494/516/490
f 501/517/491 534/591/558 511/589/558 478/513/491
f 498/529/500 531/592/559 532/593/560 499/530/501
f 489/532/503 488/531/502 521/594/561 522/595/562
f 476/533/504 509/568/563 1231/596/564 1229/534/505
f 484/535/506 517/597/565 531/592/559 498/529/500
f 487/536/507 489/532/503 522/595/562 520/598/566
f 1828/599/567 1822/600/568 1229/601/569 1231/602/570 77/603/571
f 497/511/510 499/530/501 532/593/560 530/587/572
f 473/539/511 487/536/507 520/598/566 506/604/573
f 483/540/512 516/605/574 517/606/575 484/541/512
f 486/542/513 519/585/576 533/607/576 500/543/513
f 490/545/515 491/544/514 524/608/577 523/609/578
f 482/547/517 475/546/516 508/578/547 515/610/579
f 473/539/518 506/604/580 524/608/577 491/544/514
f 483/548/519 482/547/519 515/610/581 516/611/582
f 470/549/520 503/577/546 1518/612/583 1516/550/521
f 490/545/515 523/609/578 507/613/584 474/551/511
f 509/568/563 546/614/585 1233/615/586 1231/596/564
f 517/597/565 554/616/587 568/617/588 531/592/559
f 520/598/566 522/595/562 559/618/589 557/619/590
f 1829/620/591 77/603/571 1231/602/570 1233/621/592 538/622/593
f 530/587/572 532/593/560 569/623/594 567/624/595
f 506/604/573 520/598/566 557/619/590 543/625/596
f 516/605/574 553/626/597 554/627/597 517/606/575
f 519/585/576 556/628/598 570/629/598 533/607/576
f 523/609/578 524/608/577 561/630/599 560/631/600
f 515/610/579 508/578/547 545/632/601 552/633/602
f 506/604/580 543/625/603 561/630/599 524/608/577
f 516/611/582 515/610/581 552/633/604 553/634/604
f 503/577/546 536/635/605 1520/636/606 1518/612/583
f 523/609/578 560/631/600 544/637/596 507/613/584
f 505/567/537 542/638/607 546/614/607 509/568/537
f 525/569/538 562/639/608 563/640/609 526/570/539
f 510/571/540 547/641/610 542/638/610 505/567/540
f 502/572/541 535/642/611 537/643/612 504/573/542
f 507/574/543 544/644/613 562/639/608 525/569/538
f 518/575/544 555/645/614 549/646/615 512/576/545
f 504/573/542 537/643/612 536/635/605 503/577/546
f 526/570/539 563/640/609 545/632/601 508/578/547
f 513/579/548 550/647/616 551/648/617 514/580/549
f 1558/581/550 1559/649/618 1432/650/619 1430/582/551
f 527/583/552 564/651/620 565/652/621 528/584/553
f 512/576/545 549/646/615 550/647/616 513/579/548
f 538/622/593 540/653/622 1830/654/623 1829/620/591
f 519/585/554 528/584/553 565/652/621 556/628/624
f 514/580/549 551/648/617 547/655/625 510/586/555
f 540/653/622 541/656/626 1831/657/627 1830/654/623
f 529/588/557 530/587/556 567/624/628 566/658/629
f 511/589/70 548/659/70 555/660/70 518/590/70
f 541/656/626 539/661/630 1827/662/631 1831/657/627
f 529/588/557 566/658/629 564/651/620 527/583/552
f 534/591/558 571/663/632 548/659/632 511/589/558
f 539/661/630 535/664/633 1827/662/631
f 531/592/559 568/617/588 569/623/594 532/593/560
f 522/595/562 521/594/561 558/665/634 559/618/589
f 550/647/616 588/666/635 589/667/636 551/648/617
f 1559/649/618 1560/668/637 1434/669/638 1432/650/619
f 564/651/620 602/670/639 603/671/640 565/652/621
f 549/646/615 587/672/641 588/666/635 550/647/616
f 538/622/593 575/673/642 577/674/643 540/653/622
f 556/628/624 565/652/621 603/671/640 594/675/644
f 551/648/617 589/667/636 585/676/645 547/655/625
f 540/653/622 577/674/643 578/677/646 541/656/626
f 566/658/629 567/624/628 605/678/647 604/679/648
f 548/659/70 586/680/70 593/681/70 555/660/70
f 541/656/626 578/677/646 576/682/649 539/661/630
f 566/658/629 604/679/648 602/670/639 564/651/620
f 571/663/632 609/683/650 586/680/650 548/659/632
f 539/661/630 576/682/649 572/684/651 535/664/633
f 568/617/588 606/685/652 607/686/653 569/623/594
f 559/618/589 558/665/634 596/687/654 597/688/655
f 546/614/585 584/689/656 580/690/657 1233/615/586
f 554/616/587 592/691/658 606/685/652 568/617/588
f 557/619/590 559/618/589 597/688/655 595/692/659
f 1233/621/592 580/693/660 575/673/642 538/622/593
f 567/624/595 569/623/594 607/686/653 605/678/661
f 543/625/596 557/619/590 595/692/659 581/694/662
f 553/626/597 591/695/663 592/696/664 554/627/597
f 556/628/598 594/675/665 608/697/665 570/629/598
f 560/631/600 561/630/599 599/698/666 598/699/667
f 552/633/602 545/632/601 583/700/668 590/701/669
f 543/625/603 581/694/670 599/698/666 561/630/599
f 553/634/604 552/633/604 590/701/671 591/702/672
f 536/635/605 573/703/673 1522/704/674 1520/636/606
f 560/631/600 598/699/667 582/705/662 544/637/596
f 542/638/607 579/706/675 584/689/675 546/614/607
f 562/639/608 600/707/676 601/708/677 563/640/609
f 547/641/610 585/709/678 579/706/678 542/638/610
f 535/642/611 572/710/679 574/711/680 537/643/612
f 544/644/613 582/712/681 600/707/676 562/639/608
f 555/645/614 593/713/682 587/672/641 549/646/615
f 537/643/612 574/711/680 573/703/673 536/635/605
f 563/640/609 601/708/677 583/700/668 545/632/601
f 590/701/669 583/700/668 620/714/683 627/715/684
f 581/694/670 618/716/685 636/717/686 599/698/666
f 591/702/672 590/701/671 627/715/687 628/718/687
f 573/703/673 611/719/688 1524/720/689 1522/704/674
f 598/699/667 635/721/690 619/722/691 582/705/662
f 579/706/675 617/723/692 621/724/692 584/689/675
f 600/707/676 637/725/693 638/726/694 601/708/677
f 585/709/678 622/727/695 617/723/695 579/706/678
f 572/710/679 610/728/696 612/729/697 574/711/680
f 582/712/681 619/730/698 637/725/693 600/707/676
f 593/731/682 630/732/699 624/733/700 587/734/641
f 574/711/680 612/729/697 611/719/688 573/703/673
f 601/708/677 638/726/694 620/714/683 583/700/668
f 588/735/635 625/736/701 626/737/702 589/738/636
f 1560/668/637 1561/739/703 1436/740/704 1434/669/638
f 602/670/639 639/741/705 640/742/706 603/671/640
f 587/734/641 624/733/700 625/736/701 588/735/635
f 575/673/642 613/743/707 615/744/708 577/674/643
f 594/675/644 603/671/640 640/742/706 631/745/709
f 589/738/636 626/737/702 622/746/710 585/747/645
f 577/674/643 615/744/708 616/748/711 578/677/646
f 604/679/648 605/678/647 642/749/712 641/750/713
f 586/680/70 623/751/70 630/752/70 593/681/70
f 578/677/646 616/748/711 614/753/714 576/682/649
f 604/679/648 641/750/713 639/741/705 602/670/639
f 609/683/650 646/754/715 623/751/715 586/680/650
f 576/682/649 614/753/714 610/755/716 572/684/651
f 606/685/652 643/756/717 644/757/718 607/686/653
f 597/688/655 596/687/654 633/758/719 634/759/720
f 584/689/656 621/724/721 1236/760/721 580/690/657
f 592/691/658 629/761/722 643/756/717 606/685/652
f 595/692/659 597/688/655 634/759/720 632/762/723
f 580/693/660 1236/763/724 613/743/707 575/673/642
f 605/678/661 607/686/653 644/757/718 642/749/725
f 581/694/662 595/692/659 632/762/723 618/716/726
f 591/695/663 628/764/727 629/765/728 592/696/664
f 594/675/665 631/745/695 645/766/695 608/697/665
f 598/699/667 599/698/666 636/717/686 635/721/690
f 623/751/70 661/767/70 668/768/70 630/752/70
f 616/748/711 653/769/729 651/770/730 614/753/714
f 641/750/713 679/771/731 677/772/732 639/741/705
f 646/754/715 684/773/733 661/767/733 623/751/715
f 614/753/714 651/770/730 647/774/734 610/755/716
f 643/756/717 681/775/735 682/776/736 644/757/718
f 634/759/720 633/758/719 671/777/737 672/778/738
f 621/724/721 659/779/739 655/780/740 1236/760/721
f 629/761/722 667/781/741 681/775/735 643/756/717
f 632/762/723 634/759/720 672/778/738 670/782/742
f 1236/763/724 655/783/743 650/784/744 613/743/707
f 642/749/725 644/757/718 682/776/736 680/785/745
f 618/716/726 632/762/723 670/782/742 656/786/746
f 628/764/727 666/787/747 667/788/748 629/765/728
f 631/745/695 669/789/749 683/790/749 645/766/695
f 635/721/690 636/717/686 674/791/750 673/792/751
f 627/715/684 620/714/683 658/793/752 665/794/753
f 618/716/685 656/786/754 674/791/750 636/717/686
f 628/718/687 627/715/687 665/794/755 666/795/756
f 611/719/688 648/796/757 1526/797/758 1524/720/689
f 635/721/690 673/792/751 657/798/759 619/722/691
f 617/723/692 654/799/760 659/779/760 621/724/692
f 637/725/693 675/800/761 676/801/762 638/726/694
f 622/727/695 660/802/749 654/799/749 617/723/695
f 610/728/696 647/803/763 649/804/764 612/729/697
f 619/730/698 657/805/765 675/800/761 637/725/693
f 630/732/699 668/806/766 662/807/767 624/733/700
f 612/729/697 649/804/764 648/796/757 611/719/688
f 638/726/694 676/801/762 658/793/752 620/714/683
f 625/736/701 663/808/768 664/809/769 626/737/702
f 1561/739/703 1562/810/770 1438/811/771 1436/740/704
f 639/741/705 677/772/732 678/812/772 640/742/706
f 624/733/700 662/807/767 663/808/768 625/736/701
f 613/743/707 650/784/744 652/813/773 615/744/708
f 631/745/709 640/742/706 678/812/772 669/789/774
f 626/737/702 664/809/769 660/814/775 622/746/710
f 615/744/708 652/813/773 653/769/729 616/748/711
f 641/750/713 642/749/712 680/785/776 679/771/731
f 660/802/749 698/815/777 692/816/777 654/799/749
f 647/803/763 685/817/778 687/818/779 649/804/764
f 657/805/765 695/819/780 713/820/781 675/800/761
f 668/806/766 706/821/782 700/822/783 662/807/767
f 649/804/764 687/818/779 686/823/784 648/796/757
f 676/801/762 714/824/785 696/825/786 658/793/752
f 663/808/768 701/826/787 702/827/788 664/809/769
f 1562/810/770 1563/828/789 1440/829/790 1438/811/771
f 677/772/732 715/830/791 716/831/792 678/812/772
f 662/807/767 700/822/783 701/826/787 663/808/768
f 650/784/744 688/832/793 690/833/794 652/813/773
f 669/789/774 678/812/772 716/831/792 707/834/795
f 664/809/769 702/827/788 698/835/796 660/814/775
f 652/813/773 690/833/794 691/836/797 653/769/729
f 679/771/731 680/785/776 718/837/798 717/838/799
f 661/767/70 699/839/70 706/840/70 668/768/70
f 653/769/729 691/836/797 689/841/800 651/770/730
f 679/771/731 717/838/799 715/830/791 677/772/732
f 684/773/733 722/842/801 699/839/801 661/767/733
f 651/770/730 689/841/800 685/843/802 647/774/734
f 681/775/735 719/844/803 720/845/804 682/776/736
f 672/778/738 671/777/737 709/846/805 710/847/806
f 659/779/739 697/848/807 693/849/807 655/780/740
f 667/781/741 705/850/808 719/844/803 681/775/735
f 670/782/742 672/778/738 710/847/806 708/851/809
f 655/783/743 693/852/810 688/832/793 650/784/744
f 680/785/745 682/776/736 720/845/804 718/837/811
f 656/786/746 670/782/742 708/851/809 694/853/812
f 666/787/747 704/854/813 705/855/813 667/788/748
f 669/789/749 707/834/777 721/856/777 683/790/749
f 673/792/751 674/791/750 712/857/814 711/858/815
f 665/794/753 658/793/752 696/825/786 703/859/816
f 656/786/754 694/853/817 712/857/814 674/791/750
f 666/795/756 665/794/755 703/859/818 704/860/818
f 648/796/757 686/823/784 1528/861/819 1526/797/758
f 673/792/751 711/858/815 695/862/812 657/798/759
f 654/799/760 692/816/820 697/848/820 659/779/760
f 675/800/761 713/820/781 714/824/785 676/801/762
f 708/851/809 710/847/806 748/863/821 746/864/822
f 693/852/810 731/865/823 726/866/824 688/832/793
f 718/837/811 720/845/804 758/867/825 756/868/826
f 694/853/812 708/851/809 746/864/822 732/869/827
f 704/854/813 742/870/828 743/871/829 705/855/813
f 707/834/777 745/872/830 759/873/830 721/856/777
f 711/858/815 712/857/814 750/874/831 749/875/832
f 703/859/816 696/825/786 734/876/833 741/877/834
f 694/853/817 732/869/835 750/874/831 712/857/814
f 704/860/818 703/859/818 741/877/836 742/878/837
f 686/823/784 724/879/838 1530/880/839 1528/861/819
f 711/858/815 749/875/832 733/881/840 695/862/812
f 692/816/820 730/882/841 735/883/841 697/848/820
f 713/820/781 751/884/842 752/885/843 714/824/785
f 698/815/777 736/886/844 730/882/844 692/816/777
f 685/817/778 723/887/845 725/888/846 687/818/779
f 695/819/780 733/889/847 751/884/842 713/820/781
f 706/821/782 744/890/848 738/891/849 700/822/783
f 687/818/779 725/888/846 724/879/838 686/823/784
f 714/824/785 752/885/843 734/876/833 696/825/786
f 701/826/787 739/892/850 740/893/851 702/827/788
f 1563/828/789 1564/894/852 1442/895/853 1440/829/790
f 715/830/791 753/896/854 754/897/855 716/831/792
f 700/822/783 738/891/849 739/892/850 701/826/787
f 688/832/793 726/866/824 728/898/856 690/833/794
f 707/834/795 716/831/792 754/897/855 745/872/857
f 702/827/788 740/893/851 736/899/858 698/835/796
f 690/833/794 728/898/856 729/900/859 691/836/797
f 717/838/799 718/837/798 756/868/860 755/901/861
f 699/839/70 737/902/70 744/903/70 706/840/70
f 691/836/797 729/900/859 727/904/862 689/841/800
f 717/838/799 755/901/861 753/896/854 715/830/791
f 722/842/801 760/905/863 737/902/863 699/839/801
f 689/841/800 727/904/862 723/906/864 685/843/802
f 719/844/803 757/907/865 758/867/825 720/845/804
f 710/847/806 709/846/805 747/908/866 748/863/821
f 697/848/807 735/883/867 731/909/868 693/849/807
f 705/850/808 743/910/869 757/907/865 719/844/803
f 738/891/849 775/911/870 776/912/871 739/892/850
f 726/866/824 764/913/872 766/914/873 728/898/856
f 745/872/857 754/897/855 791/915/874 782/916/875
f 740/893/851 777/917/876 773/918/877 736/899/858
f 728/898/856 766/914/873 767/919/878 729/900/859
f 755/901/861 756/868/860 793/920/879 792/921/880
f 737/902/70 774/922/70 781/923/70 744/903/70
f 729/900/859 767/919/878 765/924/881 727/904/862
f 755/901/861 792/921/880 790/925/882 753/896/854
f 760/905/863 797/926/883 774/922/883 737/902/863
f 727/904/862 765/924/881 761/927/884 723/906/864
f 757/907/865 794/928/885 795/929/886 758/867/825
f 748/863/821 747/908/866 784/930/887 785/931/888
f 735/883/867 772/932/889 1241/933/890 731/909/868
f 743/910/869 780/934/891 794/928/885 757/907/865
f 746/864/822 748/863/821 785/931/888 783/935/892
f 731/865/823 1241/936/893 764/913/872 726/866/824
f 756/868/826 758/867/825 795/929/886 793/920/894
f 732/869/827 746/864/822 783/935/892 769/937/895
f 742/870/828 779/938/896 780/939/896 743/871/829
f 745/872/830 782/916/897 796/940/897 759/873/830
f 749/875/832 750/874/831 787/941/898 786/942/899
f 741/877/834 734/876/833 771/943/900 778/944/901
f 732/869/835 769/937/902 787/941/898 750/874/831
f 742/878/837 741/877/836 778/944/903 779/945/903
f 724/879/838 762/946/904 1532/947/905 1530/880/839
f 749/875/832 786/942/899 770/948/895 733/881/840
f 730/882/841 768/949/906 772/932/906 735/883/841
f 751/884/842 788/950/907 789/951/908 752/885/843
f 736/886/844 773/952/909 768/949/909 730/882/844
f 723/887/845 761/953/910 763/954/911 725/888/846
f 733/889/847 770/955/912 788/950/907 751/884/842
f 744/890/848 781/956/913 775/911/870 738/891/849
f 725/888/846 763/954/911 762/946/904 724/879/838
f 752/885/843 789/951/908 771/943/900 734/876/833
f 739/892/850 776/912/871 777/917/876 740/893/851
f 1564/894/852 1565/957/914 1444/958/915 1442/895/853
f 753/896/854 790/925/882 791/915/874 754/897/855
f 793/920/894 795/929/886 833/959/916 831/960/917
f 769/937/895 783/935/892 821/961/918 807/962/919
f 779/938/896 817/963/920 818/964/921 780/939/896
f 782/916/897 820/965/922 834/966/922 796/940/897
f 786/942/899 787/941/898 825/967/923 824/968/924
f 778/944/901 771/943/900 809/969/925 816/970/926
f 769/937/902 807/962/927 825/967/923 787/941/898
f 779/945/903 778/944/903 816/970/928 817/971/929
f 762/946/904 799/972/930 1534/973/931 1532/947/905
f 786/942/899 824/968/924 808/974/919 770/948/895
f 768/949/906 805/975/932 810/976/932 772/932/906
f 788/950/907 826/977/933 827/978/934 789/951/908
f 773/952/909 811/979/935 805/975/935 768/949/909
f 761/953/910 798/980/936 800/981/937 763/954/911
f 770/955/912 808/982/938 826/977/933 788/950/907
f 781/956/913 819/983/939 813/984/940 775/911/870
f 763/954/911 800/981/937 799/972/930 762/946/904
f 789/951/908 827/978/934 809/969/925 771/943/900
f 776/912/871 814/985/941 815/986/942 777/917/876
f 1565/957/914 1566/987/943 1446/988/944 1444/958/915
f 790/925/882 828/989/945 829/990/946 791/915/874
f 775/911/870 813/984/940 814/985/941 776/912/871
f 764/913/872 801/991/947 803/992/948 766/914/873
f 782/916/875 791/915/874 829/990/946 820/965/949
f 777/917/876 815/986/942 811/993/950 773/918/877
f 766/914/873 803/992/948 804/994/951 767/919/878
f 792/921/880 793/920/879 831/960/952 830/995/953
f 774/922/70 812/996/70 819/997/70 781/923/70
f 767/919/878 804/994/951 802/998/954 765/924/881
f 792/921/880 830/995/953 828/989/945 790/925/882
f 797/926/883 835/999/955 812/996/955 774/922/883
f 765/924/881 802/998/954 798/1000/956 761/927/884
f 794/928/885 832/1001/957 833/959/916 795/929/886
f 785/931/888 784/930/887 822/1002/958 823/1003/959
f 772/932/889 810/976/960 806/1004/961 1241/933/890
f 780/934/891 818/1005/962 832/1001/957 794/928/885
f 783/935/892 785/931/888 823/1003/959 821/961/918
f 1241/936/893 806/1006/963 801/991/947 764/913/872
f 801/991/947 839/1007/964 841/1008/965 803/992/948
f 820/965/949 829/990/946 866/1009/966 857/1010/967
f 815/986/942 852/1011/968 848/1012/969 811/993/950
f 803/992/948 841/1008/965 842/1013/970 804/994/951
f 830/995/953 831/960/952 868/1014/971 867/1015/972
f 812/996/70 849/1016/70 856/1017/70 819/997/70
f 804/994/951 842/1013/970 840/1018/973 802/998/954
f 830/995/953 867/1015/972 865/1019/974 828/989/945
f 835/999/955 872/1020/975 849/1016/975 812/996/955
f 802/998/954 840/1018/973 836/1021/976 798/1000/956
f 832/1001/957 869/1022/977 870/1023/978 833/959/916
f 823/1003/959 822/1002/958 859/1024/979 860/1025/980
f 810/976/960 847/1026/981 1244/1027/982 806/1004/961
f 818/1005/962 855/1028/983 869/1022/977 832/1001/957
f 821/961/918 823/1003/959 860/1025/980 858/1029/984
f 806/1006/963 1244/1030/985 839/1007/964 801/991/947
f 831/960/917 833/959/916 870/1023/978 868/1014/986
f 807/962/919 821/961/918 858/1029/984 844/1031/987
f 817/963/920 854/1032/988 855/1033/989 818/964/921
f 820/965/922 857/1010/990 871/1034/990 834/966/922
f 824/968/924 825/967/923 862/1035/991 861/1036/992
f 816/970/926 809/969/925 846/1037/993 853/1038/994
f 807/962/927 844/1031/995 862/1035/991 825/967/923
f 817/971/929 816/970/928 853/1038/996 854/1039/996
f 799/972/930 837/1040/997 1536/1041/998 1534/973/931
f 824/968/924 861/1036/992 845/1042/999 808/974/919
f 805/975/932 843/1043/1000 847/1026/1000 810/976/932
f 826/977/933 863/1044/1001 864/1045/1002 827/978/934
f 811/979/935 848/1046/990 843/1043/990 805/975/935
f 798/980/936 836/1047/1003 838/1048/1004 800/981/937
f 808/982/938 845/1049/1005 863/1044/1001 826/977/933
f 819/983/939 856/1050/1006 850/1051/1007 813/984/940
f 800/981/937 838/1048/1004 837/1040/997 799/972/930
f 827/978/934 864/1045/1002 846/1037/993 809/969/925
f 814/985/941 851/1052/1008 852/1011/968 815/986/942
f 1566/987/943 1567/1053/1009 1448/1054/1010 1446/988/944
f 828/989/945 865/1019/974 866/1009/966 829/990/946
f 813/984/940 850/1051/1007 851/1052/1008 814/985/941
f 837/1040/997 874/1055/1011 1537/1056/1012 1536/1041/998
f 861/1036/992 899/1057/1013 883/1058/1014 845/1042/999
f 843/1043/1000 880/1059/1015 885/1060/1015 847/1026/1000
f 863/1044/1001 901/1061/1016 902/1062/1017 864/1045/1002
f 848/1046/990 886/1063/1018 880/1059/1018 843/1043/990
f 836/1047/1003 873/1064/1019 875/1065/1020 838/1048/1004
f 845/1049/1005 883/1066/1021 901/1061/1016 863/1044/1001
f 856/1050/1006 894/1067/1022 888/1068/1023 850/1051/1007
f 838/1048/1004 875/1065/1020 874/1055/1011 837/1040/997
f 864/1045/1002 902/1062/1017 884/1069/1024 846/1037/993
f 851/1052/1008 889/1070/1025 890/1071/1026 852/1011/968
f 1567/1053/1009 1568/1072/1027 1450/1073/1028 1448/1054/1010
f 865/1019/974 903/1074/1029 904/1075/1030 866/1009/966
f 850/1051/1007 888/1068/1023 889/1070/1025 851/1052/1008
f 839/1007/964 876/1076/1031 878/1077/1032 841/1008/965
f 857/1010/967 866/1009/966 904/1075/1030 895/1078/1033
f 852/1011/968 890/1071/1026 886/1079/1034 848/1012/969
f 841/1008/965 878/1077/1032 879/1080/1035 842/1013/970
f 867/1015/972 868/1014/971 906/1081/1036 905/1082/1037
f 849/1016/70 887/1083/70 894/1084/70 856/1017/70
f 842/1013/970 879/1080/1035 877/1085/1038 840/1018/973
f 867/1015/972 905/1082/1037 903/1074/1029 865/1019/974
f 872/1020/975 910/1086/1039 887/1083/1039 849/1016/975
f 840/1018/973 877/1085/1038 873/1087/1040 836/1021/976
f 869/1022/977 907/1088/1041 908/1089/1042 870/1023/978
f 860/1025/980 859/1024/979 897/1090/1043 898/1091/1044
f 847/1026/981 885/1060/1045 881/1092/1045 1244/1027/982
f 855/1028/983 893/1093/1046 907/1088/1041 869/1022/977
f 858/1029/984 860/1025/980 898/1091/1044 896/1094/1047
f 1244/1030/985 881/1095/1048 876/1076/1031 839/1007/964
f 868/1014/986 870/1023/978 908/1089/1042 906/1081/1049
f 844/1031/987 858/1029/984 896/1094/1047 882/1096/1050
f 854/1032/988 892/1097/1051 893/1098/1052 855/1033/989
f 857/1010/990 895/1078/1018 909/1099/1018 871/1034/990
f 861/1036/992 862/1035/991 900/1100/1053 899/1057/1013
f 853/1038/994 846/1037/993 884/1069/1024 891/1101/1054
f 844/1031/995 882/1096/1055 900/1100/1053 862/1035/991
f 854/1039/996 853/1038/996 891/1101/1056 892/1102/1057
f 877/1085/1038 915/1103/1058 911/1104/1059 873/1087/1040
f 907/1088/1041 944/1105/1060 945/1106/1061 908/1089/1042
f 898/1091/1044 897/1090/1043 934/1107/1062 935/1108/1063
f 885/1060/1045 922/1109/1064 1247/1110/1065 881/1092/1045
f 893/1093/1046 930/1111/1066 944/1105/1060 907/1088/1041
f 896/1094/1047 898/1091/1044 935/1108/1063 933/1112/1067
f 881/1095/1048 1247/1113/1068 914/1114/1069 876/1076/1031
f 906/1081/1049 908/1089/1042 945/1106/1061 943/1115/1070
f 882/1096/1050 896/1094/1047 933/1112/1067 919/1116/1071
f 892/1097/1051 929/1117/1072 930/1118/1072 893/1098/1052
f 895/1078/1018 932/1119/1073 946/1120/1073 909/1099/1018
f 899/1057/1013 900/1100/1053 937/1121/1074 936/1122/1075
f 891/1101/1054 884/1069/1024 921/1123/1076 928/1124/1077
f 882/1096/1055 919/1116/1078 937/1121/1074 900/1100/1053
f 892/1102/1057 891/1101/1056 928/1124/1079 929/1125/1079
f 874/1055/1011 912/1126/1080 1539/1127/1081 1537/1056/1012
f 899/1057/1013 936/1122/1075 920/1128/1071 883/1058/1014
f 880/1059/1015 918/1129/1082 922/1109/1082 885/1060/1015
f 901/1061/1016 938/1130/1083 939/1131/1084 902/1062/1017
f 886/1063/1018 923/1132/1073 918/1129/1073 880/1059/1018
f 873/1064/1019 911/1133/1085 913/1134/1086 875/1065/1020
f 883/1066/1021 920/1135/1087 938/1130/1083 901/1061/1016
f 894/1067/1022 931/1136/1088 925/1137/1089 888/1068/1023
f 875/1065/1020 913/1134/1086 912/1126/1080 874/1055/1011
f 902/1062/1017 939/1131/1084 921/1123/1076 884/1069/1024
f 889/1070/1025 926/1138/1090 927/1139/1091 890/1071/1026
f 1568/1072/1027 1545/1140/1092 1405/1141/1093 1450/1073/1028
f 903/1074/1029 940/1142/1094 941/1143/1095 904/1075/1030
f 888/1068/1023 925/1137/1089 926/1138/1090 889/1070/1025
f 876/1076/1031 914/1114/1069 916/1144/1096 878/1077/1032
f 895/1078/1033 904/1075/1030 941/1143/1095 932/1119/1097
f 890/1071/1026 927/1139/1091 923/1145/1098 886/1079/1034
f 878/1077/1032 916/1144/1096 917/1146/1099 879/1080/1035
f 905/1082/1037 906/1081/1036 943/1115/1100 942/1147/1101
f 887/1083/70 924/1148/70 931/1149/70 894/1084/70
f 879/1080/1035 917/1146/1099 915/1103/1058 877/1085/1038
f 905/1082/1037 942/1147/1101 940/1142/1094 903/1074/1029
f 910/1086/1039 947/1150/1102 924/1148/1102 887/1083/1039
f 913/1134/1086 950/1151/1103 949/1152/1104 912/1126/1080
f 939/1131/1084 977/1153/1105 959/1154/1106 921/1123/1076
f 926/1138/1090 964/1155/1107 965/1156/1108 927/1139/1091
f 940/1142/1094 978/1157/1109 979/1158/1110 941/1143/1095
f 925/1137/1089 963/1159/1111 964/1155/1107 926/1138/1090
f 914/1114/1069 951/1160/1112 953/1161/1113 916/1144/1096
f 932/1119/1097 941/1143/1095 979/1158/1110 970/1162/1114
f 927/1139/1091 965/1156/1108 961/1163/1115 923/1145/1098
f 916/1144/1096 953/1161/1113 954/1164/1116 917/1146/1099
f 942/1147/1101 943/1115/1100 981/1165/1117 980/1166/1118
f 924/1148/70 962/1167/70 969/1168/70 931/1149/70
f 917/1146/1099 954/1164/1116 952/1169/1119 915/1103/1058
f 942/1147/1101 980/1166/1118 978/1157/1109 940/1142/1094
f 947/1150/1102 985/1170/1120 962/1167/1120 924/1148/1102
f 915/1103/1058 952/1169/1119 948/1171/1121 911/1104/1059
f 944/1105/1060 982/1172/1122 983/1173/1123 945/1106/1061
f 935/1108/1063 934/1107/1062 972/1174/1124 973/1175/1125
f 922/1109/1064 960/1176/1126 956/1177/1127 1247/1110/1065
f 930/1111/1066 968/1178/1128 982/1172/1122 944/1105/1060
f 933/1112/1067 935/1108/1063 973/1175/1125 971/1179/1129
f 1247/1113/1068 956/1180/1130 951/1160/1112 914/1114/1069
f 943/1115/1070 945/1106/1061 983/1173/1123 981/1165/1131
f 919/1116/1071 933/1112/1067 971/1179/1129 957/1181/1132
f 929/1117/1072 967/1182/1133 968/1183/1134 930/1118/1072
f 932/1119/1073 970/1162/1135 984/1184/1135 946/1120/1073
f 936/1122/1075 937/1121/1074 975/1185/1136 974/1186/1137
f 928/1124/1077 921/1123/1076 959/1154/1106 966/1187/1138
f 919/1116/1078 957/1181/1139 975/1185/1136 937/1121/1074
f 929/1125/1079 928/1124/1079 966/1187/1140 967/1188/1141
f 912/1126/1080 949/1152/1104 1541/1189/1142 1539/1127/1081
f 936/1122/1075 974/1186/1137 958/1190/1143 920/1128/1071
f 918/1129/1082 955/1191/1144 960/1176/1144 922/1109/1082
f 938/1130/1083 976/1192/1145 977/1153/1105 939/1131/1084
f 923/1132/1073 961/1193/1146 955/1191/1146 918/1129/1073
f 911/1133/1085 948/1194/1147 950/1151/1103 913/1134/1086
f 920/1135/1087 958/1195/1148 976/1192/1145 938/1130/1083
f 931/1136/1088 969/1196/1149 963/1159/1111 925/1137/1089
f 967/1182/1133 1004/1197/1150 1005/1198/1150 968/1183/1134
f 970/1162/1135 1007/1199/1151 1021/1200/1151 984/1184/1135
f 974/1186/1137 975/1185/1136 1012/1201/1152 1011/1202/1153
f 966/1187/1138 959/1154/1106 996/1203/1154 1003/1204/1155
f 81/8/1156 150/7/1156 214/139/1156 279/156/1156 317/265/1156 355/337/1156 392/366/1156 430/440/1156 467/456/1156 500/543/1156 533/607/1156 570/629/1156 608/697/1156 645/766/1156 683/790/1156 721/856/1156 759/873/1156 796/940/1156 834/966/1156 871/1034/1156 909/1099/1156 946/1120/1156 984/1184/1156 1021/1200/1156
f 957/1181/1139 994/1205/1157 1012/1201/1152 975/1185/1136
f 967/1188/1141 966/1187/1140 1003/1204/1158 1004/1206/1158
f 393/396/70 356/317/70 318/243/70 281/201/70 217/125/70 153/79/70 82/78/70 1022/1207/70 985/1170/70 947/1150/70 910/1086/70 872/1020/70 835/999/70 797/926/70 760/905/70 722/842/70 684/773/70 646/754/70 609/683/70 571/663/70 534/591/70 501/517/70 468/491/70 431/418/70
f 949/1152/1104 987/21/20 1543/24/23 1541/1189/1142
f 974/1186/1137 1011/1202/1153 995/1208/1159 958/1190/1143
f 955/1191/1144 993/1209/1160 997/1210/1160 960/1176/1144
f 976/1192/1145 1013/1211/1161 1014/1212/1162 977/1153/1105
f 961/1193/1146 998/1213/1163 993/1209/1163 955/1191/1146
f 948/1194/1147 986/1214/1164 988/1215/1165 950/1151/1103
f 958/1195/1148 995/1216/1166 1013/1211/1161 976/1192/1145
f 969/1196/1149 1006/1217/1167 1000/1218/1168 963/1159/1111
f 950/1151/1103 988/1215/1165 987/21/20 949/1152/1104
f 977/1153/1105 1014/1212/1162 996/1203/1154 959/1154/1106
f 964/1155/1107 1001/1219/1169 1002/1220/1170 965/1156/1108
f 978/1157/1109 1015/1221/1171 1016/1222/1172 979/1158/1110
f 963/1159/1111 1000/1218/1168 1001/1219/1169 964/1155/1107
f 951/1160/1112 989/1223/1173 991/1224/1174 953/1161/1113
f 970/1162/1114 979/1158/1110 1016/1222/1172 1007/1199/1175
f 965/1156/1108 1002/1220/1170 998/1225/1176 961/1163/1115
f 953/1161/1113 991/1224/1174 992/1226/1177 954/1164/1116
f 980/1166/1118 981/1165/1117 1018/1227/1178 1017/1228/1179
f 962/1167/70 999/1229/70 1006/1230/70 969/1168/70
f 954/1164/1116 992/1226/1177 990/1231/1180 952/1169/1119
f 980/1166/1118 1017/1228/1179 1015/1221/1171 978/1157/1109
f 985/1170/1120 1022/1207/1181 999/1229/1181 962/1167/1120
f 952/1169/1119 990/1231/1180 986/1232/1182 948/1171/1121
f 982/1172/1122 1019/1233/1183 1020/1234/1184 983/1173/1123
f 973/1175/1125 972/1174/1124 1009/1235/1185 1010/1236/1186
f 960/1176/1126 997/1210/1187 1250/1237/1187 956/1177/1127
f 968/1178/1128 1005/1238/1188 1019/1233/1183 982/1172/1122
f 971/1179/1129 973/1175/1125 1010/1236/1186 1008/1239/1189
f 956/1180/1130 1250/1240/1190 989/1223/1173 951/1160/1112
f 981/1165/1131 983/1173/1123 1020/1234/1184 1018/1227/1191
f 957/1181/1132 971/1179/1129 1008/1239/1189 994/1205/1159
f 991/1224/1174 14/63/59 15/67/65 992/1226/1177
f 1017/1228/1179 1018/1227/1178 73/69/67 70/68/66
f 999/1229/70 35/72/70 52/75/70 1006/1230/70
f 992/1226/1177 15/67/65 11/77/72 990/1231/1180
f 1017/1228/1179 70/68/66 67/56/52 1015/1221/1171
f 1022/1207/1181 82/78/73 35/72/73 999/1229/1181
f 990/1231/1180 11/77/72 3/81/76 986/1232/1182
f 1019/1233/1183 79/82/77 80/85/80 1020/1234/1184
f 1010/1236/1186 1009/1235/1185 57/87/82 58/86/81
f 997/1210/1187 30/30/85 1215/91/88 1250/1237/1187
f 1005/1238/1188 49/92/89 79/82/77 1019/1233/1183
f 1008/1239/1189 1010/1236/1186 58/86/81 55/94/91
f 1250/1240/1190 1215/96/93 10/60/56 989/1223/1173
f 1018/1227/1191 1020/1234/1184 80/85/80 73/69/95
f 994/1205/1159 1008/1239/1189 55/94/91 21/17/25
f 1004/1197/1150 48/1/1 49/4/4 1005/1198/1150
f 1007/1199/1151 53/5/5 81/8/5 1021/1200/1151
f 1011/1202/1153 1012/1201/1152 61/10/8 60/9/7
f 1003/1204/1155 996/1203/1154 26/14/12 47/13/11
f 994/1205/1157 21/17/15 61/10/8 1012/1201/1152
f 1004/1206/1158 1003/1204/1158 47/13/18 48/19/17
f 6/22/21 92/47/43 1502/145/146 1501/23/22
f 1011/1202/1153 60/9/7 24/26/25 995/1208/1159
f 993/1209/1160 18/27/26 30/30/26 997/1210/1160
f 1013/1211/1161 63/31/28 65/34/31 1014/1212/1162
f 998/1213/1163 32/35/32 18/27/32 993/1209/1163
f 986/1214/1164 3/37/33 9/40/36 988/1215/1165
f 995/1216/1166 24/41/37 63/31/28 1013/1211/1161
f 1006/1217/1167 52/43/39 37/46/42 1000/1218/1168
f 988/1215/1165 9/40/36 6/22/21 987/21/20
f 1014/1212/1162 65/34/31 26/14/12 996/1203/1154
f 1001/1219/1169 41/48/44 43/51/47 1002/1220/1170
f 1548/53/49 1549/109/109 1412/112/112 1410/54/50
f 1015/1221/1171 67/56/52 69/59/55 1016/1222/1172
f 1000/1218/1168 37/46/42 41/48/44 1001/1219/1169
f 989/1223/1173 10/60/56 14/63/59 991/1224/1174
f 1007/1199/1175 1016/1222/1172 69/59/55 53/5/60
f 1002/1220/1170 43/51/47 32/65/63 998/1225/1176
f 191/129/127 132/88/83 1024/1241/1192 1025/1242/1193
f 1036/1243/1194 1035/1244/1195 1059/1245/1196 1060/1246/24
f 1009/1235/1185 972/1174/1124 1045/1247/1197 1046/1248/1198
f 709/846/805 671/777/737 1037/1249/1199 1038/1250/1200
f 343/328/310 305/255/238 1027/1251/1201 1028/1252/1202
f 596/687/654 558/665/634 1034/1253/1203 1035/1254/1195
f 380/353/334 343/328/310 1028/1252/1202 1029/1255/1204
f 671/777/737 633/758/719 1036/1256/1194 1037/1249/1199
f 859/1024/979 822/1002/958 1041/1257/1205 1042/1258/1206
f 822/1002/958 784/930/887 1040/1259/1207 1041/1257/1205
f 455/503/476 418/430/408 1030/1260/1208 1031/1261/1209
f 972/1174/1124 934/1107/1062 1044/1262/1210 1045/1247/1197
f 256/217/209 191/129/127 1025/1242/1193 1026/1263/1211
f 305/255/238 256/217/209 1026/1263/1211 1027/1251/1201
f 418/430/408 380/353/334 1029/1255/1204 1030/1260/1208
f 132/88/83 57/87/82 1023/1264/1212 1024/1241/1192
f 747/908/866 709/846/805 1038/1250/1200 1039/1265/1213
f 488/531/502 455/503/476 1031/1261/1209 1032/1266/1214
f 784/930/887 747/908/866 1039/1265/1213 1040/1259/1207
f 897/1090/1043 859/1024/979 1042/1258/1206 1043/1267/1215
f 558/665/634 521/594/561 1033/1268/1216 1034/1253/1203
f 521/594/561 488/531/502 1032/1266/1214 1033/1268/1216
f 57/87/82 1009/1235/1185 1046/1248/1198 1023/1264/1212
f 934/1107/1062 897/1090/1043 1043/1267/1215 1044/1262/1210
f 633/758/719 596/687/654 1035/1254/1195 1036/1256/1194
f 1066/1269/1217 1065/1270/1218 1144/1271/1219 1148/1272/1220
f 1029/1273/1204 1028/1274/1202 1052/1275/1221 1053/1276/1222
f 1044/1277/1210 1043/1278/1215 1067/1279/1223 1068/1280/1224
f 1037/1281/1199 1036/1243/1194 1060/1246/24 1061/1282/1225
f 1030/1283/1208 1029/1273/1204 1053/1276/1222 1054/1284/999
f 1045/1285/1197 1044/1277/1210 1068/1280/1224 1069/1286/584
f 1038/1287/1200 1037/1281/1199 1061/1282/1225 1062/1288/1226
f 1031/1289/1209 1030/1283/1208 1054/1284/999 1055/1290/1227
f 1046/1291/1198 1045/1285/1197 1069/1286/584 1070/1292/1228
f 1024/1293/1192 1023/1294/1212 1047/1295/1229 1048/1296/691
f 1039/1297/1213 1038/1287/1200 1062/1288/1226 1063/1298/259
f 1032/1299/1214 1031/1289/1209 1055/1290/1227 1056/1300/1230
f 1023/1294/1212 1046/1291/1198 1070/1292/1228 1047/1295/1229
f 1025/1301/1193 1024/1293/1192 1048/1296/691 1049/1302/1231
f 1040/1303/1207 1039/1297/1213 1063/1298/259 1064/1304/1232
f 1033/1305/1216 1032/1299/1214 1056/1300/1230 1057/1306/1143
f 1026/1307/1211 1025/1301/1193 1049/1302/1231 1050/1308/1233
f 1041/1309/1205 1040/1303/1207 1064/1304/1232 1065/1270/1234
f 1034/1310/1203 1033/1305/1216 1057/1306/1143 1058/1311/1235
f 1027/1312/1201 1026/1307/1211 1050/1308/1233 1051/1313/840
f 1042/1314/1206 1041/1309/1205 1065/1270/1234 1066/1269/426
f 1035/1244/1195 1034/1310/1203 1058/1311/1235 1059/1245/1196
f 1028/1274/1202 1027/1312/1201 1051/1313/840 1052/1275/1221
f 1043/1278/1215 1042/1314/1206 1066/1269/426 1067/1279/1223
f 1047/1295/1236 1070/1292/1237 1164/1315/1238 1071/1316/1239
f 1059/1245/1240 1058/1311/1241 1116/1317/1242 1120/1318/1243
f 1052/1275/1244 1051/1313/1245 1088/1319/1246 1092/1320/1247
f 1067/1279/1248 1066/1269/1217 1148/1272/1220 1152/1321/1249
f 1060/1246/1250 1059/1245/1240 1120/1318/1243 1124/1322/1251
f 1053/1276/1252 1052/1275/1244 1092/1320/1247 1096/1323/1253
f 1068/1280/1254 1067/1279/1248 1152/1321/1249 1156/1324/1255
f 1061/1282/1256 1060/1246/1250 1124/1322/1251 1128/1325/1257
f 1054/1284/1258 1053/1276/1252 1096/1323/1253 1100/1326/1259
f 1069/1286/1260 1068/1280/1254 1156/1324/1255 1160/1327/1261
f 1062/1288/1262 1061/1282/1256 1128/1325/1257 1132/1328/1263
f 1055/1290/1264 1054/1284/1258 1100/1326/1259 1104/1329/1265
f 1070/1292/1237 1069/1286/1260 1160/1327/1261 1164/1315/1238
f 1063/1298/1266 1062/1288/1262 1132/1328/1263 1136/1330/1267
f 1056/1300/1268 1055/1290/1264 1104/1329/1265 1108/1331/1269
f 1151/1332/1270 1147/1333/1271 1210/1334/1272 1211/1335/1273
f 1064/1304/1274 1063/1298/1266 1136/1330/1267 1140/1336/1275
f 1057/1306/1276 1056/1300/1268 1108/1331/1269 1112/1337/1277
f 1049/1302/1278 1048/1296/1279 1076/1338/1280 1080/1339/1281
f 1050/1308/1282 1049/1302/1278 1080/1339/1281 1084/1340/1283
f 1065/1270/1218 1064/1304/1274 1140/1336/1275 1144/1271/1219
f 1058/1311/1241 1057/1306/1276 1112/1337/1277 1116/1317/1242
f 1051/1313/1245 1050/1308/1282 1084/1340/1283 1088/1319/1246
f 1167/1341/1284 1168/1342/1285 1077/1343/1286 1074/1344/1287
f 1074/1344/1287 1077/1343/1286 1078/1345/1288 1073/1346/1289
f 1073/1346/1289 1078/1345/1288 1076/1338/1280 1071/1316/1239
f 1168/1342/1285 1169/1347/1290 1081/1348/1291 1077/1343/1286
f 1077/1343/1286 1081/1348/1291 1082/1349/1292 1078/1345/1288
f 1078/1345/1288 1082/1349/1292 1080/1339/1281 1076/1338/1280
f 1169/1347/1290 1170/1350/1293 1085/1351/1294 1081/1348/1291
f 1081/1348/1291 1085/1351/1294 1086/1352/1295 1082/1349/1292
f 1082/1349/1292 1086/1352/1295 1084/1340/1283 1080/1339/1281
f 1170/1350/1293 1171/1353/1296 1089/1354/1297 1085/1351/1294
f 1085/1351/1294 1089/1354/1297 1090/1355/1298 1086/1352/1295
f 1086/1352/1295 1090/1355/1298 1088/1319/1246 1084/1340/1283
f 1171/1353/1296 1172/1356/1299 1093/1357/1300 1089/1354/1297
f 1089/1354/1297 1093/1357/1300 1094/1358/1301 1090/1355/1298
f 1090/1355/1298 1094/1358/1301 1092/1320/1247 1088/1319/1246
f 1172/1356/1299 1173/1359/1302 1097/1360/1303 1093/1357/1300
f 1093/1357/1300 1097/1360/1303 1098/1361/1304 1094/1358/1301
f 1094/1358/1301 1098/1361/1304 1096/1323/1253 1092/1320/1247
f 1173/1359/1302 1174/1362/1305 1101/1363/1306 1097/1360/1303
f 1097/1360/1303 1101/1363/1306 1102/1364/1307 1098/1361/1304
f 1098/1361/1304 1102/1364/1307 1100/1326/1259 1096/1323/1253
f 1174/1362/1305 1175/1365/1308 1105/1366/1309 1101/1363/1306
f 1101/1363/1306 1105/1366/1309 1106/1367/1310 1102/1364/1307
f 1102/1364/1307 1106/1367/1310 1104/1329/1265 1100/1326/1259
f 1175/1365/1308 1176/1368/1311 1109/1369/1312 1105/1366/1309
f 1105/1366/1309 1109/1369/1312 1110/1370/1313 1106/1367/1310
f 1106/1367/1310 1110/1370/1313 1108/1331/1269 1104/1329/1265
f 1176/1368/1311 1177/1371/1314 1113/1372/1315 1109/1369/1312
f 1109/1369/1312 1113/1372/1315 1114/1373/1316 1110/1370/1313
f 1110/1370/1313 1114/1373/1316 1112/1337/1277 1108/1331/1269
f 1177/1371/1314 1178/1374/1317 1117/1375/1318 1113/1372/1315
f 1113/1372/1315 1117/1375/1318 1118/1376/1319 1114/1373/1316
f 1114/1373/1316 1118/1376/1319 1116/1317/1242 1112/1337/1277
f 1178/1374/1317 1179/1377/1320 1121/1378/1321 1117/1375/1318
f 1117/1375/1318 1121/1378/1321 1122/1379/1322 1118/1376/1319
f 1118/1376/1319 1122/1379/1322 1120/1318/1243 1116/1317/1242
f 1179/1377/1320 1180/1380/1323 1125/1381/1324 1121/1378/1321
f 1121/1378/1321 1125/1381/1324 1126/1382/1325 1122/1379/1322
f 1122/1379/1322 1126/1382/1325 1124/1322/1251 1120/1318/1243
f 1180/1380/1323 1181/1383/1326 1129/1384/1327 1125/1381/1324
f 1125/1381/1324 1129/1384/1327 1130/1385/1328 1126/1382/1325
f 1126/1382/1325 1130/1385/1328 1128/1325/1257 1124/1322/1251
f 1181/1383/1326 1182/1386/1329 1133/1387/1330 1129/1384/1327
f 1129/1384/1327 1133/1387/1330 1134/1388/1331 1130/1385/1328
f 1130/1385/1328 1134/1388/1331 1132/1328/1263 1128/1325/1257
f 1182/1386/1329 1183/1389/1332 1137/1390/1333 1133/1387/1330
f 1133/1387/1330 1137/1390/1333 1138/1391/1334 1134/1388/1331
f 1134/1388/1331 1138/1391/1334 1136/1330/1267 1132/1328/1263
f 1183/1389/1332 1184/1392/1335 1141/1393/1336 1137/1390/1333
f 1137/1390/1333 1141/1393/1336 1142/1394/1337 1138/1391/1334
f 1138/1391/1334 1142/1394/1337 1140/1336/1275 1136/1330/1267
f 1184/1392/1335 1185/1395/1338 1145/1396/1339 1141/1393/1336
f 1141/1393/1336 1145/1396/1339 1146/1397/1340 1142/1394/1337
f 1142/1394/1337 1146/1397/1340 1144/1271/1219 1140/1336/1275
f 1185/1395/1338 1186/1398/1341 1149/1399/1342 1145/1396/1339
f 1145/1396/1339 1149/1399/1342 1150/1400/1343 1146/1397/1340
f 1146/1397/1340 1150/1400/1343 1148/1272/1220 1144/1271/1219
f 1186/1398/1341 1187/1401/1344 1153/1402/1345 1149/1399/1342
f 1149/1399/1342 1153/1402/1345 1154/1403/1346 1150/1400/1343
f 1150/1400/1343 1154/1403/1346 1152/1321/1249 1148/1272/1220
f 1187/1401/1344 1188/1404/1347 1157/1405/1348 1153/1402/1345
f 1153/1402/1345 1157/1405/1348 1158/1406/1349 1154/1403/1346
f 1154/1403/1346 1158/1406/1349 1156/1324/1255 1152/1321/1249
f 1188/1404/1347 1189/1407/1350 1161/1408/1351 1157/1405/1348
f 1157/1405/1348 1161/1408/1351 1162/1409/1352 1158/1406/1349
f 1158/1406/1349 1162/1409/1352 1160/1327/1261 1156/1324/1255
f 1189/1407/1350 1190/1410/1353 1165/1411/1354 1161/1408/1351
f 1161/1408/1351 1165/1411/1354 1166/1412/1355 1162/1409/1352
f 1162/1409/1352 1166/1412/1355 1164/1315/1238 1160/1327/1261
f 1190/1410/1353 1167/1341/1284 1074/1344/1287 1165/1411/1354
f 1165/1411/1354 1074/1344/1287 1073/1346/1289 1166/1412/1355
f 1166/1412/1355 1073/1346/1289 1071/1316/1239 1164/1315/1238
f 1048/1296/1279 1047/1295/1236 1071/1316/1239 1076/1338/1280
f 1072/1413/1356 1075/1414/1357 1168/1342/1285 1167/1341/1284
f 1075/1414/1357 1079/1415/1358 1169/1347/1290 1168/1342/1285
f 1079/1415/1358 1083/1416/1359 1170/1350/1293 1169/1347/1290
f 1083/1416/1359 1087/1417/1360 1171/1353/1296 1170/1350/1293
f 1087/1417/1360 1091/1418/1361 1172/1356/1299 1171/1353/1296
f 1091/1418/1361 1095/1419/1362 1173/1359/1302 1172/1356/1299
f 1095/1419/1362 1099/1420/1363 1174/1362/1305 1173/1359/1302
f 1099/1420/1363 1103/1421/1364 1175/1365/1308 1174/1362/1305
f 1103/1421/1364 1107/1422/1365 1176/1368/1311 1175/1365/1308
f 1107/1422/1365 1111/1423/1366 1177/1371/1314 1176/1368/1311
f 1111/1423/1366 1115/1424/1367 1178/1374/1317 1177/1371/1314
f 1115/1424/1367 1119/1425/1368 1179/1377/1320 1178/1374/1317
f 1119/1425/1368 1123/1426/1369 1180/1380/1323 1179/1377/1320
f 1123/1426/1369 1127/1427/1370 1181/1383/1326 1180/1380/1323
f 1127/1427/1370 1131/1428/1371 1182/1386/1329 1181/1383/1326
f 1131/1428/1371 1135/1429/1372 1183/1389/1332 1182/1386/1329
f 1135/1429/1372 1139/1430/1373 1184/1392/1335 1183/1389/1332
f 1139/1430/1373 1143/1431/1374 1185/1395/1338 1184/1392/1335
f 1143/1431/1374 1147/1333/1271 1186/1398/1341 1185/1395/1338
f 1147/1333/1271 1151/1332/1270 1187/1401/1344 1186/1398/1341
f 1151/1332/1270 1155/1432/1375 1188/1404/1347 1187/1401/1344
f 1155/1432/1375 1159/1433/1376 1189/1407/1350 1188/1404/1347
f 1159/1433/1376 1163/1434/1377 1190/1410/1353 1189/1407/1350
f 1163/1434/1377 1072/1413/1356 1167/1341/1284 1190/1410/1353
f 1193/1435/1378 1192/1436/1379 1191/1437/1380 1214/1438/1381 1213/1439/1382 1212/1440/1383 1211/1335/1273 1210/1334/1272 1209/1441/1384 1208/1442/1385 1207/1443/1386 1206/1444/1387 1205/1445/1388 1204/1446/1389 1203/1447/1390 1202/1448/1391 1201/1449/1392 1200/1450/1393 1199/1451/1394 1198/1452/1395 1197/1453/1396 1196/1454/1397 1195/1455/1398 1194/1456/1399
f 1123/1426/1369 1119/1425/1368 1203/1447/1390 1204/1446/1389
f 1095/1419/1362 1091/1418/1361 1196/1454/1397 1197/1453/1396
f 1155/1432/1375 1151/1332/1270 1211/1335/1273 1212/1440/1383
f 1127/1427/1370 1123/1426/1369 1204/1446/1389 1205/1445/1388
f 1099/1420/1363 1095/1419/1362 1197/1453/1396 1198/1452/1395
f 1159/1433/1376 1155/1432/1375 1212/1440/1383 1213/1439/1382
f 1131/1428/1371 1127/1427/1370 1205/1445/1388 1206/1444/1387
f 1103/1421/1364 1099/1420/1363 1198/1452/1395 1199/1451/1394
f 1163/1434/1377 1159/1433/1376 1213/1439/1382 1214/1438/1381
f 1075/1414/1357 1072/1413/1356 1191/1437/1380 1192/1436/1379
f 1135/1429/1372 1131/1428/1371 1206/1444/1387 1207/1443/1386
f 1107/1422/1365 1103/1421/1364 1199/1451/1394 1200/1450/1393
f 1072/1413/1356 1163/1434/1377 1214/1438/1381 1191/1437/1380
f 1079/1415/1358 1075/1414/1357 1192/1436/1379 1193/1435/1378
f 1139/1430/1373 1135/1429/1372 1207/1443/1386 1208/1442/1385
f 1111/1423/1366 1107/1422/1365 1200/1450/1393 1201/1449/1392
f 1083/1416/1359 1079/1415/1358 1193/1435/1378 1194/1456/1399
f 1143/1431/1374 1139/1430/1373 1208/1442/1385 1209/1441/1384
f 1115/1424/1367 1111/1423/1366 1201/1449/1392 1202/1448/1391
f 1087/1417/1360 1083/1416/1359 1194/1456/1399 1195/1455/1398
f 1147/1333/1271 1143/1431/1374 1209/1441/1384 1210/1334/1272
f 1119/1425/1368 1115/1424/1367 1202/1448/1391 1203/1447/1390
f 1091/1418/1361 1087/1417/1360 1195/1455/1398 1196/1454/1397
f 1250/1457/1400 1251/1458/1401 1216/1459/1402 1215/1460/1403
f 1218/1461/1404 1217/1462/1405 1215/1460/1403 1216/1459/1402
f 1217/1462/1405 1218/1461/1404 1219/1463/1406 166/1464/1407
f 1220/1465/1408 234/1466/1409 166/1464/1407 1219/1463/1406
f 1252/1467/1410 1253/1468/1411 1221/1469/1412 234/1466/1409 1220/1465/1408 1222/1470/1413 1255/1471/1414 1256/1472/1415 1257/1473/1416 1254/1474/1417
f 1259/1475/1418 1255/1471/1414 1222/1470/1413 1223/1476/1419 1263/1477/1420 1260/1478/1421 1258/1479/1422
f 1261/1480/1423 1262/1481/1419 327/1482/1424 1221/1469/1412 1253/1468/1411
f 1263/1477/1420 1223/1476/1419 1225/1483/1425 1265/1484/1426
f 1264/1485/1427 1224/1486/1428 327/1482/1424 1262/1481/1419
f 1265/1484/1426 1225/1483/1425 1226/1487/1429 1266/1488/1430
f 402/1489/1431 1224/1486/1428 1264/1485/1427 1267/1490/1430
f 1269/1491/1432 1268/1492/1433 1227/1493/1434 402/1489/1431 1267/1490/1430
f 1272/1494/1435 1266/1488/1430 1226/1487/1429 1228/1495/1436 1271/1496/1437 1270/1497/1438 1273/1498/1439
f 1277/1499/1440 1271/1496/1437 1228/1495/1436 1230/1500/1441 1229/1501/1442 1227/1493/1434 1268/1492/1433 1275/1502/1443 1274/1503/1444 1276/1504/1445
f 1232/1505/1446 1234/1506/1447 1233/1507/1448 1231/1508/1449
f 1233/1507/1448 1234/1506/1447 1235/1509/1450 580/1510/1451
f 1237/1511/1452 1236/1512/1453 580/1513/1451 1235/1514/1450
f 1236/1512/1453 1237/1511/1452 1238/1515/1454 655/1516/1455
f 655/1516/1455 1238/1515/1454 1239/1517/1456 693/1518/1457
f 1279/1519/1458 1278/1520/1459 731/1521/1460 693/1518/1457 1239/1517/1456 1240/1522/1461 1281/1523/1462 1282/1524/1463 1283/1525/1464 1280/1526/1465
f 1284/1527/1466 1281/1523/1462 1240/1522/1461 1242/1528/1467 1288/1529/1468 1286/1530/1469 1285/1531/1470
f 1287/1532/1471 1289/1533/1472 1241/1534/1473 731/1521/1460 1278/1520/1459
f 806/1535/1474 1241/1534/1473 1289/1533/1472 1291/1536/1475
f 1288/1529/1468 1242/1528/1467 1243/1537/1476 1290/1538/1477
f 1290/1538/1477 1243/1537/1476 1245/1539/1478 1292/1540/1479
f 1293/1541/1480 1244/1542/1481 806/1535/1474 1291/1536/1475
f 1294/1543/1482 1292/1540/1479 1245/1539/1478 1246/1544/1483 1299/1545/1484 1298/1546/1485 1295/1547/1486
f 1296/1548/1487 1297/1549/1488 881/1550/1489 1244/1542/1481 1293/1541/1480
f 1303/1551/1490 1299/1545/1484 1246/1544/1483 1248/1552/1491 1247/1553/1492 881/1550/1489 1297/1549/1488 1302/1554/1493 1301/1555/1494 1300/1556/1495
f 1247/1553/1492 1248/1552/1491 1249/1557/1496 956/1558/1497
f 1251/1458/1401 1250/1457/1400 956/1558/1497 1249/1557/1496
f 1350/1559/1498 1304/1560/1499 1305/1561/1500 1351/1562/1501
f 1307/1563/1502 1305/1564/1500 1304/1565/1499 1306/1566/1503
f 1306/1566/1503 1308/1567/1504 1309/1568/1505 1307/1563/1502
f 1311/1569/1506 1309/1568/1505 1308/1567/1504 1310/1570/1507
f 1356/1571/1508 1355/1572/1509 1313/1573/1510 1311/1569/1506 1310/1570/1507 1312/1574/1511 1353/1575/1512 1352/1576/1513 1354/1577/1514 1357/1578/1515
f 1360/1579/1516 1363/1580/1517 1315/1581/1517 1313/1573/1510 1355/1572/1509 1359/1582/1518 1358/1583/1519
f 1361/1584/1520 1353/1575/1512 1312/1574/1511 1314/1585/1521 1362/1586/1522
f 1363/1580/1517 1365/1587/1523 1317/1588/1524 1315/1581/1517
f 1364/1589/1525 1362/1586/1522 1314/1585/1521 1316/1590/1526
f 1365/1587/1523 1366/1591/1527 1319/1592/1528 1317/1588/1524
f 1318/1593/1529 1367/1594/1530 1364/1589/1525 1316/1590/1526
f 1367/1594/1530 1318/1593/1529 1320/1595/1531 1368/1596/1532 1369/1597/1533
f 1370/1598/1534 1371/1599/1535 1321/1600/1536 1319/1592/1528 1366/1591/1527 1372/1601/1537 1373/1602/1538
f 1368/1596/1532 1320/1595/1531 1322/1603/1539 1323/1604/1540 1321/1600/1536 1371/1599/1535 1377/1605/1541 1376/1606/1542 1374/1607/1543 1375/1608/1544
f 1322/1603/1539 1324/1609/1545 1325/1610/1546 1323/1604/1540
f 1324/1609/1545 1326/1611/1547 1327/1612/1548 1325/1610/1546
f 1326/1611/1547 1328/1613/1549 1329/1614/1550 1327/1612/1548
f 1331/1615/1551 1329/1614/1550 1328/1613/1549 1330/1616/1552
f 1330/1616/1552 1332/1617/1553 1333/1618/1554 1331/1615/1551
f 1332/1617/1553 1334/1619/1555 1335/1620/1556 1333/1618/1554
f 1382/1621/1557 1381/1622/1558 1337/1623/1559 1335/1620/1556 1334/1619/1555 1336/1624/1560 1378/1625/1561 1379/1626/1562 1380/1627/1563 1383/1628/1564
f 1386/1629/1565 1388/1630/1566 1339/1631/1567 1337/1623/1559 1381/1622/1558 1384/1632/1568 1385/1633/1569
f 1387/1634/1570 1378/1625/1561 1336/1624/1560 1338/1635/1571 1389/1636/1572
f 1340/1637/1573 1391/1638/1574 1389/1636/1572 1338/1635/1571
f 1388/1630/1566 1390/1639/1575 1341/1640/1576 1339/1631/1567
f 1390/1639/1575 1392/1641/1577 1343/1642/1578 1341/1640/1576
f 1393/1643/1579 1391/1638/1574 1340/1637/1573 1342/1644/1580
f 1398/1645/1581 1399/1646/1582 1345/1647/1583 1343/1642/1578 1392/1641/1577 1394/1648/1584 1395/1649/1585
f 1396/1650/1586 1393/1643/1579 1342/1644/1580 1344/1651/1587 1397/1652/1588
f 1402/1653/1589 1397/1652/1588 1344/1651/1587 1346/1654/1590 1347/1655/1591 1345/1647/1583 1399/1646/1582 1403/1656/1592 1400/1657/1593 1401/1658/1594
f 1346/1654/1590 1348/1659/1595 1349/1660/1596 1347/1655/1591
f 1351/1562/1501 1349/1660/1596 1348/1659/1595 1350/1559/1498
f 1256/1661/1597 1255/1662/1598 1355/1663/1599 1356/1664/1600
f 1257/1665/1601 1256/1661/1597 1356/1664/1600 1357/1666/1602
f 1257/1665/1601 1357/1666/1602 1354/1667/1603 1254/1668/1604
f 1254/1668/1604 1354/1667/1603 1352/1669/1605 1252/1670/1606
f 1253/1671/1607 1252/1670/1606 1352/1669/1605 1353/1672/1608
f 1261/1673/1609 1253/1671/1607 1353/1672/1608 1361/1674/1610
f 1262/1675/1611 1261/1673/1609 1361/1674/1610 1362/1676/1612
f 1264/1677/1613 1262/1675/1611 1362/1676/1612 1364/1678/1613
f 1267/1679/1614 1264/1677/1613 1364/1678/1613 1367/1680/1615
f 1269/1681/1616 1267/1679/1614 1367/1680/1615 1369/1682/1617
f 1269/1681/1616 1369/1682/1617 1368/1683/1618 1268/1684/1619
f 1275/1685/1620 1268/1686/1619 1368/1687/1618 1375/1688/1621
f 1275/1685/1620 1375/1688/1621 1374/1689/1622 1274/1690/1623
f 1276/1691/1624 1274/1690/1623 1374/1689/1622 1376/1692/1625
f 1276/1691/1624 1376/1692/1625 1377/1693/1626 1277/1694/1627
f 1271/1695/1628 1277/1694/1627 1377/1693/1626 1371/1696/1629
f 1271/1695/1628 1371/1696/1629 1370/1697/1630 1270/1698/1631
f 1273/1699/1632 1270/1698/1631 1370/1697/1630 1373/1700/1633
f 1273/1699/1632 1373/1700/1633 1372/1701/1634 1272/1702/1635
f 1272/1702/1635 1372/1701/1634 1366/1703/1636 1266/1704/1637
f 1266/1704/1637 1366/1703/1636 1365/1705/1638 1265/1706/1639
f 1265/1706/1639 1365/1705/1638 1363/1707/1640 1263/1708/1641
f 1263/1708/1641 1363/1707/1640 1360/1709/1642 1260/1710/1643
f 1260/1710/1643 1360/1709/1642 1358/1711/1644 1258/1712/1645
f 1259/1713/1646 1258/1712/1645 1358/1711/1644 1359/1714/1647
f 1259/1713/1646 1359/1714/1647 1355/1663/1599 1255/1662/1598
f 1300/1715/1648 1400/1716/1649 1403/1717/1650 1303/1718/1651
f 1299/1719/1652 1303/1718/1651 1403/1717/1650 1399/1720/1653
f 1299/1719/1652 1399/1720/1653 1398/1721/1654 1298/1722/1655
f 1298/1722/1655 1398/1721/1654 1395/1723/1656 1295/1724/1657
f 1295/1724/1657 1395/1723/1656 1394/1725/1658 1294/1726/1659
f 1294/1726/1659 1394/1725/1658 1392/1727/1660 1292/1728/1661
f 1292/1728/1661 1392/1727/1660 1390/1729/1662 1290/1730/1663
f 1290/1730/1663 1390/1729/1662 1388/1731/1664 1288/1732/1665
f 1288/1732/1665 1388/1731/1664 1386/1733/1666 1286/1734/1667
f 1286/1734/1667 1386/1733/1666 1385/1735/1668 1285/1736/1669
f 1285/1736/1669 1385/1735/1668 1384/1737/1670 1284/1738/1671
f 1284/1738/1671 1384/1737/1670 1381/1739/1672 1281/1740/1673
f 1282/1741/1674 1281/1740/1673 1381/1739/1672 1382/1742/1675
f 1283/1743/1676 1282/1741/1674 1382/1742/1675 1383/1744/1677
f 1283/1743/1676 1383/1744/1677 1380/1745/1678 1280/1746/1679
f 1280/1746/1679 1380/1745/1678 1379/1747/1680 1279/1748/1681
f 1279/1748/1681 1379/1747/1680 1378/1749/1682 1278/1750/1683
f 1287/1751/1684 1278/1752/1683 1378/1753/1682 1387/1754/1685
f 1289/1755/1686 1287/1751/1684 1387/1754/1685 1389/1756/1687
f 1291/1757/1688 1289/1755/1686 1389/1756/1687 1391/1758/1688
f 1293/1759/1689 1291/1757/1688 1391/1758/1688 1393/1760/1690
f 1296/1761/1691 1293/1759/1689 1393/1760/1690 1396/1762/1692
f 1297/1763/1693 1296/1761/1691 1396/1762/1692 1397/1764/1694
f 1302/1765/1695 1297/1763/1693 1397/1764/1694 1402/1766/1696
f 1302/1765/1695 1402/1766/1696 1401/1767/1697 1301/1768/1698
f 1301/1768/1698 1401/1767/1697 1400/1716/1649 1300/1715/1648
f 1542/1769/1699 1544/1770/1700 1568/1072/1701 1567/1053/1702
f 1521/1771/1703 1523/1772/1704 1557/563/1705 1556/478/1706
f 1508/1773/1707 1603/1774/1708 1550/110/1709 1549/109/1710
f 1533/1775/1711 1535/1776/1712 1563/828/1713 1562/810/1714
f 1515/1777/1715 1517/1778/1716 1554/386/1717 1553/303/1718
f 1603/1774/1708 1511/1779/1719 1551/177/1720 1550/110/1709
f 1511/1779/1719 1513/1780/1721 1552/284/1722 1551/177/1720
f 1716/1781/1723 1538/1782/1724 1565/957/1725 1564/894/1726
f 1523/1772/1704 1525/1783/1727 1558/581/1728 1557/563/1705
f 1513/1780/1721 1515/1777/1715 1553/303/1718 1552/284/1722
f 1586/1784/1729 1508/1773/1707 1549/109/1710 1548/53/1730
f 1519/1785/1731 1521/1771/1703 1556/478/1706 1555/403/1732
f 1544/1770/1700 1500/1786/1733 1545/1140/1734 1568/1072/1701
f 1538/1782/1724 1540/1787/1735 1566/987/1736 1565/957/1725
f 1529/1788/1737 1531/1789/1738 1561/739/1739 1560/668/1740
f 1527/1790/1741 1529/1788/1737 1560/668/1740 1559/649/1742
f 1540/1787/1735 1542/1769/1699 1567/1053/1702 1566/987/1736
f 1505/1791/1743 1586/1784/1729 1548/53/1730 1547/52/1744
f 1503/1792/1745 1505/1791/1743 1547/52/1744 1546/1793/1746
f 1517/1778/1716 1519/1785/1731 1555/403/1732 1554/386/1717
f 1531/1789/1738 1533/1775/1711 1562/810/1714 1561/739/1739
f 1535/1776/1712 1716/1781/1723 1564/894/1726 1563/828/1713
f 1525/1783/1727 1527/1790/1741 1559/649/1742 1558/581/1728
f 1500/1786/1733 1503/1792/1745 1546/1793/1746 1545/1140/1734
f 1405/1141/1093 1406/1794/1747 1452/1795/1748 1453/1796/1749
f 1406/1794/1747 1408/55/51 1454/1797/1750 1452/1795/1748
f 1408/55/51 1410/54/50 1455/1798/1751 1454/1797/1750
f 1410/54/50 1412/112/112 1456/1799/1752 1455/1798/1751
f 1412/112/112 1414/111/111 1457/1800/1753 1456/1799/1752
f 1414/111/111 1416/178/174 1458/1801/1754 1457/1800/1753
f 1416/178/174 1418/285/271 1459/1802/1755 1458/1801/1754
f 1418/285/271 1420/304/289 1460/1803/1756 1459/1802/1755
f 1420/304/289 1422/387/368 1461/1804/1757 1460/1803/1756
f 1462/1805/1758 1461/1804/1757 1422/387/368 1424/404/385
f 1424/404/385 1426/479/456 1463/1806/1759 1462/1805/1758
f 1426/479/456 1428/564/533 1464/1807/1760 1463/1806/1759
f 1428/564/533 1430/582/551 1465/1808/1761 1464/1807/1760
f 1430/582/551 1432/650/619 1466/1809/1762 1465/1808/1761
f 1432/650/619 1434/669/638 1467/1810/1763 1466/1809/1762
f 1434/669/638 1436/740/704 1468/1811/1764 1467/1810/1763
f 1436/740/704 1438/811/771 1469/1812/1765 1468/1811/1764
f 1438/811/771 1440/829/790 1470/1813/1766 1469/1812/1765
f 1440/829/790 1442/895/853 1471/1814/1767 1470/1813/1766
f 1442/895/853 1444/958/915 1472/1815/1768 1471/1814/1767
f 1444/958/915 1446/988/944 1473/1816/1769 1472/1815/1768
f 1446/988/944 1448/1054/1010 1474/1817/1770 1473/1816/1769
f 1448/1054/1010 1450/1073/1028 1475/1818/1771 1474/1817/1770
f 1450/1073/1028 1405/1141/1093 1453/1796/1749 1475/1818/1771
f 1419/1819/1772 1421/1820/1773 1484/1821/1773 1483/1822/1772
f 1407/1823/1156 1404/1824/1156 1453/1796/1749 1452/1795/1748
f 1409/1825/1156 1407/1823/1156 1452/1795/1748 1454/1797/1750
f 1411/1826/1156 1409/1825/1156 1454/1797/1750 1455/1798/1751
f 1413/1827/1156 1411/1826/1156 1455/1798/1751 1456/1799/1752
f 1415/1828/1156 1413/1827/1156 1456/1799/1752 1457/1800/1753
f 1417/1829/1156 1415/1828/1156 1457/1800/1753 1458/1801/1754
f 1419/1819/1156 1417/1829/1156 1458/1801/1754 1459/1802/1755
f 1421/1820/1156 1419/1819/1156 1459/1802/1755 1460/1803/1756
f 1423/1830/1156 1421/1820/1156 1460/1803/1756 1461/1804/1757
f 1425/1831/1156 1423/1830/1156 1461/1804/1757 1462/1805/1758
f 1427/1832/1156 1425/1831/1156 1462/1805/1758 1463/1806/1759
f 1429/1833/1156 1427/1832/1156 1463/1806/1759 1464/1807/1760
f 1431/1834/1156 1429/1833/1156 1464/1807/1760 1465/1808/1761
f 1433/1835/1156 1431/1834/1156 1465/1808/1761 1466/1809/1762
f 1435/1836/1156 1433/1835/1156 1466/1809/1762 1467/1810/1763
f 1437/1837/1156 1435/1836/1156 1467/1810/1763 1468/1811/1764
f 1439/1838/1156 1437/1837/1156 1468/1811/1764 1469/1812/1765
f 1441/1839/1156 1439/1838/1156 1469/1812/1765 1470/1813/1766
f 1443/1840/1156 1441/1839/1156 1470/1813/1766 1471/1814/1767
f 1445/1841/1156 1443/1840/1156 1471/1814/1767 1472/1815/1768
f 1447/1842/1156 1445/1841/1156 1472/1815/1768 1473/1816/1769
f 1449/1843/1156 1447/1842/1156 1473/1816/1769 1474/1817/1770
f 1451/1844/1156 1449/1843/1156 1474/1817/1770 1475/1818/1771
f 1404/1824/1156 1451/1844/1156 1475/1818/1771 1453/1796/1749
f 1498/1845/1156 1499/1846/1156 1477/1847/1156 1476/1848/1156 1478/1849/1156 1479/1850/1156 1480/1851/1156 1481/1852/1156 1482/1853/1156 1483/1822/1156 1484/1821/1156 1485/1854/1156 1486/1855/1156 1487/1856/1156 1488/1857/1156 1489/1858/1156 1490/1859/1156 1491/1860/1156 1492/1861/1156 1493/1862/1156 1494/1863/1156 1495/1864/1156 1496/1865/1156 1497/1866/1156
f 1449/1843/1121 1451/1844/1182 1499/1846/1182 1498/1845/1121
f 1404/1824/76 1407/1823/1774 1476/1848/1774 1477/1847/76
f 1435/1836/802 1437/1837/864 1492/1861/864 1491/1860/802
f 1421/1820/1773 1423/1830/1775 1485/1854/1775 1484/1821/1773
f 1451/1844/1182 1404/1824/76 1477/1847/76 1499/1846/1182
f 1407/1823/1774 1409/1825/1776 1478/1849/1776 1476/1848/1774
f 1437/1837/864 1439/1838/884 1493/1862/884 1492/1861/864
f 1423/1830/1775 1425/1831/1777 1486/1855/1777 1485/1854/1775
f 1409/1825/1776 1411/1826/1778 1479/1850/1778 1478/1849/1776
f 1439/1838/884 1441/1839/956 1494/1863/956 1493/1862/884
f 1425/1831/1777 1427/1832/633 1487/1856/633 1486/1855/1777
f 1411/1826/1778 1413/1827/231 1480/1851/231 1479/1850/1778
f 1441/1839/956 1443/1840/976 1495/1864/976 1494/1863/956
f 1427/1832/633 1429/1833/651 1488/1857/651 1487/1856/633
f 1413/1827/231 1415/1828/302 1481/1852/302 1480/1851/231
f 1443/1840/976 1445/1841/1040 1496/1865/1040 1495/1864/976
f 1429/1833/651 1431/1834/716 1489/1858/716 1488/1857/651
f 1415/1828/302 1417/1829/1779 1482/1853/1779 1481/1852/302
f 1445/1841/1040 1447/1842/1059 1497/1866/1059 1496/1865/1040
f 1431/1834/716 1433/1835/734 1490/1859/734 1489/1858/716
f 1417/1829/1779 1419/1819/1772 1483/1822/1772 1482/1853/1779
f 1447/1842/1059 1449/1843/1121 1498/1845/1121 1497/1866/1059
f 1433/1835/734 1435/1836/802 1491/1860/802 1490/1859/734
f 1503/1792/1745 1500/1786/1733 1501/23/22 1502/145/146
f 1502/145/146 1504/144/145 1505/1791/1743 1503/1792/1745
f 1586/1784/1729 1505/1791/1743 1504/144/145 1506/163/162
f 1508/1867/1780 1586/1784/1729 1506/163/162 1507/272/258
f 1603/1868/1781 1508/1867/1780 1507/272/258 1509/287/273
f 1511/1869/1782 1603/1868/1781 1509/287/273 1510/373/355
f 1510/373/355 1512/445/425 1513/1870/1783 1511/1869/1782
f 1515/1871/1784 1513/1870/1783 1512/445/425 1514/464/443
f 1517/1872/1785 1515/1871/1784 1514/464/443 1516/550/521
f 1516/550/521 1518/612/583 1519/1873/1786 1517/1872/1785
f 1521/1874/1787 1519/1873/1786 1518/612/583 1520/636/606
f 1520/636/606 1522/704/674 1523/1875/1788 1521/1874/1787
f 1525/1876/1789 1523/1875/1788 1522/704/674 1524/720/689
f 1527/1877/1790 1525/1876/1789 1524/720/689 1526/797/758
f 1526/797/758 1528/861/819 1529/1878/1791 1527/1877/1790
f 1531/1879/1792 1529/1878/1791 1528/861/819 1530/880/839
f 1533/1880/1793 1531/1879/1792 1530/880/839 1532/947/905
f 1535/1881/1794 1533/1880/1793 1532/947/905 1534/973/931
f 1716/1882/1795 1535/1881/1794 1534/973/931 1536/1041/998
f 1538/1883/1796 1716/1882/1795 1536/1041/998 1537/1056/1012
f 1540/1787/1735 1538/1883/1796 1537/1056/1012 1539/1127/1081
f 1539/1127/1081 1541/1189/1142 1542/1769/1699 1540/1787/1735
f 1544/1770/1700 1542/1769/1699 1541/1189/1142 1543/24/23
f 1500/1786/1733 1544/1770/1700 1543/24/23 1501/23/22
f 1546/1793/1797 1547/52/48 1408/55/51 1406/1794/1747
f 1546/1793/1797 1406/1794/1747 1405/1141/1093 1545/1140/1092
f 1569/1884/1798 1572/1885/1799 1573/1886/1800 1570/1887/1801
f 1569/1884/1798 1735/1888/1802 1801/1889/1803 1791/1890/1804
f 1572/1885/1799 1575/1891/1805 1576/1892/1806 1573/1886/1800
f 1784/1893/70 1755/1894/70 1775/1895/70 1785/1896/70
f 1584/1897/1807 1585/1898/1808 1738/1899/1809 1737/1900/1810
f 1738/1899/1809 1585/1898/1808 1583/1901/1811 1739/1902/1812
f 1793/1903/1813 1577/1904/1814 1580/1905/1815 1795/1906/1816
f 1586/1907/1817 1584/1897/1807 1737/1900/1810 1740/1908/1818
f 1782/1909/1819 1575/1891/1805 1572/1885/1799 1789/1910/1820
f 1797/1911/1821 1727/1912/1822 1725/1913/1823 1799/1914/1824
f 1575/1891/1805 1581/1915/1825 1582/1916/1826 1576/1892/1806
f 1783/1917/1827 1803/1918/1828 1792/1919/1829 1798/1920/1830
f 1579/1921/1831 1580/1905/1815 1589/1922/1832 1588/1923/1833
f 1580/1905/1815 1577/1904/1814 1587/1924/1834 1589/1922/1832
f 1581/1915/1825 1590/1925/1835 1591/1926/1836 1582/1916/1826
f 1579/1921/1831 1588/1923/1833 1590/1925/1835 1581/1915/1825
f 1584/1897/1807 1593/1927/1837 1594/1928/1838 1585/1898/1808
f 1585/1898/1808 1594/1928/1838 1592/1929/1839 1583/1901/1811
f 1745/1930/1778 1761/1931/231 1587/1924/1834 1577/1904/1814
f 1586/1907/1817 1508/1932/1840 1593/1927/1837 1584/1897/1807
f 1508/1932/1840 1603/1933/1841 1601/1934/1842 1593/1927/1837
f 1588/1923/1833 1589/1922/1832 1597/1935/1843 1596/1936/1844
f 1589/1922/1832 1587/1924/1834 1595/1937/1845 1597/1935/1843
f 1590/1925/1835 1598/1938/1846 1599/1939/1847 1591/1926/1836
f 1588/1923/1833 1596/1936/1844 1598/1938/1846 1590/1925/1835
f 1593/1927/1837 1601/1934/1842 1602/1940/1848 1594/1928/1838
f 1594/1928/1838 1602/1940/1848 1600/1941/1849 1592/1929/1839
f 1761/1931/231 1757/1942/302 1595/1937/1845 1587/1924/1834
f 1598/1938/1846 1607/1943/1850 1608/1944/1851 1599/1939/1847
f 1596/1936/1844 1605/1945/1852 1607/1943/1850 1598/1938/1846
f 1601/1934/1842 1610/1946/1853 1611/1947/1854 1602/1940/1848
f 1602/1940/1848 1611/1947/1854 1609/1948/1855 1600/1941/1849
f 1757/1942/302 1754/1949/1779 1604/1950/1856 1595/1937/1845
f 1603/1933/1841 1511/1951/1857 1610/1946/1853 1601/1934/1842
f 1596/1936/1844 1597/1935/1843 1606/1952/1858 1605/1945/1852
f 1597/1935/1843 1595/1937/1845 1604/1950/1856 1606/1952/1858
f 1605/1945/1852 1606/1952/1858 1614/1953/1859 1613/1954/1860
f 1606/1952/1858 1604/1950/1856 1612/1955/1861 1614/1953/1859
f 1607/1943/1850 1615/1956/1862 1616/1957/1863 1608/1944/1851
f 1605/1945/1852 1613/1954/1860 1615/1956/1862 1607/1943/1850
f 1610/1946/1853 1618/1958/1864 1619/1959/1865 1611/1947/1854
f 1611/1947/1854 1619/1959/1865 1617/1960/1866 1609/1948/1855
f 1754/1949/1779 1752/1961/1772 1612/1955/1861 1604/1950/1856
f 1511/1951/1857 1513/1962/1867 1618/1958/1864 1610/1946/1853
f 1619/1959/1865 1627/1963/1868 1625/1964/1869 1617/1960/1866
f 1752/1961/1772 1750/1965/1773 1620/1966/1870 1612/1955/1861
f 1513/1962/1867 1515/1967/1871 1626/1968/1872 1618/1958/1864
f 1613/1954/1860 1614/1953/1859 1622/1969/1873 1621/1970/1874
f 1614/1953/1859 1612/1955/1861 1620/1966/1870 1622/1969/1873
f 1615/1956/1862 1623/1971/1875 1624/1972/1876 1616/1957/1863
f 1613/1954/1860 1621/1970/1874 1623/1971/1875 1615/1956/1862
f 1618/1958/1864 1626/1968/1872 1627/1963/1868 1619/1959/1865
f 1621/1970/1874 1622/1969/1873 1630/1973/1877 1629/1974/1878
f 1622/1969/1873 1620/1966/1870 1628/1975/1879 1630/1973/1877
f 1623/1971/1875 1631/1976/1880 1632/1977/1881 1624/1972/1876
f 1621/1970/1874 1629/1974/1878 1631/1976/1880 1623/1971/1875
f 1626/1968/1872 1634/1978/1882 1635/1979/1883 1627/1963/1868
f 1627/1963/1868 1635/1979/1883 1633/1980/1884 1625/1964/1869
f 1750/1965/1773 1747/1981/1775 1628/1975/1879 1620/1966/1870
f 1515/1967/1871 1517/1982/1885 1634/1978/1882 1626/1968/1872
f 1517/1982/1885 1519/1983/1886 1642/1984/1887 1634/1978/1882
f 1629/1974/1878 1630/1973/1877 1638/1985/1888 1637/1986/1889
f 1630/1973/1877 1628/1975/1879 1636/1987/1890 1638/1985/1888
f 1631/1976/1880 1639/1988/1891 1640/1989/1892 1632/1977/1881
f 1629/1974/1878 1637/1986/1889 1639/1988/1891 1631/1976/1880
f 1634/1978/1882 1642/1984/1887 1643/1990/1893 1635/1979/1883
f 1635/1979/1883 1643/1990/1893 1641/1991/1894 1633/1980/1884
f 1747/1981/1775 1751/1992/1777 1636/1987/1890 1628/1975/1879
f 1637/1986/1889 1645/1993/1895 1647/1994/1896 1639/1988/1891
f 1642/1984/1887 1650/1995/1897 1651/1996/1898 1643/1990/1893
f 1643/1990/1893 1651/1996/1898 1649/1997/1899 1641/1991/1894
f 1751/1992/1777 1758/1998/633 1644/1999/1900 1636/1987/1890
f 1519/1983/1886 1521/2000/1901 1650/1995/1897 1642/1984/1887
f 1637/1986/1889 1638/1985/1888 1646/2001/1902 1645/1993/1895
f 1638/1985/1888 1636/1987/1890 1644/1999/1900 1646/2001/1902
f 1639/1988/1891 1647/1994/1896 1648/2002/1903 1640/1989/1892
f 1645/1993/1895 1646/2001/1902 1654/2003/1904 1653/2004/1905
f 1646/2001/1902 1644/1999/1900 1652/2005/1906 1654/2003/1904
f 1647/1994/1896 1655/2006/1907 1656/2007/1908 1648/2002/1903
f 1645/1993/1895 1653/2004/1905 1655/2006/1907 1647/1994/1896
f 1650/1995/1897 1658/2008/1909 1659/2009/1910 1651/1996/1898
f 1651/1996/1898 1659/2009/1910 1657/2010/1911 1649/1997/1899
f 1758/1998/633 1760/2011/651 1652/2005/1906 1644/1999/1900
f 1521/2000/1901 1523/2012/1912 1658/2008/1909 1650/1995/1897
f 1760/2011/651 1756/2013/716 1660/2014/1913 1652/2005/1906
f 1523/2012/1912 1525/2015/1914 1666/2016/1915 1658/2008/1909
f 1653/2004/1905 1654/2003/1904 1662/2017/1916 1661/2018/1917
f 1654/2003/1904 1652/2005/1906 1660/2014/1913 1662/2017/1916
f 1655/2006/1907 1663/2019/1918 1664/2020/1919 1656/2007/1908
f 1653/2004/1905 1661/2018/1917 1663/2019/1918 1655/2006/1907
f 1658/2008/1909 1666/2016/1915 1667/2021/1920 1659/2009/1910
f 1659/2009/1910 1667/2021/1920 1665/2022/1921 1657/2010/1911
f 1662/2017/1916 1660/2014/1913 1668/2023/1922 1670/2024/1923
f 1663/2019/1918 1671/2025/1924 1672/2026/1925 1664/2020/1919
f 1661/2018/1917 1669/2027/1926 1671/2025/1924 1663/2019/1918
f 1666/2016/1915 1674/2028/1927 1675/2029/1928 1667/2021/1920
f 1667/2021/1920 1675/2029/1928 1673/2030/1929 1665/2022/1921
f 1756/2013/716 1753/2031/734 1668/2023/1922 1660/2014/1913
f 1525/2015/1914 1527/2032/1930 1674/2028/1927 1666/2016/1915
f 1661/2018/1917 1662/2017/1916 1670/2024/1923 1669/2027/1926
f 1669/2027/1926 1670/2024/1923 1678/2033/1931 1677/2034/1932
f 1670/2024/1923 1668/2023/1922 1676/2035/1933 1678/2033/1931
f 1671/2025/1924 1679/2036/1934 1680/2037/1935 1672/2026/1925
f 1669/2027/1926 1677/2034/1932 1679/2036/1934 1671/2025/1924
f 1674/2028/1927 1682/2038/1936 1683/2039/1937 1675/2029/1928
f 1675/2029/1928 1683/2039/1937 1681/2040/1938 1673/2030/1929
f 1753/2031/734 1578/2041/802 1676/2035/1933 1668/2023/1922
f 1527/2032/1930 1529/2042/1939 1682/2038/1936 1674/2028/1927
f 1682/2038/1936 1690/2043/1940 1691/2044/1941 1683/2039/1937
f 1683/2039/1937 1691/2044/1941 1689/2045/1942 1681/2040/1938
f 1578/2041/802 1748/2046/864 1684/2047/1943 1676/2035/1933
f 1529/2042/1939 1531/2048/1944 1690/2043/1940 1682/2038/1936
f 1677/2034/1932 1678/2033/1931 1686/2049/1945 1685/2050/1946
f 1678/2033/1931 1676/2035/1933 1684/2047/1943 1686/2049/1945
f 1679/2036/1934 1687/2051/1947 1688/2052/1948 1680/2037/1935
f 1677/2034/1932 1685/2050/1946 1687/2051/1947 1679/2036/1934
f 1685/2050/1946 1686/2049/1945 1694/2053/1949 1693/2054/1950
f 1686/2049/1945 1684/2047/1943 1692/2055/1951 1694/2053/1949
f 1687/2051/1947 1695/2056/1952 1696/2057/1953 1688/2052/1948
f 1685/2050/1946 1693/2054/1950 1695/2056/1952 1687/2051/1947
f 1690/2043/1940 1698/2058/1954 1699/2059/1955 1691/2044/1941
f 1691/2044/1941 1699/2059/1955 1697/2060/1956 1689/2045/1942
f 1748/2046/864 1746/2061/884 1692/2055/1951 1684/2047/1943
f 1531/2048/1944 1533/2062/1957 1698/2058/1954 1690/2043/1940
f 1699/2059/1955 1707/2063/1958 1705/2064/1959 1697/2060/1956
f 1746/2061/884 1749/2065/956 1700/2066/1960 1692/2055/1951
f 1533/2062/1957 1535/2067/1961 1706/2068/1962 1698/2058/1954
f 1693/2054/1950 1694/2053/1949 1702/2069/1963 1701/2070/1964
f 1694/2053/1949 1692/2055/1951 1700/2066/1960 1702/2069/1963
f 1695/2056/1952 1703/2071/1965 1704/2072/1966 1696/2057/1953
f 1693/2054/1950 1701/2070/1964 1703/2071/1965 1695/2056/1952
f 1698/2058/1954 1706/2068/1962 1707/2063/1958 1699/2059/1955
f 1701/2070/1964 1702/2069/1963 1710/2073/1967 1709/2074/1968
f 1702/2069/1963 1700/2066/1960 1708/2075/1969 1710/2073/1967
f 1703/2071/1965 1711/2076/1970 1712/2077/1971 1704/2072/1966
f 1701/2070/1964 1709/2074/1968 1711/2076/1970 1703/2071/1965
f 1706/2068/1962 1714/2078/1972 1715/2079/1973 1707/2063/1958
f 1707/2063/1958 1715/2079/1973 1713/2080/1974 1705/2064/1959
f 1749/2065/956 1762/2081/976 1708/2075/1969 1700/2066/1960
f 1535/2067/1961 1716/2082/1975 1714/2078/1972 1706/2068/1962
f 1716/2082/1975 1538/2083/1976 1723/2084/1977 1714/2078/1972
f 1709/2074/1968 1710/2073/1967 1719/2085/1978 1718/2086/1979
f 1710/2073/1967 1708/2075/1969 1717/2087/1980 1719/2085/1978
f 1711/2076/1970 1720/2088/1981 1721/2089/1982 1712/2077/1971
f 1709/2074/1968 1718/2086/1979 1720/2088/1981 1711/2076/1970
f 1714/2078/1972 1723/2084/1977 1724/2090/1983 1715/2079/1973
f 1715/2079/1973 1724/2090/1983 1722/2091/1984 1713/2080/1974
f 1762/2081/976 1759/2092/1040 1717/2087/1980 1708/2075/1969
f 1720/2088/1981 1728/2093/1985 1729/2094/1986 1721/2089/1982
f 1718/2086/1979 1726/2095/1987 1728/2093/1985 1720/2088/1981
f 1723/2084/1977 1731/2096/1988 1732/2097/1989 1724/2090/1983
f 1724/2090/1983 1732/2097/1989 1730/2098/1990 1722/2091/1984
f 1759/2092/1040 1755/2099/1059 1725/1913/1823 1717/2087/1980
f 1538/2083/1976 1540/2100/1991 1731/2096/1988 1723/2084/1977
f 1718/2086/1979 1719/2085/1978 1727/1912/1822 1726/2095/1987
f 1719/2085/1978 1717/2087/1980 1725/1913/1823 1727/1912/1822
f 1572/1885/1799 1569/1884/1798 1791/1890/1804 1789/1910/1820
f 1778/2101/70 1765/2102/70 1745/2103/70 1802/2104/70
f 1728/2093/1985 1733/2105/1992 1734/2106/1993 1729/2094/1986
f 1735/1888/1802 1733/2105/1992 1787/2107/1994 1801/1889/1803
f 1742/2108/1995 1732/2097/1989 1731/2096/1988 1741/2109/1996
f 1743/2110/1997 1730/2098/1990 1732/2097/1989 1742/2108/1995
f 1785/2111/1998 1775/2112/1999 1730/2098/1990 1743/2110/1997
f 1741/2109/1996 1731/2096/1988 1540/2100/1991 1744/2113/2000
f 1733/2105/1992 1735/1888/1802 1736/2114/2001 1734/2106/1993
f 1787/2107/1994 1726/2095/1987 1727/1912/1822 1797/1911/1821
f 1735/1888/1802 1569/1884/1798 1570/1887/1801 1736/2114/2001
f 1802/2115/2002 1745/1930/1778 1577/1904/1814 1793/1903/1813
f 1734/2106/1993 1736/2114/2001 1570/1887/1801 1573/1886/1800 1576/1892/1806 1582/1916/1826 1591/1926/1836 1599/1939/1847 1608/1944/1851 1616/1957/1863 1624/1972/1876 1632/1977/1881 1640/1989/1892 1648/2002/1903 1656/2007/1908 1664/2020/1919 1672/2026/1925 1680/2037/1935 1688/2052/1948 1696/2057/1953 1704/2072/1966 1712/2077/1971 1721/2089/1982 1729/2094/1986
f 1805/2116/76 1804/2117/2003 1739/2118/2004 1778/2119/76 1785/2120/76 1743/2121/2004 1810/2122/2005 1809/2123/76
f 1738/2124/2006 1808/2125/2007 1807/2126/2008 1737/2127/2009
f 1767/2128/70 1769/2129/70 1762/2130/70 1749/2131/70
f 1782/1909/1819 1795/1906/1816 1580/1905/1815 1579/1921/1831
f 1769/2129/70 1772/2132/70 1759/2133/70 1762/2130/70
f 1571/2134/70 1764/2135/70 1746/2136/70 1748/2137/70
f 1803/2138/70 1783/2139/70 1785/1896/70 1778/2101/70
f 1772/2132/70 1775/1895/70 1755/1894/70 1759/2133/70
f 1744/2140/2010 1811/2141/2010 1812/2142/2011 1741/2143/2009
f 1726/2095/1987 1787/2107/1994 1733/2105/1992 1728/2093/1985
f 1764/2135/70 1767/2128/70 1749/2131/70 1746/2136/70
f 1780/2144/70 1571/2134/70 1748/2137/70 1578/2145/70
f 1777/2146/70 1780/2144/70 1578/2145/70 1753/2147/70
f 1774/2148/70 1777/2146/70 1753/2147/70 1756/2149/70
f 1771/2150/70 1774/2148/70 1756/2149/70 1760/2151/70
f 1768/2152/70 1771/2150/70 1760/2151/70 1758/2153/70
f 1766/2154/70 1768/2152/70 1758/2153/70 1751/2155/70
f 1763/2156/70 1766/2154/70 1751/2155/70 1747/2157/70
f 1574/2158/70 1763/2156/70 1747/2157/70 1750/2159/70
f 1779/2160/70 1574/2158/70 1750/2159/70 1752/2161/70
f 1776/2162/70 1779/2160/70 1752/2161/70 1754/2163/70
f 1773/2164/70 1776/2162/70 1754/2163/70 1757/2165/70
f 1770/2166/70 1773/2164/70 1757/2165/70 1761/2167/70
f 1765/2102/70 1770/2166/70 1761/2167/70 1745/2103/70
f 1739/1902/1812 1583/1901/1811 1765/2168/1778 1778/2169/2012
f 1583/1901/1811 1592/1929/1839 1770/2170/231 1765/2168/1778
f 1592/1929/1839 1600/1941/1849 1773/2171/302 1770/2170/231
f 1600/1941/1849 1609/1948/1855 1776/2172/1779 1773/2171/302
f 1609/1948/1855 1617/1960/1866 1779/2173/1772 1776/2172/1779
f 1617/1960/1866 1625/1964/1869 1574/2174/1773 1779/2173/1772
f 1625/1964/1869 1633/1980/1884 1763/2175/1775 1574/2174/1773
f 1633/1980/1884 1641/1991/1894 1766/2176/1777 1763/2175/1775
f 1641/1991/1894 1649/1997/1899 1768/2177/633 1766/2176/1777
f 1649/1997/1899 1657/2010/1911 1771/2178/651 1768/2177/633
f 1657/2010/1911 1665/2022/1921 1774/2179/716 1771/2178/651
f 1665/2022/1921 1673/2030/1929 1777/2180/734 1774/2179/716
f 1673/2030/1929 1681/2040/1938 1780/2181/802 1777/2180/734
f 1681/2040/1938 1689/2045/1942 1571/2182/864 1780/2181/802
f 1697/2060/1956 1705/2064/1959 1767/2183/956 1764/2184/884
f 1739/2118/2004 1804/2117/2003 1808/2125/2007 1738/2124/2006
f 1722/2091/1984 1730/2098/1990 1775/2112/1999 1772/2185/1040
f 1689/2045/1942 1697/2060/1956 1764/2184/884 1571/2182/864
f 1713/2080/1974 1722/2091/1984 1772/2185/1040 1769/2186/976
f 1705/2064/1959 1713/2080/1974 1769/2186/976 1767/2183/956
f 1799/1914/1824 1725/1913/1823 1755/2099/1059 1784/2187/2013
f 1783/2139/70 1784/1893/70 1785/1896/70
f 1802/2104/70 1803/2138/70 1778/2101/70
f 1802/2115/2002 1793/1903/1813 1792/1919/1829 1803/1918/1828
f 1791/1890/1804 1801/1889/1803 1800/2188/2014 1790/2189/2015
f 1793/1903/1813 1795/1906/1816 1794/2190/2016 1792/1919/1829
f 1799/1914/1824 1784/2187/2013 1783/1917/1827 1798/1920/1830
f 1789/1910/1820 1791/1890/1804 1790/2189/2015 1788/2191/2017
f 1797/1911/1821 1799/1914/1824 1798/1920/1830 1796/2192/2018
f 1782/1909/1819 1789/1910/1820 1788/2191/2017 1781/2193/2019
f 1781/2193/2019 1794/2190/2016 1795/1906/1816 1782/1909/1819
f 1787/2107/1994 1797/1911/1821 1796/2192/2018 1786/2194/2020
f 1786/2194/2020 1800/2188/2014 1801/1889/1803 1787/2107/1994
f 1782/1909/1819 1579/1921/1831 1581/1915/1825 1575/1891/1805
f 1794/2190/2016 1781/2193/2019 1788/2191/2017 1790/2189/2015 1800/2188/2014 1786/2194/2020 1796/2192/2018 1798/1920/1830 1792/1919/1829
f 1813/2195/2021 1810/2122/2005 1743/2121/2004 1742/2196/2006
f 1812/2142/2011 1813/2195/2021 1742/2196/2006 1741/2143/2009
f 1807/2126/2008 1806/2197/2010 1740/2198/2010 1737/2127/2009
f 1805/2199/70 1809/2200/2022 1816/2201/2022 1814/2202/70
f 1817/2203/1779 1816/2201/2022 1809/2200/2022 1810/2204/2023 1813/2205/2024 1812/2206/2025 1811/2207/1779
f 1815/2208/76 1814/2202/76 1816/2209/76 1817/2210/76
f 1815/2208/956 1806/2211/956 1807/2212/2026 1808/2213/2027 1804/2214/2028 1805/2199/956 1814/2202/956
f 97/2215/2029 94/2216/2030 1819/2217/486 1818/2218/485
f 1824/2219/508 97/2215/2029 1818/2218/485
f 1823/2220/509 103/2221/2031 99/2222/2032 1824/2219/508
f 1822/2223/568 106/2224/2033 103/2221/2031 1823/2220/509
f 1828/2225/567 108/2226/2034 106/2224/2033 1822/2223/568
f 77/2227/571 108/2226/2034 1828/2225/567
f 1826/2228/2035 1825/2229/2036 113/2230/2037
f 116/2231/2038 113/2230/2037 1825/2229/2036 1821/2232/495
f 118/2233/2039 116/2231/2038 1821/2232/495 1820/2234/489
f 94/2216/2030 118/2233/2039 1820/2234/489 1819/2217/486
f 56/2235/2040 59/2236/2040 1/2237/2040 7/2238/2040 12/2239/2040 17/2240/2040 19/2241/2040 23/2242/2040 28/2243/2040 34/2244/2040 39/2245/2040 45/2246/2040 51/2247/2040 54/2248/2040
f 59/2249/2041 93/2250/2042 62/2251/2043 1/2252/1779
f 56/2253/2044 90/2254/2045 93/2250/2042 59/2249/2041
f 54/2255/2046 85/2256/2047 90/2254/2045 56/2253/2044
f 51/2257/2048 84/2258/2049 85/2256/2047 54/2255/2046
f 1823/538/509 1227/508/482 1822/600/568
f 1827/2259/631 45/2260/2050 39/2261/2051 1831/2262/627
f 1830/2263/623 1831/2262/627 39/2261/2051 34/2264/2052 1829/2265/591
f 1829/2265/591 34/2264/2052 28/2266/2053 77/2227/571
f 23/2267/2054 75/2268/2055 77/2227/571 28/2266/2053
f 19/2269/2056 71/2270/2057 75/2268/2055 23/2267/2054
f 17/2271/2058 68/2272/2059 71/2270/2057 19/2269/2056
f 12/2273/2060 66/2274/2061 68/2272/2059 17/2271/2058
f 7/2275/2062 64/2276/2063 66/2274/2061 12/2273/2060
f 1/2252/1779 62/2251/2043 64/2276/2063 7/2275/2062
f 93/2250/2042 118/2233/2039 94/2216/2030 62/2251/2043
f 90/2254/2045 116/2231/2038 118/2233/2039 93/2250/2042
f 85/2256/2047 113/2230/2037 116/2231/2038 90/2254/2045
f 113/2230/2037 85/2256/2047 84/2258/2049 1826/2228/2035
f 75/2268/2055 108/2226/2034 77/2227/571
f 71/2270/2057 106/2224/2033 108/2226/2034 75/2268/2055
f 68/2272/2059 103/2221/2031 106/2224/2033 71/2270/2057
f 66/2274/2061 99/2222/2032 103/2221/2031 68/2272/2059
f 64/2276/2063 97/2215/2029 99/2222/2032 66/2274/2061
f 62/2251/2043 94/2216/2030 97/2215/2029 64/2276/2063
f 84/2258/2049 51/2257/2048 45/2260/2050 1827/2259/631
f 97/2215/2029 1824/2219/508 99/2222/2032
f 1822/600/568 1227/508/482 1229/601/569
f 1232/1505/1446 1231/1508/1449 1229/1501/1442 1230/1500/1441
f 1832/2277/2064 1840/2278/2065 1847/2279/2066 1839/2280/2067
f 1833/2281/2068 1841/2282/2069 1840/2278/2065 1832/2277/2064
f 1834/2283/2070 1842/2284/2071 1841/2282/2069 1833/2281/2068
f 1835/2285/2072 1843/2286/2073 1842/2284/2071 1834/2283/2070
f 1836/2287/2074 1844/2288/2075 1843/2286/2073 1835/2285/2072
f 1837/2289/2076 1845/2290/2077 1844/2288/2075 1836/2287/2074
f 1838/2291/2078 1846/2292/2079 1845/2293/2077 1837/2294/2076
f 1839/2280/2067 1847/2279/2066 1846/2292/2079 1838/2291/2078
f 1840/2278/2065 1848/2295/2080 1855/2296/2081 1847/2279/2066
f 1841/2282/2069 1849/2297/2082 1848/2295/2080 1840/2278/2065
f 1842/2284/2071 1850/2298/2083 1849/2297/2082 1841/2282/2069
f 1843/2286/2073 1851/2299/2084 1850/2298/2083 1842/2284/2071
f 1844/2288/2075 1852/2300/2085 1851/2299/2084 1843/2286/2073
f 1845/2290/2077 1853/2301/2086 1852/2300/2085 1844/2288/2075
f 1846/2292/2079 1854/2302/2087 1853/2303/2086 1845/2293/2077
f 1847/2279/2066 1855/2296/2081 1854/2302/2087 1846/2292/2079
f 1848/2295/2080 1856/2304/2088 1863/2305/2089 1855/2296/2081
f 1849/2297/2082 1857/2306/2090 1856/2304/2088 1848/2295/2080
f 1850/2298/2083 1858/2307/2091 1857/2306/2090 1849/2297/2082
f 1851/2299/2084 1859/2308/2092 1858/2307/2091 1850/2298/2083
f 1852/2300/2085 1860/2309/2093 1859/2308/2092 1851/2299/2084
f 1853/2301/2086 1861/2310/2094 1860/2309/2093 1852/2300/2085
f 1854/2302/2087 1862/2311/2095 1861/2312/2094 1853/2303/2086
f 1855/2296/2081 1863/2305/2089 1862/2311/2095 1854/2302/2087
f 1856/2304/2088 1864/2313/2096 1871/2314/2097 1863/2305/2089
f 1857/2306/2090 1865/2315/2098 1864/2313/2096 1856/2304/2088
f 1858/2307/2091 1866/2316/2099 1865/2315/2098 1857/2306/2090
f 1859/2308/2092 1867/2317/2100 1866/2316/2099 1858/2307/2091
f 1860/2309/2093 1868/2318/2101 1867/2317/2100 1859/2308/2092
f 1861/2310/2094 1869/2319/2102 1868/2318/2101 1860/2309/2093
f 1862/2311/2095 1870/2320/2103 1869/2321/2102 1861/2312/2094
f 1863/2305/2089 1871/2314/2097 1870/2320/2103 1862/2311/2095
f 1864/2313/2096 1872/2322/2104 1879/2323/2105 1871/2314/2097
f 1865/2315/2098 1873/2324/2106 1872/2322/2104 1864/2313/2096
f 1866/2316/2099 1874/2325/2107 1873/2324/2106 1865/2315/2098
f 1867/2317/2100 1875/2326/2108 1874/2325/2107 1866/2316/2099
f 1868/2318/2101 1876/2327/2109 1875/2326/2108 1867/2317/2100
f 1869/2319/2102 1877/2328/2110 1876/2327/2109 1868/2318/2101
f 1870/2320/2103 1878/2329/2111 1877/2330/2110 1869/2321/2102
f 1871/2314/2097 1879/2323/2105 1878/2329/2111 1870/2320/2103
f 1872/2322/2104 1881/2331/2112 1882/2332/2113 1879/2323/2105
f 1873/2324/2106 1883/2333/2114 1881/2331/2112 1872/2322/2104
f 1874/2325/2107 1884/2334/2115 1883/2333/2114 1873/2324/2106
f 1875/2326/2108 1885/2335/2116 1884/2334/2115 1874/2325/2107
f 1876/2327/2109 1886/2336/2117 1885/2335/2116 1875/2326/2108
f 1877/2328/2110 1887/2337/2118 1886/2336/2117 1876/2327/2109
f 1878/2329/2111 1888/2338/2119 1887/2339/2118 1877/2330/2110
f 1879/2323/2105 1882/2332/2113 1888/2338/2119 1878/2329/2111
f 1880/2340/2120 1882/2341/2121 1881/2342/2122
f 1880/2340/2120 1881/2342/2122 1883/2343/2123
f 1880/2340/2120 1884/2344/2124 1885/2345/2125
f 1880/2340/2120 1885/2345/2125 1886/2346/2126
f 1880/2340/2120 1883/2343/2123 1884/2344/2124
f 1880/2340/2120 1886/2346/2126 1887/2347/2127
f 1880/2340/2120 1887/2348/2127 1888/2349/2128
f 1880/2340/2120 1888/2349/2128 1882/2341/2121
f 25/2350/2129 22/2351/2130 100/2352/2131 98/2353/2132
f 22/2351/2130 20/2354/2133 102/2355/2134 100/2352/2131
f 100/2352/2131 31/2356/2135 33/2357/2136 98/2353/2132
f 102/2355/2134 29/2358/2137 31/2356/2135 100/2352/2131
f 5/2359/2138 50/2360/2139 102/2355/2134 20/2354/2133
f 1918/2361/2140 22/2351/2130 25/2350/2129 1915/2362/2141
f 50/2360/2139 8/2363/2142 29/2358/2137 102/2355/2134
f 27/2364/2143 98/2353/2132 33/2357/2136 4/2365/2144
f 98/2353/2132 27/2364/2143 2/2366/2145 25/2350/2129
f 1914/2367/2146 20/2354/2133 22/2351/2130 1918/2361/2140 1911/2368/2147
f 5/2359/2138 20/2354/2133 1914/2367/2146 1907/2369/2148
f 25/2350/2129 2/2366/2145 1919/2370/2149 1915/2362/2141
f 1916/2371/2150 33/2357/2136 31/2356/2135 1917/2372/2151
f 31/2356/2135 29/2358/2137 1913/2373/2152 1912/2374/2153 1917/2372/2151
f 29/2358/2137 8/2363/2142 1908/2375/2154 1913/2373/2152
f 4/2365/2144 33/2357/2136 1916/2371/2150 1921/2376/2155
f 1920/2377/2156 1919/2370/2149 1923/2378/2157 120/2379/2158
f 120/2379/2158 1923/2378/2157 1921/2376/2155 1922/2380/2159
f 78/2381/2160 76/2382/2161 127/2383/2162 125/2384/2163
f 125/2384/2163 89/2385/2164 16/2386/2165 78/2381/2160
f 125/2384/2163 127/2383/2162 130/2387/2166 128/2388/2167
f 74/2389/2168 72/2390/2169 137/2391/2170 135/2392/2171
f 1891/2393/2172 1898/2394/2173 128/2388/2167 130/2387/2166 1889/2395/2172 1890/2396/2172
f 1899/2397/2174 91/2398/2175 128/2388/2167 1898/2394/2173
f 89/2385/2164 125/2384/2163 128/2388/2167 91/2398/2175
f 137/2391/2170 76/2382/2161 78/2381/2160 135/2392/2171
f 87/2399/2176 135/2392/2171 78/2381/2160 16/2386/2165
f 144/2400/2177 72/2390/2169 74/2389/2168 143/2401/2178
f 135/2392/2171 87/2399/2176 13/2402/2179 74/2389/2168
f 138/2403/2180 141/2404/2181 144/2400/2177 143/2401/2178
f 86/2405/2182 143/2401/2178 74/2389/2168 13/2402/2179
f 1904/2406/2183 138/2403/2180 83/2407/2184
f 1897/2408/2185 141/2404/2181 138/2403/2180 1904/2406/2183 1894/2409/2186
f 151/2410/2187 38/2411/2188 40/2412/2189 1910/2413/2190 1905/2414/2191
f 83/2407/2184 138/2403/2180 143/2401/2178 86/2405/2182
f 1902/2415/2192 152/2416/2193 151/2410/2187
f 152/2416/2193 36/2417/2194 38/2411/2188 151/2410/2187
f 86/2405/2182 13/2402/2179 36/2417/2194 152/2416/2193
f 83/2407/2184 86/2405/2182 152/2416/2193 1902/2415/2192
f 1910/2413/2190 40/2412/2189 5/2359/2138 1907/2369/2148
f 40/2412/2189 38/2411/2188 155/2418/2195 154/2419/2196
f 38/2411/2188 36/2417/2194 156/2420/2197 155/2418/2195
f 155/2418/2195 44/2421/2198 46/2422/2199 154/2419/2196
f 156/2420/2197 42/2423/2200 44/2421/2198 155/2418/2195
f 13/2402/2179 87/2399/2176 156/2420/2197 36/2417/2194
f 87/2399/2176 16/2386/2165 42/2423/2200 156/2420/2197
f 50/2360/2139 154/2419/2196 46/2422/2199 8/2363/2142
f 154/2419/2196 50/2360/2139 5/2359/2138 40/2412/2189
f 163/2424/2201 1906/2425/2202 323/2426/2203 1909/2427/2204 46/2422/2199 44/2421/2198 42/2423/2200
f 16/2386/2165 89/2385/2164 163/2424/2201 42/2423/2200
f 76/2382/2205 137/2391/2206 183/2428/2206 178/2429/2207
f 1908/2375/2154 8/2363/2142 46/2422/2199 1909/2427/2204
f 1906/2425/2202 163/2424/2201 89/2385/2164 91/2398/2175 1901/2430/2208 1900/2431/2209 1903/2432/2209
f 1901/2430/2208 91/2398/2175 1899/2397/2174
f 176/2433/2210 180/2434/2211 1889/2395/2212 130/2387/2213
f 127/2383/2214 76/2382/2205 178/2429/2207 175/2435/2215
f 137/2391/2206 72/2390/2216 186/2436/2217 183/2428/2206
f 1897/2408/2218 172/2437/2219 188/2438/2220 141/2404/2221
f 144/2400/2222 189/2439/2223 186/2436/2217 72/2390/2216
f 130/2387/2213 127/2383/2214 175/2435/2215 176/2433/2210
f 144/2400/2222 141/2404/2221 188/2438/2220 189/2439/2223
f 196/2440/2022 200/2441/2224 223/2442/2225 221/2443/2022
f 215/2444/2226 218/2445/2227 230/2446/2227 228/2447/2228
f 278/2448/2229 208/2449/2230 215/2444/2226 228/2447/2228 227/2450/2231 280/2451/2232
f 250/2452/2233 272/2453/2234 157/2454/2235 161/2455/2236 265/2456/2237 242/2457/2238 246/2458/2239
f 257/2459/2240 244/2460/2241 242/2457/2238 265/2456/2237
f 263/2461/2242 205/2462/2243 207/2463/2244 248/2464/2245 244/2460/2241 257/2459/2240
f 218/2445/2227 193/2465/1779 219/2466/1779 230/2446/2227
f 218/2467/76 215/2468/76 208/2469/76 207/2470/76 205/2471/76 200/2472/76 196/2473/76 193/2474/76
f 193/2465/1779 196/2440/2022 221/2443/2022 219/2466/1779
f 216/2475/2227 230/2446/2227 219/2466/1779 183/2476/1779
f 210/2477/2246 227/2450/2231 228/2447/2228 212/2478/2247
f 276/2479/2248 251/2480/2249 248/2464/2245 207/2463/2244 208/2449/2230 278/2448/2229
f 199/2481/2250 223/2442/2225 225/2482/2251 202/2483/2252
f 212/2478/2247 228/2447/2228 230/2446/2227 216/2475/2227
f 194/2484/2022 221/2443/2022 223/2442/2225 199/2481/2250
f 1896/2485/2253 269/2486/2254 1895/2487/2255
f 280/2451/2232 227/2450/2231 210/2477/2246 172/2488/2256 274/2489/2257
f 269/2486/2254 274/2489/2257 172/2488/2256 1895/2487/2255
f 248/2464/2245 251/2480/2249 250/2452/2233 246/2458/2239
f 244/2460/2241 248/2464/2245 246/2458/2239 242/2457/2238
f 251/2480/2249 276/2479/2248 272/2453/2234 250/2452/2233
f 257/2459/2240 260/2490/2258 262/2491/2259 263/2461/2242
f 274/2489/2257 276/2479/2248 278/2448/2229 280/2451/2232
f 257/2459/2240 265/2456/2237 268/2492/2260 260/2490/2258
f 272/2453/2234 276/2479/2248 274/2489/2257 269/2486/2254
f 1893/2493/2261 268/2492/2260 265/2456/2237 161/2455/2236
f 157/2454/2235 272/2453/2234 269/2486/2254 1896/2485/2253
f 1892/2494/2262 268/2492/2260 1893/2493/2261
f 183/2476/1779 219/2466/1779 221/2443/2022 194/2484/2022
f 262/2491/2259 225/2482/2251 223/2442/2225 200/2441/2224 205/2462/2243 263/2461/2242
f 1825/2495/2036 1826/2496/2035 84/2497/2049 1827/662/631 502/2498/2263 469/519/493 120/518/492 1821/521/495
f 1922/522/496 1821/521/495 120/518/492
f 1920/2499/494 469/2500/493 432/493/469 1915/492/468 1919/2501/2264
f 1921/2376/2155 1923/2378/2157 27/2364/2143 4/2365/2144
f 1923/2378/2157 1919/2370/2149 2/2366/2145 27/2364/2143
f 1892/2494/2262 180/2502/2265 202/2483/2252 225/2482/2251 262/2491/2259 260/2490/2258 268/2492/2260
f 1827/662/631 535/664/633 502/2498/2263
f 1936/2503/2266 1937/2504/2266 1927/2505/2266 1925/2506/2266
f 1937/2504/2267 1938/2507/2267 1929/2508/2267 1927/2505/2267
f 1938/2507/2268 1939/2509/2268 1931/2510/2268 1929/2508/2268
f 1939/2509/2269 1940/2511/2269 1933/2512/2269 1931/2510/2269
f 1927/2505/76 1929/2508/76 1931/2510/76 1933/2512/76 1935/2513/76 1925/2506/76
f 1940/2511/2270 1941/2514/2270 1935/2513/2270 1933/2512/2270
f 1941/2514/2271 1936/2503/2271 1925/2506/2271 1935/2513/2271
f 1924/2515/651 1934/2516/651 1932/2517/651 1930/2518/651 1928/2519/651 1926/2520/651
f 1924/2521/2272 1926/2522/2273 1942/2523/2273 1947/2524/2272
f 1926/2522/2273 1928/2525/2274 1943/2526/2274 1942/2523/2273
f 1928/2525/2274 1930/2527/2275 1944/2528/2275 1943/2526/2274
f 1930/2527/2275 1932/2529/2276 1945/2530/2276 1944/2528/2275
f 1932/2529/2276 1934/2531/2277 1946/2532/2277 1945/2530/2276
f 1934/2531/2277 1924/2533/2272 1947/2534/2272 1946/2532/2277
f 1979/2535/2278 1966/2536/2279 1976/2537/2280 1974/2538/2281 1957/2539/2278 1959/2540/2278 1980/2541/2278
f 1948/2542/2282 1950/2543/2283 1961/2544/2284 1964/2545/2285
f 1969/2546/2286 1960/2547/2287 1958/2548/2288 1970/2549/2289
f 1954/2550/2290 1952/2551/2290 1956/2552/2290 1962/2553/2290
f 1961/2554/2291 1962/2555/2291 1955/2556/2291 1951/2557/2291
f 1965/2558/2292 1958/2559/76 1963/2560/2293
f 1950/2561/2291 1954/2562/2291 1962/2555/2291 1961/2554/2291
f 1953/2563/2290 1955/2564/2290 1962/2553/2290 1977/2565/2290
f 1976/2537/2280 1966/2536/2279 1965/2566/2294 1975/2567/2295
f 1952/2551/2290 1968/2568/2296 1971/2569/2297 1956/2552/2290
f 1977/2570/2298 1980/2571/2299 1959/2572/2300 1953/2573/2300
f 1965/2558/2292 1966/2574/76 1979/2575/2301 1978/2576/2302 1956/2577/76 1971/2578/76 1970/2579/76 1958/2559/76
f 1963/2580/2303 1967/2581/2304 1948/2542/2282 1964/2545/2285
f 1974/2582/2305 1973/2583/2306 1949/2584/2307 1957/2585/2307
f 1963/2580/2303 1964/2545/2285 1972/2586/2308
f 1964/2545/2285 1961/2544/2284 1951/2587/2309 1949/2588/2309 1973/2589/2310
f 1960/2547/2287 1967/2581/2304 1963/2580/2303 1958/2548/2288
f 1970/2549/2289 1971/2569/2297 1968/2568/2296 1969/2546/2286
f 1952/2590/651 1954/2562/651 1950/2561/651 1948/2591/651 1967/2592/651 1960/2593/651 1969/2594/651 1968/2595/651
f 1972/2586/2308 1964/2545/2285 1973/2589/2310
f 1974/2538/2281 1976/2537/2280 1975/2567/2295
f 1974/2582/2305 1975/2596/2311 1972/2597/2312 1973/2583/2306
f 1975/2596/2311 1965/2558/2292 1963/2560/2293 1972/2597/2312
f 1977/2570/2298 1978/2576/2302 1979/2575/2301 1980/2571/2299
f 1956/2552/2290 1978/2598/2290 1977/2565/2290 1962/2553/2290
f 2011/2599/2313 2012/2600/2313 1992/2601/2313 1990/2602/2313 2006/2603/2314 2008/2604/2315 1999/2605/2316
f 1981/2606/2317 1997/2607/2318 1994/2608/2319 1983/2609/2320
f 2002/2610/2321 2003/2611/2322 1991/2612/2323 1993/2613/2324
f 1994/2614/2325 1984/2615/2325 1988/2616/2325 1995/2617/2325
f 1998/2618/2326 1996/2619/2327 1991/2612/76
f 1983/2620/2325 1994/2614/2325 1995/2617/2325 1987/2621/2325
f 1989/2622/2328 1985/2623/2290 1987/2624/2290 1995/2625/2290 2010/2626/2290
f 1989/2627/76 2010/2628/2329 2011/2629/2330 1999/2630/76 1998/2618/2326
f 2008/2604/2315 2007/2631/2331 1998/2632/2294 1999/2605/2316
f 1985/2623/2290 1989/2622/2328 2001/2633/2332
f 2009/2634/2333 1986/2635/2334 1992/2636/2334 2012/2637/2335
f 1989/2627/76 1998/2618/2326 1991/2612/76 2003/2611/76
f 1996/2638/2336 1997/2607/2318 1981/2606/2317 2000/2639/2337
f 2006/2640/2338 1990/2641/2339 1982/2642/2339 2005/2643/2340
f 1996/2638/2336 2004/2644/2341 1997/2607/2318
f 1997/2607/2318 2005/2645/2342 1982/2646/2343 1984/2647/2343 1994/2608/2319
f 1993/2613/2324 1991/2612/2323 1996/2638/2336 2000/2639/2337
f 2003/2611/2322 2002/2610/2321 2001/2633/2332 1989/2622/2328
f 1993/2648/651 2000/2649/651 1981/2650/651 1983/2620/651 1987/2621/651 1985/2651/651 2001/2652/651 2002/2653/651
f 2004/2644/2341 2005/2645/2342 1997/2607/2318
f 2006/2603/2314 2007/2631/2331 2008/2604/2315
f 2006/2640/2338 2005/2643/2340 2004/2654/2344 2007/2655/2345
f 2007/2655/2345 2004/2654/2344 1996/2619/2327 1998/2618/2326
f 2009/2634/2333 2012/2637/2335 2011/2629/2330 2010/2628/2329
f 2010/2626/2290 1995/2625/2290 1988/2656/2290 1986/2657/2290 2009/2658/2290
f 2049/2659/2346 2052/2660/2346 2051/2661/2347 2050/2662/2347
f 2052/2660/2346 2049/2659/2346 2024/2663/2348 2025/2664/2348
f 2017/2665/651 2015/2666/651 2021/2667/651 2019/2668/651
f 2021/2667/651 2028/2669/651 2029/2670/651 2019/2668/651
f 2026/2671/651 2013/2672/651 2014/2673/651 2023/2674/651
f 2024/2663/2348 2030/2675/2349 2027/2676/2349 2025/2664/2348
f 2030/2675/2349 2022/2677/2350 2020/2678/2350 2027/2676/2349
f 2028/2669/651 2026/2671/651 2023/2674/651 2029/2670/651
f 2032/2679/1779 2051/2680/1779 2052/2681/1779 2025/2682/1779 2027/2683/1779 2020/2684/1779 2018/2685/1779 2033/2686/1779 2017/2687/1779 2019/2688/1779 2029/2689/1779 2023/2690/1779 2014/2691/1779
f 2053/2692/2351 2044/2693/2352 2034/2694/2353 2015/2695/2354 2017/2696/2354 2033/2697/2355 2043/2698/2356
f 2032/2699/1156 2014/2673/1156 2013/2672/1156 2031/2700/1156
f 2045/2701/2357 2037/2702/2358 2041/2703/2359 2047/2704/2360
f 2016/2705/956 2034/2706/956 2038/2707/956 2035/2708/956
f 2043/2698/2356 2033/2697/2355 2037/2702/2358 2045/2701/2357
f 2033/2686/1779 2018/2685/1779 2036/2709/1779 2037/2710/1779
f 2039/2711/70 2042/2712/70 2048/2713/70 2055/2714/70 2047/2704/70 2041/2703/70 2040/2715/70
f 2037/2710/1779 2036/2709/1779 2040/2716/1779 2041/2717/1779
f 2035/2708/956 2038/2707/956 2042/2718/956 2039/2719/956
f 2034/2694/2353 2044/2693/2352 2046/2720/2361 2038/2721/2362
f 2053/2692/2351 2043/2698/2356 2045/2701/2357 2054/2722/2363
f 2038/2721/2362 2046/2720/2361 2048/2713/2364 2042/2712/2365
f 2054/2722/2363 2045/2701/2357 2047/2704/2360 2055/2714/2366
f 2024/2723/956 2049/2724/956 2050/2725/956 2031/2726/956 2013/2727/956 2026/2728/956 2028/2729/956 2021/2730/956 2015/2731/956 2034/2706/956 2016/2705/956 2022/2732/956 2030/2733/956
f 2046/2720/2361 2054/2722/2363 2055/2714/2366 2048/2713/2364
f 2044/2693/2352 2053/2692/2351 2054/2722/2363 2046/2720/2361
f 2051/2661/2347 2032/2699/1156 2031/2700/1156 2050/2662/2347
f 2068/2734/2367 2057/2735/2367 2059/2736/2367 2069/2737/2367
f 2069/2737/70 2059/2736/70 2061/2738/70 2070/2739/70
f 2070/2739/2368 2061/2738/2368 2063/2740/2368 2071/2741/2368
f 2071/2741/2369 2063/2740/2369 2065/2742/2369 2072/2743/2369
f 2059/2736/76 2057/2735/76 2067/2744/76 2065/2742/76 2063/2740/76 2061/2738/76
f 2072/2743/1156 2065/2742/1156 2067/2744/1156 2073/2745/1156
f 2073/2745/2370 2067/2744/2370 2057/2735/2370 2068/2734/2370
f 2056/2746/651 2058/2747/651 2060/2748/651 2062/2749/651 2064/2750/651 2066/2751/651
f 2056/2752/1779 2079/2753/1779 2074/2754/2371 2058/2755/2371
f 2058/2755/2371 2074/2754/2371 2075/2756/2372 2060/2757/2372
f 2060/2757/2372 2075/2756/2372 2076/2758/956 2062/2759/956
f 2062/2759/956 2076/2758/956 2077/2760/2373 2064/2761/2373
f 2064/2761/2373 2077/2760/2373 2078/2762/2374 2066/2763/2374
f 2066/2764/2374 2078/2765/2374 2079/2753/1779 2056/2752/1779
f 2092/2766/2367 2081/2767/2367 2083/2768/2367 2093/2769/2367
f 2093/2769/70 2083/2768/70 2085/2770/70 2094/2771/70
f 2094/2771/2368 2085/2770/2368 2087/2772/2368 2095/2773/2368
f 2095/2773/2369 2087/2772/2369 2089/2774/2369 2096/2775/2369
f 2083/2768/76 2081/2767/76 2091/2776/76 2089/2774/76 2087/2772/76 2085/2770/76
f 2096/2775/1156 2089/2774/1156 2091/2776/1156 2097/2777/1156
f 2097/2777/2370 2091/2776/2370 2081/2767/2370 2092/2766/2370
f 2080/2778/651 2082/2779/651 2084/2780/651 2086/2781/651 2088/2782/651 2090/2783/651
f 2080/2784/1779 2103/2785/1779 2098/2786/2371 2082/2787/2371
f 2082/2787/2371 2098/2786/2371 2099/2788/2372 2084/2789/2372
f 2084/2789/2372 2099/2788/2372 2100/2790/956 2086/2791/956
f 2086/2791/956 2100/2790/956 2101/2792/2373 2088/2793/2373
f 2088/2793/2373 2101/2792/2373 2102/2794/2374 2090/2795/2374
f 2090/2795/2374 2102/2794/2374 2103/2796/1779 2080/2797/1779
f 2106/2798/2375 2108/2799/2376 2109/2800/2376 2107/2801/2375
f 2108/2799/2376 2110/2802/2377 2111/2803/2377 2109/2800/2376
f 2110/2804/2377 2112/2805/2378 2113/2806/2378 2111/2807/2377
f 2112/2805/2378 2114/2808/2379 2115/2809/2379 2113/2806/2378
f 2114/2808/2379 2104/2810/2380 2105/2811/2380 2115/2809/2379
f 2104/2810/2380 2106/2798/2375 2107/2801/2375 2105/2811/2380
