# Blender 4.1.1
# www.blender.org
o Dynamo
v -0.272085 0.320651 0.000000
v -0.284529 0.312867 0.000000
v -0.275940 0.319919 0.000000
v -0.290624 0.297933 0.000000
v -0.297060 0.265103 0.000000
v -0.216257 0.320651 0.000000
v -0.189196 0.336410 0.000000
v -0.200633 0.324874 0.000000
v -0.183329 0.357819 0.000000
v -0.185009 0.351737 0.000000
v -0.146676 0.405840 0.000000
v -0.158629 0.399040 0.000000
v -0.153440 0.403848 0.000000
v -0.066617 0.392979 0.000000
v -0.086699 0.405840 0.000000
v -0.071501 0.399410 0.000000
v -0.078852 0.404117 0.000000
v -0.047819 0.275871 0.000016
v -0.058737 0.368827 0.000000
v 0.237088 0.386751 -0.000231
v 0.163030 0.398030 -0.000256
v 0.144740 0.379749 -0.000219
v -0.047792 0.359464 0.000000
v -0.039030 0.275871 0.000016
v -0.021456 0.267425 0.000008
v -0.025417 0.287024 0.000013
v -0.033092 0.287024 0.000013
v -0.036873 0.284081 0.000014
v 0.144731 0.362056 -0.000182
v 0.117060 0.331782 -0.000121
v 0.096435 0.331782 -0.000121
v -0.021456 0.283024 0.000013
v 0.073059 0.267309 0.000010
v 0.241783 0.386751 -0.000231
v 0.250666 0.377774 -0.000231
v 0.248071 0.384122 -0.000231
v 0.223972 0.398028 -0.000255
v 0.233320 0.392799 -0.000244
v 0.154425 0.392826 -0.000245
v 0.148777 0.386970 -0.000233
v 0.080943 0.283999 -0.000024
v 0.078020 0.273262 -0.000002
v 0.080948 0.294236 -0.000045
v 0.085351 0.298708 -0.000054
v 0.094840 0.303877 -0.000064
v 0.089451 0.298708 -0.000054
v 0.067932 0.267310 0.000010
v 0.067932 0.264842 0.000015
v -0.015314 0.267425 0.000008
v -0.015314 0.264844 0.000014
v -0.272085 0.318178 -0.018784
v -0.284529 0.310659 -0.016769
v -0.275940 0.317471 -0.018595
v -0.290624 0.296234 -0.012904
v -0.297060 0.264523 -0.004407
v -0.216257 0.318178 -0.018784
v -0.189196 0.333400 -0.022863
v -0.200633 0.322257 -0.019877
v -0.183329 0.354079 -0.028404
v -0.185009 0.348205 -0.026830
v -0.146676 0.400465 -0.040833
v -0.158629 0.393896 -0.039073
v -0.153440 0.398541 -0.040317
v -0.066617 0.388041 -0.037504
v -0.086699 0.400465 -0.040833
v -0.071501 0.394253 -0.039168
v -0.078852 0.398800 -0.040387
v -0.047819 0.274928 -0.007178
v -0.058737 0.364712 -0.031253
v 0.237088 0.381966 -0.036116
v 0.163030 0.392854 -0.039058
v 0.144740 0.375206 -0.034291
v -0.047792 0.355668 -0.028830
v -0.039030 0.274928 -0.007178
v -0.021456 0.266768 -0.005000
v -0.025417 0.285700 -0.010068
v -0.033092 0.285701 -0.010068
v -0.036873 0.282858 -0.009305
v 0.144731 0.358125 -0.029677
v 0.117060 0.328898 -0.021782
v 0.096435 0.328898 -0.021782
v -0.021456 0.281837 -0.009033
v 0.073059 0.266657 -0.004969
v 0.241783 0.381966 -0.036115
v 0.250666 0.373295 -0.033792
v 0.248071 0.379426 -0.035435
v 0.223972 0.392853 -0.039057
v 0.233320 0.387804 -0.037693
v 0.154425 0.387830 -0.037701
v 0.148777 0.382177 -0.036174
v 0.080943 0.282769 -0.009321
v 0.078020 0.272403 -0.006521
v 0.080948 0.292651 -0.011991
v 0.085351 0.296969 -0.013157
v 0.094840 0.301959 -0.014505
v 0.089451 0.296969 -0.013157
v 0.067932 0.266657 -0.004969
v 0.067932 0.264274 -0.004325
v -0.015314 0.266768 -0.005000
v -0.015314 0.264276 -0.004327
v -0.272085 0.310928 -0.036288
v -0.284529 0.304186 -0.032396
v -0.275940 0.310294 -0.035922
v -0.290624 0.291253 -0.024929
v -0.297060 0.262822 -0.008514
v -0.216257 0.310928 -0.036288
v -0.189196 0.324575 -0.044168
v -0.200633 0.314585 -0.038400
v -0.183329 0.343116 -0.054872
v -0.185009 0.337849 -0.051831
v -0.146676 0.384704 -0.078883
v -0.158629 0.378814 -0.075483
v -0.153440 0.382979 -0.077887
v -0.066617 0.373565 -0.072452
v -0.086699 0.384704 -0.078883
v -0.071501 0.379134 -0.075667
v -0.078852 0.383211 -0.078021
v -0.047819 0.272155 -0.013884
v -0.058737 0.352649 -0.060376
v 0.237088 0.368056 -0.069539
v 0.163030 0.377812 -0.075199
v 0.144740 0.361999 -0.066027
v -0.047792 0.344540 -0.055695
v -0.039030 0.272155 -0.013884
v -0.021456 0.264837 -0.009668
v -0.025417 0.281813 -0.019463
v -0.033092 0.281813 -0.019463
v -0.036873 0.279264 -0.017991
v 0.144731 0.346694 -0.057149
v 0.117060 0.320507 -0.041958
v 0.096435 0.320507 -0.041959
v -0.021456 0.278348 -0.017463
v 0.073059 0.264738 -0.009609
v 0.241783 0.368056 -0.069538
v 0.250666 0.360282 -0.065050
v 0.248071 0.365779 -0.068224
v 0.223972 0.377811 -0.075197
v 0.233320 0.373287 -0.072573
v 0.154425 0.373310 -0.072588
v 0.148777 0.368245 -0.069650
v 0.080943 0.279174 -0.017983
v 0.078020 0.269887 -0.012595
v 0.080948 0.288029 -0.023119
v 0.085351 0.291898 -0.025364
v 0.094840 0.296368 -0.027957
v 0.089451 0.291898 -0.025363
v 0.067932 0.264738 -0.009609
v 0.067932 0.262603 -0.008371
v -0.015314 0.264837 -0.009668
v -0.015314 0.262604 -0.008373
v -0.272085 0.299394 -0.051320
v -0.284529 0.293890 -0.045815
v -0.275940 0.298876 -0.050802
v -0.290624 0.283330 -0.035255
v -0.297060 0.260116 -0.012041
v -0.216257 0.299394 -0.051320
v -0.189196 0.310537 -0.062463
v -0.200633 0.302380 -0.054305
v -0.183329 0.325675 -0.077601
v -0.185009 0.321375 -0.073300
v -0.146676 0.359632 -0.111557
v -0.158629 0.354823 -0.106748
v -0.153440 0.358223 -0.110149
v -0.066617 0.350537 -0.102463
v -0.086699 0.359632 -0.111557
v -0.071501 0.355084 -0.107010
v -0.078852 0.358413 -0.110339
v -0.047819 0.267741 -0.019643
v -0.058737 0.333459 -0.085385
v 0.237088 0.345970 -0.098223
v 0.163030 0.353928 -0.106215
v 0.144740 0.341028 -0.093263
v -0.047792 0.326838 -0.078764
v -0.039030 0.267741 -0.019643
v -0.021456 0.261763 -0.013677
v -0.025417 0.275625 -0.027532
v -0.033092 0.275626 -0.027532
v -0.036873 0.273545 -0.025450
v 0.144731 0.328543 -0.080726
v 0.117060 0.307179 -0.059275
v 0.096435 0.307179 -0.059276
v -0.021456 0.272797 -0.024703
v 0.073059 0.261683 -0.013594
v 0.241783 0.345970 -0.098223
v 0.250666 0.339622 -0.091875
v 0.248071 0.344111 -0.096363
v 0.223972 0.353928 -0.106213
v 0.233320 0.350237 -0.102508
v 0.154425 0.350256 -0.102528
v 0.148777 0.346124 -0.098379
v 0.080943 0.273460 -0.025419
v 0.078020 0.265883 -0.017812
v 0.080948 0.280684 -0.032672
v 0.085351 0.283840 -0.035842
v 0.094840 0.287487 -0.039503
v 0.089451 0.283840 -0.035841
v 0.067932 0.261683 -0.013594
v 0.067932 0.259942 -0.011846
v -0.015314 0.261763 -0.013677
v -0.015314 0.259942 -0.011848
v -0.272085 0.284363 -0.062853
v -0.284529 0.280471 -0.056112
v -0.275940 0.283997 -0.062219
v -0.290624 0.273004 -0.043179
v -0.297060 0.256589 -0.014747
v -0.216257 0.284363 -0.062853
v -0.189196 0.292242 -0.076501
v -0.200633 0.286474 -0.066510
v -0.183329 0.302947 -0.095041
v -0.185009 0.299906 -0.089774
v -0.146676 0.326957 -0.136629
v -0.158629 0.323557 -0.130740
v -0.153440 0.325961 -0.134904
v -0.066617 0.320527 -0.125491
v -0.086699 0.326957 -0.136629
v -0.071501 0.323742 -0.131060
v -0.078852 0.326096 -0.135137
v -0.047819 0.261987 -0.024064
v -0.058737 0.308451 -0.104575
v 0.237088 0.317212 -0.120213
v 0.163030 0.322831 -0.129993
v 0.144740 0.313723 -0.114143
v -0.047792 0.303769 -0.096466
v -0.039030 0.261987 -0.024064
v -0.021456 0.257757 -0.016754
v -0.025417 0.267561 -0.033724
v -0.033092 0.267561 -0.033725
v -0.036873 0.266090 -0.031175
v 0.144731 0.304907 -0.098802
v 0.117060 0.289823 -0.072553
v 0.096435 0.289823 -0.072554
v -0.021456 0.265561 -0.030260
v 0.073059 0.257701 -0.016653
v 0.241783 0.317212 -0.120213
v 0.250666 0.312724 -0.112439
v 0.248071 0.315898 -0.117936
v 0.223972 0.322831 -0.129991
v 0.233320 0.320225 -0.125457
v 0.154425 0.320238 -0.125481
v 0.148777 0.317320 -0.120404
v 0.080943 0.266016 -0.031123
v 0.078020 0.260667 -0.021814
v 0.080948 0.271116 -0.039999
v 0.085351 0.273345 -0.043877
v 0.094840 0.275920 -0.048358
v 0.089451 0.273345 -0.043877
v 0.067932 0.257701 -0.016653
v 0.067932 0.256471 -0.014513
v -0.015314 0.257757 -0.016754
v -0.015314 0.256471 -0.014516
v -0.272085 0.266859 -0.070104
v -0.284529 0.264844 -0.062584
v -0.275940 0.266669 -0.069396
v -0.290624 0.260979 -0.048160
v -0.297060 0.252482 -0.016448
v -0.216257 0.266859 -0.070104
v -0.189196 0.270937 -0.085326
v -0.200633 0.267952 -0.074182
v -0.183329 0.276478 -0.106005
v -0.185009 0.274904 -0.100130
v -0.146676 0.288907 -0.152390
v -0.158629 0.287147 -0.145821
v -0.153440 0.288392 -0.150466
v -0.066617 0.285578 -0.139967
v -0.086699 0.288907 -0.152390
v -0.071501 0.287243 -0.146178
v -0.078852 0.288461 -0.150726
v -0.047819 0.255285 -0.026845
v -0.058737 0.279328 -0.116638
v 0.237088 0.283743 -0.134011
v 0.163030 0.286639 -0.144912
v 0.144740 0.281943 -0.127245
v -0.047792 0.276904 -0.107594
v -0.039030 0.255285 -0.026845
v -0.021456 0.253091 -0.018689
v -0.025417 0.258168 -0.037619
v -0.033092 0.258168 -0.037619
v -0.036873 0.257407 -0.034776
v 0.144731 0.277399 -0.110145
v 0.117060 0.269623 -0.080886
v 0.096435 0.269623 -0.080887
v -0.021456 0.257133 -0.033755
v 0.073059 0.253063 -0.018577
v 0.241783 0.283743 -0.134011
v 0.250666 0.281420 -0.125340
v 0.248071 0.283063 -0.131471
v 0.223972 0.286639 -0.144910
v 0.233320 0.285296 -0.139856
v 0.154425 0.285302 -0.139882
v 0.148777 0.283798 -0.134223
v 0.080943 0.257349 -0.034706
v 0.078020 0.254592 -0.024330
v 0.080948 0.259979 -0.044600
v 0.085351 0.261128 -0.048922
v 0.094840 0.262455 -0.053917
v 0.089451 0.261128 -0.048922
v 0.067932 0.253063 -0.018577
v 0.067932 0.252429 -0.016192
v -0.015314 0.253091 -0.018689
v -0.015314 0.252428 -0.016195
v -0.272085 0.248075 -0.072577
v -0.284529 0.248075 -0.064792
v -0.275940 0.248075 -0.071845
v -0.290624 0.248075 -0.049859
v -0.297060 0.248075 -0.017029
v -0.216257 0.248075 -0.072577
v -0.189196 0.248075 -0.088335
v -0.200633 0.248075 -0.076799
v -0.183329 0.248075 -0.109744
v -0.185009 0.248075 -0.103662
v -0.146676 0.248075 -0.157766
v -0.158629 0.248075 -0.150965
v -0.153440 0.248075 -0.155774
v -0.066617 0.248075 -0.144904
v -0.086699 0.248075 -0.157766
v -0.071501 0.248075 -0.151335
v -0.078852 0.248075 -0.156043
v -0.047819 0.248091 -0.027796
v -0.058737 0.248075 -0.120752
v 0.237088 0.247843 -0.138676
v 0.163030 0.247819 -0.149955
v 0.144740 0.247856 -0.131675
v -0.047792 0.248075 -0.111389
v -0.039030 0.248091 -0.027796
v -0.021456 0.248083 -0.019351
v -0.025417 0.248088 -0.038949
v -0.033092 0.248088 -0.038950
v -0.036873 0.248089 -0.036006
v 0.144731 0.247892 -0.113981
v 0.117060 0.247954 -0.083707
v 0.096435 0.247953 -0.083708
v -0.021456 0.248088 -0.034949
v 0.073059 0.248085 -0.019235
v 0.241783 0.247843 -0.138676
v 0.250666 0.247843 -0.129699
v 0.248071 0.247843 -0.136047
v 0.223972 0.247820 -0.149954
v 0.233320 0.247831 -0.144724
v 0.154425 0.247829 -0.144751
v 0.148777 0.247841 -0.138896
v 0.080943 0.248051 -0.035924
v 0.078020 0.248073 -0.025187
v 0.080948 0.248030 -0.046161
v 0.085351 0.248021 -0.050634
v 0.094840 0.248010 -0.055802
v 0.089451 0.248021 -0.050634
v 0.067932 0.248085 -0.019235
v 0.067932 0.248090 -0.016767
v -0.015314 0.248083 -0.019351
v -0.015314 0.248088 -0.016770
v -0.272085 0.229290 -0.070104
v -0.284529 0.231305 -0.062584
v -0.275940 0.229480 -0.069396
v -0.290624 0.235170 -0.048160
v -0.297060 0.243667 -0.016448
v -0.216257 0.229290 -0.070104
v -0.189196 0.225212 -0.085326
v -0.200633 0.228197 -0.074182
v -0.183329 0.219671 -0.106005
v -0.185009 0.221245 -0.100130
v -0.146676 0.207242 -0.152390
v -0.158629 0.209002 -0.145821
v -0.153440 0.207757 -0.150466
v -0.066617 0.210571 -0.139967
v -0.086699 0.207242 -0.152390
v -0.071501 0.208906 -0.146178
v -0.078852 0.207688 -0.150726
v -0.047819 0.240896 -0.026853
v -0.058737 0.216822 -0.116638
v 0.237088 0.211959 -0.133891
v 0.163030 0.209016 -0.144779
v 0.144740 0.213783 -0.127132
v -0.047792 0.219245 -0.107594
v -0.039030 0.240896 -0.026853
v -0.021456 0.243074 -0.018694
v -0.025417 0.238007 -0.037626
v -0.033092 0.238007 -0.037626
v -0.036873 0.238769 -0.034783
v 0.144731 0.218398 -0.110050
v 0.117060 0.226293 -0.080823
v 0.096435 0.226292 -0.080824
v -0.021456 0.239042 -0.033762
v 0.073059 0.243106 -0.018582
v 0.241783 0.211959 -0.133891
v 0.250666 0.214283 -0.125220
v 0.248071 0.212640 -0.131351
v 0.223972 0.209018 -0.144778
v 0.233320 0.210382 -0.139729
v 0.154425 0.210373 -0.139755
v 0.148777 0.211900 -0.134103
v 0.080943 0.238754 -0.034694
v 0.078020 0.241554 -0.024329
v 0.080948 0.236084 -0.044577
v 0.085351 0.234918 -0.048895
v 0.094840 0.233570 -0.053884
v 0.089451 0.234918 -0.048894
v 0.067932 0.243106 -0.018582
v 0.067932 0.243749 -0.016200
v -0.015314 0.243074 -0.018693
v -0.015314 0.243747 -0.016202
v -0.272085 0.211786 -0.062853
v -0.284529 0.215678 -0.056112
v -0.275940 0.212152 -0.062219
v -0.290624 0.223145 -0.043179
v -0.297060 0.239560 -0.014747
v -0.216257 0.211786 -0.062853
v -0.189196 0.203907 -0.076501
v -0.200633 0.209675 -0.066510
v -0.183329 0.193202 -0.095041
v -0.185009 0.196243 -0.089774
v -0.146676 0.169192 -0.136629
v -0.158629 0.172592 -0.130739
v -0.153440 0.170188 -0.134904
v -0.066617 0.175622 -0.125491
v -0.086699 0.169192 -0.136629
v -0.071501 0.172407 -0.131060
v -0.078852 0.170053 -0.135137
v -0.047819 0.234190 -0.024080
v -0.058737 0.187698 -0.104575
v 0.237088 0.178536 -0.119982
v 0.163030 0.172876 -0.129737
v 0.144740 0.182048 -0.113924
v -0.047792 0.192380 -0.096466
v -0.039030 0.234190 -0.024080
v -0.021456 0.238406 -0.016762
v -0.025417 0.228611 -0.033738
v -0.033092 0.228611 -0.033738
v -0.036873 0.230084 -0.031189
v 0.144731 0.190926 -0.098619
v 0.117060 0.206116 -0.072432
v 0.096435 0.206116 -0.072432
v -0.021456 0.230612 -0.030274
v 0.073059 0.238466 -0.016663
v 0.241783 0.178536 -0.119982
v 0.250666 0.183025 -0.112207
v 0.248071 0.179851 -0.117705
v 0.223972 0.172877 -0.129736
v 0.233320 0.175501 -0.125213
v 0.154425 0.175487 -0.125236
v 0.148777 0.178425 -0.120171
v 0.080943 0.230092 -0.031099
v 0.078020 0.235479 -0.021812
v 0.080948 0.224955 -0.039954
v 0.085351 0.222711 -0.043823
v 0.094840 0.220118 -0.048294
v 0.089451 0.222711 -0.043823
v 0.067932 0.238466 -0.016663
v 0.067932 0.239704 -0.014528
v -0.015314 0.238406 -0.016762
v -0.015314 0.239701 -0.014530
v -0.272085 0.196755 -0.051319
v -0.284529 0.202260 -0.045815
v -0.275940 0.197273 -0.050802
v -0.290624 0.212819 -0.035255
v -0.297060 0.236033 -0.012041
v -0.216257 0.196755 -0.051319
v -0.189196 0.185612 -0.062463
v -0.200633 0.193769 -0.054305
v -0.183329 0.170474 -0.077601
v -0.185009 0.174774 -0.073300
v -0.146676 0.136517 -0.111557
v -0.158629 0.141326 -0.106748
v -0.153440 0.137926 -0.110149
v -0.066617 0.145612 -0.102463
v -0.086699 0.136517 -0.111557
v -0.071501 0.141065 -0.107010
v -0.078852 0.137736 -0.110339
v -0.047819 0.228431 -0.019666
v -0.058737 0.162690 -0.085385
v 0.237088 0.149852 -0.097896
v 0.163030 0.141859 -0.105853
v 0.144740 0.154812 -0.092954
v -0.047792 0.169311 -0.078764
v -0.039030 0.228431 -0.019666
v -0.021456 0.234397 -0.013689
v -0.025417 0.220543 -0.027551
v -0.033092 0.220542 -0.027551
v -0.036873 0.222624 -0.025470
v 0.144731 0.167349 -0.080468
v 0.117060 0.188799 -0.059104
v 0.096435 0.188799 -0.059104
v -0.021456 0.223371 -0.024722
v 0.073059 0.234481 -0.013608
v 0.241783 0.149852 -0.097895
v 0.250666 0.156200 -0.091548
v 0.248071 0.151711 -0.096036
v 0.223972 0.141861 -0.105853
v 0.233320 0.145567 -0.102163
v 0.154425 0.145547 -0.102181
v 0.148777 0.149695 -0.098049
v 0.080943 0.222655 -0.025385
v 0.078020 0.230263 -0.017809
v 0.080948 0.215402 -0.032609
v 0.085351 0.212233 -0.035765
v 0.094840 0.208571 -0.039413
v 0.089451 0.212233 -0.035765
v 0.067932 0.234480 -0.013608
v 0.067932 0.236229 -0.011867
v -0.015314 0.234397 -0.013689
v -0.015314 0.236226 -0.011868
v -0.272085 0.185221 -0.036288
v -0.284529 0.191963 -0.032396
v -0.275940 0.185855 -0.035922
v -0.290624 0.204896 -0.024929
v -0.297060 0.233327 -0.008514
v -0.216257 0.185221 -0.036288
v -0.189196 0.171574 -0.044168
v -0.200633 0.181564 -0.038400
v -0.183329 0.153033 -0.054872
v -0.185009 0.158300 -0.051831
v -0.146676 0.111445 -0.078883
v -0.158629 0.117335 -0.075482
v -0.153440 0.113170 -0.077887
v -0.066617 0.122584 -0.072452
v -0.086699 0.111445 -0.078883
v -0.071501 0.117015 -0.075667
v -0.078852 0.112938 -0.078021
v -0.047819 0.224010 -0.013912
v -0.058737 0.143500 -0.060376
v 0.237088 0.127862 -0.069138
v 0.163030 0.118082 -0.074756
v 0.144740 0.133931 -0.065648
v -0.047792 0.151609 -0.055694
v -0.039030 0.224010 -0.013912
v -0.021456 0.231320 -0.009682
v -0.025417 0.214350 -0.019486
v -0.033092 0.214350 -0.019486
v -0.036873 0.216899 -0.018015
v 0.144731 0.149273 -0.056833
v 0.117060 0.175522 -0.041749
v 0.096435 0.175521 -0.041749
v -0.021456 0.217814 -0.017486
v 0.073059 0.231422 -0.009626
v 0.241783 0.127862 -0.069138
v 0.250666 0.135636 -0.064650
v 0.248071 0.130139 -0.067823
v 0.223972 0.118084 -0.074756
v 0.233320 0.122618 -0.072151
v 0.154425 0.122594 -0.072163
v 0.148777 0.127671 -0.069246
v 0.080943 0.216951 -0.017941
v 0.078020 0.226261 -0.012592
v 0.080948 0.208076 -0.023042
v 0.085351 0.204197 -0.025270
v 0.094840 0.199716 -0.027845
v 0.089451 0.204198 -0.025270
v 0.067932 0.231422 -0.009626
v 0.067932 0.233561 -0.008397
v -0.015314 0.231321 -0.009682
v -0.015314 0.233558 -0.008397
v -0.272085 0.177971 -0.018784
v -0.284529 0.185490 -0.016769
v -0.275940 0.178678 -0.018595
v -0.290624 0.199915 -0.012904
v -0.297060 0.231626 -0.004407
v -0.216257 0.177971 -0.018784
v -0.189196 0.162749 -0.022863
v -0.200633 0.173892 -0.019877
v -0.183329 0.142070 -0.028404
v -0.185009 0.147945 -0.026830
v -0.146676 0.095685 -0.040833
v -0.158629 0.102254 -0.039073
v -0.153440 0.097609 -0.040317
v -0.066617 0.108108 -0.037504
v -0.086699 0.095685 -0.040833
v -0.071501 0.101896 -0.039168
v -0.078852 0.097349 -0.040387
v -0.047819 0.221230 -0.007210
v -0.058737 0.131437 -0.031253
v 0.237088 0.114063 -0.035669
v 0.163030 0.103163 -0.038564
v 0.144740 0.120830 -0.033869
v -0.047792 0.140481 -0.028830
v -0.039030 0.221230 -0.007210
v -0.021456 0.229385 -0.005016
v -0.025417 0.210456 -0.010094
v -0.033092 0.210456 -0.010094
v -0.036873 0.213299 -0.009333
v 0.144731 0.137930 -0.029324
v 0.117060 0.167188 -0.021548
v 0.096435 0.167188 -0.021548
v -0.021456 0.214320 -0.009059
v 0.073059 0.229498 -0.004988
v 0.241783 0.114064 -0.035669
v 0.250666 0.122735 -0.033345
v 0.248071 0.116603 -0.034988
v 0.223972 0.103165 -0.038565
v 0.233320 0.108219 -0.037222
v 0.154425 0.108192 -0.037228
v 0.148777 0.113851 -0.035723
v 0.080943 0.213368 -0.009275
v 0.078020 0.223745 -0.006517
v 0.080948 0.203475 -0.011904
v 0.085351 0.199152 -0.013053
v 0.094840 0.194157 -0.014381
v 0.089451 0.199152 -0.013053
v 0.067932 0.229498 -0.004988
v 0.067932 0.231882 -0.004354
v -0.015314 0.229385 -0.005016
v -0.015314 0.231880 -0.004353
v -0.272085 0.175498 0.000000
v -0.284529 0.183282 0.000000
v -0.275940 0.176230 0.000000
v -0.290624 0.198216 0.000000
v -0.297060 0.231046 0.000000
v -0.216257 0.175498 0.000000
v -0.189196 0.159739 0.000000
v -0.200633 0.171275 0.000000
v -0.183329 0.138330 0.000000
v -0.185009 0.144412 0.000000
v -0.146676 0.090309 0.000000
v -0.158629 0.097110 0.000000
v -0.153440 0.092301 0.000000
v -0.066617 0.103170 0.000000
v -0.086699 0.090309 0.000000
v -0.071501 0.096740 0.000000
v -0.078852 0.092032 0.000000
v -0.047819 0.220278 -0.000016
v -0.058737 0.127322 0.000000
v 0.237088 0.109398 0.000231
v 0.163030 0.098119 0.000256
v 0.144740 0.116400 0.000219
v -0.047792 0.136685 0.000000
v -0.039030 0.220278 -0.000016
v -0.021456 0.228724 -0.000008
v -0.025417 0.209125 -0.000013
v -0.033092 0.209125 -0.000013
v -0.036873 0.212068 -0.000014
v 0.144731 0.134093 0.000182
v 0.117060 0.164368 0.000121
v 0.096435 0.164367 0.000121
v -0.021456 0.213125 -0.000013
v 0.073059 0.228840 -0.000010
v 0.241783 0.109398 0.000231
v 0.250666 0.118375 0.000231
v 0.248071 0.112028 0.000231
v 0.223972 0.098121 0.000255
v 0.233320 0.103351 0.000244
v 0.154425 0.103323 0.000245
v 0.148777 0.109179 0.000233
v 0.080943 0.212150 0.000024
v 0.078020 0.222887 0.000002
v 0.080948 0.201914 0.000045
v 0.085351 0.197441 0.000054
v 0.094840 0.192273 0.000064
v 0.089451 0.197441 0.000054
v 0.067932 0.228839 -0.000010
v 0.067932 0.231307 -0.000015
v -0.015314 0.228724 -0.000008
v -0.015314 0.231305 -0.000014
v -0.272085 0.177971 0.018784
v -0.284529 0.185490 0.016770
v -0.275940 0.178678 0.018595
v -0.290624 0.199915 0.012904
v -0.297060 0.231626 0.004407
v -0.216257 0.177971 0.018784
v -0.189196 0.162749 0.022863
v -0.200633 0.173892 0.019877
v -0.183329 0.142070 0.028404
v -0.185009 0.147945 0.026830
v -0.146676 0.095685 0.040833
v -0.158629 0.102254 0.039073
v -0.153440 0.097609 0.040317
v -0.066617 0.108108 0.037504
v -0.086699 0.095685 0.040833
v -0.071501 0.101896 0.039168
v -0.078852 0.097349 0.040387
v -0.047819 0.221221 0.007179
v -0.058737 0.131437 0.031253
v 0.237088 0.114183 0.036116
v 0.163030 0.103295 0.039058
v 0.144740 0.120943 0.034291
v -0.047792 0.140481 0.028830
v -0.039030 0.221221 0.007179
v -0.021456 0.229381 0.005000
v -0.025417 0.210449 0.010068
v -0.033092 0.210449 0.010068
v -0.036873 0.213291 0.009306
v 0.144731 0.138024 0.029677
v 0.117060 0.167251 0.021782
v 0.096435 0.167251 0.021782
v -0.021456 0.214313 0.009033
v 0.073059 0.229492 0.004969
v 0.241783 0.114183 0.036115
v 0.250666 0.122854 0.033792
v 0.248071 0.116723 0.035435
v 0.223972 0.103296 0.039057
v 0.233320 0.108345 0.037693
v 0.154425 0.108319 0.037701
v 0.148777 0.113972 0.036174
v 0.080943 0.213381 0.009321
v 0.078020 0.223746 0.006521
v 0.080948 0.203498 0.011991
v 0.085351 0.199180 0.013157
v 0.094840 0.194191 0.014505
v 0.089451 0.199180 0.013157
v 0.067932 0.229492 0.004969
v 0.067932 0.231875 0.004325
v -0.015314 0.229381 0.005000
v -0.015314 0.231873 0.004327
v -0.272085 0.185221 0.036288
v -0.284529 0.191963 0.032396
v -0.275940 0.185855 0.035922
v -0.290624 0.204896 0.024929
v -0.297060 0.233327 0.008514
v -0.216257 0.185221 0.036288
v -0.189196 0.171574 0.044168
v -0.200633 0.181564 0.038400
v -0.183329 0.153033 0.054872
v -0.185009 0.158300 0.051831
v -0.146676 0.111445 0.078883
v -0.158629 0.117335 0.075483
v -0.153440 0.113170 0.077887
v -0.066617 0.122584 0.072452
v -0.086699 0.111445 0.078883
v -0.071501 0.117015 0.075668
v -0.078852 0.112938 0.078021
v -0.047819 0.223994 0.013884
v -0.058737 0.143500 0.060376
v 0.237088 0.128093 0.069539
v 0.163030 0.118337 0.075199
v 0.144740 0.134150 0.066027
v -0.047792 0.151609 0.055695
v -0.039030 0.223994 0.013884
v -0.021456 0.231312 0.009668
v -0.025417 0.214337 0.019463
v -0.033092 0.214336 0.019463
v -0.036873 0.216885 0.017991
v 0.144731 0.149455 0.057149
v 0.117060 0.175643 0.041958
v 0.096435 0.175642 0.041959
v -0.021456 0.217801 0.017463
v 0.073059 0.231412 0.009609
v 0.241783 0.128093 0.069538
v 0.250666 0.135867 0.065050
v 0.248071 0.130370 0.068224
v 0.223972 0.118338 0.075197
v 0.233320 0.122862 0.072573
v 0.154425 0.122839 0.072588
v 0.148777 0.127904 0.069650
v 0.080943 0.216975 0.017983
v 0.078020 0.226263 0.012595
v 0.080948 0.208120 0.023119
v 0.085351 0.204251 0.025364
v 0.094840 0.199781 0.027957
v 0.089451 0.204251 0.025363
v 0.067932 0.231411 0.009609
v 0.067932 0.233546 0.008371
v -0.015314 0.231312 0.009668
v -0.015314 0.233545 0.008373
v -0.272085 0.196755 0.051320
v -0.284529 0.202260 0.045815
v -0.275940 0.197273 0.050802
v -0.290624 0.212819 0.035255
v -0.297060 0.236033 0.012041
v -0.216257 0.196755 0.051320
v -0.189196 0.185612 0.062463
v -0.200633 0.193769 0.054305
v -0.183329 0.170474 0.077601
v -0.185009 0.174774 0.073300
v -0.146676 0.136517 0.111557
v -0.158629 0.141326 0.106748
v -0.153440 0.137926 0.110149
v -0.066617 0.145612 0.102463
v -0.086699 0.136517 0.111557
v -0.071501 0.141065 0.107010
v -0.078852 0.137736 0.110339
v -0.047819 0.228408 0.019644
v -0.058737 0.162690 0.085385
v 0.237088 0.150179 0.098223
v 0.163030 0.142221 0.106215
v 0.144740 0.155121 0.093263
v -0.047792 0.169311 0.078764
v -0.039030 0.228408 0.019644
v -0.021456 0.234386 0.013677
v -0.025417 0.220524 0.027532
v -0.033092 0.220524 0.027532
v -0.036873 0.222604 0.025450
v 0.144731 0.167607 0.080726
v 0.117060 0.188970 0.059275
v 0.096435 0.188970 0.059276
v -0.021456 0.223352 0.024703
v 0.073059 0.234466 0.013594
v 0.241783 0.150179 0.098223
v 0.250666 0.156527 0.091875
v 0.248071 0.152038 0.096363
v 0.223972 0.142221 0.106213
v 0.233320 0.145912 0.102508
v 0.154425 0.145893 0.102528
v 0.148777 0.150025 0.098379
v 0.080943 0.222689 0.025419
v 0.078020 0.230266 0.017812
v 0.080948 0.215465 0.032672
v 0.085351 0.212309 0.035842
v 0.094840 0.208662 0.039503
v 0.089451 0.212309 0.035842
v 0.067932 0.234466 0.013594
v 0.067932 0.236208 0.011846
v -0.015314 0.234386 0.013677
v -0.015314 0.236207 0.011848
v -0.272085 0.211786 0.062853
v -0.284529 0.215678 0.056112
v -0.275940 0.212152 0.062219
v -0.290624 0.223145 0.043179
v -0.297060 0.239560 0.014747
v -0.216257 0.211786 0.062853
v -0.189196 0.203907 0.076501
v -0.200633 0.209675 0.066510
v -0.183329 0.193203 0.095041
v -0.185009 0.196243 0.089774
v -0.146676 0.169192 0.136629
v -0.158629 0.172592 0.130740
v -0.153440 0.170188 0.134904
v -0.066617 0.175623 0.125491
v -0.086699 0.169192 0.136629
v -0.071501 0.172407 0.131060
v -0.078852 0.170053 0.135137
v -0.047819 0.234162 0.024064
v -0.058737 0.187698 0.104575
v 0.237088 0.178937 0.120213
v 0.163030 0.173318 0.129993
v 0.144740 0.182426 0.114143
v -0.047792 0.192380 0.096466
v -0.039030 0.234162 0.024064
v -0.021456 0.238392 0.016754
v -0.025417 0.228588 0.033725
v -0.033092 0.228588 0.033725
v -0.036873 0.230059 0.031175
v 0.144731 0.191242 0.098802
v 0.117060 0.206326 0.072553
v 0.096435 0.206326 0.072554
v -0.021456 0.230588 0.030260
v 0.073059 0.238448 0.016653
v 0.241783 0.178937 0.120213
v 0.250666 0.183425 0.112439
v 0.248071 0.180251 0.117936
v 0.223972 0.173318 0.129991
v 0.233320 0.175924 0.125457
v 0.154425 0.175911 0.125481
v 0.148777 0.178829 0.120404
v 0.080943 0.230133 0.031123
v 0.078020 0.235482 0.021814
v 0.080948 0.225033 0.039999
v 0.085351 0.222804 0.043877
v 0.094840 0.220229 0.048358
v 0.089451 0.222804 0.043877
v 0.067932 0.238448 0.016653
v 0.067932 0.239678 0.014513
v -0.015314 0.238392 0.016754
v -0.015314 0.239678 0.014516
v -0.272085 0.229290 0.070104
v -0.284529 0.231305 0.062585
v -0.275940 0.229480 0.069397
v -0.290624 0.235170 0.048160
v -0.297060 0.243667 0.016449
v -0.216257 0.229290 0.070104
v -0.189196 0.225212 0.085326
v -0.200633 0.228197 0.074182
v -0.183329 0.219671 0.106005
v -0.185009 0.221245 0.100130
v -0.146676 0.207242 0.152390
v -0.158629 0.209002 0.145821
v -0.153440 0.207757 0.150466
v -0.066617 0.210571 0.139967
v -0.086699 0.207242 0.152390
v -0.071501 0.208906 0.146178
v -0.078852 0.207688 0.150726
v -0.047819 0.240865 0.026845
v -0.058737 0.216822 0.116638
v 0.237088 0.212406 0.134011
v 0.163030 0.209510 0.144912
v 0.144740 0.214206 0.127245
v -0.047792 0.219245 0.107594
v -0.039030 0.240865 0.026845
v -0.021456 0.243058 0.018689
v -0.025417 0.237981 0.037619
v -0.033092 0.237981 0.037619
v -0.036873 0.238742 0.034776
v 0.144731 0.218750 0.110145
v 0.117060 0.226526 0.080886
v 0.096435 0.226527 0.080887
v -0.021456 0.239016 0.033755
v 0.073059 0.243086 0.018577
v 0.241783 0.212406 0.134011
v 0.250666 0.214729 0.125340
v 0.248071 0.213086 0.131471
v 0.223972 0.209510 0.144910
v 0.233320 0.210853 0.139856
v 0.154425 0.210847 0.139882
v 0.148777 0.212351 0.134223
v 0.080943 0.238800 0.034706
v 0.078020 0.241557 0.024330
v 0.080948 0.236170 0.044600
v 0.085351 0.235022 0.048923
v 0.094840 0.233694 0.053917
v 0.089451 0.235022 0.048922
v 0.067932 0.243086 0.018577
v 0.067932 0.243720 0.016192
v -0.015314 0.243058 0.018689
v -0.015314 0.243721 0.016195
v -0.272085 0.248075 0.072577
v -0.284529 0.248075 0.064792
v -0.275940 0.248075 0.071845
v -0.290624 0.248075 0.049859
v -0.297060 0.248075 0.017029
v -0.216257 0.248075 0.072577
v -0.189196 0.248075 0.088336
v -0.200633 0.248075 0.076799
v -0.183329 0.248075 0.109744
v -0.185009 0.248075 0.103662
v -0.146676 0.248075 0.157766
v -0.158629 0.248075 0.150965
v -0.153440 0.248075 0.155774
v -0.066617 0.248075 0.144904
v -0.086699 0.248075 0.157766
v -0.071501 0.248075 0.151335
v -0.078852 0.248075 0.156043
v -0.047819 0.248058 0.027796
v -0.058737 0.248075 0.120752
v 0.237088 0.248306 0.138677
v 0.163030 0.248330 0.149955
v 0.144740 0.248293 0.131675
v -0.047792 0.248075 0.111389
v -0.039030 0.248058 0.027796
v -0.021456 0.248066 0.019351
v -0.025417 0.248061 0.038950
v -0.033092 0.248061 0.038950
v -0.036873 0.248060 0.036006
v 0.144731 0.248257 0.113981
v 0.117060 0.248195 0.083707
v 0.096435 0.248196 0.083708
v -0.021456 0.248061 0.034949
v 0.073059 0.248064 0.019235
v 0.241783 0.248306 0.138676
v 0.250666 0.248306 0.129699
v 0.248071 0.248306 0.136047
v 0.223972 0.248329 0.149954
v 0.233320 0.248318 0.144724
v 0.154425 0.248320 0.144751
v 0.148777 0.248308 0.138896
v 0.080943 0.248098 0.035924
v 0.078020 0.248076 0.025188
v 0.080948 0.248119 0.046161
v 0.085351 0.248128 0.050634
v 0.094840 0.248139 0.055802
v 0.089451 0.248128 0.050634
v 0.067932 0.248065 0.019235
v 0.067932 0.248059 0.016767
v -0.015314 0.248066 0.019351
v -0.015314 0.248061 0.016770
v -0.272085 0.266859 0.070104
v -0.284529 0.264844 0.062584
v -0.275940 0.266669 0.069397
v -0.290624 0.260979 0.048160
v -0.297060 0.252482 0.016449
v -0.216257 0.266859 0.070104
v -0.189196 0.270938 0.085326
v -0.200633 0.267952 0.074182
v -0.183329 0.276478 0.106005
v -0.185009 0.274904 0.100130
v -0.146676 0.288907 0.152390
v -0.158629 0.287147 0.145821
v -0.153440 0.288392 0.150466
v -0.066617 0.285578 0.139967
v -0.086699 0.288907 0.152390
v -0.071501 0.287243 0.146178
v -0.078852 0.288461 0.150726
v -0.047819 0.255253 0.026853
v -0.058737 0.279328 0.116638
v 0.237088 0.284190 0.133891
v 0.163030 0.287133 0.144779
v 0.144740 0.282366 0.127132
v -0.047792 0.276904 0.107594
v -0.039030 0.255253 0.026853
v -0.021456 0.253075 0.018694
v -0.025417 0.258142 0.037626
v -0.033092 0.258143 0.037626
v -0.036873 0.257380 0.034783
v 0.144731 0.277751 0.110050
v 0.117060 0.269856 0.080824
v 0.096435 0.269857 0.080824
v -0.021456 0.257107 0.033762
v 0.073059 0.253043 0.018582
v 0.241783 0.284190 0.133891
v 0.250666 0.281866 0.125220
v 0.248071 0.283509 0.131352
v 0.223972 0.287131 0.144778
v 0.233320 0.285767 0.139729
v 0.154425 0.285776 0.139756
v 0.148777 0.284249 0.134103
v 0.080943 0.257395 0.034694
v 0.078020 0.254595 0.024329
v 0.080948 0.260065 0.044577
v 0.085351 0.261232 0.048895
v 0.094840 0.262579 0.053884
v 0.089451 0.261231 0.048895
v 0.067932 0.253043 0.018582
v 0.067932 0.252400 0.016200
v -0.015314 0.253075 0.018693
v -0.015314 0.252402 0.016202
v -0.272085 0.284363 0.062853
v -0.284529 0.280471 0.056112
v -0.275940 0.283997 0.062219
v -0.290624 0.273004 0.043179
v -0.297060 0.256589 0.014747
v -0.216257 0.284363 0.062853
v -0.189196 0.292242 0.076501
v -0.200633 0.286474 0.066510
v -0.183329 0.302947 0.095041
v -0.185009 0.299906 0.089774
v -0.146676 0.326957 0.136629
v -0.158629 0.323557 0.130740
v -0.153440 0.325962 0.134904
v -0.066617 0.320527 0.125491
v -0.086699 0.326957 0.136629
v -0.071501 0.323742 0.131060
v -0.078852 0.326096 0.135137
v -0.047819 0.261959 0.024081
v -0.058737 0.308451 0.104575
v 0.237088 0.317613 0.119982
v 0.163030 0.323274 0.129737
v 0.144740 0.314101 0.113925
v -0.047792 0.303769 0.096466
v -0.039030 0.261959 0.024081
v -0.021456 0.257743 0.016762
v -0.025417 0.267538 0.033738
v -0.033092 0.267538 0.033738
v -0.036873 0.266066 0.031190
v 0.144731 0.305223 0.098620
v 0.117060 0.290033 0.072432
v 0.096435 0.290033 0.072432
v -0.021456 0.265538 0.030274
v 0.073059 0.257683 0.016663
v 0.241783 0.317613 0.119982
v 0.250666 0.313124 0.112207
v 0.248071 0.316298 0.117705
v 0.223972 0.323272 0.129736
v 0.233320 0.320648 0.125213
v 0.154425 0.320663 0.125236
v 0.148777 0.317724 0.120171
v 0.080943 0.266057 0.031099
v 0.078020 0.260670 0.021812
v 0.080948 0.271194 0.039954
v 0.085351 0.273438 0.043823
v 0.094840 0.276031 0.048294
v 0.089451 0.273438 0.043823
v 0.067932 0.257683 0.016663
v 0.067932 0.256445 0.014528
v -0.015314 0.257743 0.016762
v -0.015314 0.256448 0.014530
v -0.272085 0.299394 0.051320
v -0.284529 0.293890 0.045815
v -0.275940 0.298876 0.050802
v -0.290624 0.283330 0.035255
v -0.297060 0.260116 0.012041
v -0.216257 0.299394 0.051320
v -0.189196 0.310537 0.062463
v -0.200633 0.302380 0.054305
v -0.183329 0.325675 0.077601
v -0.185009 0.321375 0.073300
v -0.146676 0.359632 0.111557
v -0.158629 0.354823 0.106748
v -0.153440 0.358223 0.110149
v -0.066617 0.350537 0.102463
v -0.086699 0.359632 0.111557
v -0.071501 0.355085 0.107010
v -0.078852 0.358413 0.110339
v -0.047819 0.267718 0.019667
v -0.058737 0.333459 0.085385
v 0.237088 0.346297 0.097896
v 0.163030 0.354290 0.105854
v 0.144740 0.341337 0.092954
v -0.047792 0.326839 0.078764
v -0.039030 0.267718 0.019667
v -0.021456 0.261752 0.013689
v -0.025417 0.275606 0.027551
v -0.033092 0.275607 0.027551
v -0.036873 0.273525 0.025470
v 0.144731 0.328801 0.080468
v 0.117060 0.307350 0.059104
v 0.096435 0.307351 0.059104
v -0.021456 0.272778 0.024722
v 0.073059 0.261669 0.013608
v 0.241783 0.346297 0.097896
v 0.250666 0.339949 0.091548
v 0.248071 0.344438 0.096036
v 0.223972 0.354288 0.105853
v 0.233320 0.350582 0.102163
v 0.154425 0.350603 0.102181
v 0.148777 0.346454 0.098049
v 0.080943 0.273494 0.025385
v 0.078020 0.265886 0.017809
v 0.080948 0.280747 0.032609
v 0.085351 0.283916 0.035765
v 0.094840 0.287578 0.039413
v 0.089451 0.283916 0.035765
v 0.067932 0.261669 0.013608
v 0.067932 0.259920 0.011867
v -0.015314 0.261752 0.013689
v -0.015314 0.259923 0.011868
v -0.272085 0.310928 0.036288
v -0.284529 0.304186 0.032396
v -0.275940 0.310294 0.035922
v -0.290624 0.291253 0.024929
v -0.297060 0.262822 0.008514
v -0.216257 0.310928 0.036288
v -0.189196 0.324575 0.044168
v -0.200633 0.314585 0.038400
v -0.183329 0.343116 0.054872
v -0.185009 0.337849 0.051831
v -0.146676 0.384704 0.078883
v -0.158629 0.378814 0.075483
v -0.153440 0.382979 0.077887
v -0.066617 0.373565 0.072452
v -0.086699 0.384704 0.078883
v -0.071501 0.379134 0.075667
v -0.078852 0.383211 0.078021
v -0.047819 0.272139 0.013912
v -0.058737 0.352649 0.060376
v 0.237088 0.368288 0.069138
v 0.163030 0.378067 0.074756
v 0.144740 0.362218 0.065648
v -0.047792 0.344540 0.055695
v -0.039030 0.272139 0.013912
v -0.021456 0.264829 0.009683
v -0.025417 0.281799 0.019486
v -0.033092 0.281799 0.019486
v -0.036873 0.279250 0.018015
v 0.144731 0.346877 0.056833
v 0.117060 0.320627 0.041749
v 0.096435 0.320628 0.041749
v -0.021456 0.278335 0.017486
v 0.073059 0.264727 0.009626
v 0.241783 0.368287 0.069138
v 0.250666 0.360513 0.064650
v 0.248071 0.366010 0.067823
v 0.223972 0.378066 0.074756
v 0.233320 0.373531 0.072151
v 0.154425 0.373555 0.072163
v 0.148777 0.368478 0.069246
v 0.080943 0.279198 0.017942
v 0.078020 0.269889 0.012592
v 0.080948 0.288074 0.023042
v 0.085351 0.291952 0.025270
v 0.094840 0.296433 0.027845
v 0.089451 0.291952 0.025270
v 0.067932 0.264728 0.009626
v 0.067932 0.262588 0.008397
v -0.015314 0.264829 0.009683
v -0.015314 0.262591 0.008397
v -0.272085 0.318178 0.018784
v -0.284529 0.310659 0.016769
v -0.275940 0.317471 0.018595
v -0.290624 0.296234 0.012904
v -0.297060 0.264523 0.004407
v -0.216257 0.318178 0.018784
v -0.189196 0.333400 0.022863
v -0.200633 0.322257 0.019877
v -0.183329 0.354079 0.028404
v -0.185009 0.348205 0.026830
v -0.146676 0.400465 0.040833
v -0.158629 0.393896 0.039073
v -0.153440 0.398541 0.040317
v -0.066617 0.388041 0.037504
v -0.086699 0.400465 0.040833
v -0.071501 0.394253 0.039168
v -0.078852 0.398800 0.040387
v -0.047819 0.274920 0.007210
v -0.058737 0.364712 0.031253
v 0.237088 0.382086 0.035669
v 0.163030 0.392986 0.038564
v 0.144740 0.375319 0.033869
v -0.047792 0.355668 0.028830
v -0.039030 0.274920 0.007210
v -0.021456 0.266764 0.005016
v -0.025417 0.285693 0.010094
v -0.033092 0.285694 0.010094
v -0.036873 0.282850 0.009333
v 0.144731 0.358219 0.029324
v 0.117060 0.328961 0.021548
v 0.096435 0.328961 0.021548
v -0.021456 0.281830 0.009059
v 0.073059 0.266651 0.004988
v 0.241783 0.382086 0.035669
v 0.250666 0.373414 0.033345
v 0.248071 0.379546 0.034988
v 0.223972 0.392985 0.038565
v 0.233320 0.387930 0.037222
v 0.154425 0.387957 0.037228
v 0.148777 0.382298 0.035723
v 0.080943 0.282781 0.009275
v 0.078020 0.272404 0.006517
v 0.080948 0.292674 0.011904
v 0.085351 0.296997 0.013053
v 0.094840 0.301992 0.014381
v 0.089451 0.296997 0.013053
v 0.067932 0.266652 0.004988
v 0.067932 0.264267 0.004354
v -0.015314 0.266764 0.005016
v -0.015314 0.264269 0.004353
v 0.250666 0.372834 -0.000222
v 0.250666 0.368525 -0.032505
v 0.250666 0.356008 -0.062572
v 0.250666 0.336136 -0.088375
v 0.250666 0.310262 -0.108156
v 0.250666 0.280150 -0.120566
v 0.250666 0.247852 -0.124760
v 0.250666 0.215570 -0.120451
v 0.250666 0.185502 -0.107934
v 0.250666 0.159699 -0.088061
v 0.250666 0.139918 -0.062187
v 0.250666 0.127509 -0.032075
v 0.250666 0.123315 0.000222
v 0.250666 0.127624 0.032505
v 0.250666 0.140141 0.062572
v 0.250666 0.160013 0.088376
v 0.250666 0.185887 0.108156
v 0.250666 0.215999 0.120566
v 0.250666 0.248297 0.124760
v 0.250666 0.280579 0.120451
v 0.250666 0.310647 0.107934
v 0.250666 0.336450 0.088061
v 0.250666 0.356231 0.062187
v 0.250666 0.368640 0.032075
v 0.246993 0.372834 -0.000222
v 0.246993 0.368525 -0.032505
v 0.246993 0.356008 -0.062572
v 0.246993 0.336136 -0.088375
v 0.246993 0.310262 -0.108156
v 0.246993 0.280150 -0.120566
v 0.246993 0.247852 -0.124760
v 0.246993 0.215570 -0.120451
v 0.246993 0.185502 -0.107934
v 0.246993 0.159699 -0.088061
v 0.246993 0.139918 -0.062187
v 0.246993 0.127509 -0.032075
v 0.246993 0.123315 0.000222
v 0.246993 0.127624 0.032505
v 0.246993 0.140141 0.062572
v 0.246993 0.160013 0.088376
v 0.246993 0.185887 0.108156
v 0.246993 0.215999 0.120566
v 0.246993 0.248297 0.124760
v 0.246993 0.280579 0.120451
v 0.246993 0.310647 0.107934
v 0.246993 0.336450 0.088061
v 0.246993 0.356231 0.062187
v 0.246993 0.368640 0.032075
v 0.295637 0.367648 -0.000213
v 0.316570 0.303703 -0.000099
v 0.301645 0.361040 -0.000201
v 0.308240 0.348005 -0.000178
v 0.316570 0.301782 -0.014493
v 0.295637 0.363518 -0.031154
v 0.308240 0.344553 -0.026036
v 0.301645 0.357139 -0.029432
v 0.316570 0.296200 -0.027900
v 0.295637 0.351522 -0.059971
v 0.308240 0.334527 -0.050119
v 0.301645 0.345805 -0.056657
v 0.316570 0.287340 -0.039405
v 0.295637 0.332475 -0.084702
v 0.308240 0.318610 -0.070787
v 0.301645 0.327811 -0.080021
v 0.316570 0.275803 -0.048225
v 0.295637 0.307677 -0.103660
v 0.308240 0.297885 -0.086631
v 0.301645 0.304383 -0.097932
v 0.316570 0.262376 -0.053758
v 0.295637 0.278817 -0.115554
v 0.308240 0.273766 -0.096571
v 0.301645 0.277118 -0.109168
v 0.316570 0.247975 -0.055628
v 0.295637 0.247861 -0.119573
v 0.308240 0.247896 -0.099930
v 0.301645 0.247873 -0.112966
v 0.316570 0.233581 -0.053707
v 0.295637 0.216921 -0.115444
v 0.308240 0.222039 -0.096479
v 0.301645 0.218642 -0.109064
v 0.316570 0.220175 -0.048126
v 0.295637 0.188103 -0.103447
v 0.308240 0.197955 -0.086453
v 0.301645 0.191417 -0.097730
v 0.316570 0.208669 -0.039265
v 0.295637 0.163373 -0.084400
v 0.308240 0.177287 -0.070535
v 0.301645 0.168053 -0.079736
v 0.316570 0.199850 -0.027728
v 0.295637 0.144415 -0.059602
v 0.308240 0.161444 -0.049811
v 0.301645 0.150143 -0.056308
v 0.316570 0.194316 -0.014302
v 0.295637 0.132521 -0.030742
v 0.308240 0.151503 -0.025692
v 0.301645 0.138906 -0.029043
v 0.316570 0.192446 0.000099
v 0.295637 0.128501 0.000213
v 0.308240 0.148145 0.000178
v 0.301645 0.135109 0.000201
v 0.316570 0.194367 0.014493
v 0.295637 0.132631 0.031154
v 0.308240 0.151596 0.026036
v 0.301645 0.139010 0.029432
v 0.316570 0.199949 0.027900
v 0.295637 0.144628 0.059971
v 0.308240 0.161622 0.050119
v 0.301645 0.150344 0.056657
v 0.316570 0.208810 0.039405
v 0.295637 0.163674 0.084702
v 0.308240 0.177539 0.070787
v 0.301645 0.168338 0.080021
v 0.316570 0.220346 0.048225
v 0.295637 0.188472 0.103660
v 0.308240 0.198264 0.086631
v 0.301645 0.191766 0.097932
v 0.316570 0.233773 0.053758
v 0.295637 0.217333 0.115554
v 0.308240 0.222383 0.096571
v 0.301645 0.219031 0.109168
v 0.316570 0.248174 0.055628
v 0.295637 0.248288 0.119573
v 0.308240 0.248253 0.099930
v 0.301645 0.248276 0.112966
v 0.316570 0.262568 0.053707
v 0.295637 0.279228 0.115444
v 0.308240 0.274110 0.096479
v 0.301645 0.277507 0.109064
v 0.316570 0.275975 0.048126
v 0.295637 0.308046 0.103447
v 0.308240 0.298194 0.086453
v 0.301645 0.304732 0.097730
v 0.316570 0.287480 0.039265
v 0.295637 0.332776 0.084400
v 0.308240 0.318862 0.070535
v 0.301645 0.328096 0.079736
v 0.316570 0.296300 0.027728
v 0.295637 0.351735 0.059602
v 0.308240 0.334706 0.049811
v 0.301645 0.346006 0.056308
v 0.316570 0.301833 0.014302
v 0.295637 0.363629 0.030742
v 0.308240 0.344646 0.025692
v 0.301645 0.357243 0.029043
v 0.312112 0.332034 -0.000150
v 0.312112 0.329134 -0.021875
v 0.312112 0.320711 -0.042109
v 0.312112 0.307337 -0.059474
v 0.312112 0.289925 -0.072786
v 0.312112 0.269660 -0.081137
v 0.312112 0.247925 -0.083959
v 0.312112 0.226200 -0.081060
v 0.312112 0.205965 -0.072636
v 0.312112 0.188600 -0.059262
v 0.312112 0.175289 -0.041850
v 0.312112 0.166937 -0.021586
v 0.312112 0.164115 0.000150
v 0.312112 0.167015 0.021875
v 0.312112 0.175438 0.042109
v 0.312112 0.188812 0.059474
v 0.312112 0.206224 0.072786
v 0.312112 0.226489 0.081137
v 0.312112 0.248224 0.083959
v 0.312112 0.269949 0.081060
v 0.312112 0.290184 0.072636
v 0.312112 0.307549 0.059262
v 0.312112 0.320860 0.041850
v 0.312112 0.329212 0.021586
v 0.318506 0.264892 -0.000030
v 0.318506 0.264311 -0.004381
v 0.318506 0.262624 -0.008434
v 0.318506 0.259945 -0.011913
v 0.318506 0.256457 -0.014579
v 0.318506 0.252398 -0.016252
v 0.318506 0.248045 -0.016817
v 0.318506 0.243693 -0.016236
v 0.318506 0.239640 -0.014549
v 0.318506 0.236162 -0.011870
v 0.318506 0.233496 -0.008383
v 0.318506 0.231823 -0.004324
v 0.318506 0.231258 0.000030
v 0.318506 0.231838 0.004382
v 0.318506 0.233526 0.008434
v 0.318506 0.236204 0.011913
v 0.318506 0.239692 0.014579
v 0.318506 0.243751 0.016252
v 0.318506 0.248105 0.016817
v 0.318506 0.252456 0.016236
v 0.318506 0.256509 0.014549
v 0.318506 0.259987 0.011870
v 0.318506 0.262653 0.008383
v 0.318506 0.264326 0.004324
v -0.058801 0.368827 0.000000
v 0.109811 0.331782 -0.000121
v -0.058801 0.364712 -0.031253
v 0.109811 0.328898 -0.021782
v -0.058801 0.352649 -0.060376
v 0.109811 0.320507 -0.041958
v -0.058801 0.333459 -0.085385
v 0.109811 0.307179 -0.059275
v -0.058801 0.308451 -0.104575
v 0.109811 0.289823 -0.072553
v -0.058801 0.279328 -0.116638
v 0.109811 0.269623 -0.080886
v -0.058801 0.248075 -0.120752
v 0.109811 0.247954 -0.083707
v -0.058801 0.216822 -0.116638
v 0.109811 0.226293 -0.080823
v -0.058801 0.187698 -0.104575
v 0.109811 0.206116 -0.072432
v -0.058801 0.162690 -0.085385
v 0.109811 0.188799 -0.059104
v -0.058801 0.143500 -0.060376
v 0.109811 0.175522 -0.041749
v -0.058801 0.131437 -0.031253
v 0.109811 0.167188 -0.021548
v -0.058801 0.127322 0.000000
v 0.109811 0.164368 0.000121
v -0.058801 0.131437 0.031253
v 0.109811 0.167251 0.021782
v -0.058801 0.143500 0.060376
v 0.109811 0.175643 0.041958
v -0.058801 0.162690 0.085385
v 0.109811 0.188970 0.059275
v -0.058801 0.187698 0.104575
v 0.109811 0.206326 0.072553
v -0.058801 0.216822 0.116638
v 0.109811 0.226526 0.080886
v -0.058801 0.248075 0.120752
v 0.109811 0.248195 0.083707
v -0.058801 0.279328 0.116638
v 0.109811 0.269856 0.080824
v -0.058801 0.308451 0.104575
v 0.109811 0.290033 0.072432
v -0.058801 0.333459 0.085385
v 0.109811 0.307350 0.059104
v -0.058801 0.352649 0.060376
v 0.109811 0.320627 0.041749
v -0.058801 0.364712 0.031253
v 0.109811 0.328961 0.021548
v -0.004281 0.305323 -0.091999
v -0.006807 0.302707 -0.094700
v 0.000690 0.306820 -0.089484
v 0.067386 0.294510 -0.080610
v 0.060464 0.297234 -0.080422
v 0.006758 0.306432 -0.088116
v 0.075515 0.285709 -0.082326
v 0.071729 0.291112 -0.080989
v 0.077219 0.279678 -0.084413
v -0.008525 0.296326 -0.097738
v -0.007515 0.276376 -0.105763
v 0.077896 0.271460 -0.087653
v -0.007060 0.248037 -0.109384
v 0.078508 0.247976 -0.090584
v 0.077886 0.224499 -0.087605
v -0.007518 0.219702 -0.105745
v -0.006753 0.193384 -0.094653
v -0.008525 0.199823 -0.097738
v 0.071727 0.205047 -0.080972
v 0.067133 0.201455 -0.080568
v 0.077220 0.216468 -0.084421
v 0.075514 0.210444 -0.082318
v 0.000690 0.189328 -0.089486
v -0.004280 0.190824 -0.092003
v 0.006759 0.189716 -0.088118
v 0.060464 0.198906 -0.080438
v -0.006807 0.193442 0.094700
v -0.004281 0.190826 0.091999
v 0.000690 0.189329 0.089484
v 0.067386 0.201639 0.080610
v 0.060464 0.198916 0.080422
v 0.006758 0.189717 0.088116
v 0.071729 0.205037 0.080989
v 0.075515 0.210440 0.082326
v 0.077219 0.216471 0.084413
v -0.008525 0.199823 0.097738
v 0.077896 0.224689 0.087653
v -0.007515 0.219773 0.105763
v 0.078508 0.248173 0.090584
v -0.007060 0.248112 0.109384
v 0.077886 0.271650 0.087605
v -0.007518 0.276447 0.105745
v 0.077220 0.279681 0.084421
v 0.075514 0.285706 0.082318
v -0.008525 0.296326 0.097738
v -0.006753 0.302765 0.094653
v 0.071727 0.291103 0.080972
v 0.067133 0.294695 0.080568
v 0.006759 0.306433 0.088118
v 0.000690 0.306822 0.089486
v -0.004280 0.305325 0.092003
v 0.060464 0.297244 0.080438
v -0.058801 0.358089 0.000000
v 0.109811 0.324338 -0.000110
v -0.058801 0.354340 -0.028474
v 0.109811 0.321711 -0.019845
v -0.058801 0.343350 -0.055007
v 0.109811 0.314065 -0.038227
v -0.058801 0.325866 -0.077792
v 0.109811 0.301923 -0.054004
v -0.058801 0.303082 -0.095275
v 0.109811 0.286111 -0.066101
v -0.058801 0.276548 -0.106265
v 0.109811 0.267707 -0.073693
v -0.058801 0.248075 -0.110014
v 0.109811 0.247964 -0.076263
v -0.058801 0.219601 -0.106265
v 0.109811 0.228230 -0.073636
v -0.058801 0.193067 -0.095275
v 0.109811 0.209848 -0.065991
v -0.058801 0.170283 -0.077792
v 0.109811 0.194070 -0.053848
v -0.058801 0.152799 -0.055007
v 0.109811 0.181974 -0.038036
v -0.058801 0.141809 -0.028474
v 0.109811 0.174381 -0.019632
v -0.058801 0.138060 0.000000
v 0.109811 0.171811 0.000110
v -0.058801 0.141809 0.028474
v 0.109811 0.174438 0.019845
v -0.058801 0.152800 0.055007
v 0.109811 0.182084 0.038227
v -0.058801 0.170283 0.077792
v 0.109811 0.194226 0.054004
v -0.058801 0.193067 0.095275
v 0.109811 0.210038 0.066101
v -0.058801 0.219601 0.106266
v 0.109811 0.228443 0.073693
v -0.058801 0.248075 0.110014
v 0.109811 0.248185 0.076263
v -0.058801 0.276548 0.106266
v 0.109811 0.267919 0.073636
v -0.058801 0.303082 0.095275
v 0.109811 0.286302 0.065991
v -0.058801 0.325866 0.077792
v 0.109811 0.302079 0.053848
v -0.058801 0.343350 0.055007
v 0.109811 0.314175 0.038036
v -0.058801 0.354340 0.028474
v 0.109811 0.321768 0.019632
v -0.004281 0.300232 -0.083818
v -0.006807 0.297848 -0.086279
v 0.000690 0.301596 -0.081527
v 0.067386 0.290381 -0.073441
v 0.060464 0.292862 -0.073270
v 0.006758 0.301242 -0.080280
v 0.075515 0.282363 -0.075005
v 0.071729 0.287284 -0.073787
v 0.077219 0.276868 -0.076906
v -0.008525 0.292035 -0.089046
v -0.007515 0.273859 -0.096358
v 0.077896 0.269380 -0.079858
v -0.007060 0.248041 -0.099657
v 0.078508 0.247985 -0.082529
v 0.077886 0.226596 -0.079814
v -0.007518 0.222225 -0.096341
v -0.006753 0.198247 -0.086235
v -0.008525 0.204114 -0.089046
v 0.071727 0.208873 -0.073771
v 0.067133 0.205600 -0.073403
v 0.077220 0.219278 -0.076914
v 0.075514 0.213790 -0.074998
v 0.000690 0.194552 -0.081528
v -0.004280 0.195915 -0.083821
v 0.006759 0.194905 -0.080282
v 0.060464 0.203278 -0.073285
v -0.006807 0.198301 0.086279
v -0.004281 0.195917 0.083818
v 0.000690 0.194553 0.081527
v 0.067386 0.205768 0.073442
v 0.060464 0.203287 0.073270
v 0.006758 0.194907 0.080280
v 0.071729 0.208865 0.073787
v 0.075515 0.213786 0.075005
v 0.077219 0.219281 0.076906
v -0.008525 0.204114 0.089046
v 0.077896 0.226769 0.079858
v -0.007515 0.222290 0.096358
v 0.078508 0.248164 0.082529
v -0.007060 0.248108 0.099657
v 0.077886 0.269553 0.079814
v -0.007518 0.273924 0.096341
v 0.077220 0.276871 0.076914
v 0.075514 0.282359 0.074998
v -0.008525 0.292035 0.089046
v -0.006753 0.297902 0.086235
v 0.071727 0.287276 0.073771
v 0.067133 0.290549 0.073403
v 0.006759 0.301244 0.080282
v 0.000690 0.301597 0.081528
v -0.004280 0.300234 0.083821
v 0.060464 0.292871 0.073285
vn -0.0000 1.0000 -0.0014
vn -0.0000 0.9656 -0.2602
vn -0.0000 1.0000 0.0005
vn -0.0000 0.9661 -0.2583
vn -0.5124 0.8587 -0.0000
vn -0.5124 0.8295 -0.2223
vn -0.1330 0.9573 -0.2565
vn -0.1330 0.9911 -0.0000
vn 0.4882 0.8727 -0.0015
vn 0.6801 0.7332 -0.0012
vn 0.6801 0.7079 -0.1910
vn 0.4882 0.8426 -0.2273
vn -1.0000 0.0005 -0.0000
vn -0.9623 0.2718 -0.0004
vn -0.9623 0.2625 -0.0708
vn -1.0000 0.0005 -0.0001
vn -1.0000 -0.0000 -0.0000
vn -0.0000 0.9659 -0.2588
vn -0.0000 1.0000 -0.0000
vn 0.8487 0.5288 -0.0009
vn 0.8487 0.5106 -0.1377
vn -0.7381 0.6747 -0.0010
vn -0.7381 0.6747 -0.0011
vn -0.7381 0.6514 -0.1756
vn 1.0000 -0.0000 -0.0000
vn -0.9151 0.4032 -0.0000
vn -0.9151 0.3894 -0.1043
vn -0.9642 0.2560 -0.0686
vn -0.9642 0.2650 -0.0000
vn -0.0000 1.0000 -0.0017
vn -0.0000 0.9655 -0.2605
vn 1.0000 -0.0003 -0.0000
vn 1.0000 -0.0003 0.0001
vn -0.0000 1.0000 0.0009
vn -0.0000 0.9661 -0.2580
vn -0.8751 0.4675 -0.1253
vn -0.8751 0.4840 -0.0000
vn -0.6187 0.7856 -0.0013
vn -0.6187 0.7585 -0.2046
vn -0.7979 0.5820 -0.1570
vn -0.7979 0.6028 -0.0010
vn -0.0000 1.0000 0.0006
vn -0.2825 0.9593 -0.0000
vn -0.2825 0.9266 -0.2483
vn -0.4862 0.8441 -0.2262
vn -0.4862 0.8739 -0.0000
vn -0.5175 0.8557 -0.0015
vn -0.5175 0.8262 -0.2229
vn 0.7105 0.7037 0.0003
vn 0.7105 0.6798 -0.1819
vn 0.3740 0.8959 -0.2397
vn 0.3740 0.9274 0.0003
vn -0.7708 0.6153 -0.1649
vn -0.7708 0.6370 -0.0000
vn -0.3167 0.9485 0.0003
vn -0.3167 0.9163 -0.2452
vn -0.8225 0.5494 -0.1470
vn -0.8225 0.5687 0.0002
vn -0.9925 0.1219 -0.0001
vn -0.9925 0.1178 -0.0316
vn -0.8941 0.4326 -0.1159
vn -0.8941 0.4479 -0.0000
vn 0.8802 0.4747 -0.0000
vn 0.8802 0.4585 -0.1229
vn 0.6711 0.7161 -0.1919
vn 0.6711 0.7413 -0.0000
vn -0.7682 0.6402 0.0002
vn -0.7682 0.6184 -0.1655
vn -0.9672 0.2454 -0.0656
vn -0.9672 0.2541 0.0001
vn 0.3778 0.8943 -0.2396
vn 0.3778 0.9259 -0.0000
vn -0.9141 0.4056 -0.0004
vn -0.7127 0.7015 -0.0008
vn -0.7127 0.6774 -0.1823
vn -0.9141 0.3917 -0.1054
vn -0.7951 0.6064 -0.0000
vn -0.4161 0.9093 -0.0000
vn -0.4161 0.8784 -0.2354
vn -0.7951 0.5858 -0.1570
vn 0.2145 0.9435 -0.2528
vn 0.2145 0.9767 -0.0000
vn -0.1866 0.9824 -0.0000
vn -0.1866 0.9490 -0.2543
vn -0.0000 1.0000 0.0004
vn -0.0000 0.9660 -0.2584
vn -0.9197 0.3926 -0.0005
vn -0.9197 0.3791 -0.1021
vn -0.3842 0.8915 -0.2399
vn -0.3842 0.9233 -0.0010
vn -0.9559 0.2938 -0.0000
vn -0.9559 0.2838 -0.0760
vn -0.9945 0.1011 -0.0271
vn -0.9945 0.1046 -0.0000
vn 0.6943 0.7197 -0.0012
vn 0.9781 0.2082 -0.0004
vn 0.9781 0.2010 -0.0543
vn 0.6943 0.6948 -0.1874
vn 0.6501 0.7599 -0.0000
vn 0.6501 0.7340 -0.1967
vn -0.9984 0.0571 -0.0001
vn -0.9984 0.0551 -0.0148
vn 0.1937 0.9811 -0.0016
vn 0.1937 0.9472 -0.2555
vn 0.9507 0.3102 -0.0000
vn 0.9507 0.2996 -0.0803
vn -0.0000 1.0000 -0.0011
vn -0.0000 0.9656 -0.2598
vn -0.0000 0.9655 -0.2604
vn -0.2825 0.8308 -0.4796
vn -0.4862 0.7568 -0.4369
vn -0.5175 0.7403 -0.4291
vn -0.6187 0.6797 -0.3940
vn 0.7105 0.6095 -0.3516
vn 0.3740 0.8033 -0.4634
vn -0.7708 0.5517 -0.3185
vn -0.7979 0.5216 -0.3023
vn -0.9623 0.2352 -0.1363
vn -0.3167 0.8216 -0.4740
vn -0.8225 0.4926 -0.2842
vn -0.9151 0.3491 -0.2016
vn -0.9925 0.1056 -0.0610
vn -0.8941 0.3879 -0.2240
vn 0.8802 0.4111 -0.2373
vn 0.6711 0.6420 -0.3707
vn -0.7682 0.5545 -0.3199
vn -0.9672 0.2201 -0.1269
vn 0.3778 0.8018 -0.4629
vn -0.7127 0.6071 -0.3514
vn -0.9141 0.3511 -0.2031
vn -0.4161 0.7875 -0.4547
vn -0.7951 0.5252 -0.3032
vn 0.2145 0.8459 -0.4884
vn -0.1866 0.8508 -0.4912
vn -0.0000 0.8662 -0.4996
vn -0.0000 0.8660 -0.5000
vn -0.9197 0.3398 -0.1967
vn -0.3842 0.7991 -0.4625
vn -0.9559 0.2545 -0.1469
vn -0.9945 0.0906 -0.0523
vn 0.9781 0.1801 -0.1044
vn 0.6943 0.6226 -0.3609
vn 0.6501 0.6581 -0.3799
vn -0.9984 0.0494 -0.0286
vn 0.1937 0.8488 -0.4919
vn 0.9507 0.2686 -0.1551
vn -0.0000 0.8655 -0.5009
vn -0.8751 0.4192 -0.2420
vn -0.5124 0.7437 -0.4294
vn -0.0000 0.8652 -0.5014
vn -0.0000 0.8653 -0.5013
vn -0.0000 0.8663 -0.4995
vn -0.1330 0.8583 -0.4956
vn 0.6801 0.6343 -0.3677
vn 0.4882 0.7551 -0.4377
vn -1.0000 0.0004 -0.0002
vn 0.8487 0.4575 -0.2652
vn -0.7381 0.5837 -0.3382
vn -0.7381 0.5838 -0.3382
vn -0.9642 0.2295 -0.1325
vn -0.0000 0.8652 -0.5015
vn 1.0000 -0.0003 0.0002
vn -0.0000 0.8665 -0.4993
vn -0.3842 0.6521 -0.6535
vn -0.0000 0.7064 -0.7079
vn -0.8751 0.3423 -0.3423
vn -0.5124 0.6072 -0.6072
vn 0.1937 0.6926 -0.6949
vn -0.0000 0.7059 -0.7083
vn -0.0000 0.7061 -0.7081
vn -0.0000 0.7075 -0.7067
vn -0.1330 0.7008 -0.7008
vn 0.6801 0.5175 -0.5193
vn 0.4882 0.6161 -0.6182
vn -0.9623 0.1919 -0.1925
vn -1.0000 0.0003 -0.0003
vn -0.0000 0.7071 -0.7071
vn 0.8487 0.3733 -0.3745
vn -0.7381 0.4763 -0.4778
vn -0.9151 0.2851 -0.2851
vn -0.9642 0.1874 -0.1874
vn 1.0000 -0.0002 0.0002
vn -0.0000 0.7077 -0.7065
vn -0.6187 0.5546 -0.5565
vn -0.7979 0.4256 -0.4270
vn -0.2825 0.6783 -0.6783
vn -0.4862 0.6179 -0.6179
vn -0.5175 0.6040 -0.6061
vn 0.7105 0.4978 -0.4974
vn 0.3740 0.6560 -0.6556
vn -0.7708 0.4505 -0.4505
vn -0.3167 0.6709 -0.6705
vn -0.8225 0.4023 -0.4020
vn -0.9925 0.0862 -0.0863
vn -0.8941 0.3167 -0.3167
vn 0.8802 0.3356 -0.3356
vn 0.6711 0.5242 -0.5242
vn -0.7682 0.4528 -0.4525
vn -0.9672 0.1797 -0.1795
vn 0.3778 0.6547 -0.6547
vn -0.7127 0.4955 -0.4966
vn -0.9141 0.2865 -0.2871
vn -0.4161 0.6430 -0.6430
vn -0.7951 0.4288 -0.4288
vn 0.2145 0.6907 -0.6907
vn -0.1866 0.6947 -0.6947
vn -0.0000 0.7074 -0.7068
vn -0.9197 0.2773 -0.2780
vn -0.9559 0.2078 -0.2078
vn -0.9945 0.0740 -0.0740
vn 0.9781 0.1469 -0.1475
vn 0.6943 0.5080 -0.5097
vn 0.6501 0.5373 -0.5373
vn -0.9984 0.0403 -0.0404
vn 0.9507 0.2193 -0.2193
vn 0.8802 0.2373 -0.4111
vn 0.6711 0.3707 -0.6420
vn -0.8941 0.2239 -0.3879
vn -0.7682 0.3203 -0.5543
vn -0.8225 0.2845 -0.4924
vn -0.9672 0.1271 -0.2200
vn 0.3778 0.4629 -0.8018
vn -0.7127 0.3501 -0.6079
vn -0.9141 0.2025 -0.3515
vn -0.4161 0.4547 -0.7875
vn -0.7951 0.3032 -0.5252
vn 0.2145 0.4884 -0.8459
vn -0.9925 0.0609 -0.1056
vn -0.1866 0.4912 -0.8508
vn -0.0000 0.5004 -0.8658
vn -0.0000 0.5000 -0.8660
vn -0.9197 0.1959 -0.3403
vn -0.3842 0.4608 -0.8000
vn -0.9559 0.1469 -0.2545
vn -0.9945 0.0523 -0.0906
vn 0.9781 0.1038 -0.1805
vn 0.6943 0.3588 -0.6239
vn 0.6501 0.3799 -0.6581
vn -0.9984 0.0285 -0.0495
vn 0.1937 0.4891 -0.8504
vn 0.9507 0.1551 -0.2686
vn -0.0000 0.4991 -0.8666
vn -0.8751 0.2420 -0.4192
vn -0.5124 0.4294 -0.7437
vn -0.0000 0.4986 -0.8669
vn -0.0000 0.4987 -0.8667
vn -0.0000 0.5005 -0.8658
vn -0.1330 0.4956 -0.8583
vn 0.6801 0.3655 -0.6356
vn 0.4882 0.4351 -0.7565
vn -0.9623 0.1355 -0.2356
vn -1.0000 0.0002 -0.0004
vn 0.8487 0.2636 -0.4584
vn -0.7381 0.3364 -0.5848
vn -0.7381 0.3365 -0.5848
vn -0.9151 0.2016 -0.3491
vn -0.9642 0.1325 -0.2295
vn -0.0000 0.4985 -0.8669
vn 1.0000 -0.0002 0.0003
vn -0.0000 0.5007 -0.8656
vn -0.6187 0.3917 -0.6811
vn -0.7979 0.3005 -0.5226
vn -0.0000 0.5005 -0.8657
vn -0.2825 0.4796 -0.8308
vn -0.4862 0.4369 -0.7568
vn -0.5175 0.4266 -0.7418
vn 0.7105 0.3521 -0.6093
vn 0.3740 0.4640 -0.8030
vn -0.7708 0.3185 -0.5517
vn -0.3167 0.4745 -0.8213
vn -0.9151 0.1043 -0.3894
vn -0.9642 0.0686 -0.2560
vn -0.0000 0.2572 -0.9664
vn 1.0000 -0.0001 0.0003
vn -0.0000 0.2596 -0.9657
vn -0.8751 0.1253 -0.4675
vn -0.6187 0.2021 -0.7592
vn -0.7979 0.1551 -0.5826
vn -0.0000 0.2594 -0.9658
vn -0.2825 0.2483 -0.9266
vn -0.4862 0.2262 -0.8441
vn -0.5175 0.2201 -0.8269
vn 0.7105 0.1824 -0.6796
vn 0.3740 0.2403 -0.8957
vn -0.7708 0.1649 -0.6153
vn -0.9623 0.0699 -0.2627
vn -0.3167 0.2458 -0.9161
vn -0.8225 0.1474 -0.5493
vn -0.9925 0.0315 -0.1178
vn -0.8941 0.1159 -0.4326
vn 0.8802 0.1229 -0.4585
vn 0.6711 0.1919 -0.7161
vn -0.7682 0.1659 -0.6183
vn -0.9672 0.0659 -0.2454
vn 0.3778 0.2396 -0.8943
vn -0.7127 0.1808 -0.6778
vn -0.9141 0.1046 -0.3919
vn -0.4161 0.2354 -0.8784
vn -0.7951 0.1570 -0.5858
vn 0.2145 0.2528 -0.9435
vn -0.1866 0.2543 -0.9490
vn -0.0000 0.2592 -0.9658
vn -0.0000 0.2588 -0.9659
vn -0.9197 0.1012 -0.3794
vn -0.3842 0.2380 -0.8920
vn -0.9559 0.0760 -0.2838
vn -0.9945 0.0271 -0.1011
vn 0.9781 0.0535 -0.2012
vn 0.6943 0.1851 -0.6955
vn 0.6501 0.1967 -0.7340
vn -0.9984 0.0147 -0.0552
vn 0.1937 0.2524 -0.9481
vn 0.9507 0.0803 -0.2996
vn -0.0000 0.2578 -0.9662
vn -0.5124 0.2223 -0.8295
vn -0.0000 0.2574 -0.9663
vn -0.0000 0.2593 -0.9658
vn -0.1330 0.2565 -0.9573
vn 0.6801 0.1886 -0.7085
vn 0.4882 0.2244 -0.8434
vn -1.0000 0.0001 -0.0005
vn 0.8487 0.1360 -0.5110
vn -0.7381 0.1736 -0.6519
vn -0.0000 -0.0000 -1.0000
vn -0.9197 -0.0005 -0.3926
vn -0.3842 -0.0010 -0.9233
vn -0.9559 -0.0000 -0.2938
vn -0.9945 -0.0000 -0.1046
vn 0.9781 -0.0004 -0.2082
vn 0.6943 -0.0012 -0.7197
vn 0.6501 -0.0000 -0.7599
vn -0.9984 -0.0001 -0.0571
vn -0.7951 -0.0000 -0.6064
vn 0.1937 -0.0016 -0.9811
vn 0.9507 -0.0000 -0.3102
vn 0.8802 -0.0000 -0.4747
vn -0.0000 -0.0011 -1.0000
vn -0.8751 -0.0000 -0.4840
vn -0.5124 -0.0000 -0.8587
vn -0.0000 -0.0017 -1.0000
vn -0.0000 -0.0014 -1.0000
vn -0.0000 0.0005 -1.0000
vn -0.1330 -0.0000 -0.9911
vn 0.6801 -0.0012 -0.7332
vn 0.4882 -0.0015 -0.8727
vn -0.9623 -0.0004 -0.2718
vn -1.0000 -0.0000 -0.0005
vn 0.8487 -0.0009 -0.5288
vn -0.7381 -0.0011 -0.6747
vn -0.7381 -0.0010 -0.6747
vn -0.9151 -0.0000 -0.4032
vn -0.9642 -0.0000 -0.2650
vn 1.0000 -0.0000 0.0003
vn -0.0000 0.0009 -1.0000
vn -0.6187 -0.0013 -0.7856
vn -0.7979 -0.0010 -0.6028
vn -0.0000 0.0006 -1.0000
vn -0.2825 -0.0000 -0.9593
vn -0.4862 -0.0000 -0.8739
vn -0.5175 -0.0015 -0.8557
vn 0.7105 0.0003 -0.7037
vn 0.3740 0.0003 -0.9274
vn -0.7708 -0.0000 -0.6370
vn -0.3167 0.0003 -0.9485
vn -0.8225 0.0002 -0.5687
vn -0.9925 -0.0001 -0.1219
vn -0.8941 -0.0000 -0.4479
vn 0.6711 -0.0000 -0.7413
vn -0.7682 0.0002 -0.6402
vn -0.9672 0.0001 -0.2541
vn 0.3778 -0.0000 -0.9259
vn -0.7127 -0.0008 -0.7015
vn -0.9141 -0.0004 -0.4056
vn -0.4161 -0.0000 -0.9093
vn 0.2145 -0.0000 -0.9767
vn -0.1866 -0.0000 -0.9824
vn -0.0000 0.0004 -1.0000
vn -0.4862 -0.2262 -0.8441
vn -0.7708 -0.1649 -0.6153
vn -0.7979 -0.1570 -0.5820
vn -0.9623 -0.0708 -0.2625
vn -0.3167 -0.2452 -0.9163
vn -0.8225 -0.1470 -0.5494
vn -0.9151 -0.1043 -0.3894
vn -0.9925 -0.0316 -0.1178
vn -0.8941 -0.1159 -0.4326
vn 0.3740 -0.2397 -0.8959
vn 0.8802 -0.1229 -0.4585
vn 0.6711 -0.1919 -0.7161
vn -0.7682 -0.1655 -0.6184
vn -0.9672 -0.0656 -0.2454
vn 0.3778 -0.2396 -0.8943
vn -0.7127 -0.1823 -0.6774
vn -0.9141 -0.1054 -0.3917
vn -0.4161 -0.2354 -0.8784
vn -0.7951 -0.1570 -0.5858
vn 0.2145 -0.2528 -0.9435
vn -0.1866 -0.2543 -0.9490
vn -0.0000 -0.2584 -0.9660
vn -0.0000 -0.2588 -0.9659
vn -0.9197 -0.1021 -0.3791
vn -0.3842 -0.2399 -0.8915
vn -0.9559 -0.0760 -0.2838
vn -0.9945 -0.0271 -0.1011
vn 0.9781 -0.0543 -0.2010
vn 0.6943 -0.1874 -0.6948
vn 0.6501 -0.1967 -0.7340
vn -0.9984 -0.0148 -0.0551
vn 0.1937 -0.2555 -0.9472
vn 0.9507 -0.0803 -0.2996
vn -0.0000 -0.2598 -0.9656
vn -0.8751 -0.1253 -0.4675
vn -0.5124 -0.2223 -0.8295
vn -0.0000 -0.2604 -0.9655
vn -0.0000 -0.2602 -0.9656
vn -0.0000 -0.2602 -0.9655
vn -0.0000 -0.2583 -0.9661
vn -0.1330 -0.2565 -0.9573
vn 0.6801 -0.1910 -0.7079
vn 0.4882 -0.2273 -0.8426
vn -1.0000 -0.0001 -0.0005
vn 0.8487 -0.1377 -0.5106
vn -0.7381 -0.1756 -0.6514
vn -0.9642 -0.0686 -0.2560
vn -0.0000 -0.2605 -0.9655
vn 1.0000 0.0001 0.0003
vn -0.0000 -0.2580 -0.9661
vn -0.6187 -0.2046 -0.7585
vn -0.2825 -0.2483 -0.9266
vn -0.5175 -0.2229 -0.8262
vn 0.7105 -0.1819 -0.6798
vn -0.0000 -0.5013 -0.8653
vn -0.0000 -0.4995 -0.8663
vn -0.5124 -0.4294 -0.7437
vn -0.1330 -0.4956 -0.8583
vn 0.6801 -0.3677 -0.6343
vn 0.4882 -0.4377 -0.7551
vn -0.9623 -0.1363 -0.2352
vn -1.0000 -0.0002 -0.0004
vn -0.0000 -0.5000 -0.8660
vn 0.8487 -0.2652 -0.4575
vn -0.7381 -0.3382 -0.5837
vn -0.7381 -0.3382 -0.5838
vn -0.9151 -0.2016 -0.3491
vn -0.9642 -0.1325 -0.2295
vn -0.0000 -0.5015 -0.8652
vn 1.0000 0.0002 0.0003
vn -0.0000 -0.4993 -0.8665
vn -0.8751 -0.2420 -0.4192
vn -0.6187 -0.3940 -0.6797
vn -0.7979 -0.3023 -0.5216
vn -0.2825 -0.4796 -0.8308
vn -0.4862 -0.4369 -0.7568
vn -0.5175 -0.4291 -0.7403
vn 0.7105 -0.3516 -0.6095
vn 0.3740 -0.4634 -0.8033
vn -0.7708 -0.3185 -0.5517
vn -0.3167 -0.4740 -0.8216
vn -0.8225 -0.2842 -0.4926
vn -0.9925 -0.0610 -0.1056
vn -0.8941 -0.2240 -0.3879
vn 0.8802 -0.2373 -0.4111
vn 0.6711 -0.3707 -0.6420
vn -0.7682 -0.3199 -0.5545
vn -0.9672 -0.1269 -0.2201
vn 0.3778 -0.4629 -0.8018
vn -0.7127 -0.3514 -0.6071
vn -0.9141 -0.2031 -0.3511
vn -0.4161 -0.4547 -0.7875
vn -0.7951 -0.3032 -0.5252
vn 0.2145 -0.4884 -0.8459
vn -0.1866 -0.4912 -0.8508
vn -0.0000 -0.4996 -0.8662
vn -0.9197 -0.1967 -0.3398
vn -0.3842 -0.4625 -0.7991
vn -0.9559 -0.1469 -0.2545
vn -0.9945 -0.0523 -0.0906
vn 0.9781 -0.1044 -0.1801
vn 0.6943 -0.3609 -0.6226
vn 0.6501 -0.3799 -0.6581
vn -0.9984 -0.0286 -0.0494
vn 0.1937 -0.4919 -0.8488
vn 0.9507 -0.1551 -0.2686
vn -0.0000 -0.5009 -0.8655
vn -0.0000 -0.5014 -0.8652
vn 0.6711 -0.5242 -0.5242
vn 0.3778 -0.6547 -0.6547
vn -0.7127 -0.4966 -0.4955
vn -0.9141 -0.2871 -0.2865
vn -0.4161 -0.6430 -0.6430
vn -0.7951 -0.4288 -0.4288
vn 0.2145 -0.6907 -0.6907
vn -0.9925 -0.0863 -0.0862
vn -0.1866 -0.6947 -0.6947
vn -0.0000 -0.7068 -0.7074
vn -0.0000 -0.7071 -0.7071
vn -0.9197 -0.2780 -0.2773
vn -0.3842 -0.6535 -0.6521
vn -0.9559 -0.2078 -0.2078
vn -0.9945 -0.0740 -0.0740
vn 0.9781 -0.1475 -0.1469
vn 0.6943 -0.5097 -0.5080
vn 0.6501 -0.5373 -0.5373
vn -0.9984 -0.0404 -0.0403
vn 0.1937 -0.6949 -0.6926
vn 0.9507 -0.2193 -0.2193
vn 0.8802 -0.3356 -0.3356
vn -0.0000 -0.7079 -0.7064
vn -0.8751 -0.3423 -0.3423
vn -0.5124 -0.6072 -0.6072
vn -0.0000 -0.7083 -0.7059
vn -0.0000 -0.7081 -0.7061
vn -0.0000 -0.7067 -0.7075
vn -0.1330 -0.7008 -0.7008
vn 0.6801 -0.5193 -0.5175
vn 0.4882 -0.6182 -0.6161
vn -0.9623 -0.1925 -0.1919
vn -1.0000 -0.0003 -0.0003
vn 0.8487 -0.3745 -0.3733
vn -0.7381 -0.4778 -0.4763
vn -0.9151 -0.2851 -0.2851
vn -0.9642 -0.1874 -0.1874
vn 1.0000 0.0002 0.0002
vn -0.0000 -0.7065 -0.7077
vn -0.6187 -0.5565 -0.5546
vn -0.7979 -0.4270 -0.4256
vn -0.2825 -0.6783 -0.6783
vn -0.4862 -0.6179 -0.6179
vn -0.5175 -0.6061 -0.6040
vn 0.7105 -0.4974 -0.4978
vn 0.3740 -0.6556 -0.6560
vn -0.7708 -0.4505 -0.4505
vn -0.3167 -0.6705 -0.6709
vn -0.8225 -0.4020 -0.4023
vn -0.8941 -0.3167 -0.3167
vn -0.7682 -0.4525 -0.4528
vn -0.9672 -0.1795 -0.1797
vn 1.0000 0.0003 0.0002
vn -0.0000 -0.8656 -0.5007
vn -0.9642 -0.2295 -0.1325
vn -0.8751 -0.4192 -0.2420
vn -0.6187 -0.6811 -0.3917
vn -0.7979 -0.5226 -0.3005
vn -0.0000 -0.8657 -0.5005
vn -0.2825 -0.8308 -0.4796
vn -0.4862 -0.7568 -0.4369
vn -0.5175 -0.7418 -0.4266
vn 0.7105 -0.6093 -0.3521
vn 0.3740 -0.8030 -0.4640
vn -0.7708 -0.5517 -0.3185
vn -0.9623 -0.2356 -0.1355
vn -0.3167 -0.8213 -0.4745
vn -0.8225 -0.4924 -0.2845
vn -0.9151 -0.3491 -0.2016
vn -0.9925 -0.1056 -0.0609
vn -0.8941 -0.3879 -0.2239
vn 0.8802 -0.4111 -0.2373
vn 0.6711 -0.6420 -0.3707
vn -0.7682 -0.5543 -0.3203
vn -0.9672 -0.2200 -0.1271
vn 0.3778 -0.8018 -0.4629
vn -0.7127 -0.6079 -0.3501
vn -0.9141 -0.3515 -0.2025
vn -0.4161 -0.7875 -0.4547
vn -0.7951 -0.5252 -0.3032
vn 0.2145 -0.8459 -0.4884
vn -0.1866 -0.8508 -0.4912
vn -0.0000 -0.8658 -0.5004
vn -0.0000 -0.8660 -0.5000
vn -0.9197 -0.3403 -0.1959
vn -0.3842 -0.8000 -0.4608
vn -0.9559 -0.2545 -0.1469
vn -0.9945 -0.0906 -0.0523
vn 0.9781 -0.1805 -0.1038
vn 0.6943 -0.6239 -0.3588
vn 0.6501 -0.6581 -0.3799
vn -0.9984 -0.0495 -0.0285
vn 0.1937 -0.8504 -0.4891
vn 0.9507 -0.2686 -0.1551
vn -0.0000 -0.8666 -0.4991
vn -0.5124 -0.7437 -0.4294
vn -0.0000 -0.8669 -0.4986
vn -0.0000 -0.8667 -0.4987
vn -0.0000 -0.8658 -0.5005
vn -0.1330 -0.8583 -0.4956
vn 0.6801 -0.6356 -0.3655
vn 0.4882 -0.7565 -0.4351
vn -1.0000 -0.0004 -0.0002
vn 0.8487 -0.4584 -0.2636
vn -0.7381 -0.5848 -0.3364
vn -0.7381 -0.5848 -0.3365
vn -0.0000 -0.8669 -0.4985
vn 0.6501 -0.7340 -0.1967
vn -0.9984 -0.0552 -0.0147
vn -0.9197 -0.3794 -0.1012
vn -0.7951 -0.5858 -0.1570
vn -0.9559 -0.2838 -0.0760
vn 0.6943 -0.6955 -0.1851
vn 0.1937 -0.9481 -0.2524
vn 0.9507 -0.2996 -0.0803
vn 0.8802 -0.4585 -0.1229
vn -0.3842 -0.8920 -0.2380
vn -0.0000 -0.9662 -0.2578
vn -0.8751 -0.4675 -0.1253
vn -0.5124 -0.8295 -0.2223
vn -0.0000 -0.9664 -0.2572
vn -0.0000 -0.9663 -0.2574
vn -0.0000 -0.9658 -0.2593
vn -0.1330 -0.9573 -0.2565
vn 0.6801 -0.7085 -0.1886
vn 0.4882 -0.8434 -0.2244
vn -0.9623 -0.2627 -0.0699
vn -1.0000 -0.0005 -0.0001
vn -0.0000 -0.9659 -0.2588
vn 0.8487 -0.5110 -0.1360
vn -0.7381 -0.6519 -0.1736
vn -0.9151 -0.3894 -0.1043
vn -0.9642 -0.2560 -0.0686
vn 1.0000 0.0003 0.0001
vn -0.0000 -0.9657 -0.2596
vn -0.6187 -0.7592 -0.2021
vn -0.7979 -0.5826 -0.1550
vn -0.0000 -0.9658 -0.2594
vn -0.2825 -0.9266 -0.2483
vn -0.4862 -0.8441 -0.2262
vn -0.5175 -0.8269 -0.2201
vn 0.7105 -0.6796 -0.1824
vn 0.3740 -0.8957 -0.2403
vn -0.7708 -0.6153 -0.1649
vn -0.3167 -0.9161 -0.2458
vn -0.8225 -0.5493 -0.1474
vn -0.9925 -0.1178 -0.0315
vn -0.8941 -0.4326 -0.1159
vn 0.6711 -0.7161 -0.1919
vn -0.7682 -0.6183 -0.1659
vn -0.9672 -0.2454 -0.0659
vn 0.3778 -0.8943 -0.2396
vn -0.7127 -0.6778 -0.1808
vn -0.9141 -0.3919 -0.1046
vn -0.4161 -0.8784 -0.2354
vn 0.2145 -0.9435 -0.2528
vn -0.1866 -0.9490 -0.2543
vn -0.0000 -0.9658 -0.2592
vn -0.9945 -0.1011 -0.0271
vn 0.9781 -0.2012 -0.0535
vn -0.3167 -0.9485 -0.0003
vn -0.8225 -0.5687 -0.0002
vn -0.7708 -0.6370 -0.0000
vn -0.9151 -0.4032 -0.0000
vn -0.9925 -0.1219 0.0001
vn -0.8941 -0.4479 -0.0000
vn 0.3740 -0.9274 -0.0003
vn 0.8802 -0.4747 -0.0000
vn 0.6711 -0.7413 -0.0000
vn -0.7682 -0.6402 -0.0002
vn -0.9672 -0.2541 -0.0001
vn 0.3778 -0.9259 -0.0000
vn -0.7127 -0.7015 0.0008
vn -0.9141 -0.4056 0.0004
vn -0.4161 -0.9093 -0.0000
vn -0.7951 -0.6064 -0.0000
vn 0.2145 -0.9767 -0.0000
vn -0.1866 -0.9824 -0.0000
vn -0.0000 -1.0000 -0.0004
vn -0.0000 -1.0000 -0.0000
vn -0.9197 -0.3926 0.0005
vn -0.3842 -0.9233 0.0010
vn -0.9559 -0.2938 -0.0000
vn -0.9945 -0.1046 -0.0000
vn 0.9781 -0.2082 0.0004
vn 0.6943 -0.7197 0.0012
vn 0.6501 -0.7599 -0.0000
vn -0.9984 -0.0571 0.0001
vn 0.1937 -0.9811 0.0016
vn 0.9507 -0.3102 -0.0000
vn -0.0000 -1.0000 0.0011
vn -0.8751 -0.4840 -0.0000
vn -0.5124 -0.8587 -0.0000
vn -0.0000 -1.0000 0.0017
vn -0.0000 -1.0000 0.0014
vn -0.0000 -1.0000 -0.0005
vn -0.1330 -0.9911 -0.0000
vn 0.6801 -0.7332 0.0012
vn 0.4882 -0.8727 0.0015
vn -0.9623 -0.2718 0.0004
vn -1.0000 -0.0005 -0.0000
vn 0.8487 -0.5288 0.0009
vn -0.7381 -0.6747 0.0011
vn -0.7381 -0.6747 0.0010
vn -0.9642 -0.2650 -0.0000
vn 1.0000 0.0003 -0.0000
vn -0.0000 -1.0000 -0.0009
vn -0.6187 -0.7856 0.0013
vn -0.7979 -0.6028 0.0010
vn -0.0000 -1.0000 -0.0006
vn -0.2825 -0.9593 -0.0000
vn -0.4862 -0.8739 -0.0000
vn -0.5175 -0.8557 0.0015
vn 0.7105 -0.7037 -0.0003
vn -0.9623 -0.2625 0.0708
vn -1.0000 -0.0005 0.0001
vn -0.1330 -0.9573 0.2565
vn -0.0000 -0.9659 0.2588
vn 0.8487 -0.5106 0.1377
vn 0.6801 -0.7079 0.1910
vn -0.7381 -0.6514 0.1756
vn -0.9151 -0.3894 0.1043
vn -0.9642 -0.2560 0.0686
vn -0.0000 -0.9655 0.2605
vn 1.0000 0.0003 -0.0001
vn -0.0000 -0.9661 0.2580
vn -0.8751 -0.4675 0.1253
vn -0.6187 -0.7585 0.2046
vn -0.7979 -0.5820 0.1570
vn -0.0000 -0.9661 0.2583
vn -0.2825 -0.9266 0.2483
vn -0.4862 -0.8441 0.2262
vn -0.5175 -0.8262 0.2229
vn 0.7105 -0.6798 0.1819
vn 0.3740 -0.8959 0.2397
vn -0.7708 -0.6153 0.1649
vn -0.3167 -0.9163 0.2452
vn -0.8225 -0.5494 0.1470
vn -0.9925 -0.1178 0.0316
vn -0.8941 -0.4326 0.1159
vn 0.8802 -0.4585 0.1229
vn 0.6711 -0.7161 0.1919
vn -0.7682 -0.6184 0.1655
vn -0.9672 -0.2454 0.0656
vn 0.3778 -0.8943 0.2396
vn -0.7127 -0.6774 0.1823
vn -0.9141 -0.3917 0.1054
vn -0.4161 -0.8784 0.2354
vn -0.7951 -0.5858 0.1570
vn 0.2145 -0.9435 0.2528
vn -0.1866 -0.9490 0.2543
vn -0.0000 -0.9660 0.2584
vn -0.9197 -0.3791 0.1021
vn -0.3842 -0.8915 0.2399
vn -0.9559 -0.2838 0.0760
vn -0.9945 -0.1011 0.0271
vn 0.9781 -0.2010 0.0543
vn 0.6943 -0.6948 0.1874
vn 0.6501 -0.7340 0.1967
vn -0.9984 -0.0551 0.0148
vn 0.1937 -0.9472 0.2555
vn 0.9507 -0.2996 0.0803
vn -0.0000 -0.9656 0.2598
vn -0.5124 -0.8295 0.2223
vn -0.0000 -0.9655 0.2604
vn -0.0000 -0.9656 0.2602
vn 0.4882 -0.8426 0.2273
vn 0.3778 -0.8018 0.4629
vn 0.2145 -0.8459 0.4884
vn -0.9141 -0.3511 0.2031
vn -0.9925 -0.1056 0.0610
vn -0.1866 -0.8508 0.4912
vn -0.4161 -0.7875 0.4547
vn -0.0000 -0.8662 0.4996
vn -0.0000 -0.8660 0.5000
vn -0.9197 -0.3398 0.1967
vn -0.3842 -0.7991 0.4625
vn -0.9559 -0.2545 0.1469
vn -0.9945 -0.0906 0.0523
vn 0.9781 -0.1801 0.1044
vn 0.6943 -0.6226 0.3609
vn 0.6501 -0.6581 0.3799
vn -0.9984 -0.0494 0.0286
vn -0.7951 -0.5252 0.3032
vn 0.1937 -0.8488 0.4919
vn 0.9507 -0.2686 0.1551
vn 0.8802 -0.4111 0.2373
vn -0.0000 -0.8655 0.5009
vn -0.8751 -0.4192 0.2420
vn -0.5124 -0.7437 0.4294
vn -0.0000 -0.8652 0.5014
vn -0.0000 -0.8653 0.5013
vn -0.0000 -0.8663 0.4995
vn -0.1330 -0.8583 0.4956
vn 0.6801 -0.6343 0.3677
vn 0.4882 -0.7551 0.4377
vn -0.9623 -0.2352 0.1363
vn -1.0000 -0.0004 0.0002
vn 0.8487 -0.4575 0.2652
vn -0.7381 -0.5837 0.3382
vn -0.7381 -0.5838 0.3382
vn -0.9151 -0.3491 0.2016
vn -0.9642 -0.2295 0.1325
vn -0.0000 -0.8652 0.5015
vn 1.0000 0.0003 -0.0002
vn -0.0000 -0.8665 0.4993
vn -0.6187 -0.6797 0.3940
vn -0.7979 -0.5216 0.3023
vn -0.2825 -0.8308 0.4796
vn -0.4862 -0.7568 0.4369
vn -0.5175 -0.7403 0.4291
vn 0.7105 -0.6095 0.3516
vn 0.3740 -0.8033 0.4634
vn -0.7708 -0.5517 0.3185
vn -0.3167 -0.8216 0.4740
vn -0.8225 -0.4926 0.2842
vn -0.8941 -0.3879 0.2240
vn 0.6711 -0.6420 0.3707
vn -0.7682 -0.5545 0.3199
vn -0.9672 -0.2201 0.1269
vn -0.7127 -0.6071 0.3514
vn -0.0000 -0.7075 0.7067
vn -0.2825 -0.6783 0.6783
vn -0.4862 -0.6179 0.6179
vn -0.5175 -0.6040 0.6061
vn -0.6187 -0.5546 0.5565
vn 0.7105 -0.4978 0.4974
vn 0.3740 -0.6560 0.6556
vn -0.7708 -0.4505 0.4505
vn -0.7979 -0.4256 0.4270
vn -0.9623 -0.1919 0.1925
vn -0.3167 -0.6709 0.6705
vn -0.8225 -0.4023 0.4020
vn -0.9151 -0.2851 0.2851
vn -0.9925 -0.0862 0.0863
vn -0.8941 -0.3167 0.3167
vn 0.8802 -0.3356 0.3356
vn 0.6711 -0.5242 0.5242
vn -0.7682 -0.4528 0.4525
vn -0.9672 -0.1797 0.1795
vn 0.3778 -0.6547 0.6547
vn -0.7127 -0.4955 0.4966
vn -0.9141 -0.2865 0.2871
vn -0.4161 -0.6430 0.6430
vn -0.7951 -0.4288 0.4288
vn 0.2145 -0.6907 0.6907
vn -0.1866 -0.6947 0.6947
vn -0.0000 -0.7074 0.7068
vn -0.0000 -0.7071 0.7071
vn -0.9197 -0.2773 0.2780
vn -0.3842 -0.6521 0.6535
vn -0.9559 -0.2078 0.2078
vn -0.9945 -0.0740 0.0740
vn 0.9781 -0.1469 0.1475
vn 0.6943 -0.5080 0.5097
vn 0.6501 -0.5373 0.5373
vn -0.9984 -0.0403 0.0404
vn 0.1937 -0.6926 0.6949
vn 0.9507 -0.2193 0.2193
vn -0.0000 -0.7064 0.7079
vn -0.8751 -0.3423 0.3423
vn -0.5124 -0.6072 0.6072
vn -0.0000 -0.7059 0.7083
vn -0.0000 -0.7061 0.7081
vn -0.1330 -0.7008 0.7008
vn 0.6801 -0.5175 0.5193
vn 0.4882 -0.6161 0.6182
vn -1.0000 -0.0003 0.0003
vn 0.8487 -0.3733 0.3745
vn -0.7381 -0.4763 0.4778
vn -0.9642 -0.1874 0.1874
vn 1.0000 0.0002 -0.0002
vn -0.0000 -0.7077 0.7065
vn 0.6943 -0.3588 0.6239
vn 0.1937 -0.4891 0.8504
vn 0.9507 -0.1551 0.2686
vn 0.8802 -0.2373 0.4111
vn -0.3842 -0.4608 0.8000
vn -0.0000 -0.4991 0.8666
vn -0.8751 -0.2420 0.4192
vn -0.5124 -0.4294 0.7437
vn -0.0000 -0.4986 0.8669
vn -0.0000 -0.4987 0.8667
vn -0.0000 -0.5005 0.8658
vn -0.1330 -0.4956 0.8583
vn 0.6801 -0.3655 0.6356
vn 0.4882 -0.4351 0.7565
vn -0.9623 -0.1355 0.2356
vn -1.0000 -0.0002 0.0004
vn -0.0000 -0.5000 0.8660
vn 0.8487 -0.2636 0.4584
vn -0.7381 -0.3364 0.5848
vn -0.7381 -0.3365 0.5848
vn -0.9151 -0.2016 0.3491
vn -0.9642 -0.1325 0.2295
vn -0.0000 -0.4985 0.8669
vn 1.0000 0.0002 -0.0003
vn -0.0000 -0.5007 0.8656
vn -0.6187 -0.3917 0.6811
vn -0.7979 -0.3005 0.5226
vn -0.0000 -0.5005 0.8657
vn -0.2825 -0.4796 0.8308
vn -0.4862 -0.4369 0.7568
vn -0.5175 -0.4266 0.7418
vn 0.7105 -0.3521 0.6093
vn 0.3740 -0.4640 0.8030
vn -0.7708 -0.3185 0.5517
vn -0.3167 -0.4745 0.8213
vn -0.8225 -0.2845 0.4924
vn -0.9925 -0.0609 0.1056
vn -0.8941 -0.2239 0.3879
vn 0.6711 -0.3707 0.6420
vn -0.7682 -0.3203 0.5543
vn -0.9672 -0.1271 0.2200
vn 0.3778 -0.4629 0.8018
vn -0.7127 -0.3501 0.6079
vn -0.9141 -0.2025 0.3515
vn -0.4161 -0.4547 0.7875
vn -0.7951 -0.3032 0.5252
vn 0.2145 -0.4884 0.8459
vn -0.1866 -0.4912 0.8508
vn -0.0000 -0.5004 0.8658
vn -0.9197 -0.1959 0.3403
vn -0.9559 -0.1469 0.2545
vn -0.9945 -0.0523 0.0906
vn 0.9781 -0.1038 0.1805
vn 0.6501 -0.3799 0.6581
vn -0.9984 -0.0285 0.0495
vn 0.3740 -0.2403 0.8957
vn -0.3167 -0.2458 0.9161
vn 0.8802 -0.1229 0.4585
vn 0.6711 -0.1919 0.7161
vn -0.8941 -0.1159 0.4326
vn -0.7682 -0.1659 0.6183
vn -0.8225 -0.1474 0.5493
vn -0.9672 -0.0659 0.2454
vn 0.3778 -0.2396 0.8943
vn -0.7127 -0.1808 0.6778
vn -0.9141 -0.1046 0.3919
vn -0.4161 -0.2354 0.8784
vn -0.7951 -0.1570 0.5858
vn 0.2145 -0.2528 0.9435
vn -0.9925 -0.0315 0.1178
vn -0.1866 -0.2543 0.9490
vn -0.0000 -0.2592 0.9658
vn -0.0000 -0.2588 0.9659
vn -0.9197 -0.1012 0.3794
vn -0.3842 -0.2380 0.8920
vn -0.9559 -0.0760 0.2838
vn -0.9945 -0.0271 0.1011
vn 0.9781 -0.0535 0.2012
vn 0.6943 -0.1851 0.6955
vn 0.6501 -0.1967 0.7340
vn -0.9984 -0.0147 0.0552
vn 0.1937 -0.2524 0.9481
vn 0.9507 -0.0803 0.2996
vn -0.0000 -0.2578 0.9662
vn -0.8751 -0.1253 0.4675
vn -0.5124 -0.2223 0.8295
vn -0.0000 -0.2572 0.9664
vn -0.0000 -0.2574 0.9663
vn -0.0000 -0.2593 0.9658
vn -0.1330 -0.2565 0.9573
vn 0.6801 -0.1886 0.7085
vn 0.4882 -0.2244 0.8434
vn -0.9623 -0.0699 0.2627
vn -1.0000 -0.0001 0.0005
vn 0.8487 -0.1360 0.5110
vn -0.7381 -0.1736 0.6519
vn -0.9151 -0.1043 0.3894
vn -0.9642 -0.0686 0.2560
vn 1.0000 0.0001 -0.0003
vn -0.0000 -0.2596 0.9657
vn -0.6187 -0.2021 0.7592
vn -0.7979 -0.1551 0.5826
vn -0.0000 -0.2594 0.9658
vn -0.2825 -0.2483 0.9266
vn -0.4862 -0.2262 0.8441
vn -0.5175 -0.2201 0.8269
vn 0.7105 -0.1824 0.6796
vn -0.7708 -0.1649 0.6153
vn -0.3842 0.0010 0.9233
vn -0.0000 0.0011 1.0000
vn 0.1937 0.0016 0.9811
vn -0.0000 0.0017 1.0000
vn -0.0000 0.0014 1.0000
vn -0.0000 -0.0005 1.0000
vn -0.5124 -0.0000 0.8587
vn -0.1330 -0.0000 0.9911
vn 0.6801 0.0012 0.7332
vn 0.4882 0.0015 0.8727
vn -0.9623 0.0004 0.2718
vn -1.0000 -0.0000 0.0005
vn -0.0000 -0.0000 1.0000
vn 0.8487 0.0009 0.5288
vn -0.7381 0.0011 0.6747
vn -0.7381 0.0010 0.6747
vn -0.9151 -0.0000 0.4032
vn -0.9642 -0.0000 0.2650
vn 1.0000 -0.0000 -0.0003
vn -0.0000 -0.0009 1.0000
vn -0.8751 -0.0000 0.4840
vn -0.6187 0.0013 0.7856
vn -0.7979 0.0010 0.6028
vn -0.0000 -0.0006 1.0000
vn -0.2825 -0.0000 0.9593
vn -0.4862 -0.0000 0.8739
vn -0.5175 0.0015 0.8557
vn 0.7105 -0.0003 0.7037
vn 0.3740 -0.0003 0.9274
vn -0.7708 -0.0000 0.6370
vn -0.3167 -0.0003 0.9485
vn -0.8225 -0.0002 0.5687
vn -0.4161 -0.0000 0.9093
vn -0.7951 -0.0000 0.6064
vn -0.9925 0.0001 0.1219
vn -0.8941 -0.0000 0.4479
vn -0.1866 -0.0000 0.9824
vn 0.8802 -0.0000 0.4747
vn 0.6711 -0.0000 0.7413
vn -0.7682 -0.0002 0.6402
vn -0.9672 -0.0001 0.2541
vn 0.3778 -0.0000 0.9259
vn -0.9559 -0.0000 0.2938
vn -0.9945 -0.0000 0.1046
vn -0.7127 0.0008 0.7015
vn -0.9141 0.0004 0.4056
vn 0.2145 -0.0000 0.9767
vn -0.0000 -0.0004 1.0000
vn -0.9197 0.0005 0.3926
vn 0.9781 0.0004 0.2082
vn 0.6943 0.0012 0.7197
vn 0.6501 -0.0000 0.7599
vn -0.9984 0.0001 0.0571
vn 0.9507 -0.0000 0.3102
vn 0.8802 0.1229 0.4585
vn 0.6711 0.1919 0.7161
vn -0.8941 0.1159 0.4326
vn -0.7682 0.1655 0.6184
vn -0.8225 0.1470 0.5494
vn -0.9672 0.0656 0.2454
vn 0.3778 0.2396 0.8943
vn -0.7127 0.1823 0.6774
vn -0.9141 0.1054 0.3917
vn -0.4161 0.2354 0.8784
vn -0.7951 0.1570 0.5858
vn 0.2145 0.2528 0.9435
vn -0.9925 0.0316 0.1178
vn -0.1866 0.2543 0.9490
vn -0.0000 0.2584 0.9660
vn -0.0000 0.2588 0.9659
vn -0.9197 0.1021 0.3791
vn -0.3842 0.2399 0.8915
vn -0.9559 0.0760 0.2838
vn -0.9945 0.0271 0.1011
vn 0.9781 0.0543 0.2010
vn 0.6943 0.1874 0.6948
vn 0.6501 0.1967 0.7340
vn -0.9984 0.0148 0.0551
vn 0.1937 0.2555 0.9472
vn 0.9507 0.0803 0.2996
vn -0.0000 0.2598 0.9656
vn -0.8751 0.1253 0.4675
vn -0.5124 0.2223 0.8295
vn -0.0000 0.2604 0.9655
vn -0.0000 0.2602 0.9656
vn -0.0000 0.2602 0.9655
vn -0.0000 0.2583 0.9661
vn -0.1330 0.2565 0.9573
vn 0.6801 0.1910 0.7079
vn 0.4882 0.2273 0.8426
vn -0.9623 0.0708 0.2625
vn -1.0000 0.0001 0.0005
vn 0.8487 0.1377 0.5106
vn -0.7381 0.1756 0.6514
vn -0.9151 0.1043 0.3894
vn -0.9642 0.0686 0.2560
vn -0.0000 0.2605 0.9655
vn 1.0000 -0.0001 -0.0003
vn -0.0000 0.2580 0.9661
vn -0.6187 0.2046 0.7585
vn -0.7979 0.1570 0.5820
vn -0.2825 0.2483 0.9266
vn -0.4862 0.2262 0.8441
vn -0.5175 0.2229 0.8262
vn 0.7105 0.1819 0.6798
vn 0.3740 0.2397 0.8959
vn -0.7708 0.1649 0.6153
vn -0.3167 0.2452 0.9163
vn -0.9151 0.2016 0.3491
vn -0.9642 0.1325 0.2295
vn -0.0000 0.5015 0.8652
vn 1.0000 -0.0002 -0.0003
vn -0.0000 0.4993 0.8665
vn -0.8751 0.2420 0.4192
vn -0.6187 0.3940 0.6797
vn -0.7979 0.3023 0.5216
vn -0.0000 0.4995 0.8663
vn -0.2825 0.4796 0.8308
vn -0.4862 0.4369 0.7568
vn -0.5175 0.4291 0.7403
vn 0.7105 0.3516 0.6095
vn 0.3740 0.4634 0.8033
vn -0.7708 0.3185 0.5517
vn -0.9623 0.1363 0.2352
vn -0.3167 0.4740 0.8216
vn -0.8225 0.2842 0.4926
vn -0.9925 0.0610 0.1056
vn -0.8941 0.2240 0.3879
vn 0.8802 0.2373 0.4111
vn 0.6711 0.3707 0.6420
vn -0.7682 0.3199 0.5545
vn -0.9672 0.1269 0.2201
vn 0.3778 0.4629 0.8018
vn -0.7127 0.3514 0.6071
vn -0.9141 0.2031 0.3511
vn -0.4161 0.4547 0.7875
vn -0.7951 0.3032 0.5252
vn 0.2145 0.4884 0.8459
vn -0.1866 0.4912 0.8508
vn -0.0000 0.4996 0.8662
vn -0.0000 0.5000 0.8660
vn -0.9197 0.1967 0.3398
vn -0.3842 0.4625 0.7991
vn -0.9559 0.1469 0.2545
vn -0.9945 0.0523 0.0906
vn 0.9781 0.1044 0.1801
vn 0.6943 0.3609 0.6226
vn 0.6501 0.3799 0.6581
vn -0.9984 0.0286 0.0494
vn 0.1937 0.4919 0.8488
vn 0.9507 0.1551 0.2686
vn -0.0000 0.5009 0.8655
vn -0.5124 0.4294 0.7437
vn -0.0000 0.5014 0.8652
vn -0.0000 0.5013 0.8653
vn -0.1330 0.4956 0.8583
vn 0.6801 0.3677 0.6343
vn 0.4882 0.4377 0.7551
vn -1.0000 0.0002 0.0004
vn 0.8487 0.2652 0.4575
vn -0.7381 0.3382 0.5837
vn -0.7381 0.3382 0.5838
vn -0.0000 0.7071 0.7071
vn -0.9197 0.2780 0.2773
vn -0.3842 0.6535 0.6521
vn -0.9559 0.2078 0.2078
vn -0.9945 0.0740 0.0740
vn 0.9781 0.1475 0.1469
vn 0.6943 0.5097 0.5080
vn 0.6501 0.5373 0.5373
vn -0.9984 0.0404 0.0403
vn -0.7951 0.4288 0.4288
vn 0.1937 0.6949 0.6926
vn 0.9507 0.2193 0.2193
vn 0.8802 0.3356 0.3356
vn -0.0000 0.7079 0.7064
vn -0.8751 0.3423 0.3423
vn -0.5124 0.6072 0.6072
vn -0.0000 0.7083 0.7059
vn -0.0000 0.7081 0.7061
vn -0.0000 0.7067 0.7075
vn -0.1330 0.7008 0.7008
vn 0.6801 0.5193 0.5175
vn 0.4882 0.6182 0.6161
vn -0.9623 0.1925 0.1919
vn -1.0000 0.0003 0.0003
vn 0.8487 0.3745 0.3733
vn -0.7381 0.4778 0.4763
vn -0.9151 0.2851 0.2851
vn -0.9642 0.1874 0.1874
vn 1.0000 -0.0002 -0.0002
vn -0.0000 0.7065 0.7077
vn -0.6187 0.5565 0.5546
vn -0.7979 0.4270 0.4256
vn -0.2825 0.6783 0.6783
vn -0.4862 0.6179 0.6179
vn -0.5175 0.6061 0.6040
vn 0.7105 0.4974 0.4978
vn 0.3740 0.6556 0.6560
vn -0.7708 0.4505 0.4505
vn -0.3167 0.6705 0.6709
vn -0.8225 0.4020 0.4023
vn -0.9925 0.0863 0.0862
vn -0.8941 0.3167 0.3167
vn 0.6711 0.5242 0.5242
vn -0.7682 0.4525 0.4528
vn -0.9672 0.1795 0.1797
vn 0.3778 0.6547 0.6547
vn -0.7127 0.4966 0.4955
vn -0.9141 0.2871 0.2865
vn -0.4161 0.6430 0.6430
vn 0.2145 0.6907 0.6907
vn -0.1866 0.6947 0.6947
vn -0.0000 0.7068 0.7074
vn -0.4862 0.7568 0.4369
vn -0.7708 0.5517 0.3185
vn -0.7979 0.5226 0.3005
vn -0.9623 0.2356 0.1355
vn -0.3167 0.8213 0.4745
vn -0.8225 0.4924 0.2845
vn -0.9151 0.3491 0.2016
vn -0.9925 0.1056 0.0609
vn -0.8941 0.3879 0.2239
vn 0.3740 0.8030 0.4640
vn 0.8802 0.4111 0.2373
vn 0.6711 0.6420 0.3707
vn -0.7682 0.5543 0.3203
vn -0.9672 0.2200 0.1271
vn 0.3778 0.8018 0.4629
vn -0.7127 0.6079 0.3501
vn -0.9141 0.3515 0.2025
vn -0.4161 0.7875 0.4547
vn -0.7951 0.5252 0.3032
vn 0.2145 0.8459 0.4884
vn -0.1866 0.8508 0.4912
vn -0.0000 0.8658 0.5004
vn -0.0000 0.8660 0.5000
vn -0.9197 0.3403 0.1959
vn -0.3842 0.8000 0.4608
vn -0.9559 0.2545 0.1469
vn -0.9945 0.0906 0.0523
vn 0.9781 0.1805 0.1038
vn 0.6943 0.6239 0.3588
vn 0.6501 0.6581 0.3799
vn -0.9984 0.0495 0.0285
vn 0.1937 0.8504 0.4891
vn 0.9507 0.2686 0.1551
vn -0.0000 0.8666 0.4991
vn -0.8751 0.4192 0.2420
vn -0.5124 0.7437 0.4294
vn -0.0000 0.8669 0.4986
vn -0.0000 0.8667 0.4987
vn -0.0000 0.8658 0.5005
vn -0.1330 0.8583 0.4956
vn 0.6801 0.6356 0.3655
vn 0.4882 0.7565 0.4351
vn -1.0000 0.0004 0.0002
vn 0.8487 0.4584 0.2636
vn -0.7381 0.5848 0.3364
vn -0.7381 0.5848 0.3365
vn -0.9642 0.2295 0.1325
vn -0.0000 0.8669 0.4985
vn 1.0000 -0.0003 -0.0002
vn -0.0000 0.8656 0.5007
vn -0.6187 0.6811 0.3917
vn -0.0000 0.8657 0.5005
vn -0.2825 0.8308 0.4796
vn -0.5175 0.7418 0.4266
vn 0.7105 0.6093 0.3521
vn -0.0000 0.9663 0.2574
vn -0.0000 0.9658 0.2593
vn -0.5124 0.8295 0.2223
vn -0.1330 0.9573 0.2565
vn 0.6801 0.7085 0.1886
vn 0.4882 0.8434 0.2244
vn -0.9623 0.2627 0.0699
vn -1.0000 0.0005 0.0001
vn -0.0000 0.9659 0.2588
vn 0.8487 0.5110 0.1360
vn -0.7381 0.6519 0.1736
vn -0.9151 0.3894 0.1043
vn -0.9642 0.2560 0.0686
vn -0.0000 0.9664 0.2572
vn 1.0000 -0.0003 -0.0001
vn -0.0000 0.9657 0.2596
vn -0.8751 0.4675 0.1253
vn -0.6187 0.7592 0.2021
vn -0.7979 0.5826 0.1551
vn -0.0000 0.9658 0.2594
vn -0.2825 0.9266 0.2483
vn -0.4862 0.8441 0.2262
vn -0.5175 0.8269 0.2201
vn 0.7105 0.6796 0.1824
vn 0.3740 0.8957 0.2403
vn -0.7708 0.6153 0.1649
vn -0.3167 0.9161 0.2458
vn -0.8225 0.5493 0.1474
vn -0.9925 0.1178 0.0315
vn -0.8941 0.4326 0.1159
vn 0.8802 0.4585 0.1229
vn 0.6711 0.7161 0.1919
vn -0.7682 0.6183 0.1659
vn -0.9672 0.2454 0.0659
vn 0.3778 0.8943 0.2396
vn -0.7127 0.6778 0.1808
vn -0.9141 0.3919 0.1046
vn -0.4161 0.8784 0.2354
vn -0.7951 0.5858 0.1570
vn 0.2145 0.9435 0.2528
vn -0.1866 0.9490 0.2543
vn -0.0000 0.9658 0.2592
vn -0.9197 0.3794 0.1012
vn -0.3842 0.8920 0.2380
vn -0.9559 0.2838 0.0760
vn -0.9945 0.1011 0.0271
vn 0.9781 0.2012 0.0535
vn 0.6943 0.6955 0.1851
vn 0.6501 0.7340 0.1967
vn -0.9984 0.0552 0.0147
vn 0.1937 0.9481 0.2524
vn 0.9507 0.2996 0.0803
vn -0.0000 0.9662 0.2578
vn 0.7377 -0.6518 0.1759
vn 0.7377 -0.5841 0.3386
vn 0.7377 0.6518 -0.1759
vn 0.7377 0.6751 -0.0012
vn -0.0000 1.0000 -0.0018
vn 0.7377 -0.5853 -0.3365
vn 0.7377 -0.6524 -0.1736
vn 0.7377 0.5841 -0.3386
vn 0.7377 0.4765 -0.4782
vn 0.7377 -0.3365 0.5853
vn 0.7377 -0.1736 0.6524
vn 0.7377 0.6524 0.1736
vn 0.7377 0.0012 0.6751
vn 0.7377 -0.0012 -0.6751
vn 0.7377 -0.1759 -0.6518
vn 0.7377 0.1736 -0.6524
vn 0.7377 0.1759 0.6518
vn 0.7377 0.3386 0.5841
vn 0.7377 -0.4782 -0.4765
vn 0.7377 -0.4765 0.4782
vn 0.7377 -0.6751 0.0012
vn 0.7377 0.3365 -0.5853
vn 0.7377 0.4782 0.4765
vn 0.7377 -0.3386 -0.5841
vn 0.7377 0.5853 0.3365
vn 0.1060 0.2591 0.9600
vn 0.1060 0.0018 0.9944
vn 0.4410 0.0016 0.8975
vn 0.4410 0.2338 0.8665
vn -0.0000 -0.2571 0.9664
vn -0.0000 0.0018 1.0000
vn -0.0000 -0.5015 -0.8651
vn -0.0000 -0.7084 -0.7058
vn -0.0000 0.8651 -0.5015
vn -0.0000 0.7058 -0.7084
vn -0.0000 0.5015 0.8651
vn -0.0000 -0.9664 -0.2571
vn -0.0000 -1.0000 0.0018
vn -0.0000 0.7084 0.7058
vn -0.0000 -0.8651 0.5015
vn -0.0000 0.2571 -0.9664
vn -0.0000 -0.7058 0.7084
vn -0.0000 -0.0018 -1.0000
vn -0.0000 0.9664 0.2571
vn 0.1060 0.9944 -0.0018
vn 0.1060 0.9609 0.2556
vn 0.4410 0.8673 0.2307
vn 0.4410 0.8975 -0.0016
vn 0.1060 -0.9944 0.0018
vn 0.1060 -0.9609 -0.2556
vn 0.4410 -0.8673 -0.2307
vn 0.4410 -0.8975 0.0016
vn 0.1060 0.2556 -0.9609
vn 0.1060 0.4956 -0.8620
vn 0.4410 0.4474 -0.7781
vn 0.4410 0.2307 -0.8673
vn 0.1060 0.4987 0.8603
vn 0.4410 0.4501 0.7765
vn 0.1060 -0.9600 0.2591
vn 0.4410 -0.8665 0.2338
vn 0.1060 -0.0018 -0.9944
vn 0.4410 -0.0016 -0.8975
vn 0.1060 0.7044 0.7019
vn 0.4410 0.6358 0.6335
vn 0.1060 -0.8603 0.4987
vn 0.4410 -0.7765 0.4501
vn 0.1060 -0.2591 -0.9600
vn 0.4410 -0.2338 -0.8665
vn 0.1060 0.8620 0.4956
vn 0.4410 0.7781 0.4474
vn 0.1060 -0.7019 0.7044
vn 0.4410 -0.6335 0.6358
vn 0.1060 -0.4987 -0.8603
vn 0.4410 -0.4501 -0.7765
vn 0.1060 -0.4956 0.8620
vn 0.4410 -0.4474 0.7781
vn 0.1060 -0.7044 -0.7019
vn 0.4410 -0.6358 -0.6335
vn 0.9942 0.0537 0.0927
vn 0.9942 0.0279 0.1034
vn 0.9996 0.0070 0.0261
vn 0.9996 0.0135 0.0234
vn 0.1060 -0.2556 0.9609
vn 0.4410 -0.2307 0.8673
vn 0.1060 -0.8620 -0.4956
vn 0.4410 -0.7781 -0.4474
vn 0.1060 0.8603 -0.4987
vn 0.1060 0.9600 -0.2591
vn 0.4410 0.8665 -0.2338
vn 0.4410 0.7765 -0.4501
vn 0.1060 0.7019 -0.7044
vn 0.4410 0.6335 -0.6358
vn 0.9800 0.1990 -0.0004
vn 0.9800 0.1921 -0.0518
vn 0.9352 0.3420 -0.0923
vn 0.9352 0.3542 -0.0006
vn 0.8184 0.5548 -0.1497
vn 0.8184 0.5747 -0.0010
vn 0.9800 0.1721 -0.0998
vn 0.9352 0.3064 -0.1777
vn 0.8184 0.4972 -0.2882
vn 0.9800 0.1404 -0.1409
vn 0.9352 0.2500 -0.2509
vn 0.8184 0.4056 -0.4071
vn 0.9800 0.0992 -0.1725
vn 0.9352 0.1766 -0.3071
vn 0.8184 0.2865 -0.4982
vn 0.9800 0.0512 -0.1923
vn 0.9352 0.0911 -0.3423
vn 0.8184 0.1478 -0.5554
vn 0.9800 -0.0004 -0.1990
vn 0.9352 -0.0006 -0.3542
vn 0.8184 -0.0010 -0.5747
vn 0.9800 -0.0518 -0.1921
vn 0.9352 -0.0923 -0.3420
vn 0.8184 -0.1497 -0.5548
vn 0.9800 -0.0998 -0.1721
vn 0.9352 -0.1777 -0.3064
vn 0.8184 -0.2882 -0.4972
vn 0.9800 -0.1409 -0.1404
vn 0.9352 -0.2509 -0.2500
vn 0.8184 -0.4071 -0.4056
vn 0.9800 -0.1725 -0.0992
vn 0.9352 -0.3071 -0.1766
vn 0.8184 -0.4982 -0.2865
vn 0.9800 -0.1923 -0.0512
vn 0.9352 -0.3423 -0.0911
vn 0.8184 -0.5554 -0.1478
vn 0.9800 -0.1990 0.0004
vn 0.9352 -0.3542 0.0006
vn 0.8184 -0.5747 0.0010
vn 0.9800 -0.1921 0.0518
vn 0.9352 -0.3420 0.0923
vn 0.8184 -0.5549 0.1497
vn 0.9800 -0.1721 0.0998
vn 0.9352 -0.3064 0.1777
vn 0.8184 -0.4972 0.2882
vn 0.9800 -0.1404 0.1409
vn 0.9352 -0.2500 0.2509
vn 0.8184 -0.4056 0.4071
vn 0.9800 -0.0992 0.1725
vn 0.9352 -0.1766 0.3071
vn 0.8184 -0.2865 0.4982
vn 0.9800 -0.0512 0.1923
vn 0.9352 -0.0911 0.3423
vn 0.8184 -0.1478 0.5554
vn 0.9800 0.0004 0.1990
vn 0.9352 0.0006 0.3542
vn 0.8184 0.0010 0.5747
vn 0.9800 0.0518 0.1921
vn 0.9352 0.0923 0.3420
vn 0.8184 0.1497 0.5548
vn 0.9800 0.0998 0.1721
vn 0.9352 0.1777 0.3064
vn 0.8184 0.2882 0.4972
vn 0.9800 0.1409 0.1404
vn 0.9352 0.2509 0.2500
vn 0.8184 0.4071 0.4056
vn 0.9800 0.1725 0.0992
vn 0.9352 0.3071 0.1766
vn 0.8184 0.4982 0.2865
vn 0.9800 0.1923 0.0512
vn 0.9352 0.3423 0.0911
vn 0.8184 0.5554 0.1478
vn 0.9942 0.1071 -0.0002
vn 0.9942 0.1034 -0.0279
vn 0.9942 0.0927 -0.0537
vn 0.9942 0.0756 -0.0759
vn 0.9942 0.0534 -0.0929
vn 0.9942 0.0275 -0.1035
vn 0.9942 -0.0002 -0.1071
vn 0.9942 -0.0279 -0.1034
vn 0.9942 -0.0537 -0.0927
vn 0.9942 -0.0759 -0.0756
vn 0.9942 -0.0929 -0.0534
vn 0.9942 -0.1035 -0.0275
vn 0.9942 -0.1071 0.0002
vn 0.9942 -0.1034 0.0279
vn 0.9942 -0.0927 0.0537
vn 0.9942 -0.0756 0.0759
vn 0.9942 -0.0534 0.0929
vn 0.9942 -0.0275 0.1035
vn 0.9942 0.0002 0.1071
vn 0.9942 0.0759 0.0756
vn 0.9942 0.0929 0.0534
vn 0.9942 0.1035 0.0275
vn 0.9996 0.0270 -0.0000
vn 0.9996 0.0261 0.0069
vn 0.9996 0.0234 0.0135
vn 0.9996 0.0191 0.0191
vn 0.9996 -0.0000 0.0270
vn 0.9996 -0.0069 0.0261
vn 0.9996 -0.0135 0.0234
vn 0.9996 -0.0191 0.0191
vn 0.9996 -0.0234 0.0135
vn 0.9996 -0.0261 0.0070
vn 0.9996 -0.0270 -0.0000
vn 0.9996 -0.0261 -0.0069
vn 0.9996 -0.0234 -0.0135
vn 0.9996 -0.0191 -0.0191
vn 0.9996 -0.0135 -0.0234
vn 0.9996 -0.0070 -0.0261
vn 0.9996 -0.0000 -0.0270
vn 0.9996 0.0069 -0.0261
vn 0.9996 0.0135 -0.0234
vn 0.9996 0.0191 -0.0191
vn 0.9996 0.0234 -0.0135
vn 0.9996 0.0261 -0.0070
vn 0.2146 0.9436 0.2523
vn 0.2146 0.9436 0.2522
vn 0.2146 0.9767 -0.0007
vn 0.2146 0.9767 -0.0005
vn 0.2146 0.9433 -0.2534
vn 0.2146 0.9433 -0.2533
vn 0.2146 0.8455 -0.4889
vn 0.2146 0.8456 -0.4888
vn 0.2146 0.6902 -0.6911
vn 0.2146 0.6903 -0.6910
vn 0.2146 0.4875 -0.8464
vn 0.2134 0.4896 -0.8454
vn 0.2143 0.5098 -0.8332
vn 0.2158 0.5390 -0.8142
vn 0.2164 0.5357 -0.8162
vn 0.2169 0.5159 -0.8287
vn 0.2151 0.4828 -0.8489
vn 0.2146 0.4881 -0.8460
vn 0.2170 0.4586 -0.8618
vn 0.2146 0.2522 -0.9436
vn 0.2146 0.2520 -0.9436
vn 0.2160 0.3426 -0.9143
vn 0.2167 0.4063 -0.8877
vn 0.2152 0.4321 -0.8758
vn 0.2146 0.2524 -0.9435
vn 0.2146 0.2527 -0.9434
vn 0.2146 -0.0006 -0.9767
vn 0.2146 -0.0002 -0.9767
vn 0.2146 -0.0001 -0.9767
vn 0.2146 -0.2537 -0.9432
vn 0.2146 -0.2533 -0.9433
vn 0.2146 -0.2529 -0.9434
vn 0.2146 -0.2534 -0.9433
vn 0.2150 -0.4880 -0.8460
vn 0.2146 -0.4886 -0.8457
vn 0.2152 -0.4325 -0.8755
vn 0.2145 -0.4892 -0.8454
vn 0.2133 -0.4878 -0.8465
vn 0.2170 -0.4579 -0.8621
vn 0.2167 -0.4056 -0.8880
vn 0.2160 -0.3418 -0.9146
vn 0.2146 -0.6911 -0.6902
vn 0.2146 -0.6910 -0.6903
vn 0.2169 -0.5160 -0.8287
vn 0.2164 -0.5359 -0.8160
vn 0.2158 -0.5392 -0.8140
vn 0.2143 -0.5093 -0.8334
vn 0.2146 -0.8462 -0.4878
vn 0.2146 -0.8461 -0.4879
vn 0.2146 -0.9436 -0.2522
vn 0.2146 -0.9436 -0.2523
vn 0.2146 -0.9767 0.0007
vn 0.2146 -0.9767 0.0005
vn 0.2146 -0.9433 0.2534
vn 0.2146 -0.9433 0.2533
vn 0.2146 -0.8455 0.4889
vn 0.2146 -0.8456 0.4888
vn 0.2146 -0.6902 0.6911
vn 0.2146 -0.6903 0.6910
vn 0.2146 -0.4881 0.8460
vn 0.2146 -0.4875 0.8464
vn 0.2134 -0.4897 0.8454
vn 0.2143 -0.5098 0.8332
vn 0.2158 -0.5390 0.8142
vn 0.2164 -0.5356 0.8162
vn 0.2169 -0.5157 0.8288
vn 0.2151 -0.4828 0.8489
vn 0.2146 -0.2521 0.9436
vn 0.2146 -0.2520 0.9436
vn 0.2160 -0.3426 0.9143
vn 0.2167 -0.4063 0.8877
vn 0.2170 -0.4582 0.8619
vn 0.2146 -0.2527 0.9434
vn 0.2152 -0.4321 0.8758
vn 0.2146 -0.2523 0.9436
vn 0.2146 0.0001 0.9767
vn 0.2146 0.0002 0.9767
vn 0.2146 0.0006 0.9767
vn 0.2146 0.0004 0.9767
vn 0.2146 0.2537 0.9432
vn 0.2146 0.2532 0.9433
vn 0.2146 0.2535 0.9432
vn 0.2146 0.2529 0.9434
vn 0.2145 0.4892 0.8454
vn 0.2133 0.4878 0.8465
vn 0.2170 0.4576 0.8623
vn 0.2167 0.4056 0.8880
vn 0.2160 0.3418 0.9146
vn 0.2146 0.4886 0.8457
vn 0.2152 0.4325 0.8755
vn 0.2150 0.4880 0.8460
vn 0.2146 0.6911 0.6902
vn 0.2146 0.6910 0.6903
vn 0.2169 0.5162 0.8285
vn 0.2164 0.5359 0.8160
vn 0.2158 0.5392 0.8140
vn 0.2143 0.5093 0.8334
vn 0.2146 0.8462 0.4878
vn 0.2146 0.8461 0.4879
vn -0.1963 -0.9473 -0.2533
vn -0.1963 -0.9805 0.0005
vn -0.1963 -0.9805 0.0007
vn -0.1963 -0.9473 -0.2532
vn -0.1963 -0.9470 0.2544
vn -0.1963 -0.9470 0.2543
vn -0.1963 -0.8489 0.4907
vn -0.1963 -0.8489 0.4908
vn -0.1963 -0.6929 0.6938
vn -0.1963 -0.6930 0.6937
vn -0.1963 -0.4900 0.8493
vn -0.1956 -0.4869 0.8513
vn -0.1952 -0.5186 0.8324
vn -0.1968 -0.5382 0.8195
vn -0.1976 -0.5414 0.8173
vn -0.1977 -0.5121 0.8359
vn -0.1977 -0.4940 0.8467
vn -0.1962 -0.4894 0.8497
vn -0.1950 -0.4605 0.8660
vn -0.1974 -0.4080 0.8914
vn -0.1984 -0.3441 0.9177
vn -0.1963 -0.2534 0.9472
vn -0.1963 -0.2533 0.9473
vn -0.1975 -0.4335 0.8792
vn -0.1963 -0.2537 0.9472
vn -0.1963 -0.2532 0.9473
vn -0.1963 0.0006 0.9805
vn -0.1963 0.0004 0.9805
vn -0.1963 0.0002 0.9805
vn -0.1963 0.0001 0.9805
vn -0.1963 0.2547 0.9469
vn -0.1963 0.2539 0.9471
vn -0.1963 0.2541 0.9471
vn -0.1956 0.4920 0.8483
vn -0.1975 0.4339 0.8790
vn -0.1963 0.4905 0.8490
vn -0.1984 0.3433 0.9180
vn -0.1975 0.4072 0.8917
vn -0.1951 0.4598 0.8663
vn -0.1977 0.4922 0.8478
vn -0.1962 0.4911 0.8487
vn -0.1977 0.5116 0.8362
vn -0.1975 0.5416 0.8171
vn -0.1968 0.5384 0.8194
vn -0.1952 0.5187 0.8324
vn -0.1963 0.6937 0.6930
vn -0.1963 0.6938 0.6929
vn -0.1963 0.8494 0.4898
vn -0.1963 0.8495 0.4897
vn -0.1963 0.9473 0.2533
vn -0.1963 0.9473 0.2532
vn -0.1963 0.9805 -0.0005
vn -0.1963 0.9805 -0.0007
vn -0.1963 0.9470 -0.2544
vn -0.1963 0.9470 -0.2543
vn -0.1963 0.8489 -0.4907
vn -0.1963 0.8489 -0.4908
vn -0.1963 0.6930 -0.6937
vn -0.1963 0.6929 -0.6938
vn -0.1963 0.4900 -0.8493
vn -0.1956 0.4868 -0.8513
vn -0.1952 0.5184 -0.8325
vn -0.1968 0.5381 -0.8196
vn -0.1976 0.5413 -0.8173
vn -0.1977 0.5121 -0.8359
vn -0.1977 0.4941 -0.8466
vn -0.1962 0.4894 -0.8497
vn -0.1950 0.4601 -0.8662
vn -0.1974 0.4080 -0.8914
vn -0.1984 0.3441 -0.9177
vn -0.1963 0.2534 -0.9472
vn -0.1963 0.2533 -0.9473
vn -0.1963 0.2537 -0.9472
vn -0.1963 0.2531 -0.9473
vn -0.1975 0.4335 -0.8792
vn -0.1963 -0.0001 -0.9805
vn -0.1963 -0.0002 -0.9805
vn -0.1963 -0.0003 -0.9805
vn -0.1963 -0.0004 -0.9805
vn -0.1963 -0.2546 -0.9469
vn -0.1963 -0.2547 -0.9469
vn -0.1963 -0.2542 -0.9470
vn -0.1963 -0.2539 -0.9471
vn -0.1984 -0.3433 -0.9180
vn -0.1975 -0.4072 -0.8917
vn -0.1951 -0.4595 -0.8665
vn -0.1977 -0.4922 -0.8478
vn -0.1962 -0.4911 -0.8487
vn -0.1963 -0.4905 -0.8490
vn -0.1956 -0.4920 -0.8483
vn -0.1975 -0.4339 -0.8790
vn -0.1977 -0.5116 -0.8362
vn -0.1975 -0.5416 -0.8171
vn -0.1968 -0.5384 -0.8194
vn -0.1952 -0.5189 -0.8322
vn -0.1963 -0.6937 -0.6930
vn -0.1963 -0.6938 -0.6929
vn -0.1963 -0.8494 -0.4898
vn -0.1963 -0.8495 -0.4897
vn -0.1799 -0.7816 -0.5972
vn -0.4504 -0.7355 -0.5060
vn -0.4224 -0.7532 -0.5043
vn -0.1729 -0.7886 -0.5901
vn 0.0223 -0.8014 -0.5978
vn 0.0083 -0.8028 -0.5961
vn 0.2379 -0.7762 -0.5838
vn 0.3196 -0.7623 -0.5628
vn 0.5957 -0.6355 -0.4911
vn 0.7243 -0.5614 -0.4002
vn 0.9223 -0.3335 -0.1952
vn 0.8881 -0.3878 -0.2468
vn 0.9867 -0.1496 -0.0640
vn 0.9993 -0.0269 -0.0277
vn 0.9995 0.0290 0.0094
vn 0.9994 0.0337 0.0106
vn 1.0000 -0.0000 0.0022
vn 0.9995 -0.0286 0.0094
vn 0.9994 -0.0342 0.0108
vn 0.9863 0.1517 -0.0649
vn 0.9992 0.0290 -0.0288
vn 0.8888 0.3879 -0.2442
vn 0.9198 0.3387 -0.1980
vn 0.7251 0.5604 -0.4002
vn 0.5954 0.6352 -0.4920
vn 0.2379 0.7758 -0.5844
vn 0.3200 0.7618 -0.5632
vn 0.0225 0.8009 -0.5984
vn 0.0084 0.8023 -0.5968
vn -0.1662 0.7881 -0.5927
vn -0.1740 0.7811 -0.5996
vn -0.4444 0.7359 -0.5108
vn -0.4163 0.7535 -0.5089
vn -0.7637 0.5907 -0.2606
vn -0.6521 0.7018 -0.2867
vn -0.8832 0.4332 -0.1796
vn -0.9180 0.3630 -0.1595
vn -0.9779 0.1922 -0.0817
vn -0.9898 0.1322 -0.0527
vn -0.9983 0.0569 -0.0149
vn -0.9988 0.0478 -0.0127
vn -1.0000 0.0008 -0.0035
vn -1.0000 -0.0003 -0.0035
vn -0.9984 -0.0555 -0.0146
vn -0.9988 -0.0483 -0.0128
vn -0.9787 -0.1893 -0.0795
vn -0.9894 -0.1348 -0.0534
vn -0.9194 -0.3602 -0.1577
vn -0.8822 -0.4357 -0.1787
vn -0.6511 -0.7038 -0.2843
vn -0.7655 -0.5894 -0.2580
vn 0.0225 -0.8009 0.5984
vn 0.0084 -0.8023 0.5968
vn -0.1662 -0.7881 0.5927
vn -0.1740 -0.7811 0.5996
vn -0.4444 -0.7359 0.5108
vn -0.4163 -0.7535 0.5089
vn -0.7635 -0.5908 0.2609
vn -0.6523 -0.7016 0.2870
vn -0.9180 -0.3630 0.1595
vn -0.8832 -0.4332 0.1796
vn -0.9779 -0.1922 0.0817
vn -0.9898 -0.1322 0.0527
vn -0.9983 -0.0569 0.0150
vn -0.9988 -0.0477 0.0127
vn -1.0000 -0.0011 0.0035
vn -1.0000 0.0005 0.0035
vn -0.9984 0.0554 0.0146
vn -0.9988 0.0483 0.0128
vn -0.9787 0.1893 0.0795
vn -0.9894 0.1348 0.0534
vn -0.9194 0.3602 0.1577
vn -0.8822 0.4357 0.1787
vn -0.7653 0.5895 0.2583
vn -0.6512 0.7035 0.2846
vn -0.4224 0.7532 0.5042
vn -0.4504 0.7356 0.5060
vn -0.1799 0.7816 0.5972
vn -0.1729 0.7886 0.5901
vn 0.0223 0.8013 0.5978
vn 0.0083 0.8028 0.5962
vn 0.2379 0.7762 0.5838
vn 0.3196 0.7623 0.5628
vn 0.5957 0.6355 0.4913
vn 0.7244 0.5612 0.4003
vn 0.8880 0.3879 0.2468
vn 0.9223 0.3335 0.1951
vn 0.9867 0.1496 0.0640
vn 0.9993 0.0269 0.0277
vn 0.9995 -0.0291 -0.0095
vn 0.9994 -0.0336 -0.0106
vn 1.0000 -0.0000 -0.0022
vn 0.9996 0.0285 -0.0094
vn 0.9994 0.0344 -0.0108
vn 0.9863 -0.1517 0.0649
vn 0.9992 -0.0290 0.0288
vn 0.9198 -0.3387 0.1980
vn 0.8888 -0.3879 0.2442
vn 0.7249 -0.5607 0.4002
vn 0.5955 -0.6352 0.4918
vn 0.2379 -0.7758 0.5844
vn 0.3200 -0.7618 0.5632
vt 0.000000 0.000000
s 1
f 30/1/1 80/1/2 81/1/2 31/1/1
f 33/1/3 83/1/4 97/1/4 47/1/3
f 8/1/5 58/1/6 56/1/7 6/1/8
f 37/1/9 38/1/10 88/1/11 87/1/12
f 29/1/13 22/1/14 72/1/15 79/1/16
f 47/1/17 97/1/17 98/1/17 48/1/17
f 6/1/8 56/1/7 51/1/18 1/1/19
f 20/1/20 70/1/21 88/1/11 38/1/10
f 30/1/22 29/1/23 79/1/24 80/1/24
f 50/1/25 100/1/25 99/1/25 49/1/25
f 9/1/26 59/1/27 60/1/28 10/1/29
f 37/1/30 87/1/31 71/1/31 21/1/30
f 18/1/32 68/1/33 73/1/33 23/1/32
f 48/1/34 98/1/35 100/1/35 50/1/34
f 10/1/29 60/1/28 57/1/36 7/1/37
f 39/1/38 89/1/39 90/1/40 40/1/41
f 24/1/42 74/1/4 68/1/4 18/1/42
f 11/1/43 61/1/44 63/1/45 13/1/46
f 21/1/47 71/1/48 89/1/39 39/1/38
f 32/1/49 82/1/50 76/1/51 26/1/52
f 13/1/46 63/1/45 62/1/53 12/1/54
f 40/1/41 90/1/40 72/1/15 22/1/14
f 27/1/55 77/1/56 78/1/57 28/1/58
f 12/1/54 62/1/53 59/1/27 9/1/26
f 41/1/59 91/1/60 92/1/61 42/1/62
f 26/1/52 76/1/51 77/1/56 27/1/55
f 14/1/63 64/1/64 66/1/65 16/1/66
f 33/1/67 42/1/62 92/1/61 83/1/68
f 28/1/58 78/1/57 74/1/69 24/1/70
f 16/1/66 66/1/65 67/1/71 17/1/72
f 43/1/73 44/1/74 94/1/75 93/1/76
f 2/1/77 3/1/78 53/1/79 52/1/80
f 25/1/25 75/1/25 82/1/25 32/1/25
f 17/1/72 67/1/71 65/1/81 15/1/82
f 43/1/73 93/1/76 91/1/60 41/1/59
f 3/1/78 1/1/83 51/1/84 53/1/79
f 49/1/85 99/1/86 75/1/86 25/1/85
f 15/1/19 65/1/18 61/1/18 11/1/19
f 45/1/87 95/1/88 96/1/89 46/1/90
f 4/1/91 54/1/92 55/1/93 5/1/94
f 36/1/95 35/1/96 85/1/97 86/1/98
f 23/1/99 73/1/100 69/1/100 19/1/99
f 31/1/101 81/1/102 95/1/88 45/1/87
f 2/1/77 52/1/80 54/1/92 4/1/91
f 34/1/103 36/1/95 86/1/98 84/1/104
f 19/1/105 69/1/106 64/1/64 14/1/63
f 44/1/107 46/1/90 96/1/89 94/1/108
f 7/1/37 57/1/36 58/1/6 8/1/5
f 20/1/30 34/1/103 84/1/104 70/1/109
f 61/1/44 111/1/110 113/1/111 63/1/45
f 71/1/48 121/1/112 139/1/113 89/1/39
f 82/1/50 132/1/114 126/1/115 76/1/51
f 63/1/45 113/1/111 112/1/116 62/1/53
f 90/1/40 140/1/117 122/1/118 72/1/15
f 77/1/56 127/1/119 128/1/120 78/1/57
f 62/1/53 112/1/116 109/1/121 59/1/27
f 91/1/60 141/1/122 142/1/123 92/1/61
f 76/1/51 126/1/115 127/1/119 77/1/56
f 64/1/64 114/1/124 116/1/125 66/1/65
f 83/1/68 92/1/61 142/1/123 133/1/126
f 78/1/57 128/1/120 124/1/127 74/1/69
f 66/1/65 116/1/125 117/1/128 67/1/71
f 93/1/76 94/1/75 144/1/129 143/1/130
f 52/1/80 53/1/79 103/1/131 102/1/132
f 75/1/25 125/1/25 132/1/25 82/1/25
f 67/1/71 117/1/128 115/1/133 65/1/81
f 93/1/76 143/1/130 141/1/122 91/1/60
f 53/1/79 51/1/84 101/1/134 103/1/131
f 99/1/86 149/1/135 125/1/135 75/1/86
f 65/1/18 115/1/136 111/1/136 61/1/18
f 95/1/88 145/1/137 146/1/138 96/1/89
f 54/1/92 104/1/139 105/1/140 55/1/93
f 86/1/98 85/1/97 135/1/141 136/1/142
f 73/1/100 123/1/143 119/1/143 69/1/100
f 81/1/102 131/1/144 145/1/137 95/1/88
f 52/1/80 102/1/132 104/1/139 54/1/92
f 84/1/104 86/1/98 136/1/142 134/1/145
f 69/1/106 119/1/146 114/1/124 64/1/64
f 94/1/108 96/1/89 146/1/138 144/1/147
f 57/1/36 107/1/148 108/1/149 58/1/6
f 70/1/109 84/1/104 134/1/145 120/1/150
f 80/1/2 130/1/151 131/1/151 81/1/2
f 83/1/4 133/1/152 147/1/152 97/1/4
f 58/1/6 108/1/149 106/1/153 56/1/7
f 87/1/12 88/1/11 138/1/154 137/1/155
f 79/1/16 72/1/15 122/1/118 129/1/156
f 97/1/17 147/1/17 148/1/17 98/1/17
f 56/1/7 106/1/153 101/1/136 51/1/18
f 70/1/21 120/1/157 138/1/154 88/1/11
f 80/1/24 79/1/24 129/1/158 130/1/159
f 100/1/25 150/1/25 149/1/25 99/1/25
f 59/1/27 109/1/121 110/1/160 60/1/28
f 87/1/31 137/1/161 121/1/161 71/1/31
f 68/1/33 118/1/162 123/1/162 73/1/33
f 98/1/35 148/1/163 150/1/163 100/1/35
f 60/1/28 110/1/160 107/1/148 57/1/36
f 89/1/39 139/1/113 140/1/117 90/1/40
f 74/1/4 124/1/152 118/1/152 68/1/4
f 144/1/147 146/1/138 196/1/164 194/1/165
f 107/1/148 157/1/166 158/1/167 108/1/149
f 120/1/150 134/1/145 184/1/168 170/1/169
f 130/1/151 180/1/170 181/1/170 131/1/151
f 133/1/152 183/1/171 197/1/171 147/1/152
f 108/1/149 158/1/167 156/1/172 106/1/153
f 137/1/155 138/1/154 188/1/173 187/1/174
f 129/1/156 122/1/118 172/1/175 179/1/176
f 147/1/17 197/1/17 198/1/17 148/1/17
f 106/1/153 156/1/172 151/1/177 101/1/136
f 120/1/157 170/1/178 188/1/173 138/1/154
f 130/1/159 129/1/158 179/1/179 180/1/179
f 150/1/25 200/1/25 199/1/25 149/1/25
f 109/1/121 159/1/180 160/1/181 110/1/160
f 137/1/161 187/1/169 171/1/169 121/1/161
f 118/1/162 168/1/182 173/1/182 123/1/162
f 148/1/163 198/1/183 200/1/183 150/1/163
f 110/1/160 160/1/181 157/1/166 107/1/148
f 139/1/113 189/1/184 190/1/185 140/1/117
f 124/1/152 174/1/171 168/1/171 118/1/152
f 111/1/110 161/1/186 163/1/187 113/1/111
f 121/1/112 171/1/188 189/1/184 139/1/113
f 132/1/114 182/1/189 176/1/190 126/1/115
f 113/1/111 163/1/187 162/1/191 112/1/116
f 140/1/117 190/1/185 172/1/175 122/1/118
f 127/1/119 177/1/192 178/1/193 128/1/120
f 112/1/116 162/1/191 159/1/180 109/1/121
f 141/1/122 191/1/194 192/1/195 142/1/123
f 126/1/115 176/1/190 177/1/192 127/1/119
f 114/1/124 164/1/196 166/1/197 116/1/125
f 133/1/126 142/1/123 192/1/195 183/1/198
f 128/1/120 178/1/193 174/1/199 124/1/127
f 116/1/125 166/1/197 167/1/200 117/1/128
f 143/1/130 144/1/129 194/1/201 193/1/202
f 102/1/132 103/1/131 153/1/203 152/1/204
f 125/1/25 175/1/25 182/1/25 132/1/25
f 117/1/128 167/1/200 165/1/205 115/1/133
f 143/1/130 193/1/202 191/1/194 141/1/122
f 103/1/131 101/1/134 151/1/206 153/1/203
f 149/1/135 199/1/207 175/1/207 125/1/135
f 115/1/136 165/1/177 161/1/177 111/1/136
f 145/1/137 195/1/208 196/1/164 146/1/138
f 104/1/139 154/1/209 155/1/210 105/1/140
f 136/1/142 135/1/141 185/1/211 186/1/212
f 123/1/143 173/1/213 169/1/213 119/1/143
f 131/1/144 181/1/214 195/1/208 145/1/137
f 102/1/132 152/1/204 154/1/209 104/1/139
f 134/1/145 136/1/142 186/1/212 184/1/168
f 119/1/146 169/1/215 164/1/196 114/1/124
f 164/1/196 214/1/216 216/1/217 166/1/197
f 183/1/198 192/1/195 242/1/218 233/1/219
f 178/1/193 228/1/220 224/1/221 174/1/199
f 166/1/197 216/1/217 217/1/222 167/1/200
f 193/1/202 194/1/201 244/1/223 243/1/224
f 152/1/204 153/1/203 203/1/225 202/1/226
f 175/1/25 225/1/25 232/1/25 182/1/25
f 167/1/200 217/1/222 215/1/227 165/1/205
f 193/1/202 243/1/224 241/1/228 191/1/194
f 153/1/203 151/1/206 201/1/229 203/1/225
f 199/1/207 249/1/230 225/1/230 175/1/207
f 165/1/177 215/1/231 211/1/231 161/1/177
f 195/1/208 245/1/232 246/1/233 196/1/164
f 154/1/209 204/1/234 205/1/235 155/1/210
f 186/1/212 185/1/211 235/1/236 236/1/237
f 173/1/213 223/1/238 219/1/238 169/1/213
f 181/1/214 231/1/239 245/1/232 195/1/208
f 152/1/204 202/1/226 204/1/234 154/1/209
f 184/1/168 186/1/212 236/1/237 234/1/240
f 169/1/215 219/1/241 214/1/216 164/1/196
f 194/1/165 196/1/164 246/1/233 244/1/242
f 157/1/166 207/1/243 208/1/244 158/1/167
f 170/1/169 184/1/168 234/1/240 220/1/245
f 180/1/170 230/1/246 231/1/246 181/1/170
f 183/1/171 233/1/247 247/1/247 197/1/171
f 158/1/167 208/1/244 206/1/248 156/1/172
f 187/1/174 188/1/173 238/1/249 237/1/250
f 179/1/176 172/1/175 222/1/251 229/1/252
f 197/1/17 247/1/17 248/1/17 198/1/17
f 156/1/172 206/1/248 201/1/231 151/1/177
f 170/1/178 220/1/253 238/1/249 188/1/173
f 180/1/179 179/1/179 229/1/254 230/1/255
f 200/1/25 250/1/25 249/1/25 199/1/25
f 159/1/180 209/1/256 210/1/257 160/1/181
f 187/1/169 237/1/258 221/1/258 171/1/169
f 168/1/182 218/1/259 223/1/259 173/1/182
f 198/1/183 248/1/260 250/1/260 200/1/183
f 160/1/181 210/1/257 207/1/243 157/1/166
f 189/1/184 239/1/261 240/1/262 190/1/185
f 174/1/171 224/1/263 218/1/263 168/1/171
f 161/1/186 211/1/264 213/1/265 163/1/187
f 171/1/188 221/1/266 239/1/261 189/1/184
f 182/1/189 232/1/267 226/1/268 176/1/190
f 163/1/187 213/1/265 212/1/269 162/1/191
f 190/1/185 240/1/262 222/1/251 172/1/175
f 177/1/192 227/1/270 228/1/220 178/1/193
f 162/1/191 212/1/269 209/1/256 159/1/180
f 191/1/194 241/1/228 242/1/218 192/1/195
f 176/1/190 226/1/268 227/1/270 177/1/192
f 250/1/25 300/1/25 299/1/25 249/1/25
f 209/1/256 259/1/271 260/1/272 210/1/257
f 237/1/258 287/1/273 271/1/273 221/1/258
f 218/1/259 268/1/274 273/1/274 223/1/259
f 248/1/260 298/1/275 300/1/275 250/1/260
f 210/1/257 260/1/272 257/1/276 207/1/243
f 239/1/261 289/1/277 290/1/278 240/1/262
f 224/1/263 274/1/279 268/1/279 218/1/263
f 211/1/264 261/1/280 263/1/281 213/1/265
f 221/1/266 271/1/282 289/1/277 239/1/261
f 232/1/267 282/1/283 276/1/284 226/1/268
f 213/1/265 263/1/281 262/1/285 212/1/269
f 240/1/262 290/1/278 272/1/286 222/1/251
f 227/1/270 277/1/287 278/1/288 228/1/220
f 212/1/269 262/1/285 259/1/271 209/1/256
f 241/1/228 291/1/289 292/1/290 242/1/218
f 226/1/268 276/1/284 277/1/287 227/1/270
f 214/1/216 264/1/291 266/1/292 216/1/217
f 233/1/219 242/1/218 292/1/290 283/1/293
f 228/1/220 278/1/288 274/1/294 224/1/221
f 216/1/217 266/1/292 267/1/295 217/1/222
f 243/1/224 244/1/223 294/1/296 293/1/297
f 202/1/226 203/1/225 253/1/298 252/1/299
f 225/1/25 275/1/25 282/1/25 232/1/25
f 217/1/222 267/1/295 265/1/300 215/1/227
f 243/1/224 293/1/297 291/1/289 241/1/228
f 203/1/225 201/1/229 251/1/301 253/1/298
f 249/1/230 299/1/302 275/1/302 225/1/230
f 215/1/231 265/1/303 261/1/303 211/1/231
f 245/1/232 295/1/304 296/1/305 246/1/233
f 204/1/234 254/1/306 255/1/307 205/1/235
f 236/1/237 235/1/236 285/1/308 286/1/309
f 223/1/238 273/1/310 269/1/310 219/1/238
f 231/1/239 281/1/311 295/1/304 245/1/232
f 202/1/226 252/1/299 254/1/306 204/1/234
f 234/1/240 236/1/237 286/1/309 284/1/312
f 219/1/241 269/1/313 264/1/291 214/1/216
f 244/1/242 246/1/233 296/1/305 294/1/314
f 207/1/243 257/1/276 258/1/315 208/1/244
f 220/1/245 234/1/240 284/1/312 270/1/273
f 230/1/246 280/1/316 281/1/316 231/1/246
f 233/1/247 283/1/317 297/1/317 247/1/247
f 208/1/244 258/1/315 256/1/318 206/1/248
f 237/1/250 238/1/249 288/1/319 287/1/320
f 229/1/252 222/1/251 272/1/286 279/1/321
f 247/1/17 297/1/17 298/1/17 248/1/17
f 206/1/248 256/1/318 251/1/303 201/1/231
f 220/1/253 270/1/322 288/1/319 238/1/249
f 230/1/255 229/1/254 279/1/323 280/1/323
f 265/1/303 315/1/324 311/1/324 261/1/303
f 295/1/304 345/1/325 346/1/326 296/1/305
f 254/1/306 304/1/327 305/1/328 255/1/307
f 286/1/309 285/1/308 335/1/329 336/1/330
f 273/1/310 323/1/331 319/1/331 269/1/310
f 281/1/311 331/1/332 345/1/325 295/1/304
f 252/1/299 302/1/333 304/1/327 254/1/306
f 284/1/312 286/1/309 336/1/330 334/1/334
f 269/1/313 319/1/335 314/1/336 264/1/291
f 294/1/314 296/1/305 346/1/326 344/1/337
f 257/1/276 307/1/338 308/1/339 258/1/315
f 270/1/273 284/1/312 334/1/334 320/1/340
f 280/1/316 330/1/341 331/1/341 281/1/316
f 283/1/317 333/1/342 347/1/342 297/1/317
f 258/1/315 308/1/339 306/1/343 256/1/318
f 287/1/320 288/1/319 338/1/344 337/1/345
f 279/1/321 272/1/286 322/1/346 329/1/347
f 297/1/17 347/1/17 348/1/17 298/1/17
f 256/1/318 306/1/343 301/1/324 251/1/303
f 270/1/322 320/1/348 338/1/344 288/1/319
f 280/1/323 279/1/323 329/1/349 330/1/350
f 300/1/25 350/1/25 349/1/25 299/1/25
f 259/1/271 309/1/351 310/1/352 260/1/272
f 287/1/273 337/1/340 321/1/340 271/1/273
f 268/1/274 318/1/353 323/1/353 273/1/274
f 298/1/275 348/1/354 350/1/354 300/1/275
f 260/1/272 310/1/352 307/1/338 257/1/276
f 289/1/277 339/1/355 340/1/356 290/1/278
f 274/1/279 324/1/357 318/1/357 268/1/279
f 261/1/280 311/1/358 313/1/359 263/1/281
f 271/1/282 321/1/360 339/1/355 289/1/277
f 282/1/283 332/1/361 326/1/362 276/1/284
f 263/1/281 313/1/359 312/1/363 262/1/285
f 290/1/278 340/1/356 322/1/346 272/1/286
f 277/1/287 327/1/364 328/1/365 278/1/288
f 262/1/285 312/1/363 309/1/351 259/1/271
f 291/1/289 341/1/366 342/1/367 292/1/290
f 276/1/284 326/1/362 327/1/364 277/1/287
f 264/1/291 314/1/336 316/1/368 266/1/292
f 283/1/293 292/1/290 342/1/367 333/1/369
f 278/1/288 328/1/365 324/1/370 274/1/294
f 266/1/292 316/1/368 317/1/371 267/1/295
f 293/1/297 294/1/296 344/1/372 343/1/373
f 252/1/299 253/1/298 303/1/374 302/1/333
f 275/1/25 325/1/25 332/1/25 282/1/25
f 267/1/295 317/1/371 315/1/375 265/1/300
f 293/1/297 343/1/373 341/1/366 291/1/289
f 253/1/298 251/1/301 301/1/376 303/1/374
f 299/1/302 349/1/377 325/1/377 275/1/302
f 313/1/359 363/1/378 362/1/379 312/1/363
f 340/1/356 390/1/380 372/1/381 322/1/346
f 327/1/364 377/1/382 378/1/383 328/1/365
f 312/1/363 362/1/379 359/1/384 309/1/351
f 341/1/366 391/1/385 392/1/386 342/1/367
f 326/1/362 376/1/387 377/1/382 327/1/364
f 314/1/336 364/1/388 366/1/389 316/1/368
f 333/1/369 342/1/367 392/1/386 383/1/390
f 328/1/365 378/1/383 374/1/391 324/1/370
f 316/1/368 366/1/389 367/1/392 317/1/371
f 343/1/373 344/1/372 394/1/393 393/1/394
f 302/1/333 303/1/374 353/1/395 352/1/396
f 325/1/25 375/1/25 382/1/25 332/1/25
f 317/1/371 367/1/392 365/1/397 315/1/375
f 343/1/373 393/1/394 391/1/385 341/1/366
f 303/1/374 301/1/376 351/1/398 353/1/395
f 349/1/377 399/1/399 375/1/399 325/1/377
f 315/1/324 365/1/400 361/1/400 311/1/324
f 345/1/325 395/1/401 396/1/402 346/1/326
f 304/1/327 354/1/403 355/1/404 305/1/328
f 336/1/330 335/1/329 385/1/405 386/1/406
f 323/1/331 373/1/407 369/1/407 319/1/331
f 331/1/332 381/1/408 395/1/401 345/1/325
f 302/1/333 352/1/396 354/1/403 304/1/327
f 334/1/334 336/1/330 386/1/406 384/1/409
f 319/1/335 369/1/410 364/1/388 314/1/336
f 344/1/337 346/1/326 396/1/402 394/1/411
f 307/1/338 357/1/412 358/1/413 308/1/339
f 320/1/340 334/1/334 384/1/409 370/1/414
f 330/1/341 380/1/415 381/1/416 331/1/341
f 333/1/342 383/1/417 397/1/417 347/1/342
f 308/1/339 358/1/413 356/1/418 306/1/343
f 337/1/345 338/1/344 388/1/419 387/1/420
f 329/1/347 322/1/346 372/1/381 379/1/421
f 347/1/17 397/1/17 398/1/17 348/1/17
f 306/1/343 356/1/418 351/1/400 301/1/324
f 320/1/348 370/1/422 388/1/419 338/1/344
f 330/1/350 329/1/349 379/1/423 380/1/423
f 350/1/25 400/1/25 399/1/25 349/1/25
f 309/1/351 359/1/384 360/1/424 310/1/352
f 337/1/340 387/1/425 371/1/425 321/1/340
f 318/1/353 368/1/426 373/1/426 323/1/353
f 348/1/354 398/1/427 400/1/427 350/1/354
f 310/1/352 360/1/424 357/1/412 307/1/338
f 339/1/355 389/1/428 390/1/380 340/1/356
f 324/1/357 374/1/417 368/1/417 318/1/357
f 311/1/358 361/1/429 363/1/378 313/1/359
f 321/1/360 371/1/430 389/1/428 339/1/355
f 332/1/361 382/1/431 376/1/387 326/1/362
f 380/1/415 430/1/432 431/1/432 381/1/416
f 383/1/417 433/1/433 447/1/433 397/1/417
f 358/1/413 408/1/434 406/1/435 356/1/418
f 387/1/420 388/1/419 438/1/436 437/1/437
f 379/1/421 372/1/381 422/1/438 429/1/439
f 397/1/17 447/1/17 448/1/17 398/1/17
f 356/1/418 406/1/435 401/1/440 351/1/400
f 370/1/422 420/1/441 438/1/436 388/1/419
f 380/1/423 379/1/423 429/1/442 430/1/443
f 400/1/25 450/1/25 449/1/25 399/1/25
f 359/1/384 409/1/444 410/1/445 360/1/424
f 387/1/425 437/1/446 421/1/446 371/1/425
f 368/1/426 418/1/447 423/1/447 373/1/426
f 398/1/427 448/1/448 450/1/448 400/1/427
f 360/1/424 410/1/445 407/1/449 357/1/412
f 389/1/428 439/1/450 440/1/451 390/1/380
f 374/1/417 424/1/433 418/1/433 368/1/417
f 361/1/429 411/1/452 413/1/453 363/1/378
f 371/1/430 421/1/454 439/1/450 389/1/428
f 382/1/431 432/1/455 426/1/456 376/1/387
f 363/1/378 413/1/453 412/1/457 362/1/379
f 390/1/380 440/1/451 422/1/438 372/1/381
f 377/1/382 427/1/458 428/1/459 378/1/383
f 362/1/379 412/1/457 409/1/444 359/1/384
f 391/1/385 441/1/460 442/1/461 392/1/386
f 376/1/387 426/1/456 427/1/458 377/1/382
f 364/1/388 414/1/462 416/1/463 366/1/389
f 383/1/390 392/1/386 442/1/461 433/1/464
f 378/1/383 428/1/459 424/1/465 374/1/391
f 366/1/389 416/1/463 417/1/466 367/1/392
f 393/1/394 394/1/393 444/1/467 443/1/468
f 352/1/396 353/1/395 403/1/469 402/1/470
f 375/1/25 425/1/25 432/1/25 382/1/25
f 367/1/392 417/1/466 415/1/471 365/1/397
f 393/1/394 443/1/468 441/1/460 391/1/385
f 353/1/395 351/1/398 401/1/472 403/1/469
f 399/1/399 449/1/473 425/1/473 375/1/399
f 365/1/400 415/1/440 411/1/440 361/1/400
f 395/1/401 445/1/474 446/1/475 396/1/402
f 354/1/403 404/1/476 405/1/477 355/1/404
f 386/1/406 385/1/405 435/1/478 436/1/479
f 373/1/407 423/1/480 419/1/480 369/1/407
f 381/1/408 431/1/481 445/1/474 395/1/401
f 352/1/396 402/1/470 404/1/476 354/1/403
f 384/1/409 386/1/406 436/1/479 434/1/482
f 369/1/410 419/1/483 414/1/462 364/1/388
f 394/1/411 396/1/402 446/1/475 444/1/484
f 357/1/412 407/1/449 408/1/434 358/1/413
f 370/1/414 384/1/409 434/1/482 420/1/485
f 416/1/463 466/1/486 467/1/487 417/1/466
f 443/1/468 444/1/467 494/1/488 493/1/489
f 402/1/470 403/1/469 453/1/490 452/1/491
f 425/1/25 475/1/25 482/1/25 432/1/25
f 417/1/466 467/1/487 465/1/492 415/1/471
f 443/1/468 493/1/489 491/1/493 441/1/460
f 403/1/469 401/1/472 451/1/494 453/1/490
f 449/1/473 499/1/495 475/1/495 425/1/473
f 415/1/440 465/1/496 461/1/496 411/1/440
f 445/1/474 495/1/497 496/1/498 446/1/475
f 404/1/476 454/1/499 455/1/500 405/1/477
f 436/1/479 435/1/478 485/1/501 486/1/502
f 423/1/480 473/1/503 469/1/503 419/1/480
f 431/1/481 481/1/504 495/1/497 445/1/474
f 402/1/470 452/1/491 454/1/499 404/1/476
f 434/1/482 436/1/479 486/1/502 484/1/505
f 419/1/483 469/1/506 464/1/507 414/1/462
f 444/1/484 446/1/475 496/1/498 494/1/508
f 407/1/449 457/1/509 458/1/510 408/1/434
f 420/1/485 434/1/482 484/1/505 470/1/511
f 430/1/432 480/1/512 481/1/512 431/1/432
f 433/1/433 483/1/513 497/1/513 447/1/433
f 408/1/434 458/1/510 456/1/514 406/1/435
f 437/1/437 438/1/436 488/1/515 487/1/516
f 429/1/439 422/1/438 472/1/517 479/1/518
f 447/1/17 497/1/17 498/1/17 448/1/17
f 406/1/435 456/1/514 451/1/496 401/1/440
f 420/1/441 470/1/519 488/1/515 438/1/436
f 430/1/443 429/1/442 479/1/520 480/1/520
f 450/1/25 500/1/25 499/1/25 449/1/25
f 409/1/444 459/1/521 460/1/522 410/1/445
f 437/1/446 487/1/511 471/1/511 421/1/446
f 418/1/447 468/1/523 473/1/523 423/1/447
f 448/1/448 498/1/524 500/1/524 450/1/448
f 410/1/445 460/1/522 457/1/509 407/1/449
f 439/1/450 489/1/525 490/1/526 440/1/451
f 424/1/433 474/1/513 468/1/513 418/1/433
f 411/1/452 461/1/527 463/1/528 413/1/453
f 421/1/454 471/1/529 489/1/525 439/1/450
f 432/1/455 482/1/530 476/1/531 426/1/456
f 413/1/453 463/1/528 462/1/532 412/1/457
f 440/1/451 490/1/526 472/1/517 422/1/438
f 427/1/458 477/1/533 478/1/534 428/1/459
f 412/1/457 462/1/532 459/1/521 409/1/444
f 441/1/460 491/1/493 492/1/535 442/1/461
f 426/1/456 476/1/531 477/1/533 427/1/458
f 414/1/462 464/1/507 466/1/486 416/1/463
f 433/1/464 442/1/461 492/1/535 483/1/536
f 428/1/459 478/1/534 474/1/537 424/1/465
f 468/1/523 518/1/538 523/1/538 473/1/523
f 498/1/524 548/1/539 550/1/539 500/1/524
f 460/1/522 510/1/540 507/1/541 457/1/509
f 489/1/525 539/1/542 540/1/543 490/1/526
f 474/1/513 524/1/544 518/1/544 468/1/513
f 461/1/527 511/1/545 513/1/546 463/1/528
f 471/1/529 521/1/547 539/1/542 489/1/525
f 482/1/530 532/1/548 526/1/549 476/1/531
f 463/1/528 513/1/546 512/1/550 462/1/532
f 490/1/526 540/1/543 522/1/551 472/1/517
f 477/1/533 527/1/552 528/1/553 478/1/534
f 462/1/532 512/1/550 509/1/554 459/1/521
f 491/1/493 541/1/555 542/1/556 492/1/535
f 476/1/531 526/1/549 527/1/552 477/1/533
f 464/1/507 514/1/557 516/1/558 466/1/486
f 483/1/536 492/1/535 542/1/556 533/1/559
f 478/1/534 528/1/553 524/1/560 474/1/537
f 466/1/486 516/1/558 517/1/561 467/1/487
f 493/1/489 494/1/488 544/1/562 543/1/563
f 452/1/491 453/1/490 503/1/564 502/1/565
f 475/1/25 525/1/25 532/1/25 482/1/25
f 467/1/487 517/1/561 515/1/566 465/1/492
f 493/1/489 543/1/563 541/1/555 491/1/493
f 453/1/490 451/1/494 501/1/567 503/1/564
f 499/1/495 549/1/568 525/1/568 475/1/495
f 465/1/496 515/1/569 511/1/569 461/1/496
f 495/1/497 545/1/570 546/1/571 496/1/498
f 454/1/499 504/1/572 505/1/573 455/1/500
f 486/1/502 485/1/501 535/1/574 536/1/575
f 473/1/503 523/1/576 519/1/576 469/1/503
f 481/1/504 531/1/577 545/1/570 495/1/497
f 452/1/491 502/1/565 504/1/572 454/1/499
f 484/1/505 486/1/502 536/1/575 534/1/578
f 469/1/506 519/1/579 514/1/557 464/1/507
f 494/1/508 496/1/498 546/1/571 544/1/580
f 457/1/509 507/1/541 508/1/581 458/1/510
f 470/1/511 484/1/505 534/1/578 520/1/582
f 480/1/512 530/1/583 531/1/583 481/1/512
f 483/1/513 533/1/584 547/1/584 497/1/513
f 458/1/510 508/1/581 506/1/585 456/1/514
f 487/1/516 488/1/515 538/1/586 537/1/587
f 479/1/518 472/1/517 522/1/551 529/1/588
f 497/1/17 547/1/17 548/1/17 498/1/17
f 456/1/514 506/1/585 501/1/569 451/1/496
f 470/1/519 520/1/589 538/1/586 488/1/515
f 480/1/520 479/1/520 529/1/590 530/1/591
f 500/1/25 550/1/25 549/1/25 499/1/25
f 459/1/521 509/1/554 510/1/540 460/1/522
f 487/1/511 537/1/592 521/1/592 471/1/511
f 523/1/576 573/1/593 569/1/593 519/1/576
f 531/1/577 581/1/594 595/1/595 545/1/570
f 502/1/565 552/1/596 554/1/597 504/1/572
f 534/1/578 536/1/575 586/1/598 584/1/599
f 519/1/579 569/1/600 564/1/601 514/1/557
f 544/1/580 546/1/571 596/1/602 594/1/603
f 507/1/541 557/1/604 558/1/605 508/1/581
f 520/1/582 534/1/578 584/1/599 570/1/606
f 530/1/583 580/1/607 581/1/607 531/1/583
f 533/1/584 583/1/608 597/1/608 547/1/584
f 508/1/581 558/1/605 556/1/609 506/1/585
f 537/1/587 538/1/586 588/1/610 587/1/611
f 529/1/588 522/1/551 572/1/612 579/1/613
f 547/1/17 597/1/17 598/1/17 548/1/17
f 506/1/585 556/1/609 551/1/614 501/1/569
f 520/1/589 570/1/615 588/1/610 538/1/586
f 530/1/591 529/1/590 579/1/616 580/1/616
f 550/1/25 600/1/25 599/1/25 549/1/25
f 509/1/554 559/1/617 560/1/618 510/1/540
f 537/1/592 587/1/606 571/1/606 521/1/592
f 518/1/538 568/1/619 573/1/619 523/1/538
f 548/1/539 598/1/620 600/1/620 550/1/539
f 510/1/540 560/1/618 557/1/604 507/1/541
f 539/1/542 589/1/621 590/1/622 540/1/543
f 524/1/544 574/1/623 568/1/623 518/1/544
f 511/1/545 561/1/624 563/1/625 513/1/546
f 521/1/547 571/1/626 589/1/621 539/1/542
f 532/1/548 582/1/627 576/1/628 526/1/549
f 513/1/546 563/1/625 562/1/629 512/1/550
f 540/1/543 590/1/622 572/1/612 522/1/551
f 527/1/552 577/1/630 578/1/631 528/1/553
f 512/1/550 562/1/629 559/1/617 509/1/554
f 541/1/555 591/1/632 592/1/633 542/1/556
f 526/1/549 576/1/628 577/1/630 527/1/552
f 514/1/557 564/1/601 566/1/634 516/1/558
f 533/1/559 542/1/556 592/1/633 583/1/635
f 528/1/553 578/1/631 574/1/636 524/1/560
f 516/1/558 566/1/634 567/1/637 517/1/561
f 543/1/563 544/1/562 594/1/638 593/1/639
f 502/1/565 503/1/564 553/1/640 552/1/596
f 525/1/25 575/1/25 582/1/25 532/1/25
f 517/1/561 567/1/637 565/1/641 515/1/566
f 543/1/563 593/1/639 591/1/632 541/1/555
f 503/1/564 501/1/567 551/1/642 553/1/640
f 549/1/568 599/1/643 575/1/643 525/1/568
f 515/1/569 565/1/614 561/1/614 511/1/569
f 545/1/570 595/1/595 596/1/602 546/1/571
f 504/1/572 554/1/597 555/1/644 505/1/573
f 536/1/575 535/1/574 585/1/645 586/1/598
f 577/1/630 627/1/646 628/1/647 578/1/631
f 562/1/629 612/1/648 609/1/649 559/1/617
f 591/1/632 641/1/650 642/1/651 592/1/633
f 576/1/628 626/1/652 627/1/646 577/1/630
f 564/1/601 614/1/653 616/1/654 566/1/634
f 583/1/635 592/1/633 642/1/651 633/1/655
f 578/1/631 628/1/647 624/1/656 574/1/636
f 566/1/634 616/1/654 617/1/657 567/1/637
f 593/1/639 594/1/638 644/1/658 643/1/659
f 552/1/596 553/1/640 603/1/660 602/1/661
f 575/1/25 625/1/25 632/1/25 582/1/25
f 567/1/637 617/1/657 615/1/662 565/1/641
f 593/1/639 643/1/659 641/1/650 591/1/632
f 553/1/640 551/1/642 601/1/663 603/1/660
f 599/1/643 649/1/664 625/1/664 575/1/643
f 565/1/614 615/1/665 611/1/665 561/1/614
f 595/1/595 645/1/666 646/1/667 596/1/602
f 554/1/597 604/1/668 605/1/669 555/1/644
f 586/1/598 585/1/645 635/1/670 636/1/671
f 573/1/593 623/1/672 619/1/672 569/1/593
f 581/1/594 631/1/673 645/1/666 595/1/595
f 552/1/596 602/1/661 604/1/668 554/1/597
f 584/1/599 586/1/598 636/1/671 634/1/674
f 569/1/600 619/1/675 614/1/653 564/1/601
f 594/1/603 596/1/602 646/1/667 644/1/676
f 557/1/604 607/1/677 608/1/678 558/1/605
f 570/1/606 584/1/599 634/1/674 620/1/679
f 580/1/607 630/1/680 631/1/680 581/1/607
f 583/1/608 633/1/681 647/1/681 597/1/608
f 558/1/605 608/1/678 606/1/682 556/1/609
f 587/1/611 588/1/610 638/1/683 637/1/684
f 579/1/613 572/1/612 622/1/685 629/1/686
f 597/1/17 647/1/17 648/1/17 598/1/17
f 556/1/609 606/1/682 601/1/665 551/1/614
f 570/1/615 620/1/687 638/1/683 588/1/610
f 580/1/616 579/1/616 629/1/688 630/1/689
f 600/1/25 650/1/25 649/1/25 599/1/25
f 559/1/617 609/1/649 610/1/690 560/1/618
f 587/1/606 637/1/679 621/1/679 571/1/606
f 568/1/619 618/1/691 623/1/691 573/1/619
f 598/1/620 648/1/692 650/1/692 600/1/620
f 560/1/618 610/1/690 607/1/677 557/1/604
f 589/1/621 639/1/693 640/1/694 590/1/622
f 574/1/623 624/1/695 618/1/695 568/1/623
f 561/1/624 611/1/696 613/1/697 563/1/625
f 571/1/626 621/1/698 639/1/693 589/1/621
f 582/1/627 632/1/699 626/1/652 576/1/628
f 563/1/625 613/1/697 612/1/648 562/1/629
f 590/1/622 640/1/694 622/1/685 572/1/612
f 629/1/686 622/1/685 672/1/700 679/1/701
f 647/1/17 697/1/17 698/1/17 648/1/17
f 606/1/682 656/1/702 651/1/703 601/1/665
f 620/1/687 670/1/704 688/1/705 638/1/683
f 630/1/689 629/1/688 679/1/706 680/1/706
f 650/1/25 700/1/25 699/1/25 649/1/25
f 609/1/649 659/1/707 660/1/708 610/1/690
f 637/1/679 687/1/709 671/1/709 621/1/679
f 618/1/691 668/1/710 673/1/710 623/1/691
f 648/1/692 698/1/711 700/1/711 650/1/692
f 610/1/690 660/1/708 657/1/712 607/1/677
f 639/1/693 689/1/713 690/1/714 640/1/694
f 624/1/695 674/1/715 668/1/715 618/1/695
f 611/1/696 661/1/716 663/1/717 613/1/697
f 621/1/698 671/1/718 689/1/713 639/1/693
f 632/1/699 682/1/719 676/1/720 626/1/652
f 613/1/697 663/1/717 662/1/721 612/1/648
f 640/1/694 690/1/714 672/1/700 622/1/685
f 627/1/646 677/1/722 678/1/723 628/1/647
f 612/1/648 662/1/721 659/1/707 609/1/649
f 641/1/650 691/1/724 692/1/725 642/1/651
f 626/1/652 676/1/720 677/1/722 627/1/646
f 614/1/653 664/1/726 666/1/727 616/1/654
f 633/1/655 642/1/651 692/1/725 683/1/728
f 628/1/647 678/1/723 674/1/729 624/1/656
f 616/1/654 666/1/727 667/1/730 617/1/657
f 643/1/659 644/1/658 694/1/731 693/1/732
f 602/1/661 603/1/660 653/1/733 652/1/734
f 625/1/25 675/1/25 682/1/25 632/1/25
f 617/1/657 667/1/730 665/1/735 615/1/662
f 643/1/659 693/1/732 691/1/724 641/1/650
f 603/1/660 601/1/663 651/1/736 653/1/733
f 649/1/664 699/1/737 675/1/737 625/1/664
f 615/1/665 665/1/703 661/1/703 611/1/665
f 645/1/666 695/1/738 696/1/739 646/1/667
f 604/1/668 654/1/740 655/1/741 605/1/669
f 636/1/671 635/1/670 685/1/742 686/1/743
f 623/1/672 673/1/744 669/1/744 619/1/672
f 631/1/673 681/1/745 695/1/738 645/1/666
f 602/1/661 652/1/734 654/1/740 604/1/668
f 634/1/674 636/1/671 686/1/743 684/1/746
f 619/1/675 669/1/747 664/1/726 614/1/653
f 644/1/676 646/1/667 696/1/739 694/1/748
f 607/1/677 657/1/712 658/1/749 608/1/678
f 620/1/679 634/1/674 684/1/746 670/1/750
f 630/1/680 680/1/751 681/1/751 631/1/680
f 633/1/681 683/1/715 697/1/715 647/1/681
f 608/1/678 658/1/749 656/1/702 606/1/682
f 637/1/684 638/1/683 688/1/705 687/1/752
f 675/1/25 725/1/25 732/1/25 682/1/25
f 667/1/730 717/1/753 715/1/754 665/1/735
f 693/1/732 743/1/755 741/1/756 691/1/724
f 653/1/733 651/1/736 701/1/757 703/1/758
f 699/1/737 749/1/759 725/1/759 675/1/737
f 665/1/703 715/1/760 711/1/760 661/1/703
f 695/1/738 745/1/761 746/1/762 696/1/739
f 654/1/740 704/1/763 705/1/764 655/1/741
f 686/1/743 685/1/742 735/1/765 736/1/766
f 673/1/744 723/1/767 719/1/767 669/1/744
f 681/1/745 731/1/768 745/1/761 695/1/738
f 652/1/734 702/1/769 704/1/763 654/1/740
f 684/1/746 686/1/743 736/1/766 734/1/770
f 669/1/747 719/1/771 714/1/772 664/1/726
f 694/1/748 696/1/739 746/1/762 744/1/773
f 657/1/712 707/1/774 708/1/775 658/1/749
f 670/1/750 684/1/746 734/1/770 720/1/776
f 680/1/751 730/1/777 731/1/777 681/1/751
f 683/1/715 733/1/778 747/1/778 697/1/715
f 658/1/749 708/1/775 706/1/779 656/1/702
f 687/1/752 688/1/705 738/1/780 737/1/781
f 679/1/701 672/1/700 722/1/782 729/1/783
f 697/1/17 747/1/17 748/1/17 698/1/17
f 656/1/702 706/1/779 701/1/760 651/1/703
f 670/1/704 720/1/784 738/1/780 688/1/705
f 680/1/706 679/1/706 729/1/785 730/1/786
f 700/1/25 750/1/25 749/1/25 699/1/25
f 659/1/707 709/1/787 710/1/788 660/1/708
f 687/1/709 737/1/789 721/1/789 671/1/709
f 668/1/710 718/1/790 723/1/790 673/1/710
f 698/1/711 748/1/791 750/1/791 700/1/711
f 660/1/708 710/1/788 707/1/774 657/1/712
f 689/1/713 739/1/792 740/1/793 690/1/714
f 674/1/715 724/1/778 718/1/778 668/1/715
f 661/1/716 711/1/794 713/1/795 663/1/717
f 671/1/718 721/1/796 739/1/792 689/1/713
f 682/1/719 732/1/797 726/1/798 676/1/720
f 663/1/717 713/1/795 712/1/799 662/1/721
f 690/1/714 740/1/793 722/1/782 672/1/700
f 677/1/722 727/1/800 728/1/801 678/1/723
f 662/1/721 712/1/799 709/1/787 659/1/707
f 691/1/724 741/1/756 742/1/802 692/1/725
f 676/1/720 726/1/798 727/1/800 677/1/722
f 664/1/726 714/1/772 716/1/803 666/1/727
f 683/1/728 692/1/725 742/1/802 733/1/804
f 678/1/723 728/1/801 724/1/805 674/1/729
f 666/1/727 716/1/803 717/1/753 667/1/730
f 693/1/732 694/1/731 744/1/806 743/1/755
f 652/1/734 653/1/733 703/1/758 702/1/769
f 724/1/778 774/1/807 768/1/807 718/1/778
f 711/1/794 761/1/808 763/1/809 713/1/795
f 721/1/796 771/1/810 789/1/811 739/1/792
f 732/1/797 782/1/812 776/1/813 726/1/798
f 713/1/795 763/1/809 762/1/814 712/1/799
f 740/1/793 790/1/815 772/1/816 722/1/782
f 727/1/800 777/1/817 778/1/818 728/1/801
f 712/1/799 762/1/814 759/1/819 709/1/787
f 741/1/756 791/1/820 792/1/821 742/1/802
f 726/1/798 776/1/813 777/1/817 727/1/800
f 714/1/772 764/1/822 766/1/823 716/1/803
f 733/1/804 742/1/802 792/1/821 783/1/824
f 728/1/801 778/1/818 774/1/825 724/1/805
f 716/1/803 766/1/823 767/1/826 717/1/753
f 743/1/755 744/1/806 794/1/827 793/1/828
f 702/1/769 703/1/758 753/1/829 752/1/830
f 725/1/25 775/1/25 782/1/25 732/1/25
f 717/1/753 767/1/826 765/1/831 715/1/754
f 743/1/755 793/1/828 791/1/820 741/1/756
f 703/1/758 701/1/757 751/1/832 753/1/829
f 749/1/759 799/1/833 775/1/833 725/1/759
f 715/1/760 765/1/834 761/1/834 711/1/760
f 745/1/761 795/1/835 796/1/836 746/1/762
f 704/1/763 754/1/837 755/1/838 705/1/764
f 736/1/766 735/1/765 785/1/839 786/1/840
f 723/1/767 773/1/841 769/1/841 719/1/767
f 731/1/768 781/1/842 795/1/835 745/1/761
f 702/1/769 752/1/830 754/1/837 704/1/763
f 734/1/770 736/1/766 786/1/840 784/1/843
f 719/1/771 769/1/844 764/1/822 714/1/772
f 744/1/773 746/1/762 796/1/836 794/1/845
f 707/1/774 757/1/846 758/1/847 708/1/775
f 720/1/776 734/1/770 784/1/843 770/1/848
f 730/1/777 780/1/849 781/1/849 731/1/777
f 733/1/778 783/1/807 797/1/807 747/1/778
f 708/1/775 758/1/847 756/1/850 706/1/779
f 737/1/781 738/1/780 788/1/851 787/1/852
f 729/1/783 722/1/782 772/1/816 779/1/853
f 747/1/17 797/1/17 798/1/17 748/1/17
f 706/1/779 756/1/850 751/1/834 701/1/760
f 720/1/784 770/1/854 788/1/851 738/1/780
f 730/1/786 729/1/785 779/1/855 780/1/855
f 750/1/25 800/1/25 799/1/25 749/1/25
f 709/1/787 759/1/819 760/1/856 710/1/788
f 737/1/789 787/1/848 771/1/848 721/1/789
f 718/1/790 768/1/857 773/1/857 723/1/790
f 748/1/791 798/1/858 800/1/858 750/1/791
f 710/1/788 760/1/856 757/1/846 707/1/774
f 739/1/792 789/1/811 790/1/815 740/1/793
f 784/1/843 786/1/840 836/1/859 834/1/860
f 769/1/844 819/1/861 814/1/862 764/1/822
f 794/1/845 796/1/836 846/1/863 844/1/864
f 757/1/846 807/1/865 808/1/866 758/1/847
f 770/1/848 784/1/843 834/1/860 820/1/867
f 780/1/849 830/1/868 831/1/868 781/1/849
f 783/1/807 833/1/869 847/1/869 797/1/807
f 758/1/847 808/1/866 806/1/870 756/1/850
f 787/1/852 788/1/851 838/1/871 837/1/872
f 779/1/853 772/1/816 822/1/873 829/1/874
f 797/1/17 847/1/17 848/1/17 798/1/17
f 756/1/850 806/1/870 801/1/875 751/1/834
f 770/1/854 820/1/876 838/1/871 788/1/851
f 780/1/855 779/1/855 829/1/877 830/1/878
f 800/1/25 850/1/25 849/1/25 799/1/25
f 759/1/819 809/1/879 810/1/880 760/1/856
f 787/1/848 837/1/881 821/1/881 771/1/848
f 768/1/857 818/1/882 823/1/882 773/1/857
f 798/1/858 848/1/883 850/1/883 800/1/858
f 760/1/856 810/1/880 807/1/865 757/1/846
f 789/1/811 839/1/884 840/1/885 790/1/815
f 774/1/807 824/1/886 818/1/886 768/1/807
f 761/1/808 811/1/887 813/1/888 763/1/809
f 771/1/810 821/1/889 839/1/884 789/1/811
f 782/1/812 832/1/890 826/1/891 776/1/813
f 763/1/809 813/1/888 812/1/892 762/1/814
f 790/1/815 840/1/885 822/1/873 772/1/816
f 777/1/817 827/1/893 828/1/894 778/1/818
f 762/1/814 812/1/892 809/1/879 759/1/819
f 791/1/820 841/1/895 842/1/896 792/1/821
f 776/1/813 826/1/891 827/1/893 777/1/817
f 764/1/822 814/1/862 816/1/897 766/1/823
f 783/1/824 792/1/821 842/1/896 833/1/898
f 778/1/818 828/1/894 824/1/899 774/1/825
f 766/1/823 816/1/897 817/1/900 767/1/826
f 793/1/828 794/1/827 844/1/901 843/1/902
f 752/1/830 753/1/829 803/1/903 802/1/904
f 775/1/25 825/1/25 832/1/25 782/1/25
f 767/1/826 817/1/900 815/1/905 765/1/831
f 793/1/828 843/1/902 841/1/895 791/1/820
f 753/1/829 751/1/832 801/1/906 803/1/903
f 799/1/833 849/1/907 825/1/907 775/1/833
f 765/1/834 815/1/875 811/1/875 761/1/834
f 795/1/835 845/1/908 846/1/863 796/1/836
f 754/1/837 804/1/909 805/1/910 755/1/838
f 786/1/840 785/1/839 835/1/911 836/1/859
f 773/1/841 823/1/912 819/1/912 769/1/841
f 781/1/842 831/1/913 845/1/908 795/1/835
f 752/1/830 802/1/904 804/1/909 754/1/837
f 826/1/891 876/1/914 877/1/915 827/1/893
f 814/1/862 864/1/916 866/1/917 816/1/897
f 833/1/898 842/1/896 892/1/918 883/1/919
f 828/1/894 878/1/920 874/1/921 824/1/899
f 816/1/897 866/1/917 867/1/922 817/1/900
f 843/1/902 844/1/901 894/1/923 893/1/924
f 802/1/904 803/1/903 853/1/925 852/1/926
f 825/1/25 875/1/25 882/1/25 832/1/25
f 817/1/900 867/1/922 865/1/927 815/1/905
f 843/1/902 893/1/924 891/1/928 841/1/895
f 803/1/903 801/1/906 851/1/929 853/1/925
f 849/1/907 899/1/930 875/1/930 825/1/907
f 815/1/875 865/1/931 861/1/931 811/1/875
f 845/1/908 895/1/932 896/1/933 846/1/863
f 804/1/909 854/1/934 855/1/935 805/1/910
f 836/1/859 835/1/911 885/1/936 886/1/937
f 823/1/912 873/1/938 869/1/938 819/1/912
f 831/1/913 881/1/939 895/1/932 845/1/908
f 802/1/904 852/1/926 854/1/934 804/1/909
f 834/1/860 836/1/859 886/1/937 884/1/940
f 819/1/861 869/1/941 864/1/916 814/1/862
f 844/1/864 846/1/863 896/1/933 894/1/942
f 807/1/865 857/1/943 858/1/944 808/1/866
f 820/1/867 834/1/860 884/1/940 870/1/945
f 830/1/868 880/1/946 881/1/946 831/1/868
f 833/1/869 883/1/947 897/1/947 847/1/869
f 808/1/866 858/1/944 856/1/948 806/1/870
f 837/1/872 838/1/871 888/1/949 887/1/950
f 829/1/874 822/1/873 872/1/951 879/1/952
f 847/1/17 897/1/17 898/1/17 848/1/17
f 806/1/870 856/1/948 851/1/931 801/1/875
f 820/1/876 870/1/953 888/1/949 838/1/871
f 830/1/878 829/1/877 879/1/954 880/1/954
f 850/1/25 900/1/25 899/1/25 849/1/25
f 809/1/879 859/1/955 860/1/956 810/1/880
f 837/1/881 887/1/945 871/1/945 821/1/881
f 818/1/882 868/1/957 873/1/957 823/1/882
f 848/1/883 898/1/958 900/1/958 850/1/883
f 810/1/880 860/1/956 857/1/943 807/1/865
f 839/1/884 889/1/959 890/1/960 840/1/885
f 824/1/886 874/1/961 868/1/961 818/1/886
f 811/1/887 861/1/962 863/1/963 813/1/888
f 821/1/889 871/1/964 889/1/959 839/1/884
f 832/1/890 882/1/965 876/1/914 826/1/891
f 813/1/888 863/1/963 862/1/966 812/1/892
f 840/1/885 890/1/960 872/1/951 822/1/873
f 827/1/893 877/1/915 878/1/920 828/1/894
f 812/1/892 862/1/966 859/1/955 809/1/879
f 841/1/895 891/1/928 892/1/918 842/1/896
f 894/1/942 896/1/933 946/1/967 944/1/968
f 870/1/945 884/1/940 934/1/969 920/1/970
f 880/1/946 930/1/971 931/1/971 881/1/946
f 883/1/947 933/1/972 947/1/972 897/1/947
f 858/1/944 908/1/973 906/1/974 856/1/948
f 887/1/950 888/1/949 938/1/975 937/1/976
f 879/1/952 872/1/951 922/1/977 929/1/978
f 897/1/17 947/1/17 948/1/17 898/1/17
f 856/1/948 906/1/974 901/1/979 851/1/931
f 870/1/953 920/1/980 938/1/975 888/1/949
f 880/1/954 879/1/954 929/1/981 930/1/982
f 900/1/25 950/1/25 949/1/25 899/1/25
f 859/1/955 909/1/983 910/1/984 860/1/956
f 887/1/945 937/1/970 921/1/970 871/1/945
f 868/1/957 918/1/985 923/1/985 873/1/957
f 898/1/958 948/1/986 950/1/986 900/1/958
f 860/1/956 910/1/984 907/1/987 857/1/943
f 889/1/959 939/1/988 940/1/989 890/1/960
f 874/1/961 924/1/990 918/1/990 868/1/961
f 861/1/962 911/1/991 913/1/992 863/1/963
f 871/1/964 921/1/993 939/1/988 889/1/959
f 882/1/965 932/1/994 926/1/995 876/1/914
f 863/1/963 913/1/992 912/1/996 862/1/966
f 890/1/960 940/1/989 922/1/977 872/1/951
f 877/1/915 927/1/997 928/1/998 878/1/920
f 852/1/926 853/1/925 903/1/999 902/1/1000
f 862/1/966 912/1/996 909/1/983 859/1/955
f 891/1/928 941/1/1001 942/1/1002 892/1/918
f 876/1/914 926/1/995 927/1/997 877/1/915
f 853/1/925 851/1/929 901/1/1003 903/1/999
f 864/1/916 914/1/1004 916/1/1005 866/1/917
f 883/1/919 892/1/918 942/1/1002 933/1/1006
f 878/1/920 928/1/998 924/1/1007 874/1/921
f 866/1/917 916/1/1005 917/1/1008 867/1/922
f 854/1/934 904/1/1009 905/1/1010 855/1/935
f 893/1/924 894/1/923 944/1/1011 943/1/1012
f 875/1/25 925/1/25 932/1/25 882/1/25
f 852/1/926 902/1/1000 904/1/1009 854/1/934
f 867/1/922 917/1/1008 915/1/1013 865/1/927
f 893/1/924 943/1/1012 941/1/1001 891/1/928
f 899/1/930 949/1/1014 925/1/1014 875/1/930
f 857/1/943 907/1/987 908/1/973 858/1/944
f 865/1/931 915/1/979 911/1/979 861/1/931
f 895/1/932 945/1/1015 946/1/967 896/1/933
f 886/1/937 885/1/936 935/1/1016 936/1/1017
f 873/1/938 923/1/1018 919/1/1018 869/1/938
f 881/1/939 931/1/1019 945/1/1015 895/1/932
f 884/1/940 886/1/937 936/1/1017 934/1/969
f 869/1/941 919/1/1020 914/1/1004 864/1/916
f 914/1/1004 964/1/1021 966/1/1022 916/1/1005
f 933/1/1006 942/1/1002 992/1/1023 983/1/1024
f 928/1/998 978/1/1025 974/1/1026 924/1/1007
f 916/1/1005 966/1/1022 967/1/1027 917/1/1008
f 943/1/1012 944/1/1011 994/1/1028 993/1/1029
f 902/1/1000 903/1/999 953/1/1030 952/1/1031
f 925/1/25 975/1/25 982/1/25 932/1/25
f 917/1/1008 967/1/1027 965/1/1032 915/1/1013
f 943/1/1012 993/1/1029 991/1/1033 941/1/1001
f 903/1/999 901/1/1003 951/1/1034 953/1/1030
f 949/1/1014 999/1/1035 975/1/1035 925/1/1014
f 915/1/979 965/1/1036 961/1/1036 911/1/979
f 945/1/1015 995/1/1037 996/1/1038 946/1/967
f 904/1/1009 954/1/1039 955/1/1040 905/1/1010
f 936/1/1017 935/1/1016 985/1/1041 986/1/1042
f 923/1/1018 973/1/1043 969/1/1043 919/1/1018
f 931/1/1019 981/1/1044 995/1/1037 945/1/1015
f 902/1/1000 952/1/1031 954/1/1039 904/1/1009
f 934/1/969 936/1/1017 986/1/1042 984/1/1045
f 919/1/1020 969/1/1046 964/1/1021 914/1/1004
f 944/1/968 946/1/967 996/1/1038 994/1/1047
f 907/1/987 957/1/1048 958/1/1049 908/1/973
f 920/1/970 934/1/969 984/1/1045 970/1/1050
f 930/1/971 980/1/1051 981/1/1052 931/1/971
f 933/1/972 983/1/1053 997/1/1053 947/1/972
f 908/1/973 958/1/1049 956/1/1054 906/1/974
f 937/1/976 938/1/975 988/1/1055 987/1/1056
f 929/1/978 922/1/977 972/1/1057 979/1/1058
f 947/1/17 997/1/17 998/1/17 948/1/17
f 906/1/974 956/1/1054 951/1/1036 901/1/979
f 920/1/980 970/1/1059 988/1/1055 938/1/975
f 930/1/982 929/1/981 979/1/1060 980/1/1060
f 950/1/25 1000/1/25 999/1/25 949/1/25
f 909/1/983 959/1/1061 960/1/1062 910/1/984
f 937/1/970 987/1/1063 971/1/1063 921/1/970
f 918/1/985 968/1/1064 973/1/1064 923/1/985
f 948/1/986 998/1/1065 1000/1/1065 950/1/986
f 910/1/984 960/1/1062 957/1/1048 907/1/987
f 939/1/988 989/1/1066 990/1/1067 940/1/989
f 924/1/990 974/1/1053 968/1/1053 918/1/990
f 911/1/991 961/1/1068 963/1/1069 913/1/992
f 921/1/993 971/1/1070 989/1/1066 939/1/988
f 932/1/994 982/1/1071 976/1/1072 926/1/995
f 913/1/992 963/1/1069 962/1/1073 912/1/996
f 940/1/989 990/1/1067 972/1/1057 922/1/977
f 927/1/997 977/1/1074 978/1/1025 928/1/998
f 912/1/996 962/1/1073 959/1/1061 909/1/983
f 941/1/1001 991/1/1033 992/1/1023 942/1/1002
f 926/1/995 976/1/1072 977/1/1074 927/1/997
f 1000/1/25 1050/1/25 1049/1/25 999/1/25
f 959/1/1061 1009/1/1075 1010/1/1076 960/1/1062
f 987/1/1063 1037/1/1077 1021/1/1077 971/1/1063
f 968/1/1064 1018/1/1078 1023/1/1078 973/1/1064
f 998/1/1065 1048/1/1079 1050/1/1079 1000/1/1065
f 960/1/1062 1010/1/1076 1007/1/1080 957/1/1048
f 989/1/1066 1039/1/1081 1040/1/1082 990/1/1067
f 974/1/1053 1024/1/1083 1018/1/1083 968/1/1053
f 961/1/1068 1011/1/1084 1013/1/1085 963/1/1069
f 971/1/1070 1021/1/1086 1039/1/1081 989/1/1066
f 982/1/1071 1032/1/1087 1026/1/1088 976/1/1072
f 963/1/1069 1013/1/1085 1012/1/1089 962/1/1073
f 990/1/1067 1040/1/1082 1022/1/1090 972/1/1057
f 977/1/1074 1027/1/1091 1028/1/1092 978/1/1025
f 962/1/1073 1012/1/1089 1009/1/1075 959/1/1061
f 991/1/1033 1041/1/1093 1042/1/1094 992/1/1023
f 976/1/1072 1026/1/1088 1027/1/1091 977/1/1074
f 964/1/1021 1014/1/1095 1016/1/1096 966/1/1022
f 983/1/1024 992/1/1023 1042/1/1094 1033/1/1097
f 978/1/1025 1028/1/1092 1024/1/1098 974/1/1026
f 966/1/1022 1016/1/1096 1017/1/1099 967/1/1027
f 993/1/1029 994/1/1028 1044/1/1100 1043/1/1101
f 952/1/1031 953/1/1030 1003/1/1102 1002/1/1103
f 975/1/25 1025/1/25 1032/1/25 982/1/25
f 967/1/1027 1017/1/1099 1015/1/1104 965/1/1032
f 993/1/1029 1043/1/1101 1041/1/1093 991/1/1033
f 953/1/1030 951/1/1034 1001/1/1105 1003/1/1102
f 999/1/1035 1049/1/1106 1025/1/1106 975/1/1035
f 965/1/1036 1015/1/1107 1011/1/1107 961/1/1036
f 995/1/1037 1045/1/1108 1046/1/1109 996/1/1038
f 954/1/1039 1004/1/1110 1005/1/1111 955/1/1040
f 986/1/1042 985/1/1041 1035/1/1112 1036/1/1113
f 973/1/1043 1023/1/1114 1019/1/1114 969/1/1043
f 981/1/1044 1031/1/1115 1045/1/1108 995/1/1037
f 952/1/1031 1002/1/1103 1004/1/1110 954/1/1039
f 984/1/1045 986/1/1042 1036/1/1113 1034/1/1116
f 969/1/1046 1019/1/1117 1014/1/1095 964/1/1021
f 994/1/1047 996/1/1038 1046/1/1109 1044/1/1118
f 957/1/1048 1007/1/1080 1008/1/1119 958/1/1049
f 970/1/1050 984/1/1045 1034/1/1116 1020/1/1120
f 980/1/1051 1030/1/1121 1031/1/1121 981/1/1052
f 983/1/1053 1033/1/1083 1047/1/1083 997/1/1053
f 958/1/1049 1008/1/1119 1006/1/1122 956/1/1054
f 987/1/1056 988/1/1055 1038/1/1123 1037/1/1124
f 979/1/1058 972/1/1057 1022/1/1090 1029/1/1125
f 997/1/17 1047/1/17 1048/1/17 998/1/17
f 956/1/1054 1006/1/1122 1001/1/1107 951/1/1036
f 970/1/1059 1020/1/1126 1038/1/1123 988/1/1055
f 980/1/1060 979/1/1060 1029/1/1127 1030/1/1128
f 1015/1/1107 1065/1/1129 1061/1/1129 1011/1/1107
f 1045/1/1108 1095/1/1130 1096/1/1131 1046/1/1109
f 1004/1/1110 1054/1/1132 1055/1/1133 1005/1/1111
f 1036/1/1113 1035/1/1112 1085/1/1134 1086/1/1135
f 1023/1/1114 1073/1/1136 1069/1/1136 1019/1/1114
f 1031/1/1115 1081/1/1137 1095/1/1130 1045/1/1108
f 1002/1/1103 1052/1/1138 1054/1/1132 1004/1/1110
f 1034/1/1116 1036/1/1113 1086/1/1135 1084/1/1139
f 1019/1/1117 1069/1/1140 1064/1/1141 1014/1/1095
f 1044/1/1118 1046/1/1109 1096/1/1131 1094/1/1142
f 1007/1/1080 1057/1/1143 1058/1/1144 1008/1/1119
f 1020/1/1120 1034/1/1116 1084/1/1139 1070/1/1145
f 1030/1/1121 1080/1/1146 1081/1/1146 1031/1/1121
f 1033/1/1083 1083/1/1147 1097/1/1147 1047/1/1083
f 1008/1/1119 1058/1/1144 1056/1/1148 1006/1/1122
f 1037/1/1124 1038/1/1123 1088/1/1149 1087/1/1150
f 1029/1/1125 1022/1/1090 1072/1/1151 1079/1/1152
f 1047/1/17 1097/1/17 1098/1/17 1048/1/17
f 1006/1/1122 1056/1/1148 1051/1/1129 1001/1/1107
f 1020/1/1126 1070/1/1153 1088/1/1149 1038/1/1123
f 1030/1/1128 1029/1/1127 1079/1/1154 1080/1/1154
f 1050/1/25 1100/1/25 1099/1/25 1049/1/25
f 1009/1/1075 1059/1/1155 1060/1/1156 1010/1/1076
f 1037/1/1077 1087/1/1145 1071/1/1145 1021/1/1077
f 1018/1/1078 1068/1/1157 1073/1/1157 1023/1/1078
f 1048/1/1079 1098/1/1158 1100/1/1158 1050/1/1079
f 1010/1/1076 1060/1/1156 1057/1/1143 1007/1/1080
f 1039/1/1081 1089/1/1159 1090/1/1160 1040/1/1082
f 1024/1/1083 1074/1/1147 1068/1/1147 1018/1/1083
f 1011/1/1084 1061/1/1161 1063/1/1162 1013/1/1085
f 1021/1/1086 1071/1/1163 1089/1/1159 1039/1/1081
f 1032/1/1087 1082/1/1164 1076/1/1165 1026/1/1088
f 1013/1/1085 1063/1/1162 1062/1/1166 1012/1/1089
f 1040/1/1082 1090/1/1160 1072/1/1151 1022/1/1090
f 1027/1/1091 1077/1/1167 1078/1/1168 1028/1/1092
f 1012/1/1089 1062/1/1166 1059/1/1155 1009/1/1075
f 1041/1/1093 1091/1/1169 1092/1/1170 1042/1/1094
f 1026/1/1088 1076/1/1165 1077/1/1167 1027/1/1091
f 1014/1/1095 1064/1/1141 1066/1/1171 1016/1/1096
f 1033/1/1097 1042/1/1094 1092/1/1170 1083/1/1172
f 1028/1/1092 1078/1/1168 1074/1/1173 1024/1/1098
f 1016/1/1096 1066/1/1171 1067/1/1174 1017/1/1099
f 1043/1/1101 1044/1/1100 1094/1/1175 1093/1/1176
f 1002/1/1103 1003/1/1102 1053/1/1177 1052/1/1138
f 1025/1/25 1075/1/25 1082/1/25 1032/1/25
f 1017/1/1099 1067/1/1174 1065/1/1178 1015/1/1104
f 1043/1/1101 1093/1/1176 1091/1/1169 1041/1/1093
f 1003/1/1102 1001/1/1105 1051/1/1179 1053/1/1177
f 1049/1/1106 1099/1/1180 1075/1/1180 1025/1/1106
f 1063/1/1162 1113/1/1181 1112/1/1182 1062/1/1166
f 1090/1/1160 1140/1/1183 1122/1/1184 1072/1/1151
f 1077/1/1167 1127/1/1185 1128/1/1186 1078/1/1168
f 1062/1/1166 1112/1/1182 1109/1/1187 1059/1/1155
f 1091/1/1169 1141/1/1188 1142/1/1189 1092/1/1170
f 1076/1/1165 1126/1/1190 1127/1/1185 1077/1/1167
f 1064/1/1141 1114/1/1191 1116/1/1192 1066/1/1171
f 1083/1/1172 1092/1/1170 1142/1/1189 1133/1/1193
f 1078/1/1168 1128/1/1186 1124/1/1194 1074/1/1173
f 1066/1/1171 1116/1/1192 1117/1/1195 1067/1/1174
f 1093/1/1176 1094/1/1175 1144/1/1196 1143/1/1197
f 1052/1/1138 1053/1/1177 1103/1/1198 1102/1/1199
f 1075/1/25 1125/1/25 1132/1/25 1082/1/25
f 1067/1/1174 1117/1/1195 1115/1/1200 1065/1/1178
f 1093/1/1176 1143/1/1197 1141/1/1188 1091/1/1169
f 1053/1/1177 1051/1/1179 1101/1/1201 1103/1/1198
f 1099/1/1180 1149/1/1202 1125/1/1202 1075/1/1180
f 1065/1/1129 1115/1/1203 1111/1/1203 1061/1/1129
f 1095/1/1130 1145/1/1204 1146/1/1205 1096/1/1131
f 1054/1/1132 1104/1/1206 1105/1/1207 1055/1/1133
f 1086/1/1135 1085/1/1134 1135/1/1208 1136/1/1209
f 1073/1/1136 1123/1/1210 1119/1/1210 1069/1/1136
f 1081/1/1137 1131/1/1211 1145/1/1204 1095/1/1130
f 1052/1/1138 1102/1/1199 1104/1/1206 1054/1/1132
f 1084/1/1139 1086/1/1135 1136/1/1209 1134/1/1212
f 1069/1/1140 1119/1/1213 1114/1/1191 1064/1/1141
f 1094/1/1142 1096/1/1131 1146/1/1205 1144/1/1214
f 1057/1/1143 1107/1/1215 1108/1/1216 1058/1/1144
f 1070/1/1145 1084/1/1139 1134/1/1212 1120/1/1217
f 1080/1/1146 1130/1/1218 1131/1/1218 1081/1/1146
f 1083/1/1147 1133/1/1219 1147/1/1219 1097/1/1147
f 1058/1/1144 1108/1/1216 1106/1/1220 1056/1/1148
f 1087/1/1150 1088/1/1149 1138/1/1221 1137/1/1222
f 1079/1/1152 1072/1/1151 1122/1/1184 1129/1/1223
f 1097/1/17 1147/1/17 1148/1/17 1098/1/17
f 1056/1/1148 1106/1/1220 1101/1/1203 1051/1/1129
f 1070/1/1153 1120/1/1224 1138/1/1221 1088/1/1149
f 1080/1/1154 1079/1/1154 1129/1/1225 1130/1/1226
f 1100/1/25 1150/1/25 1149/1/25 1099/1/25
f 1059/1/1155 1109/1/1187 1110/1/1227 1060/1/1156
f 1087/1/1145 1137/1/1228 1121/1/1228 1071/1/1145
f 1068/1/1157 1118/1/1229 1123/1/1229 1073/1/1157
f 1098/1/1158 1148/1/1230 1150/1/1230 1100/1/1158
f 1060/1/1156 1110/1/1227 1107/1/1215 1057/1/1143
f 1089/1/1159 1139/1/1231 1140/1/1183 1090/1/1160
f 1074/1/1147 1124/1/1232 1118/1/1232 1068/1/1147
f 1061/1/1161 1111/1/1233 1113/1/1181 1063/1/1162
f 1071/1/1163 1121/1/1234 1139/1/1231 1089/1/1159
f 1082/1/1164 1132/1/1235 1126/1/1190 1076/1/1165
f 1130/1/1218 1180/1/1236 1181/1/1236 1131/1/1218
f 1133/1/1219 1183/1/1237 1197/1/1237 1147/1/1219
f 1108/1/1216 1158/1/1238 1156/1/1239 1106/1/1220
f 1137/1/1222 1138/1/1221 1188/1/1240 1187/1/1241
f 1129/1/1223 1122/1/1184 1172/1/1242 1179/1/1243
f 1147/1/17 1197/1/17 1198/1/17 1148/1/17
f 1106/1/1220 1156/1/1239 1151/1/1244 1101/1/1203
f 1120/1/1224 1170/1/1245 1188/1/1240 1138/1/1221
f 1130/1/1226 1129/1/1225 1179/1/1246 1180/1/1246
f 1150/1/25 1200/1/25 1199/1/25 1149/1/25
f 1109/1/1187 1159/1/1247 1160/1/1248 1110/1/1227
f 1137/1/1228 1187/1/1249 1171/1/1249 1121/1/1228
f 1118/1/1229 1168/1/1250 1173/1/1250 1123/1/1229
f 1148/1/1230 1198/1/1251 1200/1/1251 1150/1/1230
f 1110/1/1227 1160/1/1248 1157/1/1252 1107/1/1215
f 1139/1/1231 1189/1/1253 1190/1/1254 1140/1/1183
f 1124/1/1232 1174/1/1255 1168/1/1255 1118/1/1232
f 1111/1/1233 1161/1/1256 1163/1/1257 1113/1/1181
f 1121/1/1234 1171/1/1258 1189/1/1253 1139/1/1231
f 1132/1/1235 1182/1/1259 1176/1/1260 1126/1/1190
f 1113/1/1181 1163/1/1257 1162/1/1261 1112/1/1182
f 1140/1/1183 1190/1/1254 1172/1/1242 1122/1/1184
f 1127/1/1185 1177/1/1262 1178/1/1263 1128/1/1186
f 1112/1/1182 1162/1/1261 1159/1/1247 1109/1/1187
f 1141/1/1188 1191/1/1264 1192/1/1265 1142/1/1189
f 1126/1/1190 1176/1/1260 1177/1/1262 1127/1/1185
f 1114/1/1191 1164/1/1266 1166/1/1267 1116/1/1192
f 1133/1/1193 1142/1/1189 1192/1/1265 1183/1/1268
f 1128/1/1186 1178/1/1263 1174/1/1269 1124/1/1194
f 1116/1/1192 1166/1/1267 1167/1/1270 1117/1/1195
f 1143/1/1197 1144/1/1196 1194/1/1271 1193/1/1272
f 1102/1/1199 1103/1/1198 1153/1/1273 1152/1/1274
f 1125/1/25 1175/1/25 1182/1/25 1132/1/25
f 1117/1/1195 1167/1/1270 1165/1/1275 1115/1/1200
f 1143/1/1197 1193/1/1272 1191/1/1264 1141/1/1188
f 1103/1/1198 1101/1/1201 1151/1/1276 1153/1/1273
f 1149/1/1202 1199/1/1277 1175/1/1277 1125/1/1202
f 1115/1/1203 1165/1/1244 1161/1/1244 1111/1/1203
f 1145/1/1204 1195/1/1278 1196/1/1279 1146/1/1205
f 1104/1/1206 1154/1/1280 1155/1/1281 1105/1/1207
f 1136/1/1209 1135/1/1208 1185/1/1282 1186/1/1283
f 1123/1/1210 1173/1/1284 1169/1/1284 1119/1/1210
f 1131/1/1211 1181/1/1285 1195/1/1278 1145/1/1204
f 1102/1/1199 1152/1/1274 1154/1/1280 1104/1/1206
f 1134/1/1212 1136/1/1209 1186/1/1283 1184/1/1286
f 1119/1/1213 1169/1/1287 1164/1/1266 1114/1/1191
f 1144/1/1214 1146/1/1205 1196/1/1279 1194/1/1288
f 1107/1/1215 1157/1/1252 1158/1/1238 1108/1/1216
f 1120/1/1217 1134/1/1212 1184/1/1286 1170/1/1249
f 1166/1/1267 16/1/66 17/1/72 1167/1/1270
f 1193/1/1272 1194/1/1271 44/1/74 43/1/73
f 1152/1/1274 1153/1/1273 3/1/78 2/1/77
f 1175/1/25 25/1/25 32/1/25 1182/1/25
f 1167/1/1270 17/1/72 15/1/82 1165/1/1275
f 1193/1/1272 43/1/73 41/1/59 1191/1/1264
f 1153/1/1273 1151/1/1276 1/1/83 3/1/78
f 1199/1/1277 49/1/85 25/1/85 1175/1/1277
f 1165/1/1244 15/1/19 11/1/19 1161/1/1244
f 1195/1/1278 45/1/87 46/1/90 1196/1/1279
f 1154/1/1280 4/1/91 5/1/94 1155/1/1281
f 1186/1/1283 1185/1/1282 35/1/96 36/1/95
f 1173/1/1284 23/1/99 19/1/99 1169/1/1284
f 1181/1/1285 31/1/101 45/1/87 1195/1/1278
f 1152/1/1274 2/1/77 4/1/91 1154/1/1280
f 1184/1/1286 1186/1/1283 36/1/95 34/1/103
f 1169/1/1287 19/1/105 14/1/63 1164/1/1266
f 1194/1/1288 1196/1/1279 46/1/90 44/1/107
f 1157/1/1252 7/1/37 8/1/5 1158/1/1238
f 1170/1/1249 1184/1/1286 34/1/103 20/1/30
f 1180/1/1236 30/1/1 31/1/1 1181/1/1236
f 1183/1/1237 33/1/3 47/1/3 1197/1/1237
f 1158/1/1238 8/1/5 6/1/8 1156/1/1239
f 1187/1/1241 1188/1/1240 38/1/10 37/1/9
f 1179/1/1243 1172/1/1242 22/1/14 29/1/13
f 1197/1/17 47/1/17 48/1/17 1198/1/17
f 1156/1/1239 6/1/8 1/1/19 1151/1/1244
f 1170/1/1245 20/1/20 38/1/10 1188/1/1240
f 1180/1/1246 1179/1/1246 29/1/23 30/1/22
f 1200/1/25 50/1/25 49/1/25 1199/1/25
f 1159/1/1247 9/1/26 10/1/29 1160/1/1248
f 1187/1/1249 37/1/30 21/1/30 1171/1/1249
f 1168/1/1250 18/1/32 23/1/32 1173/1/1250
f 1198/1/1251 48/1/34 50/1/34 1200/1/1251
f 1160/1/1248 10/1/29 7/1/37 1157/1/1252
f 1189/1/1253 39/1/38 40/1/41 1190/1/1254
f 1174/1/1255 24/1/42 18/1/42 1168/1/1255
f 1161/1/1256 11/1/43 13/1/46 1163/1/1257
f 1171/1/1258 21/1/47 39/1/38 1189/1/1253
f 1182/1/1259 32/1/49 26/1/52 1176/1/1260
f 1163/1/1257 13/1/46 12/1/54 1162/1/1261
f 1190/1/1254 40/1/41 22/1/14 1172/1/1242
f 1177/1/1262 27/1/55 28/1/58 1178/1/1263
f 1162/1/1261 12/1/54 9/1/26 1159/1/1247
f 1191/1/1264 41/1/59 42/1/62 1192/1/1265
f 1176/1/1260 26/1/52 27/1/55 1177/1/1262
f 1164/1/1266 14/1/63 16/1/66 1166/1/1267
f 1183/1/1268 1192/1/1265 42/1/62 33/1/67
f 1178/1/1263 28/1/58 24/1/70 1174/1/1269
f 5/1/94 55/1/93 105/1/140 155/1/210 205/1/235 255/1/307 305/1/328 355/1/404 405/1/477 455/1/500 505/1/573 555/1/644 605/1/669 655/1/741 705/1/764 755/1/838 805/1/910 855/1/935 905/1/1010 955/1/1040 1005/1/1111 1055/1/1133 1105/1/1207 1155/1/1281
f 135/1/141 85/1/97 1202/1/1289 1203/1/1290
f 1214/1/1291 1213/1/1292 1237/1/1293 1238/1/31
f 1185/1/1282 1135/1/1208 1223/1/1294 1224/1/1295
f 785/1/839 735/1/765 1215/1/1296 1216/1/1297
f 285/1/308 235/1/236 1205/1/1298 1206/1/1299
f 635/1/670 585/1/645 1212/1/1300 1213/1/1292
f 335/1/329 285/1/308 1206/1/1299 1207/1/1301
f 735/1/765 685/1/742 1214/1/1291 1215/1/1296
f 985/1/1041 935/1/1016 1219/1/1302 1220/1/1303
f 935/1/1016 885/1/936 1218/1/1304 1219/1/1302
f 435/1/478 385/1/405 1208/1/1305 1209/1/1306
f 1135/1/1208 1085/1/1134 1222/1/1307 1223/1/1294
f 185/1/211 135/1/141 1203/1/1290 1204/1/1308
f 235/1/236 185/1/211 1204/1/1308 1205/1/1298
f 385/1/405 335/1/329 1207/1/1301 1208/1/1305
f 85/1/97 35/1/96 1201/1/1309 1202/1/1289
f 835/1/911 785/1/839 1216/1/1297 1217/1/1310
f 485/1/501 435/1/478 1209/1/1306 1210/1/1311
f 885/1/936 835/1/911 1217/1/1310 1218/1/1304
f 1035/1/1112 985/1/1041 1220/1/1303 1221/1/1312
f 585/1/645 535/1/574 1211/1/1313 1212/1/1300
f 535/1/574 485/1/501 1210/1/1311 1211/1/1313
f 35/1/96 1185/1/1282 1224/1/1295 1201/1/1309
f 1085/1/1134 1035/1/1112 1221/1/1312 1222/1/1307
f 685/1/742 635/1/670 1213/1/1292 1214/1/1291
f 1244/1/1314 1243/1/1315 1322/1/1316 1326/1/1317
f 1207/1/1301 1206/1/1299 1230/1/1318 1231/1/1319
f 1222/1/1307 1221/1/1312 1245/1/1320 1246/1/1321
f 1215/1/1296 1214/1/1291 1238/1/31 1239/1/1322
f 1208/1/1305 1207/1/1301 1231/1/1319 1232/1/1063
f 1223/1/1294 1222/1/1307 1246/1/1321 1247/1/592
f 1216/1/1297 1215/1/1296 1239/1/1322 1240/1/1323
f 1209/1/1306 1208/1/1305 1232/1/1063 1233/1/1324
f 1224/1/1295 1223/1/1294 1247/1/592 1248/1/1325
f 1202/1/1289 1201/1/1309 1225/1/1326 1226/1/709
f 1217/1/1310 1216/1/1297 1240/1/1323 1241/1/258
f 1210/1/1311 1209/1/1306 1233/1/1324 1234/1/1327
f 1201/1/1309 1224/1/1295 1248/1/1325 1225/1/1326
f 1203/1/1290 1202/1/1289 1226/1/709 1227/1/1328
f 1218/1/1304 1217/1/1310 1241/1/258 1242/1/1329
f 1211/1/1313 1210/1/1311 1234/1/1327 1235/1/1228
f 1204/1/1308 1203/1/1290 1227/1/1328 1228/1/1330
f 1219/1/1302 1218/1/1304 1242/1/1329 1243/1/1331
f 1212/1/1300 1211/1/1313 1235/1/1228 1236/1/1332
f 1205/1/1298 1204/1/1308 1228/1/1330 1229/1/881
f 1220/1/1303 1219/1/1302 1243/1/1331 1244/1/425
f 1213/1/1292 1212/1/1300 1236/1/1332 1237/1/1293
f 1206/1/1299 1205/1/1298 1229/1/881 1230/1/1318
f 1221/1/1312 1220/1/1303 1244/1/425 1245/1/1320
f 1225/1/1333 1248/1/1334 1342/1/1335 1249/1/1336
f 1237/1/1337 1236/1/1338 1294/1/1339 1298/1/1340
f 1230/1/1341 1229/1/1342 1266/1/1343 1270/1/1344
f 1245/1/1345 1244/1/1314 1326/1/1317 1330/1/1346
f 1238/1/1347 1237/1/1337 1298/1/1340 1302/1/1348
f 1231/1/1349 1230/1/1341 1270/1/1344 1274/1/1350
f 1246/1/1351 1245/1/1345 1330/1/1346 1334/1/1352
f 1239/1/1353 1238/1/1347 1302/1/1348 1306/1/1354
f 1232/1/1355 1231/1/1349 1274/1/1350 1278/1/1356
f 1247/1/1357 1246/1/1351 1334/1/1352 1338/1/1358
f 1240/1/1359 1239/1/1353 1306/1/1354 1310/1/1360
f 1233/1/1361 1232/1/1355 1278/1/1356 1282/1/1362
f 1248/1/1334 1247/1/1357 1338/1/1358 1342/1/1335
f 1241/1/1363 1240/1/1359 1310/1/1360 1314/1/1364
f 1234/1/1365 1233/1/1361 1282/1/1362 1286/1/1366
f 1329/1/1367 1325/1/1368 1388/1/1369 1389/1/1370
f 1242/1/1371 1241/1/1363 1314/1/1364 1318/1/1372
f 1235/1/1373 1234/1/1365 1286/1/1366 1290/1/1374
f 1227/1/1375 1226/1/1376 1254/1/1377 1258/1/1378
f 1228/1/1379 1227/1/1375 1258/1/1378 1262/1/1380
f 1243/1/1315 1242/1/1371 1318/1/1372 1322/1/1316
f 1236/1/1338 1235/1/1373 1290/1/1374 1294/1/1339
f 1229/1/1342 1228/1/1379 1262/1/1380 1266/1/1343
f 1345/1/1381 1346/1/1382 1255/1/1383 1252/1/1384
f 1252/1/1384 1255/1/1383 1256/1/1385 1251/1/1386
f 1251/1/1386 1256/1/1385 1254/1/1377 1249/1/1336
f 1346/1/1382 1347/1/1387 1259/1/1388 1255/1/1383
f 1255/1/1383 1259/1/1388 1260/1/1389 1256/1/1385
f 1256/1/1385 1260/1/1389 1258/1/1378 1254/1/1377
f 1347/1/1387 1348/1/1390 1263/1/1391 1259/1/1388
f 1259/1/1388 1263/1/1391 1264/1/1392 1260/1/1389
f 1260/1/1389 1264/1/1392 1262/1/1380 1258/1/1378
f 1348/1/1390 1349/1/1393 1267/1/1394 1263/1/1391
f 1263/1/1391 1267/1/1394 1268/1/1395 1264/1/1392
f 1264/1/1392 1268/1/1395 1266/1/1343 1262/1/1380
f 1349/1/1393 1350/1/1396 1271/1/1397 1267/1/1394
f 1267/1/1394 1271/1/1397 1272/1/1398 1268/1/1395
f 1268/1/1395 1272/1/1398 1270/1/1344 1266/1/1343
f 1350/1/1396 1351/1/1399 1275/1/1400 1271/1/1397
f 1271/1/1397 1275/1/1400 1276/1/1401 1272/1/1398
f 1272/1/1398 1276/1/1401 1274/1/1350 1270/1/1344
f 1351/1/1399 1352/1/1402 1279/1/1403 1275/1/1400
f 1275/1/1400 1279/1/1403 1280/1/1404 1276/1/1401
f 1276/1/1401 1280/1/1404 1278/1/1356 1274/1/1350
f 1352/1/1402 1353/1/1405 1283/1/1406 1279/1/1403
f 1279/1/1403 1283/1/1406 1284/1/1407 1280/1/1404
f 1280/1/1404 1284/1/1407 1282/1/1362 1278/1/1356
f 1353/1/1405 1354/1/1408 1287/1/1409 1283/1/1406
f 1283/1/1406 1287/1/1409 1288/1/1410 1284/1/1407
f 1284/1/1407 1288/1/1410 1286/1/1366 1282/1/1362
f 1354/1/1408 1355/1/1411 1291/1/1412 1287/1/1409
f 1287/1/1409 1291/1/1412 1292/1/1413 1288/1/1410
f 1288/1/1410 1292/1/1413 1290/1/1374 1286/1/1366
f 1355/1/1411 1356/1/1414 1295/1/1415 1291/1/1412
f 1291/1/1412 1295/1/1415 1296/1/1416 1292/1/1413
f 1292/1/1413 1296/1/1416 1294/1/1339 1290/1/1374
f 1356/1/1414 1357/1/1417 1299/1/1418 1295/1/1415
f 1295/1/1415 1299/1/1418 1300/1/1419 1296/1/1416
f 1296/1/1416 1300/1/1419 1298/1/1340 1294/1/1339
f 1357/1/1417 1358/1/1420 1303/1/1421 1299/1/1418
f 1299/1/1418 1303/1/1421 1304/1/1422 1300/1/1419
f 1300/1/1419 1304/1/1422 1302/1/1348 1298/1/1340
f 1358/1/1420 1359/1/1423 1307/1/1424 1303/1/1421
f 1303/1/1421 1307/1/1424 1308/1/1425 1304/1/1422
f 1304/1/1422 1308/1/1425 1306/1/1354 1302/1/1348
f 1359/1/1423 1360/1/1426 1311/1/1427 1307/1/1424
f 1307/1/1424 1311/1/1427 1312/1/1428 1308/1/1425
f 1308/1/1425 1312/1/1428 1310/1/1360 1306/1/1354
f 1360/1/1426 1361/1/1429 1315/1/1430 1311/1/1427
f 1311/1/1427 1315/1/1430 1316/1/1431 1312/1/1428
f 1312/1/1428 1316/1/1431 1314/1/1364 1310/1/1360
f 1361/1/1429 1362/1/1432 1319/1/1433 1315/1/1430
f 1315/1/1430 1319/1/1433 1320/1/1434 1316/1/1431
f 1316/1/1431 1320/1/1434 1318/1/1372 1314/1/1364
f 1362/1/1432 1363/1/1435 1323/1/1436 1319/1/1433
f 1319/1/1433 1323/1/1436 1324/1/1437 1320/1/1434
f 1320/1/1434 1324/1/1437 1322/1/1316 1318/1/1372
f 1363/1/1435 1364/1/1438 1327/1/1439 1323/1/1436
f 1323/1/1436 1327/1/1439 1328/1/1440 1324/1/1437
f 1324/1/1437 1328/1/1440 1326/1/1317 1322/1/1316
f 1364/1/1438 1365/1/1441 1331/1/1442 1327/1/1439
f 1327/1/1439 1331/1/1442 1332/1/1443 1328/1/1440
f 1328/1/1440 1332/1/1443 1330/1/1346 1326/1/1317
f 1365/1/1441 1366/1/1444 1335/1/1445 1331/1/1442
f 1331/1/1442 1335/1/1445 1336/1/1446 1332/1/1443
f 1332/1/1443 1336/1/1446 1334/1/1352 1330/1/1346
f 1366/1/1444 1367/1/1447 1339/1/1448 1335/1/1445
f 1335/1/1445 1339/1/1448 1340/1/1449 1336/1/1446
f 1336/1/1446 1340/1/1449 1338/1/1358 1334/1/1352
f 1367/1/1447 1368/1/1450 1343/1/1451 1339/1/1448
f 1339/1/1448 1343/1/1451 1344/1/1452 1340/1/1449
f 1340/1/1449 1344/1/1452 1342/1/1335 1338/1/1358
f 1368/1/1450 1345/1/1381 1252/1/1384 1343/1/1451
f 1343/1/1451 1252/1/1384 1251/1/1386 1344/1/1452
f 1344/1/1452 1251/1/1386 1249/1/1336 1342/1/1335
f 1226/1/1376 1225/1/1333 1249/1/1336 1254/1/1377
f 1250/1/1453 1253/1/1454 1346/1/1382 1345/1/1381
f 1253/1/1454 1257/1/1455 1347/1/1387 1346/1/1382
f 1257/1/1455 1261/1/1456 1348/1/1390 1347/1/1387
f 1261/1/1456 1265/1/1457 1349/1/1393 1348/1/1390
f 1265/1/1457 1269/1/1458 1350/1/1396 1349/1/1393
f 1269/1/1458 1273/1/1459 1351/1/1399 1350/1/1396
f 1273/1/1459 1277/1/1460 1352/1/1402 1351/1/1399
f 1277/1/1460 1281/1/1461 1353/1/1405 1352/1/1402
f 1281/1/1461 1285/1/1462 1354/1/1408 1353/1/1405
f 1285/1/1462 1289/1/1463 1355/1/1411 1354/1/1408
f 1289/1/1463 1293/1/1464 1356/1/1414 1355/1/1411
f 1293/1/1464 1297/1/1465 1357/1/1417 1356/1/1414
f 1297/1/1465 1301/1/1466 1358/1/1420 1357/1/1417
f 1301/1/1466 1305/1/1467 1359/1/1423 1358/1/1420
f 1305/1/1467 1309/1/1468 1360/1/1426 1359/1/1423
f 1309/1/1468 1313/1/1469 1361/1/1429 1360/1/1426
f 1313/1/1469 1317/1/1470 1362/1/1432 1361/1/1429
f 1317/1/1470 1321/1/1471 1363/1/1435 1362/1/1432
f 1321/1/1471 1325/1/1368 1364/1/1438 1363/1/1435
f 1325/1/1368 1329/1/1367 1365/1/1441 1364/1/1438
f 1329/1/1367 1333/1/1472 1366/1/1444 1365/1/1441
f 1333/1/1472 1337/1/1473 1367/1/1447 1366/1/1444
f 1337/1/1473 1341/1/1474 1368/1/1450 1367/1/1447
f 1341/1/1474 1250/1/1453 1345/1/1381 1368/1/1450
f 1369/1/1475 1392/1/1476 1391/1/1477 1390/1/1478 1389/1/1370 1388/1/1369 1387/1/1479 1386/1/1480 1385/1/1481 1384/1/1482 1383/1/1483 1382/1/1484 1381/1/1485 1380/1/1486 1379/1/1487 1378/1/1488 1377/1/1489 1376/1/1490 1375/1/1491 1374/1/1492 1373/1/1493 1372/1/1494 1371/1/1495 1370/1/1496
f 1301/1/1466 1297/1/1465 1381/1/1485 1382/1/1484
f 1273/1/1459 1269/1/1458 1374/1/1492 1375/1/1491
f 1333/1/1472 1329/1/1367 1389/1/1370 1390/1/1478
f 1305/1/1467 1301/1/1466 1382/1/1484 1383/1/1483
f 1277/1/1460 1273/1/1459 1375/1/1491 1376/1/1490
f 1337/1/1473 1333/1/1472 1390/1/1478 1391/1/1477
f 1309/1/1468 1305/1/1467 1383/1/1483 1384/1/1482
f 1281/1/1461 1277/1/1460 1376/1/1490 1377/1/1489
f 1341/1/1474 1337/1/1473 1391/1/1477 1392/1/1476
f 1253/1/1454 1250/1/1453 1369/1/1475 1370/1/1496
f 1313/1/1469 1309/1/1468 1384/1/1482 1385/1/1481
f 1285/1/1462 1281/1/1461 1377/1/1489 1378/1/1488
f 1250/1/1453 1341/1/1474 1392/1/1476 1369/1/1475
f 1257/1/1455 1253/1/1454 1370/1/1496 1371/1/1495
f 1317/1/1470 1313/1/1469 1385/1/1481 1386/1/1480
f 1289/1/1463 1285/1/1462 1378/1/1488 1379/1/1487
f 1261/1/1456 1257/1/1455 1371/1/1495 1372/1/1494
f 1321/1/1471 1317/1/1470 1386/1/1480 1387/1/1479
f 1293/1/1464 1289/1/1463 1379/1/1487 1380/1/1486
f 1265/1/1457 1261/1/1456 1372/1/1494 1373/1/1493
f 1325/1/1368 1321/1/1471 1387/1/1479 1388/1/1369
f 1297/1/1465 1293/1/1464 1380/1/1486 1381/1/1485
f 1269/1/1458 1265/1/1457 1373/1/1493 1374/1/1492
f 1439/1/1497 1440/1/1498 1394/1/1499 1393/1/1500
f 1396/1/1501 1395/1/1502 1393/1/1500 1394/1/1499
f 1395/1/1502 1396/1/1501 1398/1/1503 1397/1/1504
f 1400/1/1505 1399/1/1506 1397/1/1504 1398/1/1503
f 1399/1/1506 1400/1/1505 1402/1/1507 1444/1/1508 1445/1/1509 1446/1/1510 1443/1/1511 1441/1/1512 1442/1/1513 1401/1/1514
f 1448/1/1515 1444/1/1508 1402/1/1507 1404/1/1516 1452/1/1517 1449/1/1518 1447/1/1519
f 1450/1/1520 1451/1/1521 1403/1/1522 1401/1/1514 1442/1/1513
f 1452/1/1517 1404/1/1516 1406/1/1523 1454/1/1523
f 1453/1/1524 1405/1/1525 1403/1/1522 1451/1/1521
f 1454/1/1523 1406/1/1523 1408/1/1526 1455/1/1527
f 1407/1/1528 1405/1/1525 1453/1/1524 1456/1/1529
f 1457/1/1530 1409/1/1531 1407/1/1528 1456/1/1529 1458/1/1532
f 1408/1/1526 1410/1/1533 1460/1/1534 1459/1/1535 1462/1/1536 1461/1/1537 1455/1/1527
f 1460/1/1534 1410/1/1533 1412/1/1538 1411/1/1539 1409/1/1531 1457/1/1530 1464/1/1540 1463/1/1541 1465/1/1542 1466/1/1543
f 1411/1/1539 1412/1/1538 1414/1/1544 1413/1/1545
f 1413/1/1545 1414/1/1544 1416/1/1546 1415/1/1547
f 1415/1/1547 1416/1/1546 1418/1/1548 1417/1/1549
f 1420/1/1550 1419/1/1551 1417/1/1549 1418/1/1548
f 1419/1/1551 1420/1/1550 1422/1/1552 1421/1/1553
f 1421/1/1553 1422/1/1552 1424/1/1554 1423/1/1555
f 1425/1/1556 1423/1/1555 1424/1/1554 1426/1/1557 1470/1/1558 1471/1/1559 1472/1/1560 1469/1/1561 1468/1/1562 1467/1/1563
f 1426/1/1557 1428/1/1564 1477/1/1565 1475/1/1566 1474/1/1567 1473/1/1568 1470/1/1558
f 1427/1/1569 1425/1/1556 1467/1/1563 1476/1/1570 1478/1/1571
f 1429/1/1572 1427/1/1569 1478/1/1571 1480/1/1573
f 1477/1/1565 1428/1/1564 1430/1/1574 1479/1/1575
f 1479/1/1575 1430/1/1574 1432/1/1576 1481/1/1577
f 1482/1/1578 1431/1/1579 1429/1/1572 1480/1/1573
f 1481/1/1577 1432/1/1576 1434/1/1580 1488/1/1581 1487/1/1582 1484/1/1583 1483/1/1584
f 1433/1/1585 1431/1/1579 1482/1/1578 1485/1/1586 1486/1/1587
f 1488/1/1581 1434/1/1580 1436/1/1588 1435/1/1589 1433/1/1585 1486/1/1587 1491/1/1590 1490/1/1591 1489/1/1592 1492/1/1593
f 1435/1/1589 1436/1/1588 1438/1/1594 1437/1/1595
f 1440/1/1498 1439/1/1497 1437/1/1595 1438/1/1594
f 1539/1/1596 1493/1/1597 1494/1/1598 1540/1/1599
f 1496/1/1600 1494/1/1598 1493/1/1597 1495/1/1601
f 1495/1/1601 1497/1/1602 1498/1/1603 1496/1/1600
f 1500/1/1604 1498/1/1603 1497/1/1602 1499/1/1605
f 1499/1/1605 1501/1/1606 1542/1/1607 1541/1/1608 1543/1/1609 1546/1/1610 1545/1/1611 1544/1/1612 1502/1/1613 1500/1/1604
f 1548/1/1614 1547/1/1615 1549/1/1616 1552/1/1617 1504/1/1618 1502/1/1613 1544/1/1612
f 1550/1/1619 1542/1/1607 1501/1/1606 1503/1/1620 1551/1/1621
f 1552/1/1617 1554/1/1622 1506/1/1623 1504/1/1618
f 1553/1/1624 1551/1/1621 1503/1/1620 1505/1/1625
f 1554/1/1622 1555/1/1626 1508/1/1626 1506/1/1623
f 1507/1/1627 1556/1/1628 1553/1/1624 1505/1/1625
f 1557/1/1629 1558/1/1630 1556/1/1628 1507/1/1627 1509/1/1631
f 1508/1/1626 1555/1/1626 1561/1/1632 1562/1/1633 1559/1/1634 1560/1/1635 1510/1/1636
f 1560/1/1635 1566/1/1637 1565/1/1638 1563/1/1639 1564/1/1640 1557/1/1629 1509/1/1631 1511/1/1641 1512/1/1642 1510/1/1636
f 1511/1/1641 1513/1/1643 1514/1/1644 1512/1/1642
f 1513/1/1643 1515/1/1645 1516/1/1646 1514/1/1644
f 1515/1/1645 1517/1/1647 1518/1/1648 1516/1/1646
f 1520/1/1649 1518/1/1648 1517/1/1647 1519/1/1650
f 1519/1/1650 1521/1/1651 1522/1/1652 1520/1/1649
f 1521/1/1651 1523/1/1653 1524/1/1654 1522/1/1652
f 1525/1/1655 1567/1/1656 1568/1/1657 1569/1/1658 1572/1/1659 1571/1/1660 1570/1/1661 1526/1/1662 1524/1/1654 1523/1/1653
f 1526/1/1662 1570/1/1661 1573/1/1663 1574/1/1664 1575/1/1665 1577/1/1666 1528/1/1667
f 1527/1/1668 1578/1/1669 1576/1/1670 1567/1/1656 1525/1/1655
f 1529/1/1671 1580/1/1672 1578/1/1669 1527/1/1668
f 1577/1/1666 1579/1/1673 1530/1/1674 1528/1/1667
f 1579/1/1673 1581/1/1675 1532/1/1676 1530/1/1674
f 1582/1/1677 1580/1/1672 1529/1/1671 1531/1/1678
f 1581/1/1675 1583/1/1679 1584/1/1680 1587/1/1681 1588/1/1682 1534/1/1683 1532/1/1676
f 1533/1/1684 1586/1/1685 1585/1/1686 1582/1/1677 1531/1/1678
f 1588/1/1682 1592/1/1687 1589/1/1688 1590/1/1689 1591/1/1690 1586/1/1685 1533/1/1684 1535/1/1691 1536/1/1692 1534/1/1683
f 1535/1/1691 1537/1/1693 1538/1/1694 1536/1/1692
f 1540/1/1599 1538/1/1694 1537/1/1693 1539/1/1596
f 1445/1/1695 1444/1/1696 1544/1/1697 1545/1/1698
f 1446/1/1699 1445/1/1695 1545/1/1698 1546/1/1700
f 1446/1/1699 1546/1/1700 1543/1/1701 1443/1/1702
f 1443/1/1702 1543/1/1701 1541/1/1703 1441/1/1704
f 1442/1/1705 1441/1/1704 1541/1/1703 1542/1/1706
f 1450/1/1707 1442/1/1705 1542/1/1706 1550/1/1708
f 1451/1/1709 1450/1/1707 1550/1/1708 1551/1/1710
f 1453/1/1711 1451/1/1709 1551/1/1710 1553/1/1711
f 1456/1/1712 1453/1/1711 1553/1/1711 1556/1/1713
f 1458/1/1714 1456/1/1712 1556/1/1713 1558/1/1715
f 1458/1/1714 1558/1/1715 1557/1/1716 1457/1/1717
f 1464/1/1718 1457/1/1717 1557/1/1716 1564/1/1719
f 1464/1/1718 1564/1/1719 1563/1/1720 1463/1/1721
f 1465/1/1722 1463/1/1721 1563/1/1720 1565/1/1723
f 1465/1/1722 1565/1/1723 1566/1/1724 1466/1/1725
f 1460/1/1726 1466/1/1725 1566/1/1724 1560/1/1727
f 1460/1/1726 1560/1/1727 1559/1/1728 1459/1/1729
f 1462/1/1730 1459/1/1729 1559/1/1728 1562/1/1731
f 1462/1/1730 1562/1/1731 1561/1/1732 1461/1/1733
f 1461/1/1733 1561/1/1732 1555/1/1734 1455/1/1735
f 1455/1/1735 1555/1/1734 1554/1/1736 1454/1/1737
f 1454/1/1737 1554/1/1736 1552/1/1738 1452/1/1739
f 1452/1/1739 1552/1/1738 1549/1/1740 1449/1/1741
f 1449/1/1741 1549/1/1740 1547/1/1742 1447/1/1743
f 1448/1/1744 1447/1/1743 1547/1/1742 1548/1/1745
f 1448/1/1744 1548/1/1745 1544/1/1697 1444/1/1696
f 1489/1/1746 1589/1/1747 1592/1/1748 1492/1/1749
f 1488/1/1750 1492/1/1749 1592/1/1748 1588/1/1751
f 1488/1/1750 1588/1/1751 1587/1/1752 1487/1/1753
f 1487/1/1753 1587/1/1752 1584/1/1754 1484/1/1755
f 1484/1/1755 1584/1/1754 1583/1/1756 1483/1/1757
f 1483/1/1757 1583/1/1756 1581/1/1758 1481/1/1759
f 1481/1/1759 1581/1/1758 1579/1/1760 1479/1/1761
f 1479/1/1761 1579/1/1760 1577/1/1762 1477/1/1763
f 1477/1/1763 1577/1/1762 1575/1/1764 1475/1/1765
f 1475/1/1765 1575/1/1764 1574/1/1766 1474/1/1767
f 1474/1/1767 1574/1/1766 1573/1/1768 1473/1/1769
f 1473/1/1769 1573/1/1768 1570/1/1770 1470/1/1771
f 1471/1/1772 1470/1/1771 1570/1/1770 1571/1/1773
f 1472/1/1774 1471/1/1772 1571/1/1773 1572/1/1775
f 1472/1/1774 1572/1/1775 1569/1/1776 1469/1/1777
f 1469/1/1777 1569/1/1776 1568/1/1778 1468/1/1779
f 1468/1/1779 1568/1/1778 1567/1/1780 1467/1/1781
f 1476/1/1782 1467/1/1781 1567/1/1780 1576/1/1783
f 1478/1/1784 1476/1/1782 1576/1/1783 1578/1/1785
f 1480/1/1786 1478/1/1784 1578/1/1785 1580/1/1786
f 1482/1/1787 1480/1/1786 1580/1/1786 1582/1/1788
f 1485/1/1789 1482/1/1787 1582/1/1788 1585/1/1790
f 1486/1/1791 1485/1/1789 1585/1/1790 1586/1/1792
f 1491/1/1793 1486/1/1791 1586/1/1792 1591/1/1794
f 1491/1/1793 1591/1/1794 1590/1/1795 1490/1/1796
f 1490/1/1796 1590/1/1795 1589/1/1747 1489/1/1746
