# Blender 4.1.1
# www.blender.org
o SpaceCapsule_1.875_Handrails
v -0.522258 0.586521 0.510627
v -0.823810 0.162190 0.466129
v -0.511386 0.581769 0.508304
v -0.812707 0.157437 0.466700
v -0.502836 0.581769 0.516854
v -0.806661 0.157437 0.477171
v -0.505159 0.586521 0.527726
v -0.811719 0.162190 0.487072
v -0.516032 0.591274 0.530049
v -0.822822 0.166942 0.486501
v -0.524581 0.591274 0.521499
v -0.828867 0.166942 0.476030
v -0.523499 0.594805 0.503418
v -0.507254 0.587704 0.499948
v -0.813862 0.146805 0.463917
v -0.830451 0.153906 0.463065
v -0.494480 0.587704 0.512722
v -0.804829 0.146805 0.479563
v -0.497951 0.594805 0.528967
v -0.812386 0.153906 0.494356
v -0.514196 0.601907 0.532438
v -0.828975 0.161007 0.493504
v -0.526970 0.601907 0.519663
v -0.838008 0.161007 0.477858
v -0.519643 0.605513 0.499561
v -0.503398 0.598412 0.496091
v -0.818585 0.136097 0.466644
v -0.835175 0.143198 0.465792
v -0.490623 0.598412 0.508865
v -0.809552 0.136097 0.482290
v -0.494094 0.605513 0.525110
v -0.817109 0.143198 0.497083
v -0.510339 0.612614 0.528581
v -0.833699 0.150300 0.496231
v -0.523113 0.612614 0.515806
v -0.842732 0.150300 0.480585
v -0.511646 0.613037 0.502139
v -0.502124 0.608875 0.500105
v -0.825032 0.131512 0.474683
v -0.834755 0.135675 0.474184
v -0.494637 0.608875 0.507592
v -0.819738 0.131512 0.483853
v -0.496671 0.613037 0.517113
v -0.824167 0.135675 0.492524
v -0.506193 0.617199 0.519147
v -0.833890 0.139837 0.492024
v -0.513680 0.617199 0.511660
v -0.839184 0.139837 0.482854
v -0.824366 0.145943 0.468815
v -0.787617 0.123835 0.445661
v -0.818436 0.153693 0.471190
v -0.780697 0.132879 0.448433
v -0.813414 0.153693 0.479888
v -0.774837 0.132879 0.458583
v -0.814322 0.145943 0.486211
v -0.775896 0.123835 0.465962
v -0.820252 0.138193 0.483836
v -0.782816 0.114790 0.463190
v -0.825274 0.138193 0.475138
v -0.788676 0.114790 0.453040
v -0.779736 0.141080 0.441742
v -0.792931 0.123835 0.436457
v -0.768562 0.141080 0.461096
v -0.770582 0.123835 0.475166
v -0.783777 0.106589 0.469881
v -0.794951 0.106589 0.450527
v -0.769685 0.135169 0.435939
v -0.782880 0.117923 0.430654
v -0.758511 0.135169 0.455293
v -0.760531 0.117923 0.469363
v -0.773726 0.100677 0.464078
v -0.784900 0.100677 0.444724
v -0.512277 0.597550 0.503540
v -0.482772 0.575442 0.471664
v -0.505934 0.605300 0.504300
v -0.475371 0.584486 0.472551
v -0.498832 0.605300 0.511402
v -0.467083 0.584486 0.480838
v -0.498073 0.597550 0.517744
v -0.466197 0.575442 0.488239
v -0.504415 0.589800 0.516985
v -0.473598 0.566397 0.487353
v -0.511517 0.589800 0.509883
v -0.481886 0.566397 0.479066
v -0.476174 0.592687 0.465839
v -0.490287 0.575442 0.464149
v -0.460371 0.592687 0.481642
v -0.458682 0.575442 0.495755
v -0.472795 0.558196 0.494065
v -0.488597 0.558196 0.478262
v -0.467968 0.586776 0.457632
v -0.482081 0.569530 0.455943
v -0.452165 0.586776 0.473435
v -0.450475 0.569530 0.487548
v -0.464588 0.552284 0.485858
v -0.480391 0.552284 0.470056
v -0.642519 -0.597894 0.358453
v -0.925391 -0.169395 0.235440
v -0.631416 -0.593141 0.359023
v -0.914814 -0.164642 0.238865
v -0.625371 -0.593141 0.369494
v -0.911685 -0.164642 0.250544
v -0.630428 -0.597894 0.379395
v -0.919132 -0.169395 0.258798
v -0.641531 -0.602647 0.378825
v -0.929710 -0.174148 0.255374
v -0.647577 -0.602647 0.368354
v -0.932839 -0.174148 0.243695
v -0.641852 -0.606178 0.351169
v -0.625262 -0.599077 0.352021
v -0.915210 -0.154010 0.235878
v -0.931013 -0.161111 0.230761
v -0.616230 -0.599077 0.367666
v -0.910534 -0.154010 0.253328
v -0.623786 -0.606178 0.382460
v -0.921662 -0.161111 0.265662
v -0.640376 -0.613279 0.381607
v -0.937466 -0.168213 0.260545
v -0.649409 -0.613279 0.365962
v -0.942142 -0.168213 0.243095
v -0.637129 -0.616885 0.348442
v -0.620539 -0.609784 0.349294
v -0.920478 -0.143303 0.237290
v -0.936282 -0.150404 0.232173
v -0.611506 -0.609784 0.364939
v -0.915802 -0.143303 0.254740
v -0.619063 -0.616885 0.379733
v -0.926930 -0.150404 0.267073
v -0.635653 -0.623987 0.378880
v -0.942734 -0.157505 0.261956
v -0.644686 -0.623987 0.363235
v -0.947410 -0.157505 0.244506
v -0.630071 -0.624409 0.353001
v -0.620348 -0.620247 0.353500
v -0.928786 -0.138718 0.243386
v -0.938048 -0.142880 0.240387
v -0.615054 -0.620247 0.362670
v -0.926045 -0.138718 0.253614
v -0.619483 -0.624409 0.371341
v -0.932567 -0.142880 0.260843
v -0.629206 -0.628571 0.370841
v -0.941830 -0.147042 0.257844
v -0.634500 -0.628571 0.361671
v -0.944571 -0.147042 0.247616
v -0.926624 -0.153148 0.237890
v -0.885134 -0.131040 0.225037
v -0.921510 -0.160899 0.241719
v -0.879167 -0.140084 0.229505
v -0.918911 -0.160899 0.251420
v -0.876134 -0.140084 0.240826
v -0.921425 -0.153148 0.257293
v -0.879067 -0.131040 0.247679
v -0.926538 -0.145398 0.253464
v -0.885034 -0.121996 0.243211
v -0.929137 -0.145398 0.243763
v -0.888067 -0.121996 0.231890
v -0.876507 -0.148286 0.223291
v -0.887884 -0.131040 0.214771
v -0.870723 -0.148286 0.244878
v -0.876316 -0.131040 0.257945
v -0.887694 -0.113794 0.249425
v -0.893478 -0.113794 0.227838
v -0.865297 -0.142374 0.220287
v -0.876674 -0.125128 0.211767
v -0.859513 -0.142374 0.241874
v -0.865106 -0.125128 0.254941
v -0.876483 -0.107882 0.246421
v -0.882267 -0.107882 0.224834
v -0.631043 -0.608923 0.354192
v -0.594294 -0.586814 0.331038
v -0.625113 -0.616673 0.356567
v -0.587374 -0.595859 0.333810
v -0.620092 -0.616673 0.365265
v -0.581514 -0.595859 0.343960
v -0.621000 -0.608923 0.371587
v -0.582574 -0.586814 0.351338
v -0.626930 -0.601172 0.369212
v -0.589493 -0.577770 0.348567
v -0.631951 -0.601172 0.360515
v -0.595354 -0.577770 0.338417
v -0.586413 -0.604060 0.327119
v -0.599608 -0.586814 0.321834
v -0.575239 -0.604060 0.346473
v -0.577260 -0.586814 0.360543
v -0.590454 -0.569569 0.355258
v -0.601629 -0.569569 0.335903
v -0.576362 -0.598148 0.321316
v -0.589557 -0.580903 0.316031
v -0.565188 -0.598148 0.340670
v -0.567209 -0.580903 0.354740
v -0.580404 -0.563657 0.349455
v -0.591578 -0.563657 0.330100
v -0.630428 -0.597894 -0.380198
v -0.919132 -0.169395 -0.258798
v -0.625370 -0.593141 -0.370297
v -0.911685 -0.164642 -0.250544
v -0.631416 -0.593141 -0.359826
v -0.914814 -0.164642 -0.238865
v -0.642519 -0.597894 -0.359256
v -0.925391 -0.169395 -0.235440
v -0.647577 -0.602647 -0.369156
v -0.932839 -0.174148 -0.243695
v -0.641531 -0.602647 -0.379628
v -0.929710 -0.174148 -0.255374
v -0.623786 -0.606178 -0.383262
v -0.616230 -0.599077 -0.368469
v -0.910534 -0.154010 -0.253328
v -0.921662 -0.161111 -0.265662
v -0.625262 -0.599077 -0.352824
v -0.915210 -0.154010 -0.235878
v -0.641852 -0.606178 -0.351972
v -0.931013 -0.161111 -0.230761
v -0.649409 -0.613279 -0.366765
v -0.942142 -0.168213 -0.243095
v -0.640376 -0.613279 -0.382410
v -0.937466 -0.168213 -0.260545
v -0.619063 -0.616885 -0.380535
v -0.611506 -0.609784 -0.365742
v -0.915802 -0.143303 -0.254740
v -0.926930 -0.150404 -0.267073
v -0.620539 -0.609784 -0.350097
v -0.920478 -0.143303 -0.237290
v -0.637129 -0.616885 -0.349244
v -0.936282 -0.150404 -0.232173
v -0.644686 -0.623987 -0.364038
v -0.947410 -0.157505 -0.244506
v -0.635653 -0.623987 -0.379683
v -0.942734 -0.157505 -0.261956
v -0.619483 -0.624409 -0.372144
v -0.615054 -0.620247 -0.363473
v -0.926045 -0.138718 -0.253614
v -0.932567 -0.142880 -0.260843
v -0.620348 -0.620247 -0.354303
v -0.928786 -0.138718 -0.243386
v -0.630071 -0.624409 -0.353804
v -0.938048 -0.142880 -0.240387
v -0.634500 -0.628571 -0.362474
v -0.944571 -0.147042 -0.247616
v -0.629206 -0.628571 -0.371644
v -0.941830 -0.147042 -0.257843
v -0.921425 -0.153148 -0.257293
v -0.879067 -0.131040 -0.247679
v -0.918911 -0.160899 -0.251420
v -0.876134 -0.140084 -0.240826
v -0.921510 -0.160899 -0.241719
v -0.879167 -0.140084 -0.229505
v -0.926624 -0.153148 -0.237890
v -0.885134 -0.131040 -0.225037
v -0.929137 -0.145398 -0.243763
v -0.888067 -0.121996 -0.231890
v -0.926538 -0.145398 -0.253464
v -0.885034 -0.121996 -0.243211
v -0.870723 -0.148286 -0.244878
v -0.876316 -0.131040 -0.257945
v -0.876507 -0.148286 -0.223291
v -0.887884 -0.131040 -0.214771
v -0.893478 -0.113794 -0.227838
v -0.887694 -0.113794 -0.249425
v -0.859513 -0.142374 -0.241874
v -0.865106 -0.125128 -0.254941
v -0.865297 -0.142374 -0.220287
v -0.876674 -0.125128 -0.211767
v -0.882267 -0.107882 -0.224834
v -0.876483 -0.107882 -0.246421
v -0.621000 -0.608923 -0.372390
v -0.582574 -0.586814 -0.352141
v -0.620092 -0.616673 -0.366067
v -0.581514 -0.595859 -0.344763
v -0.625113 -0.616673 -0.357369
v -0.587374 -0.595859 -0.334612
v -0.631043 -0.608923 -0.354994
v -0.594294 -0.586814 -0.331841
v -0.631951 -0.601172 -0.361317
v -0.595354 -0.577770 -0.339219
v -0.626930 -0.601172 -0.370015
v -0.589493 -0.577770 -0.349370
v -0.575239 -0.604060 -0.347276
v -0.577260 -0.586814 -0.361345
v -0.586413 -0.604060 -0.327922
v -0.599608 -0.586814 -0.322637
v -0.601629 -0.569569 -0.336706
v -0.590454 -0.569569 -0.356060
v -0.565188 -0.598148 -0.341473
v -0.567209 -0.580903 -0.355542
v -0.576362 -0.598148 -0.322119
v -0.589557 -0.580903 -0.316834
v -0.591578 -0.563657 -0.330903
v -0.580404 -0.563657 -0.350258
v -0.505962 0.585658 -0.528018
v -0.812570 0.161326 -0.487146
v -0.503639 0.580905 -0.517146
v -0.807512 0.156573 -0.477245
v -0.512189 0.580905 -0.508596
v -0.813558 0.156573 -0.466774
v -0.523062 0.585658 -0.510919
v -0.824661 0.161326 -0.466204
v -0.525384 0.590410 -0.521791
v -0.829719 0.166079 -0.476105
v -0.516835 0.590410 -0.530341
v -0.823673 0.166079 -0.486576
v -0.498754 0.593942 -0.529259
v -0.495283 0.586840 -0.513014
v -0.805680 0.145941 -0.479637
v -0.813237 0.153042 -0.494430
v -0.508058 0.586840 -0.500240
v -0.814713 0.145941 -0.463992
v -0.524303 0.593942 -0.503710
v -0.831303 0.153042 -0.463139
v -0.527773 0.601043 -0.519955
v -0.838860 0.160143 -0.477933
v -0.514999 0.601043 -0.532730
v -0.829827 0.160143 -0.493578
v -0.494897 0.604649 -0.525403
v -0.491426 0.597548 -0.509158
v -0.810404 0.135233 -0.482364
v -0.817960 0.142335 -0.497157
v -0.504201 0.597548 -0.496383
v -0.819436 0.135233 -0.466719
v -0.520446 0.604649 -0.499854
v -0.836026 0.142335 -0.465866
v -0.523916 0.611750 -0.516099
v -0.843583 0.149436 -0.480660
v -0.511142 0.611750 -0.528873
v -0.834550 0.149436 -0.496305
v -0.497474 0.612173 -0.517405
v -0.495440 0.608011 -0.507884
v -0.820589 0.130649 -0.483928
v -0.825018 0.134811 -0.492598
v -0.502927 0.608011 -0.500397
v -0.825883 0.130649 -0.474758
v -0.512449 0.612173 -0.502431
v -0.835607 0.134811 -0.474258
v -0.514483 0.616335 -0.511952
v -0.840036 0.138973 -0.482929
v -0.506996 0.616335 -0.519439
v -0.834741 0.138973 -0.492098
v -0.815174 0.145079 -0.486285
v -0.776748 0.122971 -0.466036
v -0.814266 0.152830 -0.479962
v -0.775688 0.132015 -0.458657
v -0.819288 0.152830 -0.471264
v -0.781548 0.132015 -0.448507
v -0.825217 0.145079 -0.468889
v -0.788468 0.122971 -0.445736
v -0.826125 0.137329 -0.475212
v -0.789528 0.113926 -0.453114
v -0.821104 0.137329 -0.483910
v -0.783668 0.113926 -0.463264
v -0.769413 0.140217 -0.461171
v -0.771434 0.122971 -0.475240
v -0.780587 0.140217 -0.441816
v -0.793782 0.122971 -0.436532
v -0.795803 0.105725 -0.450601
v -0.784628 0.105725 -0.469955
v -0.759362 0.134305 -0.455368
v -0.761383 0.117059 -0.469437
v -0.770536 0.134305 -0.436014
v -0.783731 0.117059 -0.430729
v -0.785752 0.099813 -0.444798
v -0.774578 0.099813 -0.464153
v -0.498876 0.596686 -0.518036
v -0.467000 0.574578 -0.488532
v -0.499635 0.604437 -0.511694
v -0.467886 0.583622 -0.481130
v -0.506737 0.604437 -0.504592
v -0.476174 0.583622 -0.472843
v -0.513080 0.596686 -0.503833
v -0.483575 0.574578 -0.471957
v -0.512320 0.588936 -0.510175
v -0.482689 0.565533 -0.479358
v -0.505219 0.588936 -0.517277
v -0.474401 0.565533 -0.487646
v -0.461174 0.591824 -0.481934
v -0.459485 0.574578 -0.496047
v -0.476977 0.591824 -0.466131
v -0.491090 0.574578 -0.464441
v -0.489401 0.557332 -0.478554
v -0.473598 0.557332 -0.494357
v -0.452968 0.585912 -0.473727
v -0.451278 0.568666 -0.487840
v -0.468771 0.585912 -0.457925
v -0.482884 0.568666 -0.456235
v -0.481194 0.551420 -0.470348
v -0.465391 0.551420 -0.486151
v 0.642648 -0.610736 -0.371033
v 0.637416 -0.600272 -0.368013
v 0.626953 -0.600272 -0.361971
v 0.621721 -0.610736 -0.358951
v 0.626953 -0.621199 -0.361971
v 0.637416 -0.621199 -0.368013
v 0.524720 -0.610736 -0.524720
v 0.520448 -0.600272 -0.520448
v 0.511905 -0.600272 -0.511905
v 0.507633 -0.610736 -0.507633
v 0.511905 -0.621199 -0.511905
v 0.520448 -0.621199 -0.520448
v 0.371033 -0.610736 -0.642648
v 0.368013 -0.600272 -0.637416
v 0.361971 -0.600272 -0.626953
v 0.358951 -0.610736 -0.621721
v 0.361971 -0.621199 -0.626953
v 0.368013 -0.621199 -0.637416
v 0.192061 -0.610736 -0.716781
v 0.190497 -0.600272 -0.710946
v 0.187370 -0.600272 -0.699275
v 0.185807 -0.610736 -0.693439
v 0.187370 -0.621199 -0.699275
v 0.190497 -0.621199 -0.710946
v 0.000000 -0.610736 -0.742066
v 0.000000 -0.600272 -0.736025
v 0.000000 -0.600272 -0.723943
v 0.000000 -0.610736 -0.717901
v 0.000000 -0.621199 -0.723943
v 0.000000 -0.621199 -0.736025
v -0.192061 -0.610736 -0.716781
v -0.190497 -0.600272 -0.710946
v -0.187370 -0.600272 -0.699275
v -0.185806 -0.610736 -0.693440
v -0.187370 -0.621199 -0.699275
v -0.190497 -0.621199 -0.710946
v -0.371033 -0.610736 -0.642648
v -0.368012 -0.600272 -0.637416
v -0.361971 -0.600272 -0.626953
v -0.358951 -0.610736 -0.621721
v -0.361971 -0.621199 -0.626953
v -0.368012 -0.621199 -0.637416
v -0.524720 -0.610736 -0.524720
v -0.520448 -0.600272 -0.520448
v -0.511905 -0.600272 -0.511905
v -0.507633 -0.610736 -0.507633
v -0.511905 -0.621199 -0.511905
v -0.520448 -0.621199 -0.520448
v -0.642648 -0.610736 -0.371033
v -0.637416 -0.600272 -0.368013
v -0.626953 -0.600272 -0.361972
v -0.621721 -0.610736 -0.358951
v -0.626953 -0.621199 -0.361972
v -0.637416 -0.621199 -0.368013
v -0.642648 -0.610736 0.371033
v -0.637416 -0.600272 0.368012
v -0.626953 -0.600272 0.361971
v -0.621721 -0.610736 0.358950
v -0.626953 -0.621199 0.361971
v -0.637416 -0.621199 0.368012
v -0.524720 -0.610736 0.524720
v -0.520448 -0.600272 0.520448
v -0.511905 -0.600272 0.511904
v -0.507633 -0.610736 0.507633
v -0.511905 -0.621199 0.511904
v -0.520448 -0.621199 0.520448
v -0.371033 -0.610736 0.642648
v -0.368012 -0.600272 0.637416
v -0.361971 -0.600272 0.626953
v -0.358951 -0.610736 0.621721
v -0.361971 -0.621199 0.626953
v -0.368012 -0.621199 0.637416
v -0.192061 -0.610736 0.716781
v -0.190497 -0.600272 0.710945
v -0.187370 -0.600272 0.699275
v -0.185807 -0.610736 0.693439
v -0.187370 -0.621199 0.699275
v -0.190497 -0.621199 0.710945
v 0.000000 -0.610736 0.742066
v 0.000000 -0.600272 0.736025
v 0.000000 -0.600272 0.723943
v 0.000000 -0.610736 0.717901
v 0.000000 -0.621199 0.723943
v 0.000000 -0.621199 0.736025
v 0.192061 -0.610736 0.716781
v 0.190497 -0.600272 0.710946
v 0.187370 -0.600272 0.699275
v 0.185806 -0.610736 0.693440
v 0.187370 -0.621199 0.699275
v 0.190497 -0.621199 0.710946
v 0.371033 -0.610736 0.642648
v 0.368013 -0.600272 0.637416
v 0.361971 -0.600272 0.626953
v 0.358951 -0.610736 0.621721
v 0.361971 -0.621199 0.626953
v 0.368013 -0.621199 0.637416
v 0.524720 -0.610736 0.524720
v 0.520448 -0.600272 0.520449
v 0.511905 -0.600272 0.511905
v 0.507633 -0.610736 0.507633
v 0.511905 -0.621199 0.511905
v 0.520448 -0.621199 0.520449
v 0.642648 -0.610736 0.371033
v 0.637416 -0.600272 0.368013
v 0.626953 -0.600272 0.361971
v 0.621721 -0.610736 0.358951
v 0.626953 -0.621199 0.361971
v 0.637416 -0.621199 0.368013
v 0.737000 0.600121 -0.000000
v 0.731000 0.610513 -0.000000
v 0.719000 0.610513 0.000000
v 0.713000 0.600121 0.000000
v 0.719000 0.589728 0.000000
v 0.731000 0.589728 -0.000000
v 0.711887 0.600121 -0.190750
v 0.706092 0.610513 -0.189197
v 0.694501 0.610513 -0.186091
v 0.688705 0.600121 -0.184538
v 0.694501 0.589728 -0.186091
v 0.706092 0.589728 -0.189197
v 0.638261 0.600121 -0.368500
v 0.633065 0.610513 -0.365500
v 0.622672 0.610513 -0.359500
v 0.617476 0.600121 -0.356500
v 0.622672 0.589728 -0.359500
v 0.633065 0.589728 -0.365500
v 0.521138 0.600121 -0.521138
v 0.516895 0.610513 -0.516895
v 0.508410 0.610513 -0.508410
v 0.504167 0.600121 -0.504167
v 0.508410 0.589728 -0.508410
v 0.516895 0.589728 -0.516895
v 0.368500 0.600121 -0.638261
v 0.365500 0.610513 -0.633065
v 0.359500 0.610513 -0.622672
v 0.356500 0.600121 -0.617476
v 0.359500 0.589728 -0.622672
v 0.365500 0.589728 -0.633065
v 0.190750 0.600121 -0.711887
v 0.189197 0.610513 -0.706092
v 0.186091 0.610513 -0.694501
v 0.184538 0.600121 -0.688705
v 0.186091 0.589728 -0.694501
v 0.189197 0.589728 -0.706092
v 0.000000 0.600121 -0.737000
v 0.000000 0.610513 -0.731000
v 0.000000 0.610513 -0.719000
v 0.000000 0.600121 -0.713000
v 0.000000 0.589728 -0.719000
v 0.000000 0.589728 -0.731000
v -0.190750 0.600121 -0.711887
v -0.189197 0.610513 -0.706092
v -0.186091 0.610513 -0.694501
v -0.184538 0.600121 -0.688705
v -0.186091 0.589728 -0.694501
v -0.189197 0.589728 -0.706092
v -0.368500 0.600121 -0.638261
v -0.365500 0.610513 -0.633065
v -0.359500 0.610513 -0.622672
v -0.356500 0.600121 -0.617476
v -0.359500 0.589728 -0.622672
v -0.365500 0.589728 -0.633065
v -0.521138 0.600121 -0.521138
v -0.516895 0.610513 -0.516895
v -0.508410 0.610513 -0.508410
v -0.504167 0.600121 -0.504167
v -0.508410 0.589728 -0.508410
v -0.516895 0.589728 -0.516895
v -0.521138 0.600121 0.521138
v -0.516895 0.610513 0.516895
v -0.508410 0.610513 0.508410
v -0.504167 0.600121 0.504167
v -0.508410 0.589728 0.508410
v -0.516895 0.589728 0.516895
v -0.368500 0.600121 0.638261
v -0.365500 0.610513 0.633065
v -0.359500 0.610513 0.622672
v -0.356500 0.600121 0.617476
v -0.359500 0.589728 0.622672
v -0.365500 0.589728 0.633065
v -0.190750 0.600121 0.711887
v -0.189197 0.610513 0.706092
v -0.186091 0.610513 0.694501
v -0.184538 0.600121 0.688705
v -0.186091 0.589728 0.694501
v -0.189197 0.589728 0.706092
v 0.000000 0.600121 0.737000
v 0.000000 0.610513 0.731000
v 0.000000 0.610513 0.719000
v 0.000000 0.600121 0.713000
v 0.000000 0.589728 0.719000
v 0.000000 0.589728 0.731000
v 0.190749 0.600121 0.711887
v 0.189196 0.610513 0.706092
v 0.186091 0.610513 0.694501
v 0.184538 0.600121 0.688705
v 0.186091 0.589728 0.694501
v 0.189196 0.589728 0.706092
v 0.368500 0.600121 0.638261
v 0.365500 0.610513 0.633065
v 0.359500 0.610513 0.622672
v 0.356500 0.600121 0.617476
v 0.359500 0.589728 0.622672
v 0.365500 0.589728 0.633065
v 0.521137 0.600121 0.521138
v 0.516895 0.610513 0.516895
v 0.508410 0.610513 0.508410
v 0.504167 0.600121 0.504167
v 0.508410 0.589728 0.508410
v 0.516895 0.589728 0.516895
v 0.638261 0.600121 0.368500
v 0.633065 0.610513 0.365500
v 0.622672 0.610513 0.359500
v 0.617476 0.600121 0.356500
v 0.622672 0.589728 0.359500
v 0.633065 0.589728 0.365500
v 0.711887 0.600121 0.190749
v 0.706092 0.610513 0.189196
v 0.694501 0.610513 0.186091
v 0.688705 0.600121 0.184538
v 0.694501 0.589728 0.186091
v 0.706092 0.589728 0.189196
v 0.636623 0.586521 -0.358057
v 0.625520 0.581769 -0.358628
v 0.619474 0.581769 -0.369099
v 0.624532 0.586521 -0.378999
v 0.635635 0.591274 -0.378429
v 0.641680 0.591274 -0.367958
v 0.635956 0.594805 -0.350773
v 0.619366 0.587704 -0.351625
v 0.610333 0.587704 -0.367271
v 0.617890 0.594805 -0.382064
v 0.634480 0.601907 -0.381212
v 0.643513 0.601907 -0.365566
v 0.631233 0.605513 -0.348046
v 0.614643 0.598412 -0.348898
v 0.605610 0.598412 -0.364544
v 0.613167 0.605513 -0.379337
v 0.629756 0.612614 -0.378485
v 0.638789 0.612614 -0.362839
v 0.624175 0.613037 -0.352605
v 0.614451 0.608875 -0.353105
v 0.609157 0.608875 -0.362275
v 0.613586 0.613037 -0.370945
v 0.623309 0.617199 -0.370446
v 0.628604 0.617199 -0.361276
v 0.625147 0.597550 -0.353796
v 0.588398 0.575442 -0.330642
v 0.619217 0.605300 -0.356171
v 0.581478 0.584486 -0.333414
v 0.614195 0.605300 -0.364869
v 0.575618 0.584486 -0.343564
v 0.615103 0.597550 -0.371192
v 0.576677 0.575442 -0.350943
v 0.621033 0.589799 -0.368817
v 0.583597 0.566397 -0.348171
v 0.626055 0.589799 -0.360119
v 0.589457 0.566397 -0.338021
v 0.580517 0.592687 -0.326723
v 0.593712 0.575442 -0.321438
v 0.569343 0.592687 -0.346077
v 0.571363 0.575442 -0.360147
v 0.584558 0.558196 -0.354862
v 0.595732 0.558196 -0.335508
v 0.570466 0.586776 -0.320920
v 0.583661 0.569530 -0.315635
v 0.559292 0.586776 -0.340275
v 0.561312 0.569530 -0.354344
v 0.574507 0.552284 -0.349059
v 0.585681 0.552284 -0.329705
v 0.671618 -0.597517 -0.300691
v 0.660607 -0.592765 -0.302227
v 0.655497 -0.592765 -0.313186
v 0.661398 -0.597517 -0.322608
v 0.672409 -0.602270 -0.321072
v 0.677519 -0.602270 -0.310114
v 0.670319 -0.605801 -0.293493
v 0.653866 -0.598700 -0.295788
v 0.646231 -0.598700 -0.312161
v 0.655049 -0.605801 -0.326240
v 0.671501 -0.612903 -0.323945
v 0.679136 -0.612903 -0.307571
v 0.665376 -0.616509 -0.291188
v 0.648923 -0.609408 -0.293483
v 0.641288 -0.609408 -0.309856
v 0.650106 -0.616509 -0.323935
v 0.666558 -0.623610 -0.321640
v 0.674193 -0.623610 -0.305266
v 0.658742 -0.624033 -0.296345
v 0.649099 -0.619871 -0.297690
v 0.644624 -0.619871 -0.307287
v 0.649792 -0.624033 -0.315538
v 0.659435 -0.628195 -0.314193
v 0.663910 -0.628195 -0.304597
v 0.659815 -0.608546 -0.297447
v 0.621187 -0.586438 -0.277584
v 0.654114 -0.616296 -0.300329
v 0.614535 -0.595482 -0.280948
v 0.649870 -0.616296 -0.309432
v 0.609582 -0.595482 -0.291570
v 0.651325 -0.608546 -0.315652
v 0.611281 -0.586438 -0.298829
v 0.657026 -0.600796 -0.312769
v 0.617933 -0.577393 -0.295464
v 0.661270 -0.600796 -0.303666
v 0.622886 -0.577393 -0.284842
v 0.612995 -0.603683 -0.274366
v 0.625679 -0.586438 -0.267952
v 0.603550 -0.603683 -0.294621
v 0.606789 -0.586438 -0.308461
v 0.619473 -0.569192 -0.302046
v 0.628918 -0.569192 -0.281792
v 0.602476 -0.597772 -0.269462
v 0.615160 -0.580526 -0.263047
v 0.593031 -0.597772 -0.289716
v 0.596270 -0.580526 -0.303556
v 0.608955 -0.563280 -0.297141
v 0.618399 -0.563280 -0.276887
v 0.661398 -0.597517 0.322607
v 0.655497 -0.592765 0.313185
v 0.660607 -0.592765 0.302227
v 0.671618 -0.597517 0.300691
v 0.677519 -0.602270 0.310113
v 0.672410 -0.602270 0.321072
v 0.655049 -0.605801 0.326239
v 0.646232 -0.598700 0.312161
v 0.653866 -0.598700 0.295788
v 0.670319 -0.605801 0.293493
v 0.679136 -0.612903 0.307571
v 0.671501 -0.612903 0.323944
v 0.650106 -0.616509 0.323934
v 0.641288 -0.609408 0.309856
v 0.648923 -0.609408 0.293483
v 0.665376 -0.616509 0.291188
v 0.674193 -0.623610 0.305266
v 0.666558 -0.623610 0.321639
v 0.649792 -0.624033 0.315538
v 0.644624 -0.619871 0.307286
v 0.649099 -0.619871 0.297690
v 0.658742 -0.624033 0.296345
v 0.663910 -0.628195 0.304596
v 0.659435 -0.628195 0.314193
v 0.651325 -0.608546 0.315651
v 0.611281 -0.586438 0.298828
v 0.649870 -0.616296 0.309431
v 0.609582 -0.595482 0.291570
v 0.654114 -0.616296 0.300329
v 0.614535 -0.595482 0.280948
v 0.659815 -0.608546 0.297446
v 0.621187 -0.586438 0.277584
v 0.661270 -0.600796 0.303666
v 0.622886 -0.577393 0.284842
v 0.657026 -0.600796 0.312768
v 0.617932 -0.577393 0.295464
v 0.603550 -0.603683 0.294621
v 0.606789 -0.586438 0.308460
v 0.612995 -0.603683 0.274366
v 0.625679 -0.586438 0.267951
v 0.628918 -0.569192 0.281791
v 0.619473 -0.569192 0.302046
v 0.593031 -0.597772 0.289716
v 0.596270 -0.580526 0.303556
v 0.602476 -0.597772 0.269461
v 0.615160 -0.580526 0.263047
v 0.618399 -0.563280 0.276886
v 0.608955 -0.563280 0.297141
v 0.625383 0.585658 0.379074
v 0.620326 0.580905 0.369173
v 0.626371 0.580905 0.358702
v 0.637474 0.585658 0.358131
v 0.642532 0.590410 0.368032
v 0.636486 0.590410 0.378503
v 0.618742 0.593942 0.382138
v 0.611185 0.586840 0.367345
v 0.620217 0.586840 0.351699
v 0.636807 0.593942 0.350847
v 0.644364 0.601043 0.365640
v 0.635331 0.601043 0.381286
v 0.614018 0.604649 0.379411
v 0.606461 0.597548 0.364618
v 0.615494 0.597548 0.348972
v 0.632084 0.604649 0.348120
v 0.639641 0.611750 0.362913
v 0.630608 0.611750 0.378559
v 0.614438 0.612173 0.371019
v 0.610009 0.608011 0.362349
v 0.615303 0.608011 0.353179
v 0.625026 0.612173 0.352679
v 0.629455 0.616335 0.361350
v 0.624161 0.616335 0.370520
v 0.615955 0.596686 0.371266
v 0.577529 0.574578 0.351017
v 0.615047 0.604436 0.364943
v 0.576469 0.583622 0.343638
v 0.620069 0.604436 0.356245
v 0.582329 0.583622 0.333488
v 0.625998 0.596686 0.353870
v 0.589249 0.574578 0.330716
v 0.626907 0.588936 0.360193
v 0.590309 0.565533 0.338095
v 0.621885 0.588936 0.368891
v 0.584449 0.565533 0.348245
v 0.570194 0.591824 0.346151
v 0.572215 0.574578 0.360221
v 0.581368 0.591824 0.326797
v 0.594563 0.574578 0.321512
v 0.596584 0.557332 0.335582
v 0.585410 0.557332 0.354936
v 0.560143 0.585912 0.340349
v 0.562164 0.568666 0.354418
v 0.571317 0.585912 0.320994
v 0.584512 0.568666 0.315709
v 0.586533 0.551420 0.329779
v 0.575359 0.551420 0.349133
v -0.503890 0.608937 -0.509849
v -0.514484 0.608937 -0.517383
v -0.519718 0.597679 -0.521240
v -0.514357 0.586422 -0.517562
v -0.503762 0.586422 -0.510028
v -0.498529 0.597679 -0.506172
v -0.533712 0.606802 -0.468772
v -0.544041 0.606827 -0.476666
v -0.548543 0.595637 -0.481515
v -0.542717 0.584422 -0.478469
v -0.532388 0.584397 -0.470574
v -0.527886 0.595588 -0.465726
v -0.562250 0.599532 -0.433405
v -0.571910 0.599752 -0.442102
v -0.574875 0.589009 -0.448796
v -0.568180 0.578047 -0.446793
v -0.558520 0.577828 -0.438096
v -0.555555 0.588571 -0.431402
v -0.590387 0.583787 -0.406261
v -0.598703 0.584807 -0.416201
v -0.598798 0.575774 -0.425549
v -0.590577 0.565721 -0.424957
v -0.582261 0.564701 -0.415017
v -0.582166 0.573734 -0.405669
v -0.617927 0.556428 -0.391331
v -0.624473 0.559218 -0.402211
v -0.620916 0.553836 -0.413498
v -0.610814 0.545664 -0.413904
v -0.604269 0.542873 -0.403024
v -0.607826 0.548255 -0.391738
v -0.643082 0.517228 -0.392158
v -0.648530 0.521632 -0.403110
v -0.642686 0.519610 -0.414545
v -0.631395 0.513185 -0.415029
v -0.625948 0.508781 -0.404077
v -0.631792 0.510803 -0.392642
v -0.667718 0.469221 -0.401837
v -0.672921 0.474077 -0.412717
v -0.666513 0.473097 -0.423985
v -0.654903 0.467263 -0.424374
v -0.649700 0.462408 -0.413495
v -0.656108 0.463387 -0.402227
v -0.704732 0.396084 -0.416676
v -0.709931 0.400946 -0.427554
v -0.703508 0.399997 -0.438816
v -0.691885 0.394187 -0.439200
v -0.686685 0.389325 -0.428322
v -0.693109 0.390274 -0.417060
v -0.748470 0.309857 -0.434492
v -0.753639 0.314778 -0.445358
v -0.747200 0.313860 -0.456614
v -0.735592 0.308020 -0.457004
v -0.730423 0.303099 -0.446139
v -0.736862 0.304017 -0.434883
v -0.792739 0.223574 -0.452949
v -0.797842 0.228625 -0.463787
v -0.791379 0.227753 -0.475033
v -0.779813 0.221831 -0.475441
v -0.774711 0.216780 -0.464603
v -0.781174 0.217652 -0.453357
v -0.831350 0.150271 -0.469710
v -0.836322 0.155566 -0.480491
v -0.829817 0.154775 -0.491718
v -0.818339 0.148688 -0.492165
v -0.813366 0.143392 -0.481384
v -0.819871 0.144184 -0.470156
v -0.503890 0.608937 0.509849
v -0.514484 0.608937 0.517383
v -0.519718 0.597679 0.521240
v -0.514357 0.586422 0.517562
v -0.503762 0.586422 0.510028
v -0.498529 0.597679 0.506172
v -0.533712 0.606802 0.468772
v -0.544041 0.606827 0.476666
v -0.548543 0.595637 0.481515
v -0.542717 0.584422 0.478469
v -0.532388 0.584397 0.470574
v -0.527886 0.595588 0.465726
v -0.562250 0.599532 0.433405
v -0.571910 0.599752 0.442102
v -0.574875 0.589009 0.448796
v -0.568180 0.578047 0.446793
v -0.558520 0.577828 0.438095
v -0.555555 0.588571 0.431402
v -0.590387 0.583787 0.406261
v -0.598703 0.584807 0.416201
v -0.598798 0.575774 0.425549
v -0.590577 0.565721 0.424957
v -0.582261 0.564701 0.415017
v -0.582166 0.573734 0.405669
v -0.617927 0.556428 0.391331
v -0.624473 0.559218 0.402211
v -0.620916 0.553836 0.413498
v -0.610814 0.545664 0.413904
v -0.604269 0.542873 0.403024
v -0.607826 0.548255 0.391738
v -0.643082 0.517228 0.392158
v -0.648529 0.521632 0.403110
v -0.642686 0.519610 0.414545
v -0.631395 0.513185 0.415029
v -0.625948 0.508781 0.404077
v -0.631792 0.510803 0.392642
v -0.667718 0.469221 0.401837
v -0.672921 0.474077 0.412717
v -0.666513 0.473097 0.423985
v -0.654903 0.467263 0.424374
v -0.649700 0.462408 0.413495
v -0.656108 0.463387 0.402226
v -0.704732 0.396084 0.416676
v -0.709931 0.400946 0.427554
v -0.703508 0.399997 0.438816
v -0.691885 0.394187 0.439200
v -0.686685 0.389325 0.428322
v -0.693109 0.390274 0.417060
v -0.748470 0.309857 0.434492
v -0.753639 0.314778 0.445358
v -0.747200 0.313860 0.456614
v -0.735592 0.308020 0.457004
v -0.730423 0.303099 0.446138
v -0.736862 0.304017 0.434883
v -0.792739 0.223574 0.452949
v -0.797842 0.228625 0.463787
v -0.791379 0.227753 0.475033
v -0.779813 0.221831 0.475441
v -0.774711 0.216780 0.464603
v -0.781174 0.217652 0.453357
v -0.831350 0.150271 0.469710
v -0.836322 0.155566 0.480491
v -0.829817 0.154775 0.491718
v -0.818339 0.148688 0.492165
v -0.813366 0.143392 0.481384
v -0.819871 0.144184 0.470156
v -0.639469 -0.598655 0.367075
v -0.627925 -0.598655 0.361097
v -0.622201 -0.609913 0.358015
v -0.628021 -0.621171 0.360912
v -0.639565 -0.621171 0.366890
v -0.645289 -0.609913 0.369971
v -0.662656 -0.596735 0.321861
v -0.651162 -0.596730 0.315787
v -0.645897 -0.607937 0.311827
v -0.652127 -0.619150 0.313940
v -0.663621 -0.619155 0.320013
v -0.668885 -0.607948 0.323974
v -0.682798 -0.590531 0.284772
v -0.671673 -0.590393 0.278048
v -0.667490 -0.601214 0.272181
v -0.674432 -0.612171 0.273037
v -0.685557 -0.612309 0.279762
v -0.689740 -0.601489 0.285629
v -0.700827 -0.578364 0.258096
v -0.690661 -0.577534 0.250036
v -0.688685 -0.586761 0.241094
v -0.696876 -0.596818 0.240212
v -0.707042 -0.597648 0.248272
v -0.709018 -0.588421 0.257214
v -0.718393 -0.558425 0.242428
v -0.709720 -0.555900 0.233079
v -0.710861 -0.561589 0.221446
v -0.720675 -0.569803 0.219162
v -0.729349 -0.572327 0.228510
v -0.728207 -0.566638 0.240144
v -0.738774 -0.526051 0.238326
v -0.731076 -0.522023 0.228657
v -0.734400 -0.524343 0.216305
v -0.745423 -0.530691 0.213623
v -0.753121 -0.534720 0.223292
v -0.749797 -0.532399 0.235644
v -0.762694 -0.478831 0.241160
v -0.755139 -0.474532 0.231494
v -0.759053 -0.475738 0.219156
v -0.770522 -0.481245 0.216484
v -0.778077 -0.485544 0.226150
v -0.774163 -0.484337 0.238488
v -0.799373 -0.402514 0.245644
v -0.791786 -0.398279 0.235974
v -0.795726 -0.399432 0.223639
v -0.807254 -0.404819 0.220975
v -0.814841 -0.409053 0.230645
v -0.810900 -0.407901 0.242980
v -0.842780 -0.312438 0.251216
v -0.835238 -0.308112 0.241551
v -0.839187 -0.309246 0.229218
v -0.850679 -0.314707 0.226549
v -0.858221 -0.319033 0.236213
v -0.854271 -0.317899 0.248546
v -0.887420 -0.222940 0.257319
v -0.880004 -0.218363 0.247672
v -0.883955 -0.219495 0.235338
v -0.895322 -0.225203 0.232652
v -0.902737 -0.229780 0.242299
v -0.898787 -0.228648 0.254632
v -0.927808 -0.148338 0.263398
v -0.920668 -0.143262 0.253794
v -0.924614 -0.144403 0.241460
v -0.935699 -0.150621 0.238730
v -0.942840 -0.155697 0.248335
v -0.938894 -0.154556 0.260669
v -0.639547 -0.598655 -0.366925
v -0.627851 -0.598655 -0.361251
v -0.622049 -0.609913 -0.358319
v -0.627943 -0.621171 -0.361061
v -0.639639 -0.621171 -0.366736
v -0.645441 -0.609913 -0.369668
v -0.661679 -0.596741 -0.321814
v -0.650124 -0.596725 -0.315858
v -0.644812 -0.607926 -0.311945
v -0.651057 -0.619144 -0.313987
v -0.662612 -0.619160 -0.319943
v -0.667924 -0.607959 -0.323856
v -0.681666 -0.590549 -0.284791
v -0.670556 -0.590372 -0.278042
v -0.666354 -0.601175 -0.272157
v -0.673262 -0.612154 -0.273019
v -0.684371 -0.612330 -0.279768
v -0.688574 -0.601528 -0.285654
v -0.700051 -0.578376 -0.258110
v -0.689952 -0.577481 -0.249973
v -0.687985 -0.586696 -0.241016
v -0.696117 -0.596806 -0.240198
v -0.706215 -0.597701 -0.248335
v -0.708182 -0.588486 -0.257292
v -0.718101 -0.558398 -0.242412
v -0.709503 -0.555833 -0.233004
v -0.710681 -0.561549 -0.221388
v -0.720456 -0.569829 -0.219178
v -0.729053 -0.572394 -0.228586
v -0.727876 -0.566679 -0.240202
v -0.738720 -0.526012 -0.238304
v -0.731078 -0.521990 -0.228587
v -0.734456 -0.524349 -0.216258
v -0.745477 -0.530731 -0.213645
v -0.753119 -0.534752 -0.223362
v -0.749741 -0.532393 -0.235692
v -0.762634 -0.478800 -0.241138
v -0.755127 -0.474522 -0.231424
v -0.759102 -0.475760 -0.219109
v -0.770582 -0.481276 -0.216507
v -0.778089 -0.485554 -0.226220
v -0.774114 -0.484316 -0.238536
v -0.799312 -0.402483 -0.245622
v -0.791775 -0.398270 -0.235904
v -0.795776 -0.399453 -0.223592
v -0.807314 -0.404849 -0.220997
v -0.814852 -0.409063 -0.230715
v -0.810851 -0.407880 -0.243027
v -0.842720 -0.312407 -0.251193
v -0.835226 -0.308102 -0.241482
v -0.839236 -0.309267 -0.229170
v -0.850739 -0.314738 -0.226571
v -0.858232 -0.319043 -0.236283
v -0.854222 -0.317878 -0.248594
v -0.887361 -0.222907 -0.257296
v -0.879994 -0.218352 -0.247602
v -0.884004 -0.219517 -0.235291
v -0.895381 -0.225236 -0.232674
v -0.902748 -0.229791 -0.242369
v -0.898738 -0.228627 -0.254680
v -0.927750 -0.148303 -0.263377
v -0.920658 -0.143250 -0.253724
v -0.924661 -0.144427 -0.241412
v -0.935757 -0.150656 -0.238752
v -0.942850 -0.155709 -0.248405
v -0.938846 -0.154532 -0.260717
v 0.854021 -0.610736 -0.018550
v 0.853873 -0.610736 0.018532
v 0.847876 -0.600272 0.018553
v 0.847955 -0.600272 -0.018553
v 0.835907 -0.600272 0.018554
v 0.835821 -0.600272 -0.018553
v 0.829929 -0.610736 0.018560
v 0.829756 -0.610736 -0.018537
v 0.835821 -0.621199 -0.018553
v 0.835907 -0.621199 0.018554
v 0.847876 -0.621199 0.018553
v 0.847955 -0.621199 -0.018553
v 0.708203 -0.610736 -0.212739
v 0.730471 -0.610736 -0.182416
v 0.725278 -0.600272 -0.179353
v 0.702994 -0.600272 -0.209678
v 0.692579 -0.600272 -0.203552
v 0.714881 -0.600272 -0.173238
v 0.709672 -0.610736 -0.170189
v 0.687371 -0.610736 -0.200487
v 0.714881 -0.621199 -0.173238
v 0.692579 -0.621199 -0.203552
v 0.725278 -0.621199 -0.179353
v 0.702994 -0.621199 -0.209678
v 0.729748 -0.610736 0.183480
v 0.707591 -0.610736 0.213769
v 0.702658 -0.600272 0.210265
v 0.724824 -0.600272 0.179964
v 0.714962 -0.600272 0.172942
v 0.692799 -0.600272 0.203245
v 0.687870 -0.610736 0.199732
v 0.710029 -0.610736 0.169434
v 0.692799 -0.621199 0.203245
v 0.714962 -0.621199 0.172942
v 0.724824 -0.621199 0.179964
v 0.702658 -0.621199 0.210265
v 0.818721 -0.600272 0.071496
v 0.797966 -0.600272 0.102782
v 0.814228 -0.610736 0.067455
v 0.793545 -0.610736 0.098757
v 0.811232 -0.610736 0.114852
v 0.832139 -0.610736 0.083705
v 0.827670 -0.600272 0.079639
v 0.806808 -0.600272 0.110830
v 0.818721 -0.621199 0.071496
v 0.797966 -0.621199 0.102782
v 0.827670 -0.621199 0.079639
v 0.806808 -0.621199 0.110830
v 0.833349 -0.610736 -0.082119
v 0.812426 -0.610736 -0.113085
v 0.796800 -0.621199 -0.104146
v 0.817822 -0.621199 -0.073218
v 0.807213 -0.600272 -0.110109
v 0.828174 -0.600272 -0.079147
v 0.807213 -0.621199 -0.110109
v 0.828174 -0.621199 -0.079147
v 0.796800 -0.600272 -0.104146
v 0.817822 -0.600272 -0.073218
v 0.791604 -0.610736 -0.101155
v 0.812648 -0.610736 -0.070255
vn 0.0754 0.9531 0.2932
vn -0.3017 0.6113 0.7316
vn 0.5850 0.2317 0.7772
vn 0.6109 0.7238 0.3207
vn -0.1487 -0.9531 -0.2637
vn 0.1020 -0.6113 -0.7848
vn 0.7848 -0.6113 -0.1020
vn 0.2637 -0.9531 0.1487
vn -0.9517 0.1478 0.2690
vn -0.7481 0.6589 0.0786
vn -0.5662 0.2867 -0.7728
vn -0.7662 -0.2317 -0.5993
vn 0.9889 -0.1478 -0.0135
vn 0.7430 -0.6589 0.1177
vn 0.2696 -0.6589 -0.7023
vn 0.5061 -0.1478 -0.8497
vn 0.5633 0.4946 -0.6619
vn -0.3806 0.2317 -0.8952
vn 0.0277 0.7238 -0.6894
vn 0.8548 0.4946 -0.1568
vn -0.7851 -0.4946 0.3728
vn -0.6731 -0.7238 -0.1517
vn -0.3728 -0.4946 0.7851
vn -0.2690 0.1478 0.9517
vn 0.1517 -0.7238 0.6731
vn 0.5993 -0.2317 0.7662
vn -0.7845 0.6113 -0.1046
vn -0.2162 0.9531 -0.2119
vn -0.1832 0.9669 -0.1779
vn -0.0851 0.7661 -0.6370
vn 0.1309 -0.9669 0.2192
vn -0.1244 -0.9669 -0.2230
vn 0.2852 -0.0854 -0.9547
vn -0.5225 0.0854 0.8483
vn 0.3469 -0.2867 0.8930
vn 0.9547 -0.0854 -0.2852
vn 0.7728 0.2867 0.5662
vn -0.5999 -0.2867 -0.7469
vn -0.9959 0.0854 0.0284
vn -0.0786 0.6589 0.7481
vn -0.0827 -0.7661 0.6373
vn -0.5516 -0.5654 0.6132
vn -0.8069 -0.5654 0.1710
vn -0.5933 -0.7661 -0.2471
vn 0.1779 0.9669 0.1832
vn 0.6370 0.7661 0.0851
vn 0.7351 0.5654 -0.3740
vn 0.3740 0.5654 -0.7351
vn -0.5263 0.0156 -0.8502
vn 0.0638 0.7868 -0.6138
vn 0.5635 0.7868 0.2517
vn 0.4732 0.0156 0.8808
vn -0.1169 -0.7556 0.6445
vn -0.7717 0.4539 0.4455
vn -0.6166 -0.7556 -0.2210
vn -0.5904 -0.7717 -0.2365
vn -0.0904 -0.7717 0.6296
vn 0.5000 -0.0000 0.8660
vn 0.5904 0.7717 0.2365
vn 0.0904 0.7717 -0.6296
vn -0.5000 -0.0000 -0.8660
vn -0.7284 0.0156 -0.6850
vn -0.0972 0.7868 -0.6094
vn 0.6094 0.7868 0.0972
vn 0.6850 0.0156 0.7284
vn 0.0539 -0.7556 0.6528
vn -0.6301 0.4539 0.6301
vn -0.6528 -0.7556 -0.0539
vn -0.6315 -0.7717 -0.0756
vn 0.0756 -0.7717 0.6315
vn 0.7071 -0.0000 0.7071
vn 0.6315 0.7717 0.0756
vn -0.0756 0.7717 -0.6315
vn -0.7071 -0.0000 -0.7071
vn -0.0031 -0.9531 0.3027
vn 0.5071 -0.7238 0.4679
vn 0.3639 -0.2318 0.9021
vn -0.4808 -0.6113 0.6286
vn -0.0754 0.9531 -0.2932
vn 0.2162 0.9531 0.2119
vn 0.7845 0.6113 0.1046
vn 0.3017 0.6113 -0.7317
vn -0.9889 -0.1478 0.0135
vn -0.5850 0.2317 -0.7772
vn -0.3469 -0.2867 -0.8930
vn -0.7430 -0.6589 -0.1177
vn 0.9587 0.1478 0.2429
vn 0.7088 0.1478 -0.6897
vn 0.4421 0.6589 -0.6086
vn 0.6872 0.6589 0.3060
vn 0.7154 -0.4946 -0.4936
vn 0.2052 -0.7238 -0.6587
vn -0.1359 -0.2318 -0.9632
vn 0.8663 -0.4946 0.0698
vn -0.8548 0.4946 0.1568
vn -0.6109 0.7238 -0.3207
vn -0.5633 0.4946 0.6619
vn -0.5061 -0.1478 0.8497
vn -0.0277 0.7238 0.6894
vn 0.3806 0.2317 0.8952
vn -0.1540 -0.9531 -0.2606
vn -0.7307 -0.6113 -0.3040
vn 0.0827 -0.7661 -0.6373
vn -0.1309 -0.9669 -0.2192
vn -0.0624 0.9669 -0.2476
vn 0.0697 0.9669 0.2456
vn 0.5225 0.0854 -0.8483
vn 0.1040 0.2867 0.9524
vn -0.7243 -0.0854 0.6842
vn 0.5999 -0.2867 0.7469
vn 0.9959 0.0854 -0.0284
vn -0.9693 -0.0854 -0.2304
vn -0.3861 0.2867 -0.8767
vn -0.2696 -0.6589 0.7023
vn -0.5091 0.7661 -0.3922
vn -0.8236 0.5654 -0.0436
vn -0.6915 0.5654 0.4496
vn -0.2448 0.7661 0.5942
vn 0.5516 -0.5654 -0.6132
vn 0.8069 -0.5654 -0.1710
vn 0.5933 -0.7661 0.2471
vn 0.1244 -0.9669 0.2230
vn -0.2883 -0.0156 -0.9574
vn 0.2205 -0.7868 -0.5764
vn 0.4792 -0.7868 0.3889
vn 0.2291 -0.0156 0.9733
vn -0.2797 0.7556 0.5923
vn -0.8607 -0.4539 0.2306
vn -0.5384 0.7556 -0.3731
vn -0.5091 0.7717 -0.3812
vn -0.2503 0.7717 0.5847
vn 0.2588 -0.0000 0.9659
vn 0.5091 -0.7717 0.3812
vn 0.2503 -0.7717 -0.5847
vn -0.2588 -0.0000 -0.9659
vn -0.5263 -0.0156 -0.8502
vn 0.0638 -0.7868 -0.6138
vn 0.5635 -0.7868 0.2517
vn 0.4732 -0.0156 0.8808
vn -0.1169 0.7556 0.6445
vn -0.7717 -0.4539 0.4455
vn -0.6166 0.7556 -0.2210
vn -0.5904 0.7717 -0.2365
vn -0.0904 0.7717 0.6296
vn 0.5904 -0.7717 0.2365
vn 0.0904 -0.7717 -0.6296
vn -0.1540 -0.9531 0.2606
vn 0.2052 -0.7238 0.6587
vn -0.1359 -0.2317 0.9632
vn -0.7307 -0.6113 0.3040
vn 0.2162 0.9531 -0.2119
vn -0.0754 0.9531 0.2932
vn 0.3017 0.6113 0.7316
vn 0.7845 0.6113 -0.1046
vn -0.5061 -0.1478 -0.8497
vn 0.3806 0.2317 -0.8952
vn 0.5999 -0.2867 -0.7469
vn -0.2696 -0.6589 -0.7023
vn 0.7088 0.1478 0.6898
vn 0.9587 0.1478 -0.2429
vn 0.6872 0.6589 -0.3060
vn 0.4421 0.6589 0.6086
vn 0.8663 -0.4946 -0.0698
vn 0.5071 -0.7238 -0.4679
vn 0.3639 -0.2317 -0.9021
vn 0.7154 -0.4946 0.4936
vn -0.5633 0.4946 -0.6619
vn -0.0277 0.7238 -0.6894
vn -0.8548 0.4946 -0.1568
vn -0.9889 -0.1478 -0.0135
vn -0.6109 0.7238 0.3207
vn -0.5850 0.2317 0.7772
vn -0.0031 -0.9531 -0.3027
vn -0.4808 -0.6113 -0.6286
vn 0.5933 -0.7661 -0.2471
vn 0.1244 -0.9669 -0.2230
vn 0.0697 0.9669 -0.2456
vn -0.0624 0.9669 0.2476
vn 0.9959 0.0854 0.0284
vn -0.3861 0.2867 0.8767
vn -0.9693 -0.0854 0.2304
vn -0.3469 -0.2867 0.8930
vn 0.5225 0.0854 0.8483
vn -0.7243 -0.0854 -0.6842
vn 0.1040 0.2867 -0.9524
vn -0.7430 -0.6589 0.1177
vn -0.2448 0.7662 -0.5942
vn -0.6915 0.5654 -0.4496
vn -0.8236 0.5654 0.0436
vn -0.5091 0.7661 0.3922
vn 0.8069 -0.5654 0.1710
vn 0.5516 -0.5654 0.6132
vn 0.0827 -0.7661 0.6373
vn -0.1309 -0.9669 0.2192
vn 0.2291 -0.0156 -0.9733
vn 0.4792 -0.7868 -0.3889
vn 0.2205 -0.7868 0.5764
vn -0.2883 -0.0156 0.9574
vn -0.5384 0.7556 0.3731
vn -0.8607 -0.4539 -0.2306
vn -0.2797 0.7556 -0.5923
vn -0.2503 0.7717 -0.5847
vn -0.5091 0.7717 0.3812
vn -0.2588 -0.0000 0.9659
vn 0.2503 -0.7717 0.5847
vn 0.5091 -0.7717 -0.3812
vn 0.2588 -0.0000 -0.9659
vn 0.4732 -0.0156 -0.8808
vn 0.5635 -0.7868 -0.2517
vn 0.0638 -0.7868 0.6138
vn -0.5263 -0.0156 0.8502
vn -0.6166 0.7556 0.2210
vn -0.7717 -0.4539 -0.4455
vn -0.1169 0.7556 -0.6445
vn -0.0904 0.7717 -0.6296
vn -0.5904 0.7717 0.2365
vn -0.5000 -0.0000 0.8660
vn 0.0904 -0.7717 0.6296
vn 0.5904 -0.7717 -0.2365
vn 0.5000 -0.0000 -0.8660
vn 0.8548 0.4946 0.1568
vn 0.6109 0.7238 -0.3207
vn 0.0754 0.9531 -0.2932
vn -0.2162 0.9531 0.2119
vn 0.0277 0.7238 0.6894
vn 0.5633 0.4946 0.6619
vn -0.7845 0.6113 0.1046
vn -0.3806 0.2318 0.8952
vn 0.1517 -0.7238 -0.6731
vn 0.2637 -0.9531 -0.1487
vn -0.1487 -0.9531 0.2637
vn -0.6731 -0.7238 0.1517
vn -0.7851 -0.4946 -0.3728
vn -0.3727 -0.4946 -0.7851
vn 0.7848 -0.6113 0.1020
vn 0.1020 -0.6113 0.7848
vn -0.2690 0.1478 -0.9517
vn -0.0786 0.6589 -0.7481
vn 0.7728 0.2867 -0.5662
vn 0.5993 -0.2318 -0.7662
vn 0.5061 -0.1478 0.8497
vn 0.2696 -0.6589 0.7023
vn 0.7430 -0.6589 -0.1177
vn 0.9889 -0.1478 0.0135
vn 0.5850 0.2317 -0.7772
vn -0.9517 0.1478 -0.2690
vn -0.7662 -0.2317 0.5993
vn -0.3017 0.6113 -0.7317
vn 0.1779 0.9669 -0.1832
vn 0.6370 0.7661 -0.0851
vn -0.1244 -0.9669 0.2230
vn 0.1309 -0.9669 -0.2192
vn 0.9547 -0.0854 0.2852
vn -0.9959 0.0854 -0.0284
vn -0.5999 -0.2867 0.7469
vn 0.2852 -0.0854 0.9547
vn -0.5662 0.2867 0.7728
vn 0.3469 -0.2867 -0.8930
vn -0.5225 0.0854 -0.8483
vn -0.7481 0.6589 -0.0786
vn -0.5933 -0.7661 0.2471
vn -0.8069 -0.5654 -0.1710
vn -0.5516 -0.5654 -0.6132
vn -0.0827 -0.7661 -0.6373
vn -0.1832 0.9669 0.1779
vn -0.0851 0.7662 0.6370
vn 0.3740 0.5654 0.7351
vn 0.7351 0.5654 0.3740
vn 0.4732 0.0156 -0.8808
vn 0.5635 0.7868 -0.2517
vn 0.0638 0.7868 0.6138
vn -0.5263 0.0156 0.8502
vn -0.6166 -0.7556 0.2210
vn -0.7717 0.4539 -0.4455
vn -0.1169 -0.7556 -0.6445
vn -0.0904 -0.7717 -0.6296
vn -0.5904 -0.7717 0.2365
vn 0.0904 0.7717 0.6296
vn 0.5904 0.7717 -0.2365
vn 0.6850 0.0156 -0.7284
vn 0.6094 0.7868 -0.0972
vn -0.0972 0.7868 0.6095
vn -0.7284 0.0156 0.6850
vn -0.6528 -0.7556 0.0539
vn -0.6301 0.4539 -0.6301
vn 0.0539 -0.7556 -0.6528
vn 0.0756 -0.7717 -0.6315
vn -0.6315 -0.7717 0.0756
vn -0.7071 -0.0000 0.7071
vn -0.0756 0.7717 0.6315
vn 0.6315 0.7717 -0.0756
vn 0.7071 -0.0000 -0.7071
vn 0.8716 -0.0000 -0.4903
vn 0.8660 -0.0000 -0.5000
vn 0.4590 0.8480 -0.2650
vn 0.4095 0.8825 -0.2311
vn -0.4049 0.8840 0.2338
vn -0.4599 0.8494 0.2589
vn -0.8707 -0.0000 0.4919
vn -0.8660 -0.0000 0.5000
vn -0.4049 -0.8840 0.2338
vn -0.4599 -0.8494 0.2589
vn -0.3525 -0.8821 0.3125
vn -0.3857 -0.8462 0.3675
vn 0.3500 -0.8797 -0.3219
vn 0.3960 -0.8436 -0.3627
vn 0.4590 -0.8480 -0.2650
vn 0.4095 -0.8825 -0.2311
vn 0.7498 -0.0000 -0.6617
vn 0.7249 -0.0000 -0.6888
vn 0.3500 0.8797 -0.3219
vn 0.3960 0.8436 -0.3627
vn -0.3525 0.8821 0.3125
vn -0.3857 0.8462 0.3675
vn -0.7354 -0.0000 0.6777
vn -0.7361 -0.0000 0.6768
vn 0.4598 -0.8475 0.2651
vn 0.4092 -0.8825 0.2319
vn 0.8739 -0.0000 0.4861
vn 0.8663 -0.0000 0.4996
vn 0.3747 0.8480 -0.3747
vn -0.3306 0.8840 0.3306
vn -0.3306 -0.8840 0.3306
vn 0.3747 -0.8480 -0.3747
vn 0.2650 0.8480 -0.4590
vn -0.2337 0.8840 0.4049
vn -0.2337 -0.8840 0.4049
vn 0.2650 -0.8480 -0.4590
vn 0.1372 0.8480 -0.5119
vn -0.1210 0.8840 0.4516
vn -0.1210 -0.8840 0.4516
vn 0.1372 -0.8480 -0.5119
vn -0.0000 -0.0000 -1.0000
vn -0.0000 0.8480 -0.5299
vn -0.0000 0.8840 0.4675
vn -0.0000 -0.0000 1.0000
vn -0.0000 -0.8840 0.4675
vn -0.0000 -0.8480 -0.5299
vn -0.1372 0.8480 -0.5119
vn 0.1210 0.8840 0.4516
vn 0.1210 -0.8840 0.4516
vn -0.1372 -0.8480 -0.5119
vn -0.2650 0.8480 -0.4589
vn 0.2337 0.8840 0.4049
vn 0.2337 -0.8840 0.4049
vn -0.2650 -0.8480 -0.4589
vn -0.3747 0.8480 -0.3747
vn 0.3306 0.8840 0.3306
vn 0.3306 -0.8840 0.3306
vn -0.3747 -0.8480 -0.3747
vn -0.7934 -0.0000 -0.6088
vn -0.4230 0.8460 -0.3246
vn 0.3734 0.8823 0.2865
vn 0.7934 -0.0000 0.6088
vn 0.3734 -0.8823 0.2865
vn -0.4230 -0.8460 -0.3246
vn -0.7934 -0.0000 0.6088
vn -0.3747 0.8480 0.3747
vn -0.4230 0.8460 0.3246
vn 0.3306 0.8840 -0.3306
vn 0.3734 0.8823 -0.2865
vn 0.7934 -0.0000 -0.6088
vn 0.3306 -0.8840 -0.3306
vn 0.3734 -0.8823 -0.2865
vn -0.3747 -0.8480 0.3747
vn -0.4230 -0.8460 0.3246
vn -0.2650 0.8480 0.4590
vn 0.2337 0.8840 -0.4049
vn 0.2337 -0.8840 -0.4049
vn -0.2650 -0.8480 0.4590
vn -0.1372 0.8480 0.5119
vn 0.1210 0.8840 -0.4516
vn 0.1210 -0.8840 -0.4516
vn -0.1372 -0.8480 0.5119
vn -0.0000 0.8480 0.5299
vn -0.0000 0.8840 -0.4675
vn -0.0000 -0.8840 -0.4675
vn -0.0000 -0.8480 0.5299
vn 0.1372 0.8480 0.5119
vn -0.1210 0.8840 -0.4516
vn -0.1210 -0.8840 -0.4516
vn 0.1372 -0.8480 0.5119
vn 0.2650 0.8480 0.4589
vn -0.2337 0.8840 -0.4049
vn -0.2337 -0.8840 -0.4049
vn 0.2650 -0.8480 0.4589
vn 0.3747 0.8480 0.3747
vn -0.3306 0.8840 -0.3306
vn -0.3306 -0.8840 -0.3306
vn 0.3747 -0.8480 0.3747
vn 0.4598 0.8475 0.2651
vn -0.4054 0.8836 -0.2342
vn -0.8659 -0.0000 -0.5003
vn -0.4054 -0.8836 -0.2342
vn 0.7274 -0.0000 0.6862
vn 0.7446 -0.0000 0.6675
vn 0.3978 0.8455 0.3562
vn 0.3459 0.8820 0.3199
vn -0.3485 0.8845 -0.3102
vn -0.3845 0.8491 -0.3621
vn -0.7349 -0.0000 -0.6782
vn -0.7476 -0.0000 -0.6642
vn -0.3485 -0.8845 -0.3102
vn -0.3845 -0.8491 -0.3621
vn -0.4607 -0.8496 -0.2567
vn 0.3978 -0.8455 0.3562
vn 0.3459 -0.8820 0.3199
vn 0.5305 -0.8431 -0.0879
vn 0.4814 -0.8448 -0.2335
vn 0.8972 -0.0000 -0.4416
vn 0.9890 -0.0000 -0.1479
vn -0.4565 0.8869 0.0706
vn -0.4195 0.8836 0.2081
vn -0.8982 -0.0000 0.4395
vn -0.9857 -0.0000 0.1686
vn -0.4195 -0.8836 0.2081
vn -0.4565 -0.8869 0.0706
vn 0.8929 -0.0000 0.4503
vn 0.9881 -0.0000 0.1539
vn 0.5332 0.8409 0.0921
vn 0.4862 0.8428 0.2307
vn 1.0000 -0.0000 -0.0000
vn 0.9659 -0.0000 -0.2588
vn 0.5119 0.8480 -0.1372
vn 0.5299 0.8480 -0.0000
vn -0.4516 0.8840 0.1210
vn -0.4675 0.8840 -0.0000
vn -0.9659 -0.0000 0.2588
vn -1.0000 -0.0000 -0.0000
vn -0.4516 -0.8840 0.1210
vn -0.4675 -0.8840 -0.0000
vn 0.5119 -0.8480 -0.1372
vn 0.5299 -0.8480 -0.0000
vn 0.4589 0.8480 -0.2650
vn -0.4049 0.8840 0.2337
vn -0.4049 -0.8840 0.2337
vn 0.4589 -0.8480 -0.2650
vn -0.0000 0.8480 -0.5300
vn -0.0000 -0.8480 -0.5300
vn -0.6088 -0.0000 -0.7934
vn -0.3246 0.8460 -0.4230
vn 0.2865 0.8823 0.3734
vn 0.6088 -0.0000 0.7934
vn 0.2865 -0.8823 0.3734
vn -0.3246 -0.8460 -0.4230
vn -0.6088 -0.0000 0.7934
vn -0.2650 0.8480 0.4589
vn -0.3246 0.8460 0.4230
vn 0.2865 0.8823 -0.3734
vn 0.6088 -0.0000 -0.7934
vn 0.2865 -0.8823 -0.3734
vn -0.2650 -0.8480 0.4589
vn -0.3246 -0.8460 0.4230
vn 0.8660 -0.0000 0.5000
vn 0.4590 0.8480 0.2650
vn -0.4049 0.8840 -0.2337
vn -0.8660 -0.0000 -0.5000
vn -0.4049 -0.8840 -0.2337
vn 0.4590 -0.8480 0.2650
vn 0.9659 -0.0000 0.2588
vn 0.5119 0.8480 0.1372
vn -0.4516 0.8840 -0.1210
vn -0.9659 -0.0000 -0.2588
vn -0.4516 -0.8840 -0.1210
vn 0.5119 -0.8480 0.1372
vn 0.0754 -0.9531 0.2932
vn -0.3017 -0.6113 0.7316
vn -0.7845 -0.6113 -0.1046
vn -0.2162 -0.9531 -0.2119
vn 0.9889 0.1478 -0.0135
vn 0.7430 0.6589 0.1177
vn 0.3469 0.2867 0.8930
vn 0.5850 -0.2318 0.7772
vn 0.8548 -0.4946 -0.1568
vn 0.6109 -0.7238 0.3207
vn 0.5633 -0.4946 -0.6619
vn 0.5061 0.1478 -0.8497
vn 0.0277 -0.7238 -0.6894
vn -0.3806 -0.2317 -0.8952
vn 0.1309 0.9669 0.2192
vn -0.0827 0.7661 0.6373
vn -0.5225 -0.0854 0.8483
vn -0.9959 -0.0854 0.0284
vn -0.5999 0.2867 -0.7469
vn 0.2696 0.6589 -0.7023
vn -0.1244 0.9669 -0.2230
vn -0.5933 0.7661 -0.2471
vn -0.8069 0.5654 0.1710
vn -0.5516 0.5654 0.6132
vn 0.5263 0.0156 0.8502
vn -0.0638 0.7868 0.6138
vn -0.5635 0.7868 -0.2517
vn -0.4732 0.0156 -0.8808
vn 0.1169 -0.7556 -0.6445
vn 0.7717 0.4539 -0.4455
vn 0.6166 -0.7556 0.2210
vn 0.0904 -0.7717 -0.6295
vn -0.0904 0.7717 0.6295
vn 0.0495 0.9531 0.2986
vn -0.1969 0.9531 -0.2299
vn -0.7724 0.6113 -0.1725
vn -0.3643 0.6113 0.7026
vn 0.9863 -0.1478 0.0728
vn 0.5151 0.2318 0.8252
vn 0.2678 -0.2867 0.9198
vn 0.7299 -0.6589 0.1820
vn 0.8653 0.4946 -0.0817
vn 0.5806 0.7238 0.3727
vn 0.6188 0.4946 -0.6103
vn 0.5783 -0.1478 -0.8024
vn 0.0877 0.7238 -0.6844
vn -0.3011 0.2317 -0.9250
vn -0.1379 -0.7661 0.6277
vn 0.1113 -0.9669 0.2298
vn -0.5945 0.0854 0.7996
vn -0.5325 -0.2867 -0.7964
vn -0.9946 0.0854 -0.0585
vn 0.3297 -0.6589 -0.6761
vn -0.6029 -0.5654 0.5628
vn -0.8187 -0.5654 0.1001
vn -0.5695 -0.7661 -0.2978
vn -0.1045 -0.9669 -0.2330
vn 0.4502 -0.0156 0.8928
vn -0.1171 -0.7868 0.6060
vn -0.5394 -0.7868 -0.2998
vn -0.3946 -0.0156 -0.9187
vn 0.1726 0.7556 -0.6319
vn 0.8076 -0.4539 -0.3766
vn 0.5950 0.7556 0.2739
vn 0.5676 0.7717 0.2870
vn 0.1449 0.7717 -0.6193
vn -0.4226 -0.0000 -0.9063
vn -0.5676 -0.7717 -0.2870
vn -0.1449 -0.7717 0.6193
vn 0.4226 -0.0000 0.9063
vn -0.1969 0.9531 0.2299
vn 0.0495 0.9531 -0.2986
vn -0.3643 0.6113 -0.7026
vn -0.7724 0.6113 0.1725
vn 0.5783 -0.1478 0.8024
vn -0.3011 0.2317 0.9250
vn -0.5325 -0.2867 0.7964
vn 0.3297 -0.6589 0.6761
vn 0.6188 0.4946 0.6103
vn 0.0877 0.7238 0.6844
vn 0.8653 0.4946 0.0817
vn 0.9863 -0.1478 -0.0728
vn 0.5806 0.7238 -0.3727
vn 0.5151 0.2317 -0.8252
vn -0.5695 -0.7661 0.2978
vn -0.1045 -0.9669 0.2330
vn -0.9946 0.0854 0.0586
vn 0.2678 -0.2867 -0.9198
vn -0.5945 0.0854 -0.7996
vn 0.7299 -0.6589 -0.1820
vn -0.8187 -0.5654 -0.1001
vn -0.6029 -0.5654 -0.5628
vn -0.1379 -0.7661 -0.6277
vn 0.1113 -0.9669 -0.2298
vn -0.3946 -0.0156 0.9187
vn -0.5394 -0.7868 0.2998
vn -0.1171 -0.7868 -0.6060
vn 0.4502 -0.0156 -0.8928
vn 0.5950 0.7556 -0.2739
vn 0.8076 -0.4539 0.3766
vn 0.1726 0.7556 0.6319
vn 0.1449 0.7717 0.6193
vn 0.5676 0.7717 -0.2870
vn 0.4226 -0.0000 -0.9063
vn -0.1449 -0.7717 -0.6193
vn -0.5676 -0.7717 0.2870
vn -0.4226 -0.0000 0.9063
vn -0.2162 -0.9531 0.2119
vn -0.7845 -0.6113 0.1046
vn -0.3017 -0.6113 -0.7316
vn 0.0754 -0.9531 -0.2932
vn 0.5061 0.1478 0.8497
vn 0.2696 0.6589 0.7023
vn -0.5999 0.2867 0.7469
vn -0.3806 -0.2318 0.8952
vn 0.5633 -0.4946 0.6619
vn 0.0277 -0.7238 0.6894
vn 0.8548 -0.4946 0.1568
vn 0.9889 0.1478 0.0135
vn 0.6109 -0.7238 -0.3207
vn 0.5850 -0.2317 -0.7772
vn -0.1244 0.9669 0.2230
vn -0.5933 0.7661 0.2471
vn -0.9959 -0.0854 -0.0284
vn -0.5225 -0.0854 -0.8483
vn 0.3469 0.2867 -0.8930
vn 0.7430 0.6589 -0.1177
vn 0.1309 0.9669 -0.2192
vn -0.0827 0.7661 -0.6373
vn -0.5516 0.5654 -0.6132
vn -0.8069 0.5654 -0.1710
vn -0.4732 0.0156 0.8808
vn -0.5635 0.7868 0.2517
vn -0.0638 0.7868 -0.6138
vn 0.5263 0.0156 -0.8502
vn 0.6166 -0.7556 -0.2210
vn 0.7717 0.4539 0.4455
vn 0.1169 -0.7556 0.6445
vn -0.0904 0.7717 -0.6295
vn 0.3816 0.8664 0.3220
vn 0.3442 0.8619 0.3724
vn 0.7930 0.0165 0.6089
vn 0.8090 0.0103 0.5878
vn -0.4202 0.8694 -0.2599
vn -0.4378 0.8705 -0.2248
vn -0.8096 0.0101 -0.5869
vn -0.7957 0.0200 -0.6054
vn -0.3854 -0.8640 -0.3239
vn -0.3485 -0.8597 -0.3734
vn 0.4307 -0.8617 0.2683
vn 0.4584 -0.8547 0.2436
vn 0.2252 0.8268 0.5155
vn 0.7359 0.0168 0.6768
vn -0.4971 0.8578 -0.1306
vn -0.7492 0.0513 -0.6603
vn -0.2313 -0.8259 -0.5142
vn 0.5331 -0.8271 0.1781
vn 0.0048 0.6945 0.7195
vn 0.6185 -0.0335 0.7851
vn -0.6130 0.7901 -0.0004
vn -0.6609 0.1288 -0.7394
vn -0.0104 -0.6952 -0.7187
vn 0.6526 -0.7516 0.0963
vn -0.2729 0.4156 0.8676
vn 0.4690 -0.1794 0.8648
vn -0.7677 0.6350 0.0864
vn -0.5426 0.2551 -0.8003
vn 0.2741 -0.4121 -0.8689
vn 0.7846 -0.6191 0.0338
vn -0.4494 0.1585 0.8792
vn 0.3994 -0.3274 0.8563
vn -0.8680 0.4928 0.0619
vn -0.4371 0.3491 -0.8289
vn 0.4497 -0.1522 -0.8801
vn 0.8685 -0.4955 -0.0138
vn -0.4933 0.0760 0.8665
vn 0.3995 -0.3730 0.8374
vn -0.8931 0.4489 0.0303
vn -0.4005 0.3738 -0.8366
vn 0.4926 -0.0747 -0.8670
vn 0.8932 -0.4486 -0.0301
vn -0.4938 0.0728 0.8665
vn 0.3998 -0.3739 0.8368
vn -0.8941 0.4469 0.0301
vn -0.4001 0.3740 -0.8367
vn 0.4944 -0.0731 -0.8662
vn 0.8940 -0.4470 -0.0291
vn -0.4945 0.0701 0.8663
vn 0.3977 -0.3786 0.8357
vn -0.8930 0.4490 0.0310
vn -0.3975 0.3785 -0.8359
vn 0.4961 -0.0711 -0.8653
vn 0.8929 -0.4494 -0.0291
vn -0.4954 0.0659 0.8662
vn 0.3929 -0.3886 0.8334
vn -0.8898 0.4552 0.0333
vn -0.3921 0.3884 -0.8339
vn 0.4989 -0.0682 -0.8640
vn 0.8895 -0.4559 -0.0296
vn -0.4951 0.0626 0.8666
vn 0.3898 -0.3955 0.8317
vn -0.8876 0.4593 0.0357
vn -0.3883 0.3949 -0.8326
vn 0.5015 -0.0669 -0.8626
vn 0.8871 -0.4606 -0.0290
vn 0.3816 0.8664 -0.3220
vn 0.8090 0.0103 -0.5878
vn 0.7930 0.0165 -0.6089
vn 0.3442 0.8619 -0.3724
vn -0.4202 0.8694 0.2599
vn -0.4378 0.8705 0.2248
vn -0.8096 0.0101 0.5869
vn -0.7957 0.0200 0.6054
vn -0.3854 -0.8640 0.3239
vn -0.3485 -0.8597 0.3734
vn 0.4307 -0.8617 -0.2683
vn 0.4584 -0.8547 -0.2436
vn 0.7359 0.0168 -0.6768
vn 0.2252 0.8268 -0.5155
vn -0.4971 0.8578 0.1306
vn -0.7492 0.0513 0.6603
vn -0.2313 -0.8259 0.5142
vn 0.5331 -0.8271 -0.1781
vn 0.6185 -0.0335 -0.7851
vn 0.0048 0.6945 -0.7195
vn -0.6130 0.7901 0.0004
vn -0.6609 0.1288 0.7394
vn -0.0104 -0.6952 0.7188
vn 0.6526 -0.7516 -0.0963
vn 0.4690 -0.1794 -0.8648
vn -0.2729 0.4156 -0.8676
vn -0.7677 0.6350 -0.0864
vn -0.5426 0.2551 0.8003
vn 0.2741 -0.4121 0.8689
vn 0.7846 -0.6191 -0.0338
vn 0.3994 -0.3274 -0.8563
vn -0.4494 0.1585 -0.8792
vn -0.8680 0.4928 -0.0619
vn -0.4371 0.3491 0.8289
vn 0.4497 -0.1522 0.8801
vn 0.8685 -0.4955 0.0138
vn 0.3995 -0.3730 -0.8374
vn -0.4933 0.0760 -0.8665
vn -0.8931 0.4489 -0.0303
vn -0.4005 0.3738 0.8366
vn 0.4926 -0.0747 0.8670
vn 0.8932 -0.4486 0.0301
vn 0.3998 -0.3739 -0.8368
vn -0.4938 0.0728 -0.8665
vn -0.8941 0.4469 -0.0301
vn -0.4001 0.3740 0.8367
vn 0.4944 -0.0731 0.8662
vn 0.8940 -0.4470 0.0291
vn 0.3977 -0.3786 -0.8357
vn -0.4945 0.0701 -0.8663
vn -0.8930 0.4490 -0.0310
vn -0.3975 0.3785 0.8359
vn 0.4961 -0.0711 0.8653
vn 0.8929 -0.4494 0.0291
vn 0.3929 -0.3886 -0.8334
vn -0.4954 0.0659 -0.8662
vn -0.8898 0.4552 -0.0332
vn -0.3921 0.3884 0.8339
vn 0.4989 -0.0682 0.8640
vn 0.8895 -0.4559 0.0296
vn 0.3898 -0.3955 -0.8317
vn -0.4951 0.0626 -0.8666
vn -0.8876 0.4593 -0.0357
vn -0.3883 0.3949 0.8326
vn 0.5015 -0.0669 0.8626
vn 0.8871 -0.4606 0.0290
vn -0.4340 0.8628 0.2593
vn -0.4095 0.8595 0.3060
vn -0.8849 -0.0174 0.4655
vn -0.8899 -0.0088 0.4561
vn 0.4624 0.8637 -0.2005
vn 0.4879 0.8565 -0.1682
vn 0.8895 -0.0094 -0.4568
vn 0.8831 -0.0171 -0.4689
vn 0.4250 -0.8684 -0.2554
vn 0.4004 -0.8647 -0.3033
vn -0.4572 -0.8672 0.1973
vn -0.4704 -0.8684 0.1568
vn -0.3269 0.8305 0.4510
vn -0.8600 -0.0440 0.5084
vn 0.5540 0.8283 -0.0839
vn 0.8504 -0.0226 -0.5257
vn 0.3172 -0.8339 -0.4516
vn -0.5142 -0.8563 0.0483
vn -0.1562 0.7093 0.6874
vn -0.7975 -0.1139 0.5925
vn 0.6591 0.7517 0.0243
vn 0.7654 0.0188 -0.6433
vn 0.1487 -0.7099 -0.6884
vn -0.6030 -0.7907 -0.1062
vn 0.0883 0.4360 0.8956
vn -0.6979 -0.2355 0.6764
vn 0.7755 0.6208 0.1149
vn 0.6398 0.1589 -0.7519
vn -0.0868 -0.4388 -0.8944
vn -0.7343 -0.6395 -0.2277
vn 0.2520 0.1732 0.9521
vn -0.6088 -0.3213 0.7253
vn 0.8527 0.4888 0.1842
vn 0.5737 0.2969 -0.7634
vn -0.2592 -0.1833 -0.9483
vn -0.8426 -0.4876 -0.2286
vn 0.2988 0.0912 0.9500
vn -0.5826 -0.3315 0.7421
vn 0.8822 0.4232 0.2064
vn 0.5793 0.3297 -0.7455
vn -0.3038 -0.0947 -0.9480
vn -0.8822 -0.4238 -0.2052
vn 0.3034 0.0888 0.9487
vn -0.5837 -0.3258 0.7437
vn 0.8868 0.4144 0.2045
vn 0.5835 0.3257 -0.7440
vn -0.3029 -0.0885 -0.9489
vn -0.8866 -0.4143 -0.2054
vn 0.3058 0.0883 0.9480
vn -0.5794 -0.3325 0.7441
vn 0.8842 0.4203 0.2041
vn 0.5809 0.3331 -0.7427
vn -0.3018 -0.0863 -0.9494
vn -0.8838 -0.4199 -0.2066
vn 0.3086 0.0896 0.9470
vn -0.5685 -0.3512 0.7439
vn 0.8748 0.4396 0.2040
vn 0.5723 0.3529 -0.7402
vn -0.2993 -0.0845 -0.9504
vn -0.8739 -0.4387 -0.2093
vn 0.3127 0.0923 0.9454
vn -0.5597 -0.3637 0.7446
vn 0.8680 0.4534 0.2025
vn 0.5672 0.3672 -0.7372
vn -0.2950 -0.0821 -0.9520
vn -0.8665 -0.4517 -0.2126
vn -0.4369 0.8638 -0.2511
vn -0.8979 -0.0091 -0.4402
vn -0.8896 -0.0183 -0.4563
vn -0.4115 0.8601 -0.3015
vn 0.4676 0.8626 0.1928
vn 0.4906 0.8559 0.1636
vn 0.8975 -0.0094 0.4410
vn 0.8879 -0.0162 0.4598
vn 0.4314 -0.8671 0.2491
vn 0.4057 -0.8632 0.3005
vn -0.4587 -0.8685 -0.1879
vn -0.4699 -0.8698 -0.1505
vn -0.8587 -0.0469 -0.5103
vn -0.3270 0.8299 -0.4519
vn 0.5522 0.8293 0.0851
vn 0.8494 -0.0193 0.5274
vn 0.3199 -0.8319 0.4535
vn -0.5106 -0.8584 -0.0480
vn -0.7920 -0.1186 -0.5989
vn -0.1549 0.7087 -0.6883
vn 0.6543 0.7560 -0.0193
vn 0.7605 0.0241 0.6489
vn 0.1484 -0.7089 0.6896
vn -0.5986 -0.7946 0.1016
vn -0.6921 -0.2388 -0.6812
vn 0.0903 0.4376 -0.8946
vn 0.7720 0.6261 -0.1095
vn 0.6339 0.1616 0.7564
vn -0.0901 -0.4411 0.8929
vn -0.7319 -0.6445 0.2214
vn -0.6049 -0.3211 -0.7287
vn 0.2556 0.1760 -0.9506
vn 0.8525 0.4912 -0.1789
vn 0.5689 0.2962 0.7672
vn -0.2638 -0.1866 0.9463
vn -0.8426 -0.4902 0.2231
vn -0.5789 -0.3299 -0.7457
vn 0.3034 0.0936 -0.9482
vn 0.8831 0.4239 -0.2010
vn 0.5755 0.3281 0.7491
vn -0.3084 -0.0971 0.9463
vn -0.8831 -0.4246 0.1998
vn -0.5799 -0.3242 -0.7474
vn 0.3080 0.0911 -0.9470
vn 0.8877 0.4152 -0.1991
vn 0.5797 0.3241 0.7476
vn -0.3075 -0.0909 0.9472
vn -0.8875 -0.4151 0.2000
vn -0.5757 -0.3309 -0.7478
vn 0.3104 0.0907 -0.9463
vn 0.8850 0.4210 -0.1987
vn 0.5771 0.3315 0.7464
vn -0.3065 -0.0887 0.9477
vn -0.8846 -0.4207 0.2012
vn -0.5647 -0.3495 -0.7476
vn 0.3131 0.0921 -0.9452
vn 0.8756 0.4404 -0.1986
vn 0.5686 0.3513 0.7438
vn -0.3038 -0.0870 0.9487
vn -0.8748 -0.4395 0.2039
vn -0.5559 -0.3619 -0.7483
vn 0.3172 0.0948 -0.9436
vn 0.8687 0.4543 -0.1972
vn 0.5635 0.3655 0.7409
vn -0.2995 -0.0847 0.9503
vn -0.8673 -0.4526 0.2072
vn 0.4092 0.8825 0.2319
vn -0.8696 -0.0000 -0.4938
vn -0.4607 0.8496 -0.2567
vn 0.5305 0.8431 -0.0879
vn 0.4814 0.8448 -0.2335
vn -0.4231 -0.8814 -0.2098
vn -0.4597 -0.8854 -0.0684
vn 0.5332 -0.8409 0.0921
vn 0.4862 -0.8428 0.2307
vn -0.9065 -0.0000 -0.4223
vn -0.9867 -0.0000 -0.1624
vn -0.4231 0.8814 -0.2098
vn -0.4597 0.8854 -0.0684
vt 0.561038 0.934213
vt 0.562341 0.934545
vt 0.562201 0.932734
vt 0.561117 0.932814
vt 0.564130 0.827512
vt 0.563843 0.828533
vt 0.565576 0.828533
vt 0.565289 0.827512
vt 0.944710 0.572176
vt 0.945641 0.572209
vt 0.945861 0.570816
vt 0.944813 0.570680
vt 0.561995 0.931343
vt 0.562890 0.931166
vt 0.562847 0.929846
vt 0.561692 0.929756
vt 0.560770 0.929017
vt 0.562300 0.928182
vt 0.561276 0.927827
vt 0.561028 0.931532
vt 0.560713 0.930330
vt 0.943509 0.572119
vt 0.943709 0.570681
vt 0.943625 0.573529
vt 0.944682 0.573532
vt 0.943711 0.574815
vt 0.944706 0.574869
vt 0.562819 0.926462
vt 0.561586 0.926513
vt 0.944820 0.568790
vt 0.943509 0.569248
vt 0.943551 0.576075
vt 0.944620 0.576528
vt 0.967845 0.498849
vt 0.968132 0.497829
vt 0.966399 0.497829
vt 0.966686 0.498849
vt 0.946721 0.572342
vt 0.947085 0.571114
vt 0.563906 0.931060
vt 0.563823 0.929986
vt 0.946324 0.568928
vt 0.563757 0.934292
vt 0.563147 0.932501
vt 0.945976 0.576495
vt 0.945638 0.574757
vt 0.563258 0.928477
vt 0.564074 0.926997
vt 0.945570 0.573477
vt 0.563843 0.829685
vt 0.565576 0.829685
vt 0.968132 0.496677
vt 0.966399 0.496676
vt 0.967773 0.493898
vt 0.966758 0.493898
vt 0.966250 0.494777
vt 0.966758 0.495656
vt 0.967773 0.495656
vt 0.968281 0.494777
vt 0.563694 0.831584
vt 0.564202 0.832464
vt 0.565217 0.832464
vt 0.565725 0.831584
vt 0.565217 0.830705
vt 0.564202 0.830705
vt 0.947496 0.569803
vt 0.564850 0.933315
vt 0.564238 0.932172
vt 0.947136 0.575728
vt 0.946708 0.574575
vt 0.564244 0.928940
vt 0.564850 0.927955
vt 0.946514 0.573473
vt 0.213402 0.964807
vt 0.213524 0.965626
vt 0.218536 0.965100
vt 0.218316 0.963714
vt 0.213561 0.966467
vt 0.218831 0.966514
vt 0.213525 0.967302
vt 0.218837 0.967907
vt 0.213385 0.968123
vt 0.218191 0.969096
vt 0.219057 0.969627
vt 0.219669 0.968129
vt 0.213183 0.968935
vt 0.217505 0.970192
vt 0.213183 0.963910
vt 0.217521 0.962775
vt 0.217862 0.971075
vt 0.218805 0.971815
vt 0.220074 0.970197
vt 0.219856 0.966592
vt 0.219705 0.964872
vt 0.219128 0.963281
vt 0.217893 0.961733
vt 0.220732 0.968341
vt 0.220907 0.966525
vt 0.220716 0.964670
vt 0.220189 0.962821
vt 0.219026 0.960951
vt 0.240061 0.964618
vt 0.240187 0.965460
vt 0.245369 0.965049
vt 0.244870 0.963733
vt 0.240240 0.966294
vt 0.245513 0.966455
vt 0.240199 0.967107
vt 0.245427 0.967841
vt 0.240063 0.967894
vt 0.244725 0.969040
vt 0.245627 0.969534
vt 0.246217 0.968088
vt 0.239846 0.968653
vt 0.243885 0.969996
vt 0.239846 0.963702
vt 0.244275 0.962585
vt 0.244267 0.971075
vt 0.245239 0.971808
vt 0.246497 0.970140
vt 0.246523 0.966615
vt 0.246418 0.964956
vt 0.245860 0.963261
vt 0.244735 0.961656
vt 0.247274 0.968422
vt 0.247519 0.966677
vt 0.247532 0.964825
vt 0.246996 0.962754
vt 0.245786 0.960951
vt 0.985156 0.925016
vt 0.984297 0.924528
vt 0.983239 0.925183
vt 0.985248 0.926202
vt 0.850427 0.984934
vt 0.850516 0.985877
vt 0.851502 0.986521
vt 0.851479 0.984304
vt 0.111831 0.979907
vt 0.114112 0.981114
vt 0.114076 0.979577
vt 0.112866 0.979120
vt 0.306064 0.976910
vt 0.306070 0.973453
vt 0.304327 0.974691
vt 0.304503 0.975971
vt 0.985166 0.923067
vt 0.985988 0.923601
vt 0.987034 0.922973
vt 0.985090 0.921874
vt 0.984252 0.923529
vt 0.983239 0.922967
vt 0.848733 0.984966
vt 0.849582 0.984394
vt 0.849581 0.983248
vt 0.847727 0.984316
vt 0.848784 0.985931
vt 0.847727 0.986572
vt 0.849660 0.986419
vt 0.849671 0.987570
vt 0.986050 0.924560
vt 0.987037 0.925104
vt 0.114025 0.978856
vt 0.113466 0.978664
vt 0.303756 0.975090
vt 0.303819 0.975659
vt 0.116672 0.979646
vt 0.115111 0.978791
vt 0.300923 0.976884
vt 0.303350 0.978334
vt 0.303408 0.976692
vt 0.302240 0.976168
vt 0.116672 0.976202
vt 0.113344 0.975300
vt 0.113768 0.977026
vt 0.114929 0.977533
vt 0.302877 0.972480
vt 0.300923 0.974328
vt 0.302139 0.974878
vt 0.303195 0.974110
vt 0.111285 0.977393
vt 0.112755 0.977830
vt 0.303252 0.974834
vt 0.302814 0.975192
vt 0.302823 0.975757
vt 0.303344 0.975979
vt 0.114450 0.978467
vt 0.114347 0.977916
vt 0.113819 0.977747
vt 0.113399 0.978097
vt 0.970468 0.141942
vt 0.970570 0.143140
vt 0.971536 0.142450
vt 0.970479 0.141949
vt 0.971461 0.141287
vt 0.970492 0.141952
vt 0.970404 0.140736
vt 0.970493 0.141939
vt 0.969399 0.141420
vt 0.970486 0.141934
vt 0.970336 0.139636
vt 0.968349 0.140948
vt 0.969512 0.142611
vt 0.970476 0.141932
vt 0.968704 0.143184
vt 0.966226 0.139648
vt 0.966373 0.144842
vt 0.972522 0.142903
vt 0.972221 0.140783
vt 0.970651 0.144121
vt 0.974513 0.139266
vt 0.970239 0.137529
vt 0.970811 0.146174
vt 0.974513 0.144130
vt 0.111493 0.949347
vt 0.116316 0.948246
vt 0.115471 0.947255
vt 0.111285 0.948562
vt 0.111285 0.953385
vt 0.115466 0.954660
vt 0.116163 0.953584
vt 0.111492 0.952596
vt 0.116703 0.952321
vt 0.111627 0.951779
vt 0.116907 0.950918
vt 0.111690 0.950962
vt 0.117732 0.952472
vt 0.117926 0.950822
vt 0.116935 0.949494
vt 0.111638 0.950149
vt 0.117758 0.949302
vt 0.119014 0.950912
vt 0.118893 0.949041
vt 0.115812 0.955562
vt 0.117108 0.954132
vt 0.117254 0.947763
vt 0.115865 0.946165
vt 0.118053 0.954657
vt 0.118777 0.952812
vt 0.118222 0.947235
vt 0.117009 0.945359
vt 0.116847 0.956361
vt 0.983319 0.278102
vt 0.983239 0.277123
vt 0.982249 0.276457
vt 0.982249 0.278707
vt 0.761770 0.983687
vt 0.761708 0.982700
vt 0.760703 0.982050
vt 0.760703 0.984303
vt 0.979452 0.766228
vt 0.981659 0.767735
vt 0.981815 0.766313
vt 0.980785 0.765471
vt 0.982354 0.527022
vt 0.985534 0.526055
vt 0.983852 0.524807
vt 0.982691 0.525357
vt 0.985002 0.277129
vt 0.984915 0.278107
vt 0.985981 0.278719
vt 0.985996 0.276470
vt 0.984122 0.276572
vt 0.984126 0.275429
vt 0.763372 0.983636
vt 0.762578 0.984199
vt 0.762601 0.985346
vt 0.764450 0.984229
vt 0.763446 0.982660
vt 0.764426 0.981991
vt 0.762571 0.982121
vt 0.762552 0.980984
vt 0.984115 0.278639
vt 0.984112 0.279780
vt 0.981897 0.765540
vt 0.981445 0.765173
vt 0.983250 0.524427
vt 0.982712 0.524625
vt 0.984602 0.766877
vt 0.982970 0.765723
vt 0.980429 0.522276
vt 0.980292 0.525128
vt 0.981613 0.524595
vt 0.981854 0.523336
vt 0.984701 0.763537
vt 0.982028 0.761990
vt 0.982049 0.763673
vt 0.983146 0.764437
vt 0.985534 0.522732
vt 0.983117 0.521327
vt 0.982994 0.522746
vt 0.984043 0.523543
vt 0.979452 0.763422
vt 0.980866 0.764185
vt 0.983342 0.523832
vt 0.982858 0.523487
vt 0.982384 0.523733
vt 0.982279 0.524261
vt 0.982424 0.765270
vt 0.982453 0.764689
vt 0.981977 0.764393
vt 0.981460 0.764603
vt 0.395818 0.965555
vt 0.395954 0.966730
vt 0.396925 0.966044
vt 0.395834 0.965568
vt 0.396792 0.964883
vt 0.395852 0.965575
vt 0.395721 0.964361
vt 0.395852 0.965558
vt 0.394742 0.965068
vt 0.395848 0.965542
vt 0.395620 0.963340
vt 0.393757 0.964642
vt 0.394897 0.966238
vt 0.395832 0.965539
vt 0.394005 0.966888
vt 0.391538 0.963311
vt 0.391538 0.968712
vt 0.397719 0.966395
vt 0.397654 0.964287
vt 0.396085 0.967810
vt 0.399256 0.963176
vt 0.395695 0.961075
vt 0.396399 0.969976
vt 0.400085 0.967389
vt 0.957764 0.419834
vt 0.963063 0.419213
vt 0.962387 0.418020
vt 0.957636 0.419018
vt 0.961666 0.416949
vt 0.957431 0.418220
vt 0.957431 0.423095
vt 0.961698 0.424387
vt 0.962529 0.423444
vt 0.957634 0.422310
vt 0.962748 0.422054
vt 0.957758 0.421491
vt 0.963358 0.423900
vt 0.963903 0.422286
vt 0.963014 0.420628
vt 0.957816 0.420663
vt 0.964047 0.420543
vt 0.964998 0.422589
vt 0.965228 0.420555
vt 0.963254 0.417465
vt 0.961987 0.416065
vt 0.963909 0.418988
vt 0.962063 0.425417
vt 0.963148 0.426191
vt 0.964316 0.424412
vt 0.964895 0.418720
vt 0.964253 0.416955
vt 0.963019 0.415242
vt 0.564130 0.804557
vt 0.563550 0.805561
vt 0.564130 0.806565
vt 0.565289 0.806565
vt 0.565869 0.805561
vt 0.565289 0.804557
vt 0.967845 0.500857
vt 0.968425 0.499853
vt 0.966106 0.499853
vt 0.966686 0.500857
vt 0.940733 0.279702
vt 0.939636 0.279641
vt 0.939511 0.281130
vt 0.940771 0.281177
vt 0.563550 0.826508
vt 0.565869 0.826508
vt 0.565289 0.825504
vt 0.564130 0.825504
vt 0.968947 0.569712
vt 0.967711 0.568790
vt 0.966435 0.569706
vt 0.966590 0.571269
vt 0.967840 0.571297
vt 0.968601 0.570839
vt 0.980792 0.599275
vt 0.981812 0.599341
vt 0.981841 0.597936
vt 0.980707 0.597954
vt 0.969093 0.571392
vt 0.969564 0.572005
vt 0.971205 0.571448
vt 0.970395 0.570041
vt 0.565576 0.803537
vt 0.565576 0.802385
vt 0.563843 0.802385
vt 0.563843 0.803537
vt 0.940909 0.275916
vt 0.939777 0.275429
vt 0.939711 0.277087
vt 0.940640 0.277162
vt 0.939363 0.283267
vt 0.940909 0.282837
vt 0.968171 0.572011
vt 0.966435 0.572771
vt 0.939683 0.278344
vt 0.940676 0.278381
vt 0.980616 0.600547
vt 0.981691 0.601016
vt 0.981840 0.596107
vt 0.980616 0.596538
vt 0.969886 0.572744
vt 0.970887 0.572816
vt 0.565217 0.801364
vt 0.564202 0.801364
vt 0.982983 0.600950
vt 0.982760 0.599390
vt 0.938723 0.279596
vt 0.938445 0.281002
vt 0.982808 0.598005
vt 0.983235 0.596291
vt 0.938808 0.277111
vt 0.938826 0.278369
vt 0.938488 0.275539
vt 0.968614 0.572663
vt 0.937762 0.282899
vt 0.967495 0.574008
vt 0.565725 0.800485
vt 0.565217 0.799606
vt 0.564202 0.799606
vt 0.563694 0.800485
vt 0.969191 0.573154
vt 0.968982 0.574340
vt 0.970227 0.574904
vt 0.971262 0.574009
vt 0.983960 0.600357
vt 0.983739 0.599306
vt 0.937676 0.279437
vt 0.937281 0.280623
vt 0.983875 0.598199
vt 0.984328 0.597086
vt 0.937755 0.277275
vt 0.937911 0.278345
vt 0.937490 0.276189
vt 0.936604 0.281836
vt 0.139132 0.965780
vt 0.139171 0.966612
vt 0.144598 0.966617
vt 0.144349 0.965231
vt 0.139132 0.967444
vt 0.144113 0.967974
vt 0.138993 0.968264
vt 0.143837 0.969293
vt 0.138775 0.969178
vt 0.143190 0.970310
vt 0.143486 0.971077
vt 0.144561 0.969773
vt 0.138775 0.964151
vt 0.138986 0.964960
vt 0.143850 0.963918
vt 0.143057 0.962843
vt 0.144845 0.963506
vt 0.145956 0.962994
vt 0.144748 0.960993
vt 0.143582 0.961697
vt 0.145191 0.968287
vt 0.145461 0.966687
vt 0.145392 0.965131
vt 0.145532 0.970316
vt 0.146241 0.968522
vt 0.146495 0.966694
vt 0.146392 0.964958
vt 0.144336 0.971774
vt 0.465668 0.965402
vt 0.465619 0.964572
vt 0.460571 0.964590
vt 0.460555 0.966027
vt 0.465679 0.963740
vt 0.460424 0.963149
vt 0.465812 0.962914
vt 0.461048 0.961916
vt 0.466021 0.962110
vt 0.461766 0.960819
vt 0.461417 0.959896
vt 0.460137 0.961376
vt 0.466021 0.967134
vt 0.465804 0.966220
vt 0.460828 0.967353
vt 0.461608 0.968263
vt 0.460089 0.967767
vt 0.459074 0.968296
vt 0.460263 0.969958
vt 0.461231 0.969265
vt 0.459545 0.962966
vt 0.459368 0.964620
vt 0.459570 0.966319
vt 0.459061 0.960877
vt 0.458466 0.962796
vt 0.458353 0.964634
vt 0.458511 0.966477
vt 0.460320 0.959052
vt 0.341838 0.604628
vt 0.341811 0.587849
vt 0.340669 0.587851
vt 0.340600 0.604638
vt 0.339523 0.587852
vt 0.339405 0.604653
vt 0.345436 0.604647
vt 0.345261 0.587835
vt 0.344098 0.587843
vt 0.344272 0.604643
vt 0.344001 0.618646
vt 0.344213 0.608242
vt 0.343074 0.608481
vt 0.342935 0.618873
vt 0.342952 0.587847
vt 0.343076 0.604633
vt 0.341869 0.618984
vt 0.341847 0.608602
vt 0.340619 0.608486
vt 0.340802 0.618878
vt 0.338350 0.587846
vt 0.338240 0.604662
vt 0.339736 0.618655
vt 0.339479 0.608252
vt 0.338318 0.608158
vt 0.338563 0.618546
vt 0.345174 0.618532
vt 0.345374 0.608143
vt 0.343246 0.675054
vt 0.343294 0.656407
vt 0.341949 0.656480
vt 0.341989 0.675138
vt 0.341773 0.569946
vt 0.340633 0.569948
vt 0.339519 0.569951
vt 0.338395 0.569948
vt 0.345146 0.569932
vt 0.344014 0.569940
vt 0.342900 0.569942
vt 0.341724 0.552437
vt 0.340619 0.552437
vt 0.339526 0.552441
vt 0.338424 0.552439
vt 0.345037 0.552428
vt 0.343935 0.552435
vt 0.342843 0.552436
vt 0.341712 0.535211
vt 0.340602 0.535213
vt 0.339518 0.535219
vt 0.338434 0.535220
vt 0.344966 0.535209
vt 0.343882 0.535210
vt 0.342823 0.535211
vt 0.341688 0.517976
vt 0.340571 0.517981
vt 0.339479 0.517988
vt 0.338379 0.517992
vt 0.344998 0.517976
vt 0.343897 0.517974
vt 0.342806 0.517976
vt 0.341667 0.500512
vt 0.340519 0.500515
vt 0.339436 0.500519
vt 0.338318 0.500525
vt 0.345028 0.500511
vt 0.343911 0.500509
vt 0.342802 0.500512
vt 0.341617 0.482748
vt 0.340468 0.482749
vt 0.339346 0.482750
vt 0.338214 0.482756
vt 0.345062 0.482744
vt 0.343929 0.482745
vt 0.342781 0.482746
vt 0.341592 0.464823
vt 0.340455 0.464824
vt 0.339313 0.464826
vt 0.338161 0.464833
vt 0.344995 0.464821
vt 0.343843 0.464821
vt 0.342727 0.464821
vt 0.341522 0.446490
vt 0.340342 0.446573
vt 0.339170 0.446735
vt 0.338012 0.446820
vt 0.345057 0.446804
vt 0.343898 0.446724
vt 0.342726 0.446567
vt 0.746790 0.227867
vt 0.746810 0.246117
vt 0.747953 0.246119
vt 0.747989 0.227946
vt 0.749064 0.246120
vt 0.749156 0.228104
vt 0.750208 0.246121
vt 0.750287 0.228184
vt 0.743315 0.228184
vt 0.743404 0.246127
vt 0.744551 0.246123
vt 0.744469 0.228103
vt 0.745666 0.246120
vt 0.745592 0.227949
vt 0.746824 0.263959
vt 0.747977 0.263959
vt 0.749104 0.263959
vt 0.750230 0.263957
vt 0.743417 0.263964
vt 0.744543 0.263964
vt 0.745670 0.263962
vt 0.746842 0.281926
vt 0.748006 0.281926
vt 0.749144 0.281925
vt 0.750291 0.281920
vt 0.743392 0.281927
vt 0.744539 0.281930
vt 0.745677 0.281929
vt 0.746866 0.300119
vt 0.748034 0.300116
vt 0.749190 0.300114
vt 0.750354 0.300108
vt 0.743367 0.300119
vt 0.744541 0.300121
vt 0.745696 0.300119
vt 0.746886 0.318639
vt 0.748082 0.318635
vt 0.749278 0.318633
vt 0.750465 0.318631
vt 0.743315 0.318642
vt 0.744493 0.318640
vt 0.745689 0.318639
vt 0.746912 0.337255
vt 0.748113 0.337254
vt 0.749273 0.337253
vt 0.750443 0.337257
vt 0.743381 0.337265
vt 0.744551 0.337259
vt 0.745711 0.337256
vt 0.746931 0.355504
vt 0.748081 0.355504
vt 0.749214 0.355503
vt 0.750366 0.355504
vt 0.743499 0.355512
vt 0.744651 0.355507
vt 0.745784 0.355506
vt 0.746973 0.373899
vt 0.748157 0.373816
vt 0.749288 0.373662
vt 0.750428 0.373583
vt 0.743493 0.373594
vt 0.744632 0.373669
vt 0.745765 0.373821
vt 0.341940 0.652152
vt 0.341916 0.641039
vt 0.340754 0.641024
vt 0.340603 0.652224
vt 0.339550 0.640989
vt 0.339342 0.652367
vt 0.345805 0.652403
vt 0.345549 0.640935
vt 0.344283 0.640979
vt 0.344540 0.652356
vt 0.344518 0.674890
vt 0.344611 0.656274
vt 0.343078 0.641019
vt 0.343278 0.652218
vt 0.342999 0.627973
vt 0.342959 0.622162
vt 0.341876 0.622145
vt 0.341888 0.628048
vt 0.339669 0.627813
vt 0.339697 0.622233
vt 0.338527 0.622260
vt 0.338483 0.627721
vt 0.345293 0.627707
vt 0.345225 0.622246
vt 0.344055 0.622223
vt 0.344107 0.627803
vt 0.341909 0.637613
vt 0.341895 0.631208
vt 0.340798 0.631288
vt 0.340749 0.637456
vt 0.747363 0.045684
vt 0.747571 0.063654
vt 0.748723 0.063746
vt 0.748511 0.045771
vt 0.749878 0.063734
vt 0.749637 0.045760
vt 0.751017 0.063727
vt 0.750772 0.045749
vt 0.743954 0.045603
vt 0.744148 0.063563
vt 0.745289 0.063573
vt 0.745090 0.045609
vt 0.746420 0.063563
vt 0.746216 0.045596
vt 0.747742 0.081653
vt 0.748879 0.081744
vt 0.750004 0.081735
vt 0.751150 0.081747
vt 0.744312 0.081558
vt 0.745463 0.081568
vt 0.746592 0.081560
vt 0.747906 0.099523
vt 0.749062 0.099555
vt 0.750159 0.099547
vt 0.751290 0.099554
vt 0.744499 0.099514
vt 0.745628 0.099504
vt 0.746749 0.099492
vt 0.748201 0.117275
vt 0.749343 0.117365
vt 0.750464 0.117357
vt 0.751584 0.117349
vt 0.744817 0.117262
vt 0.745934 0.117255
vt 0.747054 0.117244
vt 0.748286 0.135113
vt 0.749430 0.135217
vt 0.750556 0.135223
vt 0.751702 0.135245
vt 0.744869 0.135040
vt 0.746012 0.135063
vt 0.747136 0.135067
vt 0.748153 0.153074
vt 0.749308 0.153194
vt 0.750446 0.153213
vt 0.751581 0.153233
vt 0.744723 0.152975
vt 0.745855 0.152997
vt 0.746991 0.153014
vt 0.747781 0.171255
vt 0.748952 0.171381
vt 0.750105 0.171406
vt 0.751278 0.171447
vt 0.744304 0.171062
vt 0.745474 0.171107
vt 0.746623 0.171130
vt 0.747498 0.189707
vt 0.748666 0.189836
vt 0.749847 0.189865
vt 0.751027 0.189909
vt 0.743935 0.189572
vt 0.745121 0.189606
vt 0.746310 0.189633
vt 0.746978 0.208928
vt 0.748218 0.208877
vt 0.749451 0.208742
vt 0.750641 0.208686
vt 0.743315 0.208493
vt 0.744507 0.208612
vt 0.745737 0.208812
vt 0.772927 0.354757
vt 0.772916 0.336258
vt 0.771764 0.336259
vt 0.771712 0.354676
vt 0.770627 0.336258
vt 0.770574 0.354521
vt 0.769468 0.336258
vt 0.769404 0.354441
vt 0.776449 0.354439
vt 0.776378 0.336256
vt 0.775219 0.336256
vt 0.775279 0.354520
vt 0.774081 0.336256
vt 0.774141 0.354676
vt 0.772931 0.317967
vt 0.771749 0.317970
vt 0.770568 0.317970
vt 0.769404 0.317973
vt 0.776454 0.317969
vt 0.775280 0.317968
vt 0.774099 0.317967
vt 0.772925 0.299565
vt 0.771731 0.299565
vt 0.770580 0.299566
vt 0.769418 0.299566
vt 0.776416 0.299561
vt 0.775255 0.299565
vt 0.774103 0.299566
vt 0.772905 0.281365
vt 0.771754 0.281364
vt 0.770616 0.281364
vt 0.769460 0.281362
vt 0.776354 0.281363
vt 0.775207 0.281366
vt 0.774069 0.281366
vt 0.772922 0.263416
vt 0.771762 0.263415
vt 0.770642 0.263414
vt 0.769512 0.263410
vt 0.776318 0.263415
vt 0.775189 0.263418
vt 0.774069 0.263418
vt 0.772916 0.245756
vt 0.771801 0.245753
vt 0.770706 0.245752
vt 0.769586 0.245752
vt 0.776259 0.245758
vt 0.775139 0.245757
vt 0.774044 0.245757
vt 0.772936 0.227867
vt 0.771784 0.227944
vt 0.770640 0.228098
vt 0.769510 0.228177
vt 0.776362 0.228182
vt 0.775232 0.228101
vt 0.774088 0.227945
vt 0.746777 0.009470
vt 0.747089 0.027830
vt 0.748231 0.027916
vt 0.747985 0.009531
vt 0.749352 0.027903
vt 0.749126 0.009672
vt 0.750492 0.027891
vt 0.750274 0.009735
vt 0.743315 0.009849
vt 0.743714 0.027766
vt 0.744850 0.027767
vt 0.744447 0.009748
vt 0.745963 0.027749
vt 0.745571 0.009572
vt 0.988994 0.041865
vt 0.990057 0.042376
vt 0.990017 0.040221
vt 0.989059 0.040877
vt 0.985684 0.448355
vt 0.984363 0.448890
vt 0.984123 0.450142
vt 0.985548 0.451231
vt 0.987263 0.041774
vt 0.986256 0.042452
vt 0.988195 0.043504
vt 0.988101 0.042313
vt 0.987314 0.040820
vt 0.986256 0.040179
vt 0.988189 0.040337
vt 0.988197 0.039191
vt 0.983657 0.449187
vt 0.983550 0.449764
vt 0.982966 0.450703
vt 0.982813 0.452127
vt 0.980423 0.450663
vt 0.981928 0.449869
vt 0.982095 0.448628
vt 0.980423 0.447345
vt 0.983608 0.446490
vt 0.983262 0.448149
vt 0.983175 0.448876
vt 0.982643 0.449050
vt 0.982582 0.449601
vt 0.983009 0.449948
vt 0.173136 0.968271
vt 0.173003 0.967439
vt 0.167990 0.967957
vt 0.168232 0.969288
vt 0.172968 0.966591
vt 0.167588 0.966563
vt 0.173010 0.965744
vt 0.167980 0.965144
vt 0.173137 0.964924
vt 0.168233 0.963752
vt 0.167415 0.963278
vt 0.166839 0.964878
vt 0.173345 0.964140
vt 0.169082 0.962821
vt 0.173345 0.969199
vt 0.168860 0.970294
vt 0.168737 0.961786
vt 0.167669 0.960993
vt 0.166469 0.962745
vt 0.166683 0.966574
vt 0.166890 0.968254
vt 0.167495 0.969765
vt 0.168568 0.971026
vt 0.165742 0.964545
vt 0.165434 0.966599
vt 0.165838 0.968631
vt 0.166675 0.970317
vt 0.167779 0.971670
vt 0.985174 0.416960
vt 0.986023 0.416389
vt 0.986021 0.415242
vt 0.984168 0.416311
vt 0.330168 0.977440
vt 0.330168 0.973968
vt 0.328587 0.974883
vt 0.328424 0.976165
vt 0.986101 0.418414
vt 0.985224 0.417926
vt 0.984168 0.418567
vt 0.986111 0.419564
vt 0.986956 0.417872
vt 0.987942 0.418516
vt 0.986867 0.416929
vt 0.987920 0.416299
vt 0.327928 0.975228
vt 0.327829 0.975794
vt 0.327477 0.972480
vt 0.327510 0.974121
vt 0.325054 0.973908
vt 0.325009 0.976447
vt 0.326228 0.975916
vt 0.326355 0.974640
vt 0.326935 0.978325
vt 0.327283 0.976697
vt 0.327483 0.974853
vt 0.326939 0.975062
vt 0.326903 0.975625
vt 0.327308 0.975990
vt 0.279421 0.949494
vt 0.274762 0.950510
vt 0.275494 0.951559
vt 0.279629 0.950275
vt 0.279629 0.945455
vt 0.275479 0.944173
vt 0.274657 0.945232
vt 0.279421 0.946245
vt 0.274153 0.946563
vt 0.279291 0.947065
vt 0.274022 0.947966
vt 0.279233 0.947884
vt 0.273085 0.946482
vt 0.273032 0.948118
vt 0.274061 0.949344
vt 0.279289 0.948696
vt 0.273264 0.949590
vt 0.272018 0.948111
vt 0.272249 0.949826
vt 0.275006 0.942999
vt 0.273635 0.944790
vt 0.273913 0.951075
vt 0.275192 0.952444
vt 0.272476 0.944338
vt 0.272068 0.946333
vt 0.272916 0.951601
vt 0.274180 0.953285
vt 0.273689 0.942173
vt 0.985138 0.850259
vt 0.984266 0.849802
vt 0.983287 0.850355
vt 0.985097 0.851484
vt 0.984866 0.742202
vt 0.984866 0.738736
vt 0.983296 0.739589
vt 0.983120 0.740847
vt 0.986103 0.848911
vt 0.986031 0.849895
vt 0.987099 0.850456
vt 0.987099 0.848234
vt 0.985250 0.848353
vt 0.985166 0.847158
vt 0.984334 0.848799
vt 0.983294 0.848273
vt 0.982594 0.739824
vt 0.982556 0.740409
vt 0.982307 0.737266
vt 0.982267 0.738800
vt 0.980036 0.738466
vt 0.979452 0.740964
vt 0.980922 0.740538
vt 0.981064 0.739259
vt 0.981521 0.743051
vt 0.981946 0.741323
vt 0.982117 0.739500
vt 0.981610 0.739744
vt 0.981590 0.740302
vt 0.982036 0.740619
vt 0.966980 0.045246
vt 0.961770 0.045921
vt 0.962160 0.047172
vt 0.967103 0.046080
vt 0.962848 0.048122
vt 0.967317 0.047005
vt 0.967317 0.041698
vt 0.962650 0.040605
vt 0.962034 0.041672
vt 0.967108 0.042664
vt 0.961859 0.043055
vt 0.966978 0.043528
vt 0.961235 0.041214
vt 0.960689 0.042840
vt 0.961663 0.044500
vt 0.966928 0.044388
vt 0.960601 0.044653
vt 0.959552 0.042526
vt 0.959332 0.044712
vt 0.961506 0.047693
vt 0.962638 0.048810
vt 0.960861 0.046294
vt 0.962309 0.039837
vt 0.961444 0.039191
vt 0.960336 0.040675
vt 0.959865 0.046699
vt 0.960731 0.048228
vt 0.961843 0.049538
vt 0.966245 0.983940
vt 0.965168 0.984557
vt 0.967062 0.985619
vt 0.967056 0.984474
vt 0.272123 0.977287
vt 0.273617 0.976220
vt 0.273421 0.974941
vt 0.272018 0.974304
vt 0.967031 0.982443
vt 0.967144 0.981262
vt 0.965168 0.982271
vt 0.966165 0.982968
vt 0.967939 0.982930
vt 0.968938 0.982393
vt 0.967865 0.983929
vt 0.968907 0.984532
vt 0.274161 0.975782
vt 0.274132 0.975208
vt 0.274518 0.974248
vt 0.274381 0.972224
vt 0.277183 0.973924
vt 0.275675 0.974787
vt 0.275834 0.976068
vt 0.277183 0.976872
vt 0.274867 0.978232
vt 0.274766 0.976829
vt 0.274659 0.976076
vt 0.275166 0.975767
vt 0.275083 0.975203
vt 0.274612 0.974928
vt 0.372267 0.967308
vt 0.372213 0.966466
vt 0.366743 0.966483
vt 0.367185 0.967843
vt 0.372269 0.965620
vt 0.367034 0.965110
vt 0.372397 0.964775
vt 0.367577 0.963825
vt 0.372599 0.963956
vt 0.368244 0.962701
vt 0.367846 0.961789
vt 0.366615 0.963301
vt 0.372599 0.968971
vt 0.372402 0.968148
vt 0.367473 0.969168
vt 0.368161 0.970219
vt 0.366741 0.969660
vt 0.365747 0.970214
vt 0.366978 0.971728
vt 0.367861 0.971011
vt 0.366040 0.964965
vt 0.365844 0.966527
vt 0.366105 0.968151
vt 0.365662 0.962720
vt 0.364885 0.964670
vt 0.364825 0.966566
vt 0.365052 0.968378
vt 0.366888 0.961075
vt 0.340615 0.754227
vt 0.340638 0.749762
vt 0.339500 0.749757
vt 0.339440 0.754188
vt 0.341794 0.754210
vt 0.341776 0.749767
vt 0.342951 0.754159
vt 0.342920 0.749762
vt 0.344098 0.754125
vt 0.344089 0.749759
vt 0.345243 0.754136
vt 0.345259 0.749774
vt 0.338340 0.749743
vt 0.338271 0.754132
vt 0.340647 0.745886
vt 0.339527 0.745890
vt 0.341767 0.745891
vt 0.342920 0.745877
vt 0.344132 0.745874
vt 0.345347 0.745918
vt 0.338360 0.745881
vt 0.340635 0.742457
vt 0.339526 0.742479
vt 0.341744 0.742466
vt 0.342922 0.742449
vt 0.344216 0.742447
vt 0.345516 0.742524
vt 0.338336 0.742484
vt 0.340599 0.739073
vt 0.339447 0.739091
vt 0.341745 0.739075
vt 0.342993 0.739095
vt 0.344334 0.739123
vt 0.345707 0.739148
vt 0.338185 0.739129
vt 0.340588 0.734991
vt 0.339357 0.735003
vt 0.341818 0.734989
vt 0.343061 0.735007
vt 0.344345 0.735024
vt 0.345633 0.735012
vt 0.338095 0.735032
vt 0.340564 0.729795
vt 0.339287 0.729803
vt 0.341839 0.729796
vt 0.343102 0.729800
vt 0.344360 0.729804
vt 0.345620 0.729805
vt 0.338012 0.729814
vt 0.340561 0.721668
vt 0.339290 0.721667
vt 0.341833 0.721670
vt 0.343103 0.721673
vt 0.344374 0.721676
vt 0.345644 0.721679
vt 0.338018 0.721666
vt 0.340578 0.712052
vt 0.339305 0.712050
vt 0.341850 0.712055
vt 0.343123 0.712057
vt 0.344396 0.712060
vt 0.345668 0.712064
vt 0.338032 0.712048
vt 0.340592 0.702380
vt 0.339318 0.702378
vt 0.341868 0.702382
vt 0.343145 0.702384
vt 0.344421 0.702387
vt 0.345696 0.702390
vt 0.338044 0.702376
vt 0.340611 0.694092
vt 0.339334 0.694077
vt 0.341886 0.694113
vt 0.343159 0.694122
vt 0.344432 0.694112
vt 0.345707 0.694095
vt 0.338057 0.694080
vt 0.800472 0.416076
vt 0.801648 0.416038
vt 0.801591 0.411606
vt 0.800453 0.411611
vt 0.799294 0.416058
vt 0.799316 0.411615
vt 0.798136 0.416006
vt 0.798171 0.411609
vt 0.796990 0.415971
vt 0.797002 0.411605
vt 0.795844 0.415981
vt 0.795832 0.411619
vt 0.802817 0.415983
vt 0.802751 0.411593
vt 0.801567 0.407740
vt 0.800447 0.407735
vt 0.799327 0.407739
vt 0.798174 0.407725
vt 0.796962 0.407721
vt 0.795747 0.407763
vt 0.802734 0.407731
vt 0.801571 0.404328
vt 0.800462 0.404306
vt 0.799353 0.404315
vt 0.798175 0.404296
vt 0.796881 0.404293
vt 0.795581 0.404369
vt 0.802761 0.404334
vt 0.801652 0.400941
vt 0.800500 0.400922
vt 0.799355 0.400923
vt 0.798106 0.400942
vt 0.796765 0.400969
vt 0.795393 0.400993
vt 0.802915 0.400980
vt 0.801745 0.396853
vt 0.800514 0.396840
vt 0.799284 0.396837
vt 0.798042 0.396854
vt 0.796757 0.396870
vt 0.795469 0.396857
vt 0.803008 0.396883
vt 0.801820 0.391653
vt 0.800543 0.391644
vt 0.799267 0.391644
vt 0.798005 0.391647
vt 0.796746 0.391650
vt 0.795486 0.391650
vt 0.803094 0.391664
vt 0.801823 0.383517
vt 0.800551 0.383517
vt 0.799280 0.383518
vt 0.798009 0.383520
vt 0.796739 0.383522
vt 0.795469 0.383524
vt 0.803094 0.383516
vt 0.801815 0.373900
vt 0.800542 0.373901
vt 0.799270 0.373903
vt 0.797997 0.373904
vt 0.796724 0.373906
vt 0.795452 0.373909
vt 0.803088 0.373899
vt 0.801810 0.364228
vt 0.800536 0.364229
vt 0.799260 0.364230
vt 0.797983 0.364231
vt 0.796706 0.364233
vt 0.795431 0.364235
vt 0.803084 0.364227
vt 0.801799 0.355927
vt 0.800522 0.355941
vt 0.799247 0.355961
vt 0.797975 0.355969
vt 0.796701 0.355958
vt 0.795427 0.355940
vt 0.803076 0.355931
vt 0.305480 0.705173
vt 0.305437 0.709719
vt 0.306609 0.709725
vt 0.306604 0.705146
vt 0.304358 0.705163
vt 0.304260 0.709685
vt 0.303236 0.705110
vt 0.303106 0.709636
vt 0.308892 0.705110
vt 0.308904 0.709712
vt 0.310042 0.709696
vt 0.310032 0.705138
vt 0.307739 0.705113
vt 0.307758 0.709720
vt 0.305349 0.713842
vt 0.306613 0.713840
vt 0.304080 0.713778
vt 0.302873 0.713685
vt 0.308989 0.713790
vt 0.310147 0.713749
vt 0.307817 0.713813
vt 0.305249 0.717582
vt 0.306650 0.717561
vt 0.303839 0.717503
vt 0.302548 0.717397
vt 0.309130 0.717502
vt 0.310329 0.717449
vt 0.307925 0.717521
vt 0.305183 0.721202
vt 0.306631 0.721212
vt 0.303734 0.721211
vt 0.302367 0.721228
vt 0.309231 0.721235
vt 0.310513 0.721228
vt 0.307982 0.721227
vt 0.305261 0.725522
vt 0.306578 0.725528
vt 0.303936 0.725564
vt 0.302651 0.725631
vt 0.309109 0.725572
vt 0.310356 0.725600
vt 0.307849 0.725552
vt 0.305310 0.730834
vt 0.306547 0.730831
vt 0.304070 0.730845
vt 0.302831 0.730865
vt 0.309042 0.730841
vt 0.310288 0.730849
vt 0.307788 0.730835
vt 0.305320 0.738946
vt 0.306560 0.738946
vt 0.304080 0.738946
vt 0.302842 0.738946
vt 0.309043 0.738945
vt 0.310285 0.738945
vt 0.307802 0.738946
vt 0.305318 0.748518
vt 0.306561 0.748518
vt 0.304074 0.748517
vt 0.302832 0.748515
vt 0.309048 0.748518
vt 0.310292 0.748517
vt 0.307805 0.748519
vt 0.305306 0.758129
vt 0.306557 0.758130
vt 0.304058 0.758129
vt 0.302813 0.758127
vt 0.309060 0.758131
vt 0.310307 0.758132
vt 0.307809 0.758132
vt 0.305314 0.766292
vt 0.306559 0.766254
vt 0.304064 0.766329
vt 0.302813 0.766329
vt 0.309044 0.766291
vt 0.310288 0.766331
vt 0.307799 0.766253
vt 0.113868 0.682919
vt 0.112745 0.682897
vt 0.112734 0.687430
vt 0.113912 0.687425
vt 0.114989 0.682899
vt 0.115092 0.687391
vt 0.116111 0.682840
vt 0.116247 0.687343
vt 0.110461 0.682840
vt 0.109321 0.682858
vt 0.109292 0.687392
vt 0.110431 0.687411
vt 0.111613 0.682856
vt 0.111579 0.687422
vt 0.112724 0.691548
vt 0.113994 0.691553
vt 0.115265 0.691492
vt 0.116472 0.691402
vt 0.109180 0.691455
vt 0.110340 0.691496
vt 0.111516 0.691520
vt 0.112684 0.695295
vt 0.114084 0.695318
vt 0.115493 0.695243
vt 0.116783 0.695143
vt 0.108998 0.695183
vt 0.110199 0.695235
vt 0.111407 0.695254
vt 0.112696 0.698977
vt 0.114140 0.698969
vt 0.115588 0.698982
vt 0.116954 0.699000
vt 0.108817 0.698990
vt 0.110099 0.698997
vt 0.111347 0.698990
vt 0.112742 0.703304
vt 0.114058 0.703298
vt 0.115381 0.703342
vt 0.116666 0.703411
vt 0.108968 0.703369
vt 0.110215 0.703343
vt 0.111473 0.703326
vt 0.112767 0.708602
vt 0.114004 0.708607
vt 0.115243 0.708619
vt 0.116480 0.708641
vt 0.109028 0.708615
vt 0.110273 0.708609
vt 0.111527 0.708604
vt 0.112744 0.716712
vt 0.113983 0.716714
vt 0.115222 0.716716
vt 0.116460 0.716717
vt 0.109021 0.716707
vt 0.110262 0.716709
vt 0.111502 0.716711
vt 0.112731 0.726280
vt 0.113974 0.726281
vt 0.115216 0.726281
vt 0.116458 0.726281
vt 0.109003 0.726274
vt 0.110245 0.726276
vt 0.111488 0.726279
vt 0.112724 0.735887
vt 0.113974 0.735887
vt 0.115221 0.735888
vt 0.116466 0.735888
vt 0.108976 0.735884
vt 0.110222 0.735885
vt 0.111472 0.735887
vt 0.112712 0.744006
vt 0.113956 0.744046
vt 0.115206 0.744085
vt 0.116456 0.744085
vt 0.108985 0.744079
vt 0.110228 0.744041
vt 0.111472 0.744004
vt 0.340604 0.656413
vt 0.340732 0.675060
vt 0.345844 0.674807
vt 0.345886 0.656208
vt 0.339460 0.674901
vt 0.339286 0.656285
vt 0.338012 0.656225
vt 0.338133 0.674824
vt 0.338283 0.640951
vt 0.338076 0.652420
vt 0.340778 0.627978
vt 0.340793 0.622166
vt 0.344202 0.637104
vt 0.344119 0.631461
vt 0.342993 0.631283
vt 0.343068 0.637451
vt 0.345429 0.636910
vt 0.345332 0.631541
vt 0.339614 0.637114
vt 0.339672 0.631471
vt 0.338460 0.631556
vt 0.338386 0.636925
s 1
f 10/1/1 22/2/2 20/3/3 8/4/4
f 3/5/5 14/6/6 17/7/7 5/8/8
f 23/9/9 35/10/10 25/11/11 13/12/12
f 18/13/13 30/14/14 27/15/15 15/16/16
f 4/17/17 15/16/16 16/18/18 2/19/19
f 8/4/4 20/3/3 18/13/13 6/20/20
f 6/20/20 18/13/13 15/16/16 4/21/17
f 11/22/21 23/9/9 13/12/12 1/23/22
f 9/24/23 21/25/24 23/9/9 11/22/21
f 7/26/25 19/27/26 21/25/24 9/24/23
f 2/19/19 16/18/18 24/28/27 12/29/28
f 1/23/22 13/12/12 14/30/6 3/31/5
f 5/32/8 17/33/7 19/27/26 7/26/25
f 12/34/28 24/35/27 22/36/2 10/37/1
f 35/10/10 47/38/29 37/39/30 25/11/11
f 30/14/14 42/40/31 39/41/32 27/15/15
f 13/12/12 25/11/11 26/42/33 14/30/6
f 22/2/2 34/43/34 32/44/35 20/3/3
f 17/33/7 29/45/36 31/46/37 19/27/26
f 16/18/18 28/47/38 36/48/39 24/28/27
f 15/16/16 27/15/15 28/47/38 16/18/18
f 21/25/24 33/49/40 35/10/10 23/9/9
f 20/3/3 32/44/35 30/14/14 18/13/13
f 14/6/6 26/50/33 29/51/36 17/7/7
f 24/35/27 36/52/39 34/53/34 22/36/2
f 19/27/26 31/46/37 33/49/40 21/25/24
f 39/54/32 42/55/31 44/56/41 46/57/42 48/58/43 40/59/44
f 37/60/30 47/61/29 45/62/45 43/63/46 41/64/47 38/65/48
f 25/11/11 37/39/30 38/66/48 26/42/33
f 34/43/34 46/67/42 44/68/41 32/44/35
f 29/45/36 41/69/47 43/70/46 31/46/37
f 28/47/38 40/71/44 48/72/43 36/48/39
f 27/15/15 39/41/32 40/71/44 28/47/38
f 33/49/40 45/73/45 47/38/29 35/10/10
f 32/44/35 44/68/41 42/40/31 30/14/14
f 26/50/33 38/65/48 41/64/47 29/51/36
f 36/52/39 48/58/43 46/57/42 34/53/34
f 31/46/37 43/70/46 45/73/45 33/49/40
f 49/74/49 51/75/50 52/76/50 50/77/49
f 51/75/50 53/78/51 54/79/51 52/76/50
f 53/78/51 55/80/52 56/81/52 54/79/51
f 55/80/52 57/82/53 58/83/53 56/81/52
f 58/83/54 65/84/54 64/85/54 56/81/54
f 57/82/53 59/86/55 60/87/55 58/83/53
f 59/88/55 49/74/49 50/77/49 60/89/55
f 66/90/56 72/91/56 71/92/57 65/84/57
f 54/79/54 63/93/54 61/94/54 52/76/54
f 60/87/54 66/90/54 65/84/54 58/83/54
f 52/76/54 61/94/54 62/95/54 50/77/54
f 56/81/54 64/85/54 63/93/54 54/79/54
f 50/77/54 62/95/54 66/96/54 60/89/54
f 64/85/58 70/97/58 69/98/59 63/93/59
f 61/94/60 67/99/60 68/100/61 62/95/61
f 62/95/61 68/100/61 72/101/56 66/96/56
f 65/84/57 71/92/57 70/97/58 64/85/58
f 63/93/59 69/98/59 67/99/60 61/94/60
f 73/102/62 75/103/63 76/104/63 74/105/62
f 75/103/63 77/106/64 78/107/64 76/104/63
f 77/106/64 79/108/65 80/109/65 78/107/64
f 79/108/65 81/110/66 82/111/66 80/109/65
f 82/111/67 89/112/67 88/113/67 80/109/67
f 81/110/66 83/114/68 84/115/68 82/111/66
f 83/116/68 73/102/62 74/105/62 84/117/68
f 90/118/69 96/119/69 95/120/70 89/112/70
f 78/107/67 87/121/67 85/122/67 76/104/67
f 84/115/67 90/118/67 89/112/67 82/111/67
f 76/104/67 85/122/67 86/123/67 74/105/67
f 80/109/67 88/113/67 87/121/67 78/107/67
f 74/105/67 86/123/67 90/124/67 84/117/67
f 88/113/71 94/125/71 93/126/72 87/121/72
f 85/122/73 91/127/73 92/128/74 86/123/74
f 86/123/74 92/128/74 96/129/69 90/124/69
f 89/112/70 95/120/70 94/125/71 88/113/71
f 87/121/72 93/126/72 91/127/73 85/122/73
f 106/130/75 104/131/76 116/132/77 118/133/78
f 99/134/79 101/135/80 113/136/81 110/137/82
f 119/138/83 109/139/84 121/140/85 131/141/86
f 114/142/87 111/143/88 123/144/89 126/145/90
f 100/146/91 98/147/92 112/148/93 111/149/88
f 104/131/76 102/150/94 114/151/87 116/132/77
f 102/150/94 100/146/91 111/149/88 114/151/87
f 107/152/95 97/153/96 109/154/84 119/155/83
f 105/156/97 107/152/95 119/155/83 117/157/98
f 103/158/99 105/156/97 117/157/98 115/159/100
f 98/147/92 108/160/101 120/161/102 112/148/93
f 97/153/96 99/134/79 110/137/82 109/154/84
f 101/135/80 103/158/99 115/159/100 113/136/81
f 108/160/101 106/130/75 118/133/78 120/161/102
f 131/141/86 121/140/85 133/162/103 143/163/104
f 126/145/90 123/144/89 135/164/105 138/165/106
f 109/139/84 110/166/82 122/167/107 121/140/85
f 118/168/78 116/169/77 128/170/108 130/171/109
f 113/172/81 115/173/100 127/174/110 125/175/111
f 112/176/93 120/177/102 132/178/112 124/179/113
f 111/143/88 112/176/93 124/179/113 123/144/89
f 117/180/98 119/138/83 131/141/86 129/181/114
f 116/169/77 114/142/87 126/145/90 128/170/108
f 110/166/82 113/172/81 125/175/111 122/167/107
f 120/177/102 118/168/78 130/171/109 132/178/112
f 115/173/100 117/180/98 129/181/114 127/174/110
f 135/164/105 136/182/115 144/183/116 142/184/117 140/185/118 138/165/106
f 133/162/103 134/186/119 137/187/120 139/188/121 141/189/122 143/163/104
f 121/140/85 122/167/107 134/186/119 133/162/103
f 130/171/109 128/170/108 140/185/118 142/184/117
f 125/175/111 127/174/110 139/188/121 137/187/120
f 124/179/113 132/178/112 144/183/116 136/182/115
f 123/144/89 124/179/113 136/182/115 135/164/105
f 129/181/114 131/141/86 143/163/104 141/189/122
f 128/170/108 126/145/90 138/165/106 140/185/118
f 122/167/107 125/175/111 137/187/120 134/186/119
f 132/178/112 130/171/109 142/184/117 144/183/116
f 127/174/110 129/181/114 141/189/122 139/188/121
f 145/190/123 146/191/123 148/192/124 147/193/124
f 147/193/124 148/192/124 150/194/125 149/195/125
f 149/195/125 150/194/125 152/196/126 151/197/126
f 151/197/126 152/196/126 154/198/127 153/199/127
f 154/198/128 152/196/128 160/200/128 161/201/128
f 153/199/127 154/198/127 156/202/129 155/203/129
f 155/203/129 156/202/129 146/191/123 145/190/123
f 162/204/130 161/201/131 167/205/131 168/206/130
f 150/194/128 148/192/128 157/207/128 159/208/128
f 156/202/128 154/198/128 161/201/128 162/204/128
f 148/192/128 146/191/128 158/209/128 157/207/128
f 152/196/128 150/194/128 159/208/128 160/200/128
f 146/191/128 156/202/128 162/204/128 158/209/128
f 160/200/132 159/208/133 165/210/133 166/211/132
f 157/207/134 158/209/135 164/212/135 163/213/134
f 158/209/135 162/204/130 168/206/130 164/212/135
f 161/201/131 160/200/132 166/211/132 167/205/131
f 159/208/133 157/207/134 163/213/134 165/210/133
f 169/214/136 170/215/136 172/216/137 171/217/137
f 171/218/137 172/219/137 174/220/138 173/221/138
f 173/221/138 174/220/138 176/222/139 175/223/139
f 175/223/139 176/222/139 178/224/140 177/225/140
f 178/224/141 176/222/141 184/226/141 185/227/141
f 177/225/140 178/224/140 180/228/142 179/229/142
f 179/229/142 180/228/142 170/215/136 169/214/136
f 186/230/143 185/227/144 191/231/144 192/232/143
f 174/220/141 172/219/141 181/233/141 183/234/141
f 180/228/141 178/224/141 185/227/141 186/230/141
f 172/216/141 170/215/141 182/235/141 181/236/141
f 176/222/141 174/220/141 183/234/141 184/226/141
f 170/215/141 180/228/141 186/230/141 182/235/141
f 184/226/58 183/234/145 189/237/145 190/238/58
f 181/236/146 182/235/61 188/239/61 187/240/146
f 182/235/61 186/230/143 192/232/143 188/239/61
f 185/227/144 184/226/58 190/238/58 191/231/144
f 183/234/145 181/233/146 187/241/146 189/237/145
f 202/242/147 200/243/148 212/244/149 214/245/150
f 195/246/151 197/247/152 209/248/153 206/249/154
f 215/250/155 205/251/156 217/252/157 227/253/158
f 210/254/159 207/255/160 219/256/161 222/257/162
f 196/258/163 194/259/164 208/260/165 207/261/160
f 200/243/148 198/262/166 210/263/159 212/244/149
f 198/262/166 196/258/163 207/261/160 210/263/159
f 203/264/167 193/265/168 205/266/156 215/267/155
f 201/268/169 203/264/167 215/267/155 213/269/170
f 199/270/171 201/268/169 213/269/170 211/271/172
f 194/259/164 204/272/173 216/273/174 208/260/165
f 193/265/168 195/246/151 206/249/154 205/266/156
f 197/247/152 199/270/171 211/271/172 209/248/153
f 204/272/173 202/242/147 214/245/150 216/273/174
f 227/253/158 217/252/157 229/274/175 239/275/176
f 222/257/162 219/256/161 231/276/177 234/277/178
f 205/251/156 206/278/154 218/279/179 217/252/157
f 214/280/150 212/281/149 224/282/180 226/283/181
f 209/284/153 211/285/172 223/286/182 221/287/183
f 208/288/165 216/289/174 228/290/184 220/291/185
f 207/255/160 208/288/165 220/291/185 219/256/161
f 213/292/170 215/250/155 227/253/158 225/293/186
f 212/281/149 210/254/159 222/257/162 224/282/180
f 206/278/154 209/284/153 221/287/183 218/279/179
f 216/289/174 214/280/150 226/283/181 228/290/184
f 211/285/172 213/292/170 225/293/186 223/286/182
f 231/276/177 232/294/187 240/295/188 238/296/189 236/297/190 234/277/178
f 229/274/175 230/298/191 233/299/192 235/300/193 237/301/194 239/275/176
f 217/252/157 218/279/179 230/298/191 229/274/175
f 226/283/181 224/282/180 236/297/190 238/296/189
f 221/287/183 223/286/182 235/300/193 233/299/192
f 220/291/185 228/290/184 240/295/188 232/294/187
f 219/256/161 220/291/185 232/294/187 231/276/177
f 225/293/186 227/253/158 239/275/176 237/301/194
f 224/282/180 222/257/162 234/277/178 236/297/190
f 218/279/179 221/287/183 233/299/192 230/298/191
f 228/290/184 226/283/181 238/296/189 240/295/188
f 223/286/182 225/293/186 237/301/194 235/300/193
f 241/302/195 242/303/195 244/304/196 243/305/196
f 243/305/196 244/304/196 246/306/197 245/307/197
f 245/307/197 246/306/197 248/308/198 247/309/198
f 247/309/198 248/308/198 250/310/199 249/311/199
f 250/310/200 248/308/200 256/312/200 257/313/200
f 249/311/199 250/310/199 252/314/201 251/315/201
f 251/315/201 252/314/201 242/303/195 241/302/195
f 258/316/202 257/313/203 263/317/203 264/318/202
f 246/306/200 244/304/200 253/319/200 255/320/200
f 252/314/200 250/310/200 257/313/200 258/316/200
f 244/304/200 242/303/200 254/321/200 253/319/200
f 248/308/200 246/306/200 255/320/200 256/312/200
f 242/303/200 252/314/200 258/316/200 254/321/200
f 256/312/204 255/320/205 261/322/205 262/323/204
f 253/319/206 254/321/207 260/324/207 259/325/206
f 254/321/207 258/316/202 264/318/202 260/324/207
f 257/313/203 256/312/204 262/323/204 263/317/203
f 255/320/205 253/319/206 259/325/206 261/322/205
f 265/326/208 266/327/208 268/328/209 267/329/209
f 267/329/209 268/328/209 270/330/210 269/331/210
f 269/332/210 270/333/210 272/334/211 271/335/211
f 271/335/211 272/334/211 274/336/212 273/337/212
f 274/336/213 272/334/213 280/338/213 281/339/213
f 273/337/212 274/336/212 276/340/214 275/341/214
f 275/341/214 276/340/214 266/327/208 265/326/208
f 282/342/215 281/339/216 287/343/216 288/344/215
f 270/330/213 268/328/213 277/345/213 279/346/213
f 276/340/213 274/336/213 281/339/213 282/342/213
f 268/328/213 266/327/213 278/347/213 277/345/213
f 272/334/213 270/333/213 279/348/213 280/338/213
f 266/327/213 276/340/213 282/342/213 278/347/213
f 280/338/217 279/348/218 285/349/218 286/350/217
f 277/345/219 278/347/220 284/351/220 283/352/219
f 278/347/220 282/342/215 288/344/215 284/351/220
f 281/339/216 280/338/217 286/350/217 287/343/216
f 279/346/218 277/345/219 283/352/219 285/353/218
f 97/153/96 107/152/95 105/156/97 103/158/99 101/135/80 99/134/79
f 193/265/168 203/264/167 201/268/169 199/270/171 197/247/152 195/246/151
f 292/354/221 290/355/222 300/356/223 298/357/224 296/358/225 294/359/226
f 4/360/17 2/361/19 12/34/28 10/37/1 8/362/4 6/363/20
f 298/364/224 310/365/227 308/366/228 296/367/225
f 1/368/22 3/5/5 5/8/8 7/369/25 9/370/23 11/371/21
f 289/372/229 291/373/230 293/374/231 295/375/232 297/376/233 299/377/234
f 291/378/230 302/379/235 305/380/236 293/381/231
f 311/382/237 323/383/238 313/384/239 301/385/240
f 306/386/241 318/387/242 315/388/243 303/389/244
f 292/390/221 303/391/244 304/392/245 290/393/222
f 296/367/225 308/366/228 306/394/241 294/395/226
f 294/359/226 306/386/241 303/389/244 292/354/221
f 299/377/234 311/382/237 301/385/240 289/372/229
f 297/376/233 309/396/246 311/382/237 299/377/234
f 295/375/232 307/397/247 309/396/246 297/376/233
f 290/393/222 304/392/245 312/398/248 300/399/223
f 289/400/229 301/401/240 302/379/235 291/378/230
f 293/381/231 305/380/236 307/402/247 295/403/232
f 300/399/223 312/398/248 310/365/227 298/364/224
f 323/383/238 335/404/249 325/405/250 313/384/239
f 318/387/242 330/406/251 327/407/252 315/388/243
f 301/401/240 313/408/239 314/409/253 302/379/235
f 310/365/227 322/410/254 320/411/255 308/366/228
f 305/380/236 317/412/256 319/413/257 307/402/247
f 304/392/245 316/414/258 324/415/259 312/398/248
f 303/391/244 315/416/243 316/414/258 304/392/245
f 309/396/246 321/417/260 323/383/238 311/382/237
f 308/366/228 320/411/255 318/418/242 306/394/241
f 302/379/235 314/409/253 317/412/256 305/380/236
f 312/398/248 324/415/259 322/410/254 310/365/227
f 307/397/247 319/419/257 321/417/260 309/396/246
f 327/407/252 330/406/251 332/420/261 334/421/262 336/422/263 328/423/264
f 325/405/250 335/404/249 333/424/265 331/425/266 329/426/267 326/427/268
f 313/408/239 325/428/250 326/429/268 314/409/253
f 322/410/254 334/430/262 332/431/261 320/411/255
f 317/412/256 329/432/267 331/433/266 319/413/257
f 316/414/258 328/434/264 336/435/263 324/415/259
f 315/416/243 327/436/252 328/434/264 316/414/258
f 321/417/260 333/424/265 335/404/249 323/383/238
f 320/411/255 332/431/261 330/437/251 318/418/242
f 314/409/253 326/429/268 329/432/267 317/412/256
f 324/415/259 336/435/263 334/430/262 322/410/254
f 319/419/257 331/425/266 333/424/265 321/417/260
f 337/438/269 339/439/270 340/440/270 338/441/269
f 339/439/270 341/442/271 342/443/271 340/440/270
f 341/442/271 343/444/272 344/445/272 342/443/271
f 343/444/272 345/446/273 346/447/273 344/445/272
f 346/447/274 353/448/274 352/449/274 344/445/274
f 345/450/273 347/451/275 348/452/275 346/453/273
f 347/451/275 337/438/269 338/441/269 348/452/275
f 354/454/276 360/455/276 359/456/277 353/457/277
f 342/443/274 351/458/274 349/459/274 340/440/274
f 348/452/274 354/454/274 353/457/274 346/453/274
f 340/440/274 349/459/274 350/460/274 338/441/274
f 344/445/274 352/449/274 351/458/274 342/443/274
f 338/441/274 350/460/274 354/454/274 348/452/274
f 352/449/217 358/461/217 357/462/278 351/458/278
f 349/459/279 355/463/279 356/464/220 350/460/220
f 350/460/220 356/464/220 360/455/276 354/454/276
f 353/448/277 359/465/277 358/461/217 352/449/217
f 351/458/278 357/462/278 355/463/279 349/459/279
f 361/466/280 363/467/281 364/468/281 362/469/280
f 363/467/281 365/470/282 366/471/282 364/468/281
f 365/470/282 367/472/283 368/473/283 366/471/282
f 367/472/283 369/474/284 370/475/284 368/473/283
f 370/475/285 377/476/285 376/477/285 368/473/285
f 369/478/284 371/479/286 372/480/286 370/481/284
f 371/479/286 361/466/280 362/469/280 372/480/286
f 378/482/287 384/483/287 383/484/288 377/485/288
f 366/471/285 375/486/285 373/487/285 364/468/285
f 372/480/285 378/482/285 377/485/285 370/481/285
f 364/468/285 373/487/285 374/488/285 362/469/285
f 368/473/285 376/477/285 375/486/285 366/471/285
f 362/469/285 374/488/285 378/482/285 372/480/285
f 376/477/289 382/489/289 381/490/290 375/486/290
f 373/487/291 379/491/291 380/492/292 374/488/292
f 374/488/292 380/492/292 384/483/287 378/482/287
f 377/476/288 383/493/288 382/489/289 376/477/289
f 375/486/290 381/490/290 379/491/291 373/487/291
f 1075/494/293 385/495/294 386/496/295 1078/497/296
f 1078/497/296 386/496/295 387/498/297 1079/499/298
f 1082/500/299 388/501/300 389/502/301 1084/503/302
f 1113/504/303 1083/505/304 1085/506/305 1117/507/306
f 1084/503/302 389/502/301 390/508/307 1086/509/308
f 1112/510/309 1076/511/310 1077/512/311 1115/513/312
f 1086/509/308 390/508/307 385/495/294 1075/494/293
f 1079/499/298 387/498/297 388/514/300 1082/515/299
f 1119/516/313 1080/517/314 1081/518/315 1121/519/316
f 1121/520/316 1081/521/315 1083/505/304 1113/504/303
f 492/522/317 1098/523/318 1088/524/319 487/525/320
f 1115/513/312 1077/512/311 1080/517/314 1119/516/313
f 385/495/294 391/526/292 392/527/321 386/496/295
f 386/496/295 392/527/321 393/528/322 387/498/297
f 387/498/297 393/528/322 394/529/289 388/514/300
f 388/501/300 394/530/289 395/531/323 389/502/301
f 389/502/301 395/531/323 396/532/324 390/508/307
f 390/508/307 396/532/324 391/526/292 385/495/294
f 391/526/292 397/533/220 398/534/325 392/527/321
f 392/527/321 398/534/325 399/535/326 393/528/322
f 393/528/322 399/535/326 400/536/217 394/529/289
f 394/530/289 400/537/217 401/538/327 395/531/323
f 395/531/323 401/538/327 402/539/328 396/532/324
f 396/532/324 402/539/328 397/533/220 391/526/292
f 397/533/220 403/540/207 404/541/329 398/534/325
f 398/534/325 404/541/329 405/542/330 399/535/326
f 399/535/326 405/542/330 406/543/204 400/536/217
f 400/537/217 406/544/204 407/545/331 401/538/327
f 401/538/327 407/545/331 408/546/332 402/539/328
f 402/539/328 408/546/332 403/540/207 397/533/220
f 403/540/207 409/547/333 410/548/334 404/541/329
f 404/541/329 410/548/334 411/549/335 405/542/330
f 405/542/330 411/549/335 412/550/336 406/543/204
f 406/544/204 412/551/336 413/552/337 407/545/331
f 407/545/331 413/552/337 414/553/338 408/546/332
f 408/546/332 414/553/338 409/547/333 403/540/207
f 409/547/333 415/554/135 416/555/339 410/548/334
f 410/548/334 416/555/339 417/556/340 411/549/335
f 411/549/335 417/556/340 418/557/132 412/550/336
f 412/551/336 418/558/132 419/559/341 413/552/337
f 413/552/337 419/559/341 420/560/342 414/553/338
f 414/553/338 420/560/342 415/554/135 409/547/333
f 415/554/135 421/561/61 422/562/343 416/555/339
f 416/555/339 422/562/343 423/563/344 417/556/340
f 417/556/340 423/563/344 424/564/58 418/557/132
f 418/558/132 424/565/58 425/566/345 419/559/341
f 419/559/341 425/566/345 426/567/346 420/560/342
f 420/560/342 426/567/346 421/561/61 415/554/135
f 421/561/61 427/568/74 428/569/347 422/562/343
f 422/562/343 428/569/347 429/570/348 423/563/344
f 423/563/344 429/570/348 430/571/71 424/564/58
f 424/565/58 430/572/71 431/573/349 425/566/345
f 425/566/345 431/573/349 432/574/350 426/567/346
f 426/567/346 432/574/350 427/568/74 421/561/61
f 427/568/74 433/575/351 434/576/352 428/569/347
f 428/569/347 434/576/352 435/577/353 429/570/348
f 429/570/348 435/577/353 436/578/354 430/571/71
f 430/572/71 436/579/354 437/580/355 431/573/349
f 431/573/349 437/580/355 438/581/356 432/574/350
f 432/574/350 438/581/356 433/575/351 427/568/74
f 439/582/357 445/583/289 446/584/358 440/585/359
f 440/585/359 446/584/358 447/586/360 441/587/361
f 441/587/361 447/586/360 448/588/292 442/589/362
f 442/590/362 448/591/292 449/592/363 443/593/364
f 443/593/364 449/592/363 450/594/365 444/595/366
f 444/595/366 450/594/365 445/583/289 439/582/357
f 445/583/289 451/596/217 452/597/367 446/584/358
f 446/584/358 452/597/367 453/598/368 447/586/360
f 447/586/360 453/598/368 454/599/220 448/588/292
f 448/591/292 454/600/220 455/601/369 449/592/363
f 449/592/363 455/601/369 456/602/370 450/594/365
f 450/594/365 456/602/370 451/596/217 445/583/289
f 451/596/217 457/603/204 458/604/371 452/597/367
f 452/597/367 458/604/371 459/605/372 453/598/368
f 453/598/368 459/605/372 460/606/207 454/599/220
f 454/600/220 460/607/207 461/608/373 455/601/369
f 455/601/369 461/608/373 462/609/374 456/602/370
f 456/602/370 462/609/374 457/603/204 451/596/217
f 457/603/204 463/610/336 464/611/375 458/604/371
f 458/604/371 464/611/375 465/612/376 459/605/372
f 459/605/372 465/612/376 466/613/333 460/606/207
f 460/607/207 466/614/333 467/615/377 461/608/373
f 461/608/373 467/615/377 468/616/378 462/609/374
f 462/609/374 468/616/378 463/610/336 457/603/204
f 463/610/336 469/617/132 470/618/379 464/611/375
f 464/611/375 470/618/379 471/619/380 465/612/376
f 465/612/376 471/619/380 472/620/135 466/613/333
f 466/614/333 472/621/135 473/622/381 467/615/377
f 467/615/377 473/622/381 474/623/382 468/616/378
f 468/616/378 474/623/382 469/617/132 463/610/336
f 469/617/132 475/624/58 476/625/383 470/618/379
f 470/618/379 476/625/383 477/626/384 471/619/380
f 471/619/380 477/626/384 478/627/61 472/620/135
f 472/621/135 478/628/61 479/629/385 473/622/381
f 473/622/381 479/629/385 480/630/386 474/623/382
f 474/623/382 480/630/386 475/624/58 469/617/132
f 475/624/58 481/631/71 482/632/387 476/625/383
f 476/625/383 482/632/387 483/633/388 477/626/384
f 477/626/384 483/633/388 484/634/74 478/627/61
f 478/628/61 484/635/74 485/636/389 479/629/385
f 479/629/385 485/636/389 486/637/390 480/630/386
f 480/630/386 486/637/390 481/631/71 475/624/58
f 481/631/71 487/638/320 488/639/391 482/632/387
f 482/632/387 488/639/391 489/640/392 483/633/388
f 483/633/388 489/640/392 490/641/393 484/634/74
f 484/635/74 490/642/393 491/643/394 485/636/389
f 485/636/389 491/643/394 492/644/317 486/637/390
f 486/637/390 492/644/317 487/638/320 481/631/71
f 1087/645/395 1103/646/396 1106/647/397 1090/648/398
f 1090/648/398 1106/647/397 1100/649/399 1091/650/400
f 1094/651/401 1102/652/402 1108/653/403 1096/654/404
f 491/655/394 1095/656/405 1098/523/318 492/522/317
f 1096/654/404 1108/653/403 1110/657/406 1097/658/407
f 1097/658/407 1110/657/406 1103/646/396 1087/645/395
f 1074/659/408 1118/660/409 1111/661/410 1063/662/411
f 1068/663/412 1120/664/413 1122/665/414 1070/666/415
f 1070/667/415 1122/668/414 1114/669/416 1071/670/417
f 1071/670/417 1114/669/416 1118/660/409 1074/659/408
f 1117/507/306 1085/506/305 1076/511/310 1112/510/309
f 1104/671/418 1064/672/419 1065/673/420 1105/674/421
f 493/675/422 499/676/423 500/677/424 494/678/425
f 494/678/425 500/677/424 501/679/426 495/680/427
f 495/680/427 501/679/426 502/681/428 496/682/429
f 496/683/429 502/684/428 503/685/430 497/686/431
f 497/686/431 503/685/430 504/687/432 498/688/433
f 498/688/433 504/687/432 499/676/423 493/675/422
f 499/676/423 505/689/294 506/690/434 500/677/424
f 500/677/424 506/690/434 507/691/435 501/679/426
f 501/679/426 507/691/435 508/692/300 502/681/428
f 502/684/428 508/693/300 509/694/436 503/685/430
f 503/685/430 509/694/436 510/695/437 504/687/432
f 504/687/432 510/695/437 505/689/294 499/676/423
f 505/689/294 511/696/292 512/697/321 506/690/434
f 506/690/434 512/697/321 513/698/322 507/691/435
f 507/691/435 513/698/322 514/699/289 508/692/300
f 508/693/300 514/700/289 515/701/323 509/694/436
f 509/694/436 515/701/323 516/702/324 510/695/437
f 510/695/437 516/702/324 511/696/292 505/689/294
f 511/696/292 517/703/220 518/704/325 512/697/321
f 512/697/321 518/704/325 519/705/326 513/698/322
f 513/698/322 519/705/326 520/706/217 514/699/289
f 514/700/289 520/707/217 521/708/327 515/701/323
f 515/701/323 521/708/327 522/709/328 516/702/324
f 516/702/324 522/709/328 517/703/220 511/696/292
f 517/703/220 523/710/207 524/711/329 518/704/325
f 518/704/325 524/711/329 525/712/330 519/705/326
f 519/705/326 525/712/330 526/713/204 520/706/217
f 520/707/217 526/714/204 527/715/331 521/708/327
f 521/708/327 527/715/331 528/716/332 522/709/328
f 522/709/328 528/716/332 523/710/207 517/703/220
f 523/710/207 529/717/333 530/718/438 524/711/329
f 524/711/329 530/718/438 531/719/335 525/712/330
f 525/712/330 531/719/335 532/720/336 526/713/204
f 526/714/204 532/721/336 533/722/337 527/715/331
f 527/715/331 533/722/337 534/723/439 528/716/332
f 528/716/332 534/723/439 529/717/333 523/710/207
f 529/717/333 535/724/135 536/725/339 530/718/438
f 530/718/438 536/725/339 537/726/340 531/719/335
f 531/719/335 537/726/340 538/727/132 532/720/336
f 532/721/336 538/728/132 539/729/341 533/722/337
f 533/722/337 539/729/341 540/730/342 534/723/439
f 534/723/439 540/730/342 535/724/135 529/717/333
f 535/724/135 541/731/61 542/732/343 536/725/339
f 536/725/339 542/732/343 543/733/344 537/726/340
f 537/726/340 543/733/344 544/734/58 538/727/132
f 538/728/132 544/735/58 545/736/345 539/729/341
f 539/729/341 545/736/345 546/737/346 540/730/342
f 540/730/342 546/737/346 541/731/61 535/724/135
f 541/731/61 547/738/440 548/739/441 542/732/343
f 542/732/343 548/739/441 549/740/442 543/733/344
f 543/733/344 549/740/442 550/741/443 544/734/58
f 544/735/58 550/742/443 551/743/444 545/736/345
f 545/736/345 551/743/444 552/744/445 546/737/346
f 546/737/346 552/744/445 547/738/440 541/731/61
f 553/745/446 559/746/217 560/747/447 554/748/448
f 554/748/448 560/747/447 561/749/368 555/750/449
f 555/750/449 561/749/368 562/751/220 556/752/450
f 556/753/450 562/754/220 563/755/369 557/756/451
f 557/756/451 563/755/369 564/757/452 558/758/453
f 558/758/453 564/757/452 559/746/217 553/745/446
f 559/746/217 565/759/204 566/760/371 560/747/447
f 560/747/447 566/760/371 567/761/372 561/749/368
f 561/749/368 567/761/372 568/762/207 562/751/220
f 562/754/220 568/763/207 569/764/373 563/755/369
f 563/755/369 569/764/373 570/765/374 564/757/452
f 564/757/452 570/765/374 565/759/204 559/746/217
f 565/759/204 571/766/336 572/767/375 566/760/371
f 566/760/371 572/767/375 573/768/376 567/761/372
f 567/761/372 573/768/376 574/769/333 568/762/207
f 568/763/207 574/770/333 575/771/377 569/764/373
f 569/764/373 575/771/377 576/772/378 570/765/374
f 570/765/374 576/772/378 571/766/336 565/759/204
f 571/766/336 577/773/132 578/774/379 572/767/375
f 572/767/375 578/774/379 579/775/380 573/768/376
f 573/768/376 579/775/380 580/776/135 574/769/333
f 574/770/333 580/777/135 581/778/381 575/771/377
f 575/771/377 581/778/381 582/779/382 576/772/378
f 576/772/378 582/779/382 577/773/132 571/766/336
f 577/773/132 583/780/58 584/781/383 578/774/379
f 578/774/379 584/781/383 585/782/384 579/775/380
f 579/775/380 585/782/384 586/783/61 580/776/135
f 580/777/135 586/784/61 587/785/385 581/778/381
f 581/778/381 587/785/385 588/786/386 582/779/382
f 582/779/382 588/786/386 583/780/58 577/773/132
f 583/780/58 589/787/71 590/788/387 584/781/383
f 584/781/383 590/788/387 591/789/388 585/782/384
f 585/782/384 591/789/388 592/790/74 586/783/61
f 586/784/61 592/791/74 593/792/389 587/785/385
f 587/785/385 593/792/389 594/793/390 588/786/386
f 588/786/386 594/793/390 589/787/71 583/780/58
f 589/787/71 595/794/454 596/795/455 590/788/387
f 590/788/387 596/795/455 597/796/456 591/789/388
f 591/789/388 597/796/456 598/797/457 592/790/74
f 592/791/74 598/798/457 599/799/458 593/792/389
f 593/792/389 599/799/458 600/800/459 594/793/390
f 594/793/390 600/800/459 595/794/454 589/787/71
f 595/801/454 601/802/460 602/803/461 596/804/455
f 596/804/455 602/803/461 603/805/462 597/806/456
f 597/806/456 603/805/462 604/807/463 598/808/457
f 598/809/457 604/810/463 605/811/464 599/812/458
f 599/812/458 605/811/464 606/813/465 600/814/459
f 600/814/459 606/813/465 601/802/460 595/801/454
f 601/802/460 493/675/422 494/678/425 602/803/461
f 602/803/461 494/678/425 495/680/427 603/805/462
f 603/805/462 495/680/427 496/682/429 604/807/463
f 604/810/463 496/683/429 497/686/431 605/811/464
f 605/811/464 497/686/431 498/688/433 606/813/465
f 606/813/465 498/688/433 493/675/422 601/802/460
f 608/815/466 614/816/467 615/817/468 609/818/469
f 618/819/470 624/820/471 619/821/472 613/822/473
f 612/823/474 618/824/470 613/825/473 607/826/475
f 611/827/476 617/828/477 618/824/470 612/823/474
f 610/829/478 616/830/479 617/828/477 611/827/476
f 607/826/475 613/825/473 614/816/467 608/815/466
f 609/818/469 615/817/468 616/830/479 610/829/478
f 624/820/471 630/831/480 625/832/481 619/821/472
f 613/822/473 619/821/472 620/833/482 614/834/467
f 615/835/468 621/836/483 622/837/484 616/838/479
f 617/839/477 623/840/485 624/820/471 618/819/470
f 614/834/467 620/833/482 621/836/483 615/835/468
f 616/838/479 622/837/484 623/840/485 617/839/477
f 625/832/481 630/831/480 629/841/486 628/842/487 627/843/488 626/844/489
f 619/821/472 625/832/481 626/844/489 620/833/482
f 621/836/483 627/843/488 628/842/487 622/837/484
f 623/840/485 629/841/486 630/831/480 624/820/471
f 620/833/482 626/844/489 627/843/488 621/836/483
f 622/837/484 628/842/487 629/841/486 623/840/485
f 631/845/490 633/846/491 634/847/491 632/848/490
f 633/846/491 635/849/492 636/850/492 634/847/491
f 635/849/492 637/851/493 638/852/493 636/850/492
f 637/851/493 639/853/494 640/854/494 638/852/493
f 640/854/495 647/855/495 646/856/495 638/852/495
f 639/853/494 641/857/496 642/858/496 640/854/494
f 641/859/496 631/845/490 632/848/490 642/860/496
f 648/861/145 654/862/145 653/863/497 647/855/146
f 636/850/495 645/864/495 643/865/495 634/847/495
f 642/858/495 648/861/495 647/855/495 640/854/495
f 634/847/495 643/865/495 644/866/495 632/848/495
f 638/852/495 646/856/495 645/864/495 636/850/495
f 632/848/495 644/866/495 648/867/495 642/860/495
f 646/856/61 652/868/61 651/869/143 645/864/143
f 643/865/498 649/870/144 650/871/58 644/866/58
f 644/866/58 650/871/58 654/872/145 648/867/145
f 647/855/146 653/863/497 652/868/61 646/856/61
f 645/864/143 651/869/143 649/870/144 643/865/498
f 656/873/499 657/874/500 663/875/501 662/876/502
f 666/877/503 661/878/504 667/879/505 672/880/506
f 660/881/507 655/882/508 661/883/504 666/884/503
f 659/885/509 660/881/507 666/884/503 665/886/510
f 658/887/511 659/885/509 665/886/510 664/888/512
f 655/882/508 656/873/499 662/876/502 661/883/504
f 657/874/500 658/887/511 664/888/512 663/875/501
f 672/880/506 667/879/505 673/889/513 678/890/514
f 661/878/504 662/891/502 668/892/515 667/879/505
f 663/893/501 664/894/512 670/895/516 669/896/517
f 665/897/510 666/877/503 672/880/506 671/898/518
f 662/891/502 663/893/501 669/896/517 668/892/515
f 664/894/512 665/897/510 671/898/518 670/895/516
f 673/889/513 674/899/519 675/900/520 676/901/521 677/902/522 678/890/514
f 667/879/505 668/892/515 674/899/519 673/889/513
f 669/896/517 670/895/516 676/901/521 675/900/520
f 671/898/518 672/880/506 678/890/514 677/902/522
f 668/892/515 669/896/517 675/900/520 674/899/519
f 670/895/516 671/898/518 677/902/522 676/901/521
f 679/903/523 680/904/523 682/905/524 681/906/524
f 681/907/524 682/908/524 684/909/525 683/910/525
f 683/910/525 684/909/525 686/911/526 685/912/526
f 685/912/526 686/911/526 688/913/527 687/914/527
f 688/913/528 686/911/528 694/915/528 695/916/528
f 687/914/527 688/913/527 690/917/529 689/918/529
f 689/918/529 690/917/529 680/904/523 679/903/523
f 696/919/530 695/916/531 701/920/531 702/921/530
f 684/909/528 682/908/528 691/922/528 693/923/528
f 690/917/528 688/913/528 695/916/528 696/919/528
f 682/905/528 680/904/528 692/924/528 691/925/528
f 686/911/528 684/909/528 693/923/528 694/915/528
f 680/904/528 690/917/528 696/919/528 692/924/528
f 694/915/532 693/923/533 699/926/533 700/927/532
f 691/925/534 692/924/535 698/928/535 697/929/534
f 692/924/535 696/919/530 702/921/530 698/928/535
f 695/916/531 694/915/532 700/927/532 701/920/531
f 693/923/533 691/922/534 697/930/534 699/926/533
f 704/931/536 705/932/537 711/933/538 710/934/539
f 714/935/540 709/936/541 715/937/542 720/938/543
f 708/939/544 703/940/545 709/941/541 714/942/540
f 707/943/546 708/939/544 714/942/540 713/944/547
f 706/945/548 707/943/546 713/944/547 712/946/549
f 703/940/545 704/931/536 710/934/539 709/941/541
f 705/932/537 706/945/548 712/946/549 711/933/538
f 720/938/543 715/937/542 721/947/550 726/948/551
f 709/936/541 710/949/539 716/950/552 715/937/542
f 711/951/538 712/952/549 718/953/553 717/954/554
f 713/955/547 714/935/540 720/938/543 719/956/555
f 710/949/539 711/951/538 717/954/554 716/950/552
f 712/952/549 713/955/547 719/956/555 718/953/553
f 721/947/550 722/957/556 723/958/557 724/959/558 725/960/559 726/948/551
f 715/937/542 716/950/552 722/957/556 721/947/550
f 717/954/554 718/953/553 724/959/558 723/958/557
f 719/956/555 720/938/543 726/948/551 725/960/559
f 716/950/552 717/954/554 723/958/557 722/957/556
f 718/953/553 719/956/555 725/960/559 724/959/558
f 727/961/560 728/962/560 730/963/561 729/964/561
f 729/964/561 730/963/561 732/965/562 731/966/562
f 731/967/562 732/968/562 734/969/563 733/970/563
f 733/970/563 734/969/563 736/971/564 735/972/564
f 736/971/565 734/969/565 742/973/565 743/974/565
f 735/972/564 736/971/564 738/975/566 737/976/566
f 737/976/566 738/975/566 728/962/560 727/961/560
f 744/977/567 743/974/568 749/978/568 750/979/567
f 732/965/565 730/963/565 739/980/565 741/981/565
f 738/975/565 736/971/565 743/974/565 744/977/565
f 730/963/565 728/962/565 740/982/565 739/980/565
f 734/969/565 732/968/565 741/983/565 742/973/565
f 728/962/565 738/975/565 744/977/565 740/982/565
f 742/973/569 741/983/570 747/984/570 748/985/569
f 739/980/571 740/982/572 746/986/572 745/987/571
f 740/982/572 744/977/567 750/979/567 746/986/572
f 743/974/568 742/973/569 748/985/569 749/978/568
f 741/981/570 739/980/571 745/987/571 747/988/570
f 752/989/573 758/990/574 759/991/575 753/992/576
f 762/993/577 768/994/578 763/995/579 757/996/580
f 756/997/581 762/998/577 757/999/580 751/1000/582
f 755/1001/583 761/1002/584 762/998/577 756/997/581
f 754/1003/585 760/1004/586 761/1002/584 755/1001/583
f 751/1000/582 757/999/580 758/990/574 752/989/573
f 753/992/576 759/991/575 760/1004/586 754/1003/585
f 768/994/578 774/1005/587 769/1006/588 763/995/579
f 757/996/580 763/995/579 764/1007/589 758/1008/574
f 759/1009/575 765/1010/590 766/1011/591 760/1012/586
f 761/1013/584 767/1014/592 768/994/578 762/993/577
f 758/1008/574 764/1007/589 765/1010/590 759/1009/575
f 760/1012/586 766/1011/591 767/1014/592 761/1013/584
f 769/1006/588 774/1005/587 773/1015/593 772/1016/594 771/1017/595 770/1018/596
f 763/995/579 769/1006/588 770/1018/596 764/1007/589
f 765/1010/590 771/1017/595 772/1016/594 766/1011/591
f 767/1014/592 773/1015/593 774/1005/587 768/994/578
f 764/1007/589 770/1018/596 771/1017/595 765/1010/590
f 766/1011/591 772/1016/594 773/1015/593 767/1014/592
f 655/882/508 660/881/507 659/885/509 658/887/511 657/874/500 656/873/499
f 703/940/545 708/939/544 707/943/546 706/945/548 705/932/537 704/931/536
f 607/826/475 608/815/466 609/818/469 610/829/478 611/827/476 612/823/474
f 751/1000/582 752/989/573 753/992/576 754/1003/585 755/1001/583 756/997/581
f 775/1019/597 777/1020/598 778/1021/598 776/1022/597
f 777/1020/598 779/1023/599 780/1024/599 778/1021/598
f 779/1023/599 781/1025/600 782/1026/600 780/1024/599
f 781/1025/600 783/1027/601 784/1028/601 782/1026/600
f 784/1028/602 791/1029/602 790/1030/602 782/1026/602
f 783/1031/601 785/1032/603 786/1033/603 784/1034/601
f 785/1032/603 775/1019/597 776/1022/597 786/1033/603
f 792/1035/218 798/1036/218 797/1037/219 791/1038/219
f 780/1024/602 789/1039/602 787/1040/602 778/1021/602
f 786/1033/602 792/1035/602 791/1038/602 784/1034/602
f 778/1021/602 787/1040/602 788/1041/602 776/1022/602
f 782/1026/602 790/1030/602 789/1039/602 780/1024/602
f 776/1022/602 788/1041/602 792/1035/602 786/1033/602
f 790/1030/220 796/1042/220 795/1043/604 789/1039/215
f 787/1040/216 793/1044/216 794/1045/217 788/1041/217
f 788/1041/217 794/1045/217 798/1036/218 792/1035/218
f 791/1029/219 797/1046/219 796/1042/220 790/1030/220
f 789/1039/215 795/1043/604 793/1044/216 787/1040/216
f 196/258/163 198/262/166 200/243/148 202/242/147 204/272/173 194/259/164
f 100/146/91 102/150/94 104/131/76 106/130/75 108/160/101 98/147/92
f 799/1047/605 805/1048/606 810/1049/607 804/1050/608
f 800/1051/609 806/1052/610 805/1048/606 799/1047/605
f 801/1053/611 807/1054/612 806/1052/610 800/1051/609
f 802/1055/613 808/1056/614 807/1054/612 801/1053/611
f 803/1057/615 809/1058/616 808/1056/614 802/1055/613
f 804/1050/608 810/1049/607 809/1059/616 803/1060/615
f 805/1048/606 811/1061/617 816/1062/618 810/1049/607
f 806/1052/610 812/1063/619 811/1061/617 805/1048/606
f 807/1054/612 813/1064/620 812/1063/619 806/1052/610
f 808/1056/614 814/1065/621 813/1064/620 807/1054/612
f 809/1058/616 815/1066/622 814/1065/621 808/1056/614
f 810/1049/607 816/1062/618 815/1067/622 809/1059/616
f 811/1061/617 817/1068/623 822/1069/624 816/1062/618
f 812/1063/619 818/1070/625 817/1068/623 811/1061/617
f 813/1064/620 819/1071/626 818/1070/625 812/1063/619
f 814/1065/621 820/1072/627 819/1071/626 813/1064/620
f 815/1066/622 821/1073/628 820/1072/627 814/1065/621
f 816/1062/618 822/1069/624 821/1074/628 815/1067/622
f 817/1068/623 823/1075/629 828/1076/630 822/1069/624
f 818/1070/625 824/1077/631 823/1075/629 817/1068/623
f 819/1071/626 825/1078/632 824/1077/631 818/1070/625
f 820/1072/627 826/1079/633 825/1078/632 819/1071/626
f 821/1073/628 827/1080/634 826/1079/633 820/1072/627
f 822/1069/624 828/1076/630 827/1081/634 821/1074/628
f 823/1075/629 829/1082/635 834/1083/636 828/1076/630
f 824/1077/631 830/1084/637 829/1082/635 823/1075/629
f 825/1078/632 831/1085/638 830/1084/637 824/1077/631
f 826/1079/633 832/1086/639 831/1085/638 825/1078/632
f 827/1080/634 833/1087/640 832/1086/639 826/1079/633
f 828/1076/630 834/1083/636 833/1088/640 827/1081/634
f 829/1082/635 835/1089/641 840/1090/642 834/1083/636
f 830/1084/637 836/1091/643 835/1089/641 829/1082/635
f 831/1085/638 837/1092/644 836/1091/643 830/1084/637
f 832/1086/639 838/1093/645 837/1092/644 831/1085/638
f 833/1087/640 839/1094/646 838/1093/645 832/1086/639
f 834/1083/636 840/1090/642 839/1095/646 833/1088/640
f 835/1089/641 841/1096/647 846/1097/648 840/1090/642
f 836/1091/643 842/1098/649 841/1096/647 835/1089/641
f 837/1092/644 843/1099/650 842/1098/649 836/1091/643
f 838/1093/645 844/1100/651 843/1099/650 837/1092/644
f 839/1094/646 845/1101/652 844/1100/651 838/1093/645
f 840/1090/642 846/1097/648 845/1102/652 839/1095/646
f 841/1096/647 847/1103/653 852/1104/654 846/1097/648
f 842/1098/649 848/1105/655 847/1103/653 841/1096/647
f 843/1099/650 849/1106/656 848/1105/655 842/1098/649
f 844/1100/651 850/1107/657 849/1106/656 843/1099/650
f 845/1101/652 851/1108/658 850/1107/657 844/1100/651
f 846/1097/648 852/1104/654 851/1109/658 845/1102/652
f 847/1103/653 853/1110/659 858/1111/660 852/1104/654
f 848/1105/655 854/1112/661 853/1110/659 847/1103/653
f 849/1106/656 855/1113/662 854/1112/661 848/1105/655
f 850/1107/657 856/1114/663 855/1113/662 849/1106/656
f 851/1108/658 857/1115/664 856/1114/663 850/1107/657
f 852/1104/654 858/1111/660 857/1116/664 851/1109/658
f 853/1110/659 859/1117/665 864/1118/666 858/1111/660
f 854/1112/661 860/1119/667 859/1117/665 853/1110/659
f 855/1113/662 861/1120/668 860/1119/667 854/1112/661
f 856/1114/663 862/1121/669 861/1120/668 855/1113/662
f 857/1115/664 863/1122/670 862/1121/669 856/1114/663
f 858/1111/660 864/1118/666 863/1123/670 857/1116/664
f 865/1124/671 870/1125/672 876/1126/673 871/1127/674
f 866/1128/675 865/1124/671 871/1127/674 872/1129/676
f 867/1130/677 866/1128/675 872/1129/676 873/1131/678
f 868/1132/679 867/1130/677 873/1131/678 874/1133/680
f 869/1134/681 868/1132/679 874/1133/680 875/1135/682
f 870/1125/672 869/1136/681 875/1137/682 876/1126/673
f 871/1127/674 876/1126/673 882/1138/683 877/1139/684
f 872/1129/676 871/1127/674 877/1139/684 878/1140/685
f 873/1131/678 872/1129/676 878/1140/685 879/1141/686
f 874/1133/680 873/1131/678 879/1141/686 880/1142/687
f 875/1135/682 874/1133/680 880/1142/687 881/1143/688
f 876/1126/673 875/1137/682 881/1144/688 882/1138/683
f 877/1139/684 882/1138/683 888/1145/689 883/1146/690
f 878/1140/685 877/1139/684 883/1146/690 884/1147/691
f 879/1141/686 878/1140/685 884/1147/691 885/1148/692
f 880/1142/687 879/1141/686 885/1148/692 886/1149/693
f 881/1143/688 880/1142/687 886/1149/693 887/1150/694
f 882/1138/683 881/1144/688 887/1151/694 888/1145/689
f 883/1146/690 888/1145/689 894/1152/695 889/1153/696
f 884/1147/691 883/1146/690 889/1153/696 890/1154/697
f 885/1148/692 884/1147/691 890/1154/697 891/1155/698
f 886/1149/693 885/1148/692 891/1155/698 892/1156/699
f 887/1150/694 886/1149/693 892/1156/699 893/1157/700
f 888/1145/689 887/1151/694 893/1158/700 894/1152/695
f 889/1153/696 894/1152/695 900/1159/701 895/1160/702
f 890/1154/697 889/1153/696 895/1160/702 896/1161/703
f 891/1155/698 890/1154/697 896/1161/703 897/1162/704
f 892/1156/699 891/1155/698 897/1162/704 898/1163/705
f 893/1157/700 892/1156/699 898/1163/705 899/1164/706
f 894/1152/695 893/1158/700 899/1165/706 900/1159/701
f 895/1160/702 900/1159/701 906/1166/707 901/1167/708
f 896/1161/703 895/1160/702 901/1167/708 902/1168/709
f 897/1162/704 896/1161/703 902/1168/709 903/1169/710
f 898/1163/705 897/1162/704 903/1169/710 904/1170/711
f 899/1164/706 898/1163/705 904/1170/711 905/1171/712
f 900/1159/701 899/1165/706 905/1172/712 906/1166/707
f 901/1167/708 906/1166/707 912/1173/713 907/1174/714
f 902/1168/709 901/1167/708 907/1174/714 908/1175/715
f 903/1169/710 902/1168/709 908/1175/715 909/1176/716
f 904/1170/711 903/1169/710 909/1176/716 910/1177/717
f 905/1171/712 904/1170/711 910/1177/717 911/1178/718
f 906/1166/707 905/1172/712 911/1179/718 912/1173/713
f 907/1174/714 912/1173/713 918/1180/719 913/1181/720
f 908/1175/715 907/1174/714 913/1181/720 914/1182/721
f 909/1176/716 908/1175/715 914/1182/721 915/1183/722
f 910/1177/717 909/1176/716 915/1183/722 916/1184/723
f 911/1178/718 910/1177/717 916/1184/723 917/1185/724
f 912/1173/713 911/1179/718 917/1186/724 918/1180/719
f 913/1181/720 918/1180/719 924/1187/725 919/1188/726
f 914/1182/721 913/1181/720 919/1188/726 920/1189/727
f 915/1183/722 914/1182/721 920/1189/727 921/1190/728
f 916/1184/723 915/1183/722 921/1190/728 922/1191/729
f 917/1185/724 916/1184/723 922/1191/729 923/1192/730
f 918/1180/719 917/1186/724 923/1193/730 924/1187/725
f 919/1188/726 924/1187/725 930/1194/731 925/1195/732
f 920/1189/727 919/1188/726 925/1195/732 926/1196/733
f 921/1190/728 920/1189/727 926/1196/733 927/1197/734
f 922/1191/729 921/1190/728 927/1197/734 928/1198/735
f 923/1192/730 922/1191/729 928/1198/735 929/1199/736
f 924/1187/725 923/1193/730 929/1200/736 930/1194/731
f 931/1201/737 937/1202/738 942/1203/739 936/1204/740
f 932/1205/741 938/1206/742 937/1202/738 931/1201/737
f 933/1207/743 939/1208/744 938/1206/742 932/1205/741
f 934/1209/745 940/1210/746 939/1211/744 933/1212/743
f 935/1213/747 941/1214/748 940/1210/746 934/1209/745
f 936/1204/740 942/1203/739 941/1214/748 935/1213/747
f 937/1202/738 943/1215/749 948/1216/750 942/1203/739
f 938/1206/742 944/1217/751 943/1215/749 937/1202/738
f 939/1208/744 945/1218/752 944/1217/751 938/1206/742
f 940/1210/746 946/1219/753 945/1220/752 939/1211/744
f 941/1214/748 947/1221/754 946/1219/753 940/1210/746
f 942/1203/739 948/1216/750 947/1221/754 941/1214/748
f 943/1215/749 949/1222/755 954/1223/756 948/1216/750
f 944/1217/751 950/1224/757 949/1222/755 943/1215/749
f 945/1218/752 951/1225/758 950/1224/757 944/1217/751
f 946/1219/753 952/1226/759 951/1227/758 945/1220/752
f 947/1221/754 953/1228/760 952/1226/759 946/1219/753
f 948/1216/750 954/1223/756 953/1228/760 947/1221/754
f 949/1222/755 955/1229/761 960/1230/762 954/1223/756
f 950/1224/757 956/1231/763 955/1229/761 949/1222/755
f 951/1225/758 957/1232/764 956/1231/763 950/1224/757
f 952/1226/759 958/1233/765 957/1234/764 951/1227/758
f 953/1228/760 959/1235/766 958/1233/765 952/1226/759
f 954/1223/756 960/1230/762 959/1235/766 953/1228/760
f 955/1229/761 961/1236/767 966/1237/768 960/1230/762
f 956/1231/763 962/1238/769 961/1236/767 955/1229/761
f 957/1232/764 963/1239/770 962/1238/769 956/1231/763
f 958/1233/765 964/1240/771 963/1241/770 957/1234/764
f 959/1235/766 965/1242/772 964/1240/771 958/1233/765
f 960/1230/762 966/1237/768 965/1242/772 959/1235/766
f 961/1236/767 967/1243/773 972/1244/774 966/1237/768
f 962/1238/769 968/1245/775 967/1243/773 961/1236/767
f 963/1239/770 969/1246/776 968/1245/775 962/1238/769
f 964/1240/771 970/1247/777 969/1248/776 963/1241/770
f 965/1242/772 971/1249/778 970/1247/777 964/1240/771
f 966/1237/768 972/1244/774 971/1249/778 965/1242/772
f 967/1243/773 973/1250/779 978/1251/780 972/1244/774
f 968/1245/775 974/1252/781 973/1250/779 967/1243/773
f 969/1246/776 975/1253/782 974/1252/781 968/1245/775
f 970/1247/777 976/1254/783 975/1255/782 969/1248/776
f 971/1249/778 977/1256/784 976/1254/783 970/1247/777
f 972/1244/774 978/1251/780 977/1256/784 971/1249/778
f 973/1250/779 979/1257/785 984/1258/786 978/1251/780
f 974/1252/781 980/1259/787 979/1257/785 973/1250/779
f 975/1253/782 981/1260/788 980/1259/787 974/1252/781
f 976/1254/783 982/1261/789 981/1262/788 975/1255/782
f 977/1256/784 983/1263/790 982/1261/789 976/1254/783
f 978/1251/780 984/1258/786 983/1263/790 977/1256/784
f 979/1257/785 985/1264/791 990/1265/792 984/1258/786
f 980/1259/787 986/1266/793 985/1264/791 979/1257/785
f 981/1260/788 987/1267/794 986/1266/793 980/1259/787
f 982/1261/789 988/1268/795 987/1269/794 981/1262/788
f 983/1263/790 989/1270/796 988/1268/795 982/1261/789
f 984/1258/786 990/1265/792 989/1270/796 983/1263/790
f 985/1264/791 991/1271/797 996/1272/798 990/1265/792
f 986/1266/793 992/1273/799 991/1271/797 985/1264/791
f 987/1267/794 993/1274/800 992/1273/799 986/1266/793
f 988/1268/795 994/1275/801 993/1276/800 987/1269/794
f 989/1270/796 995/1277/802 994/1275/801 988/1268/795
f 990/1265/792 996/1272/798 995/1277/802 989/1270/796
f 997/1278/803 1002/1279/804 1008/1280/805 1003/1281/806
f 998/1282/807 997/1278/803 1003/1281/806 1004/1283/808
f 999/1284/809 998/1282/807 1004/1283/808 1005/1285/810
f 1000/1286/811 999/1287/809 1005/1288/810 1006/1289/812
f 1001/1290/813 1000/1286/811 1006/1289/812 1007/1291/814
f 1002/1279/804 1001/1290/813 1007/1291/814 1008/1280/805
f 1003/1281/806 1008/1280/805 1014/1292/815 1009/1293/816
f 1004/1283/808 1003/1281/806 1009/1293/816 1010/1294/817
f 1005/1285/810 1004/1283/808 1010/1294/817 1011/1295/818
f 1006/1289/812 1005/1288/810 1011/1296/818 1012/1297/819
f 1007/1291/814 1006/1289/812 1012/1297/819 1013/1298/820
f 1008/1280/805 1007/1291/814 1013/1298/820 1014/1292/815
f 1009/1293/816 1014/1292/815 1020/1299/821 1015/1300/822
f 1010/1294/817 1009/1293/816 1015/1300/822 1016/1301/823
f 1011/1295/818 1010/1294/817 1016/1301/823 1017/1302/824
f 1012/1297/819 1011/1296/818 1017/1303/824 1018/1304/825
f 1013/1298/820 1012/1297/819 1018/1304/825 1019/1305/826
f 1014/1292/815 1013/1298/820 1019/1305/826 1020/1299/821
f 1015/1300/822 1020/1299/821 1026/1306/827 1021/1307/828
f 1016/1301/823 1015/1300/822 1021/1307/828 1022/1308/829
f 1017/1302/824 1016/1301/823 1022/1308/829 1023/1309/830
f 1018/1304/825 1017/1303/824 1023/1310/830 1024/1311/831
f 1019/1305/826 1018/1304/825 1024/1311/831 1025/1312/832
f 1020/1299/821 1019/1305/826 1025/1312/832 1026/1306/827
f 1021/1307/828 1026/1306/827 1032/1313/833 1027/1314/834
f 1022/1308/829 1021/1307/828 1027/1314/834 1028/1315/835
f 1023/1309/830 1022/1308/829 1028/1315/835 1029/1316/836
f 1024/1311/831 1023/1310/830 1029/1317/836 1030/1318/837
f 1025/1312/832 1024/1311/831 1030/1318/837 1031/1319/838
f 1026/1306/827 1025/1312/832 1031/1319/838 1032/1313/833
f 1027/1314/834 1032/1313/833 1038/1320/839 1033/1321/840
f 1028/1315/835 1027/1314/834 1033/1321/840 1034/1322/841
f 1029/1316/836 1028/1315/835 1034/1322/841 1035/1323/842
f 1030/1318/837 1029/1317/836 1035/1324/842 1036/1325/843
f 1031/1319/838 1030/1318/837 1036/1325/843 1037/1326/844
f 1032/1313/833 1031/1319/838 1037/1326/844 1038/1320/839
f 1033/1321/840 1038/1320/839 1044/1327/845 1039/1328/846
f 1034/1322/841 1033/1321/840 1039/1328/846 1040/1329/847
f 1035/1323/842 1034/1322/841 1040/1329/847 1041/1330/848
f 1036/1325/843 1035/1324/842 1041/1331/848 1042/1332/849
f 1037/1326/844 1036/1325/843 1042/1332/849 1043/1333/850
f 1038/1320/839 1037/1326/844 1043/1333/850 1044/1327/845
f 1039/1328/846 1044/1327/845 1050/1334/851 1045/1335/852
f 1040/1329/847 1039/1328/846 1045/1335/852 1046/1336/853
f 1041/1330/848 1040/1329/847 1046/1336/853 1047/1337/854
f 1042/1332/849 1041/1331/848 1047/1338/854 1048/1339/855
f 1043/1333/850 1042/1332/849 1048/1339/855 1049/1340/856
f 1044/1327/845 1043/1333/850 1049/1340/856 1050/1334/851
f 1045/1335/852 1050/1334/851 1056/1341/857 1051/1342/858
f 1046/1336/853 1045/1335/852 1051/1342/858 1052/1343/859
f 1047/1337/854 1046/1336/853 1052/1343/859 1053/1344/860
f 1048/1339/855 1047/1338/854 1053/1345/860 1054/1346/861
f 1049/1340/856 1048/1339/855 1054/1346/861 1055/1347/862
f 1050/1334/851 1049/1340/856 1055/1347/862 1056/1341/857
f 1051/1342/858 1056/1341/857 1062/1348/863 1057/1349/864
f 1052/1343/859 1051/1342/858 1057/1349/864 1058/1350/865
f 1053/1344/860 1052/1343/859 1058/1350/865 1059/1351/866
f 1054/1346/861 1053/1345/860 1059/1352/866 1060/1353/867
f 1055/1347/862 1054/1346/861 1060/1353/867 1061/1354/868
f 1056/1341/857 1055/1347/862 1061/1354/868 1062/1348/863
f 487/525/320 1088/524/319 1089/1355/869 488/1356/391
f 490/1357/393 1093/1358/870 1095/656/405 491/655/394
f 489/1359/392 1092/1360/871 1093/1361/870 490/1362/393
f 1091/650/400 1100/649/399 1102/1363/402 1094/1364/401
f 488/1356/391 1089/1355/869 1092/1360/871 489/1359/392
f 1066/1365/872 1116/1366/873 1120/664/413 1068/663/412
f 1107/1367/874 1072/1368/875 1073/1369/876 1109/1370/877
f 1101/1371/878 1069/1372/879 1072/1368/875 1107/1367/874
f 1099/1373/880 1067/1374/881 1069/1375/879 1101/1376/878
f 1105/674/421 1065/673/420 1067/1374/881 1099/1373/880
f 1109/1370/877 1073/1369/876 1064/672/419 1104/671/418
f 1064/672/419 1063/662/411 1066/1365/872 1065/673/420
f 1072/1368/875 1071/670/417 1074/659/408 1073/1369/876
f 1080/517/314 1079/499/298 1082/515/299 1081/518/315
f 1063/662/411 1064/672/419 1073/1369/876 1074/659/408
f 1092/1360/871 1091/650/400 1094/1364/401 1093/1361/870
f 1065/673/420 1066/1365/872 1068/663/412 1067/1374/881
f 1081/521/315 1082/500/299 1084/503/302 1083/505/304
f 1088/524/319 1087/645/395 1090/648/398 1089/1355/869
f 1087/645/395 1088/524/319 1098/523/318 1097/658/407
f 1093/1358/870 1094/651/401 1096/654/404 1095/656/405
f 1067/1374/881 1068/663/412 1070/666/415 1069/1375/879
f 1076/511/310 1075/494/293 1078/497/296 1077/512/311
f 1083/505/304 1084/503/302 1086/509/308 1085/506/305
f 1075/494/293 1076/511/310 1085/506/305 1086/509/308
f 1095/656/405 1096/654/404 1097/658/407 1098/523/318
f 1069/1372/879 1070/667/415 1071/670/417 1072/1368/875
f 1077/512/311 1078/497/296 1079/499/298 1080/517/314
f 1089/1355/869 1090/648/398 1091/650/400 1092/1360/871
f 1104/671/418 1103/646/396 1110/657/406 1109/1370/877
f 1109/1370/877 1110/657/406 1108/653/403 1107/1367/874
f 1107/1367/874 1108/653/403 1102/652/402 1101/1371/878
f 1101/1376/878 1102/1363/402 1100/649/399 1099/1373/880
f 1099/1373/880 1100/649/399 1106/647/397 1105/674/421
f 1105/674/421 1106/647/397 1103/646/396 1104/671/418
f 1112/510/309 1111/661/410 1118/660/409 1117/507/306
f 1117/507/306 1118/660/409 1114/669/416 1113/504/303
f 1113/504/303 1114/669/416 1122/668/414 1121/520/316
f 1121/519/316 1122/665/414 1120/664/413 1119/516/313
f 1119/516/313 1120/664/413 1116/1366/873 1115/513/312
f 1115/513/312 1116/1366/873 1111/661/410 1112/510/309
f 1063/662/411 1111/661/410 1116/1366/873 1066/1365/872
