# Blender 4.1.1
# www.blender.org
o SpaceCapsule_1.875_WindowFrames
v -0.631208 -0.061394 0.631208
v -0.639208 -0.192715 0.639208
v -0.561275 -0.077513 0.689639
v -0.602341 -0.201213 0.670011
v -0.490489 -0.123417 0.727674
v -0.565025 -0.225412 0.690062
v -0.429624 -0.192117 0.739521
v -0.532939 -0.261628 0.696307
v -0.387947 -0.273155 0.723378
v -0.510968 -0.304349 0.687797
v -0.371804 -0.354192 0.681702
v -0.502458 -0.347069 0.665826
v -0.383652 -0.422892 0.620837
v -0.508704 -0.383286 0.633741
v -0.421686 -0.468796 0.550050
v -0.528754 -0.407485 0.596424
v -0.480118 -0.484916 0.480118
v -0.559558 -0.415982 0.559558
v -0.550050 -0.468796 0.421687
v -0.596424 -0.407485 0.528755
v -0.620837 -0.422892 0.383652
v -0.633740 -0.383286 0.508704
v -0.681701 -0.354192 0.371804
v -0.665826 -0.347069 0.502458
v -0.723378 -0.273155 0.387948
v -0.687797 -0.304349 0.510969
v -0.739521 -0.192118 0.429624
v -0.696307 -0.261628 0.532939
v -0.727674 -0.123417 0.490489
v -0.690061 -0.225412 0.565025
v -0.689639 -0.077513 0.561276
v -0.670011 -0.201213 0.602342
v -0.622942 -0.173967 0.717580
v -0.623217 -0.164389 0.724138
v -0.678199 -0.151716 0.678199
v -0.674501 -0.162083 0.674501
v -0.570754 -0.207811 0.745621
v -0.567563 -0.200480 0.754042
v -0.525881 -0.258460 0.754356
v -0.519710 -0.254493 0.763357
v -0.495155 -0.318206 0.742454
v -0.486944 -0.318206 0.750664
v -0.483253 -0.377952 0.711728
v -0.474252 -0.381919 0.717898
v -0.491987 -0.428602 0.666855
v -0.483566 -0.435932 0.670045
v -0.520029 -0.462445 0.614666
v -0.513470 -0.472022 0.614391
v -0.563108 -0.474329 0.563108
v -0.559409 -0.484695 0.559409
v -0.614666 -0.462445 0.520029
v -0.614391 -0.472022 0.513470
v -0.666855 -0.428602 0.491988
v -0.670045 -0.435932 0.483567
v -0.711728 -0.377952 0.483253
v -0.717898 -0.381919 0.474252
v -0.742454 -0.318206 0.495155
v -0.750664 -0.318206 0.486944
v -0.754356 -0.258460 0.525881
v -0.763356 -0.254493 0.519711
v -0.745621 -0.207811 0.570754
v -0.754042 -0.200480 0.567563
v -0.717580 -0.173967 0.622942
v -0.724138 -0.164390 0.623217
v -0.603061 -0.176134 0.687185
v -0.648892 -0.165570 0.648892
v -0.556670 -0.206217 0.712111
v -0.516782 -0.251240 0.719876
v -0.489469 -0.304349 0.709296
v -0.478890 -0.357457 0.681983
v -0.486654 -0.402480 0.642095
v -0.511580 -0.432564 0.595704
v -0.549874 -0.443128 0.549874
v -0.595704 -0.432564 0.511580
v -0.642095 -0.402480 0.486654
v -0.681983 -0.357457 0.478890
v -0.709296 -0.304349 0.489470
v -0.719876 -0.251240 0.516782
v -0.712111 -0.206217 0.556670
v -0.687185 -0.176134 0.603061
v -0.586303 -0.189769 0.653972
v -0.623169 -0.181272 0.623169
v -0.548986 -0.213968 0.674023
v -0.516900 -0.250185 0.680269
v -0.494930 -0.292905 0.671758
v -0.486420 -0.335626 0.649788
v -0.492665 -0.371842 0.617702
v -0.512716 -0.396041 0.580385
v -0.543519 -0.404539 0.543519
v -0.580385 -0.396041 0.512716
v -0.617702 -0.371842 0.492665
v -0.649788 -0.335626 0.486420
v -0.671758 -0.292905 0.494930
v -0.680268 -0.250185 0.516901
v -0.674023 -0.213968 0.548986
v -0.653972 -0.189769 0.586303
v 0.000000 0.042666 -0.892663
v 0.000000 0.173987 -0.903976
v 0.090767 0.058785 -0.884530
v 0.047850 0.182485 -0.899689
v 0.167715 0.104689 -0.861371
v 0.088414 0.206684 -0.887480
v 0.219131 0.173389 -0.826711
v 0.115519 0.242900 -0.869208
v 0.237185 0.254427 -0.785826
v 0.125037 0.285621 -0.847655
v 0.219131 0.335464 -0.744941
v 0.115519 0.328341 -0.826102
v 0.167715 0.404164 -0.710281
v 0.088414 0.364558 -0.807830
v 0.090767 0.450068 -0.687121
v 0.047850 0.388757 -0.795621
v 0.000000 0.466188 -0.678989
v 0.000000 0.397255 -0.791334
v -0.090767 0.450068 -0.687121
v -0.047849 0.388757 -0.795621
v -0.167715 0.404164 -0.710281
v -0.088414 0.364558 -0.807830
v -0.219130 0.335464 -0.744941
v -0.115519 0.328341 -0.826102
v -0.237185 0.254427 -0.785826
v -0.125036 0.285621 -0.847655
v -0.219130 0.173389 -0.826711
v -0.115519 0.242900 -0.869208
v -0.167715 0.104689 -0.861371
v -0.088414 0.206684 -0.887480
v -0.090767 0.058785 -0.884530
v -0.047849 0.182485 -0.899689
v 0.066919 0.155239 -0.947892
v 0.071362 0.145661 -0.952724
v 0.000000 0.132988 -0.959118
v 0.000000 0.143355 -0.953888
v 0.123650 0.189082 -0.930818
v 0.131860 0.181752 -0.934516
v 0.161556 0.239732 -0.905264
v 0.172284 0.235765 -0.907265
v 0.174867 0.299478 -0.875122
v 0.186479 0.299478 -0.875121
v 0.161556 0.359224 -0.844979
v 0.172284 0.363191 -0.842977
v 0.123650 0.409874 -0.819425
v 0.131860 0.417204 -0.815727
v 0.066919 0.443717 -0.802351
v 0.071362 0.453294 -0.797518
v 0.000000 0.455601 -0.796355
v 0.000000 0.465967 -0.791125
v -0.066919 0.443717 -0.802351
v -0.071362 0.453294 -0.797518
v -0.123650 0.409874 -0.819425
v -0.131860 0.417204 -0.815726
v -0.161556 0.359224 -0.844979
v -0.172284 0.363191 -0.842977
v -0.174867 0.299478 -0.875122
v -0.186478 0.299478 -0.875121
v -0.161556 0.239732 -0.905264
v -0.172284 0.235765 -0.907265
v -0.123650 0.189082 -0.930818
v -0.131860 0.181752 -0.934516
v -0.066919 0.155239 -0.947892
v -0.071362 0.145661 -0.952724
v 0.059485 0.157406 -0.912342
v 0.000000 0.146842 -0.917672
v 0.109913 0.187489 -0.897164
v 0.143609 0.232512 -0.874449
v 0.155441 0.285621 -0.847655
v 0.143609 0.338729 -0.820861
v 0.109913 0.383752 -0.798146
v 0.059485 0.413836 -0.782969
v 0.000000 0.424400 -0.777639
v -0.059485 0.413836 -0.782969
v -0.109913 0.383752 -0.798146
v -0.143608 0.338729 -0.820861
v -0.155441 0.285621 -0.847655
v -0.143609 0.232512 -0.874449
v -0.109913 0.187489 -0.897164
v -0.059484 0.157406 -0.912342
v 0.047850 0.171041 -0.877007
v 0.000000 0.162544 -0.881294
v 0.088414 0.195240 -0.864798
v 0.115519 0.231457 -0.846526
v 0.125037 0.274177 -0.824973
v 0.115519 0.316898 -0.803420
v 0.088414 0.353114 -0.785148
v 0.047850 0.377313 -0.772940
v 0.000000 0.385811 -0.768652
v -0.047849 0.377313 -0.772939
v -0.088414 0.353114 -0.785148
v -0.115519 0.316898 -0.803420
v -0.125036 0.274177 -0.824973
v -0.115519 0.231457 -0.846526
v -0.088414 0.195240 -0.864798
v -0.047849 0.171041 -0.877007
v -0.631208 0.042666 -0.631208
v -0.639208 0.173987 -0.639208
v -0.561275 0.058785 -0.689639
v -0.602341 0.182485 -0.670011
v -0.490489 0.104689 -0.727674
v -0.565025 0.206684 -0.690062
v -0.429624 0.173389 -0.739521
v -0.532939 0.242900 -0.696307
v -0.387947 0.254427 -0.723378
v -0.510968 0.285621 -0.687797
v -0.371804 0.335464 -0.681701
v -0.502458 0.328341 -0.665826
v -0.383652 0.404164 -0.620837
v -0.508704 0.364558 -0.633740
v -0.421686 0.450068 -0.550050
v -0.528754 0.388757 -0.596424
v -0.480118 0.466188 -0.480118
v -0.559558 0.397254 -0.559558
v -0.550050 0.450068 -0.421686
v -0.596424 0.388757 -0.528755
v -0.620837 0.404164 -0.383652
v -0.633740 0.364558 -0.508704
v -0.681701 0.335464 -0.371804
v -0.665826 0.328341 -0.502458
v -0.723378 0.254427 -0.387948
v -0.687797 0.285621 -0.510969
v -0.739521 0.173389 -0.429624
v -0.696307 0.242900 -0.532939
v -0.727674 0.104689 -0.490489
v -0.690061 0.206684 -0.565025
v -0.689639 0.058785 -0.561276
v -0.670011 0.182485 -0.602342
v -0.622942 0.155239 -0.717580
v -0.623217 0.145661 -0.724138
v -0.678199 0.132988 -0.678199
v -0.674501 0.143355 -0.674501
v -0.570754 0.189082 -0.745621
v -0.567563 0.181752 -0.754042
v -0.525881 0.239732 -0.754356
v -0.519710 0.235765 -0.763357
v -0.495155 0.299478 -0.742454
v -0.486944 0.299478 -0.750664
v -0.483253 0.359224 -0.711728
v -0.474252 0.363191 -0.717898
v -0.491987 0.409873 -0.666855
v -0.483566 0.417204 -0.670045
v -0.520029 0.443717 -0.614666
v -0.513470 0.453294 -0.614391
v -0.563108 0.455601 -0.563108
v -0.559409 0.465967 -0.559409
v -0.614666 0.443717 -0.520029
v -0.614391 0.453294 -0.513470
v -0.666855 0.409873 -0.491988
v -0.670045 0.417204 -0.483566
v -0.711728 0.359224 -0.483253
v -0.717898 0.363191 -0.474252
v -0.742454 0.299478 -0.495155
v -0.750664 0.299478 -0.486944
v -0.754356 0.239732 -0.525881
v -0.763356 0.235765 -0.519711
v -0.745621 0.189082 -0.570754
v -0.754042 0.181752 -0.567563
v -0.717580 0.155239 -0.622943
v -0.724138 0.145661 -0.623217
v -0.603061 0.157406 -0.687185
v -0.648892 0.146842 -0.648892
v -0.556670 0.187489 -0.712111
v -0.516782 0.232512 -0.719876
v -0.489469 0.285621 -0.709296
v -0.478890 0.338729 -0.681983
v -0.486654 0.383752 -0.642095
v -0.511580 0.413836 -0.595704
v -0.549874 0.424400 -0.549874
v -0.595704 0.413836 -0.511581
v -0.642095 0.383752 -0.486654
v -0.681983 0.338729 -0.478890
v -0.709296 0.285621 -0.489469
v -0.719876 0.232512 -0.516782
v -0.712111 0.187489 -0.556670
v -0.687185 0.157406 -0.603061
v -0.586303 0.171041 -0.653972
v -0.623169 0.162544 -0.623169
v -0.548986 0.195240 -0.674023
v -0.516900 0.231457 -0.680269
v -0.494930 0.274177 -0.671758
v -0.486420 0.316898 -0.649788
v -0.492665 0.353114 -0.617702
v -0.512716 0.377313 -0.580385
v -0.543519 0.385811 -0.543519
v -0.580385 0.377313 -0.512716
v -0.617702 0.353114 -0.492665
v -0.649788 0.316898 -0.486420
v -0.671758 0.274177 -0.494930
v -0.680268 0.231457 -0.516900
v -0.674023 0.195240 -0.548986
v -0.653972 0.171041 -0.586303
v 0.631208 0.042666 -0.631208
v 0.639208 0.173987 -0.639208
v 0.689639 0.058785 -0.561276
v 0.670011 0.182485 -0.602342
v 0.727674 0.104689 -0.490489
v 0.690061 0.206684 -0.565025
v 0.739521 0.173389 -0.429624
v 0.696307 0.242900 -0.532939
v 0.723378 0.254427 -0.387948
v 0.687797 0.285621 -0.510969
v 0.681702 0.335464 -0.371804
v 0.665826 0.328341 -0.502458
v 0.620837 0.404164 -0.383652
v 0.633740 0.364558 -0.508704
v 0.550050 0.450068 -0.421686
v 0.596424 0.388757 -0.528755
v 0.480118 0.466188 -0.480118
v 0.559558 0.397254 -0.559558
v 0.421686 0.450068 -0.550050
v 0.528755 0.388757 -0.596424
v 0.383652 0.404164 -0.620837
v 0.508704 0.364558 -0.633740
v 0.371804 0.335464 -0.681701
v 0.502458 0.328341 -0.665826
v 0.387948 0.254427 -0.723378
v 0.510968 0.285621 -0.687797
v 0.429624 0.173389 -0.739521
v 0.532939 0.242900 -0.696307
v 0.490489 0.104689 -0.727674
v 0.565025 0.206684 -0.690062
v 0.561275 0.058785 -0.689639
v 0.602342 0.182485 -0.670011
v 0.717580 0.155239 -0.622943
v 0.724138 0.145661 -0.623217
v 0.678199 0.132988 -0.678199
v 0.674501 0.143355 -0.674501
v 0.745621 0.189082 -0.570754
v 0.754042 0.181752 -0.567563
v 0.754356 0.239732 -0.525881
v 0.763356 0.235765 -0.519710
v 0.742454 0.299478 -0.495155
v 0.750664 0.299478 -0.486944
v 0.711728 0.359224 -0.483253
v 0.717898 0.363191 -0.474252
v 0.666855 0.409874 -0.491988
v 0.670045 0.417204 -0.483566
v 0.614666 0.443717 -0.520029
v 0.614391 0.453294 -0.513470
v 0.563108 0.455601 -0.563108
v 0.559409 0.465967 -0.559409
v 0.520029 0.443717 -0.614666
v 0.513470 0.453294 -0.614391
v 0.491987 0.409874 -0.666855
v 0.483566 0.417204 -0.670045
v 0.483253 0.359224 -0.711728
v 0.474252 0.363191 -0.717898
v 0.495155 0.299478 -0.742454
v 0.486944 0.299478 -0.750664
v 0.525881 0.239732 -0.754356
v 0.519710 0.235765 -0.763357
v 0.570754 0.189082 -0.745621
v 0.567563 0.181752 -0.754042
v 0.622942 0.155239 -0.717580
v 0.623217 0.145661 -0.724138
v 0.687185 0.157406 -0.603061
v 0.648892 0.146842 -0.648892
v 0.712111 0.187489 -0.556670
v 0.719876 0.232512 -0.516782
v 0.709296 0.285621 -0.489469
v 0.681983 0.338729 -0.478890
v 0.642095 0.383752 -0.486654
v 0.595704 0.413836 -0.511580
v 0.549874 0.424400 -0.549874
v 0.511580 0.413836 -0.595704
v 0.486654 0.383752 -0.642095
v 0.478890 0.338729 -0.681983
v 0.489469 0.285621 -0.709296
v 0.516782 0.232512 -0.719876
v 0.556670 0.187489 -0.712111
v 0.603061 0.157406 -0.687185
v 0.653972 0.171041 -0.586303
v 0.623169 0.162544 -0.623169
v 0.674023 0.195240 -0.548986
v 0.680269 0.231457 -0.516901
v 0.671758 0.274177 -0.494930
v 0.649788 0.316898 -0.486420
v 0.617702 0.353114 -0.492665
v 0.580385 0.377313 -0.512716
v 0.543519 0.385811 -0.543519
v 0.512716 0.377313 -0.580385
v 0.492665 0.353114 -0.617702
v 0.486420 0.316898 -0.649788
v 0.494930 0.274177 -0.671758
v 0.516900 0.231457 -0.680269
v 0.548986 0.195240 -0.674023
v 0.586303 0.171041 -0.653972
v -0.631208 0.042666 0.631208
v -0.639208 0.173987 0.639208
v -0.689639 0.058785 0.561276
v -0.670011 0.182485 0.602342
v -0.727674 0.104689 0.490489
v -0.690061 0.206684 0.565025
v -0.739521 0.173389 0.429624
v -0.696307 0.242900 0.532939
v -0.723378 0.254427 0.387948
v -0.687797 0.285621 0.510969
v -0.681701 0.335464 0.371804
v -0.665826 0.328341 0.502458
v -0.620837 0.404164 0.383652
v -0.633740 0.364558 0.508704
v -0.550050 0.450068 0.421687
v -0.596424 0.388757 0.528755
v -0.480117 0.466188 0.480118
v -0.559558 0.397254 0.559558
v -0.421686 0.450068 0.550050
v -0.528754 0.388757 0.596424
v -0.383652 0.404164 0.620837
v -0.508704 0.364558 0.633741
v -0.371804 0.335464 0.681702
v -0.502458 0.328341 0.665827
v -0.387947 0.254427 0.723378
v -0.510968 0.285621 0.687797
v -0.429624 0.173389 0.739521
v -0.532939 0.242900 0.696307
v -0.490488 0.104689 0.727674
v -0.565025 0.206684 0.690062
v -0.561275 0.058785 0.689639
v -0.602341 0.182485 0.670011
v -0.717580 0.155239 0.622943
v -0.724138 0.145661 0.623217
v -0.678199 0.132988 0.678199
v -0.674501 0.143355 0.674501
v -0.745621 0.189082 0.570754
v -0.754042 0.181752 0.567563
v -0.754356 0.239732 0.525881
v -0.763356 0.235765 0.519711
v -0.742454 0.299478 0.495155
v -0.750664 0.299478 0.486944
v -0.711728 0.359224 0.483253
v -0.717898 0.363191 0.474252
v -0.666855 0.409873 0.491988
v -0.670045 0.417204 0.483567
v -0.614666 0.443717 0.520029
v -0.614391 0.453294 0.513470
v -0.563108 0.455601 0.563108
v -0.559409 0.465967 0.559409
v -0.520029 0.443717 0.614666
v -0.513470 0.453294 0.614391
v -0.491987 0.409873 0.666855
v -0.483566 0.417204 0.670045
v -0.483253 0.359224 0.711728
v -0.474252 0.363190 0.717898
v -0.495155 0.299478 0.742454
v -0.486944 0.299478 0.750664
v -0.525881 0.239732 0.754356
v -0.519710 0.235765 0.763357
v -0.570754 0.189082 0.745621
v -0.567563 0.181752 0.754042
v -0.622942 0.155239 0.717580
v -0.623217 0.145661 0.724138
v -0.687185 0.157406 0.603061
v -0.648892 0.146842 0.648892
v -0.712111 0.187489 0.556670
v -0.719875 0.232512 0.516782
v -0.709296 0.285621 0.489469
v -0.681983 0.338729 0.478890
v -0.642095 0.383752 0.486654
v -0.595704 0.413836 0.511581
v -0.549874 0.424400 0.549874
v -0.511580 0.413836 0.595705
v -0.486654 0.383752 0.642095
v -0.478890 0.338729 0.681983
v -0.489469 0.285621 0.709296
v -0.516782 0.232512 0.719876
v -0.556670 0.187489 0.712111
v -0.603061 0.157406 0.687185
v -0.653972 0.171041 0.586303
v -0.623169 0.162544 0.623169
v -0.674023 0.195240 0.548986
v -0.680268 0.231457 0.516901
v -0.671758 0.274177 0.494930
v -0.649788 0.316898 0.486420
v -0.617702 0.353114 0.492665
v -0.580385 0.377313 0.512716
v -0.543519 0.385811 0.543519
v -0.512716 0.377313 0.580385
v -0.492665 0.353114 0.617702
v -0.486420 0.316898 0.649788
v -0.494930 0.274177 0.671758
v -0.516900 0.231457 0.680269
v -0.548986 0.195240 0.674023
v -0.586303 0.171041 0.653972
v 0.631208 0.042666 0.631208
v 0.639208 0.173987 0.639208
v 0.561275 0.058785 0.689639
v 0.602342 0.182485 0.670011
v 0.490489 0.104689 0.727674
v 0.565025 0.206684 0.690061
v 0.429624 0.173389 0.739521
v 0.532939 0.242900 0.696307
v 0.387948 0.254427 0.723378
v 0.510969 0.285621 0.687797
v 0.371804 0.335464 0.681701
v 0.502458 0.328341 0.665826
v 0.383652 0.404164 0.620837
v 0.508704 0.364558 0.633740
v 0.421686 0.450068 0.550050
v 0.528754 0.388757 0.596424
v 0.480118 0.466188 0.480118
v 0.559558 0.397254 0.559558
v 0.550050 0.450068 0.421686
v 0.596424 0.388757 0.528754
v 0.620837 0.404164 0.383652
v 0.633740 0.364558 0.508704
v 0.681701 0.335464 0.371804
v 0.665826 0.328341 0.502458
v 0.723378 0.254427 0.387947
v 0.687797 0.285621 0.510968
v 0.739521 0.173389 0.429624
v 0.696307 0.242900 0.532939
v 0.727674 0.104689 0.490489
v 0.690061 0.206684 0.565025
v 0.689639 0.058785 0.561275
v 0.670011 0.182485 0.602341
v 0.622942 0.155239 0.717580
v 0.623217 0.145661 0.724138
v 0.678199 0.132988 0.678199
v 0.674501 0.143355 0.674501
v 0.570754 0.189082 0.745621
v 0.567563 0.181752 0.754042
v 0.525881 0.239732 0.754356
v 0.519711 0.235765 0.763356
v 0.495155 0.299478 0.742454
v 0.486944 0.299478 0.750664
v 0.483253 0.359224 0.711728
v 0.474252 0.363190 0.717898
v 0.491987 0.409873 0.666855
v 0.483566 0.417204 0.670045
v 0.520029 0.443717 0.614666
v 0.513470 0.453294 0.614391
v 0.563108 0.455601 0.563108
v 0.559409 0.465967 0.559409
v 0.614666 0.443717 0.520029
v 0.614391 0.453294 0.513470
v 0.666855 0.409873 0.491987
v 0.670045 0.417204 0.483566
v 0.711728 0.359223 0.483253
v 0.717898 0.363190 0.474252
v 0.742454 0.299478 0.495155
v 0.750664 0.299478 0.486944
v 0.754356 0.239732 0.525881
v 0.763356 0.235765 0.519710
v 0.745621 0.189082 0.570754
v 0.754042 0.181752 0.567563
v 0.717580 0.155239 0.622942
v 0.724138 0.145661 0.623217
v 0.603061 0.157406 0.687185
v 0.648892 0.146842 0.648892
v 0.556670 0.187489 0.712111
v 0.516782 0.232512 0.719876
v 0.489470 0.285621 0.709296
v 0.478890 0.338729 0.681983
v 0.486654 0.383752 0.642095
v 0.511580 0.413836 0.595704
v 0.549874 0.424400 0.549874
v 0.595704 0.413836 0.511580
v 0.642095 0.383752 0.486654
v 0.681983 0.338729 0.478890
v 0.709296 0.285621 0.489469
v 0.719876 0.232512 0.516782
v 0.712111 0.187489 0.556670
v 0.687185 0.157406 0.603061
v 0.586303 0.171041 0.653972
v 0.623169 0.162543 0.623169
v 0.548986 0.195240 0.674023
v 0.516901 0.231457 0.680268
v 0.494930 0.274177 0.671758
v 0.486420 0.316898 0.649788
v 0.492665 0.353114 0.617702
v 0.512716 0.377313 0.580385
v 0.543519 0.385811 0.543519
v 0.580385 0.377313 0.512716
v 0.617702 0.353114 0.492665
v 0.649788 0.316898 0.486419
v 0.671758 0.274177 0.494930
v 0.680269 0.231457 0.516900
v 0.674023 0.195240 0.548986
v 0.653972 0.171041 0.586303
v 0.000000 0.042666 0.892663
v 0.000000 0.173987 0.903976
v -0.090767 0.058785 0.884530
v -0.047849 0.182485 0.899689
v -0.167715 0.104689 0.861371
v -0.088414 0.206684 0.887480
v -0.219130 0.173389 0.826710
v -0.115519 0.242900 0.869208
v -0.237185 0.254427 0.785826
v -0.125036 0.285621 0.847655
v -0.219130 0.335464 0.744941
v -0.115519 0.328341 0.826102
v -0.167715 0.404164 0.710281
v -0.088414 0.364558 0.807830
v -0.090767 0.450068 0.687121
v -0.047849 0.388757 0.795621
v 0.000000 0.466188 0.678989
v 0.000000 0.397254 0.791334
v 0.090767 0.450068 0.687121
v 0.047849 0.388757 0.795621
v 0.167715 0.404164 0.710281
v 0.088414 0.364558 0.807830
v 0.219131 0.335464 0.744941
v 0.115519 0.328341 0.826102
v 0.237185 0.254427 0.785826
v 0.125037 0.285621 0.847655
v 0.219131 0.173389 0.826710
v 0.115519 0.242900 0.869208
v 0.167715 0.104689 0.861371
v 0.088414 0.206684 0.887480
v 0.090767 0.058785 0.884530
v 0.047849 0.182485 0.899689
v -0.066919 0.155239 0.947892
v -0.071362 0.145661 0.952724
v 0.000000 0.132988 0.959118
v 0.000000 0.143355 0.953888
v -0.123650 0.189082 0.930818
v -0.131860 0.181752 0.934516
v -0.161556 0.239732 0.905264
v -0.172284 0.235765 0.907265
v -0.174867 0.299478 0.875121
v -0.186478 0.299478 0.875121
v -0.161556 0.359224 0.844979
v -0.172284 0.363191 0.842977
v -0.123650 0.409873 0.819425
v -0.131860 0.417204 0.815726
v -0.066919 0.443717 0.802351
v -0.071362 0.453294 0.797518
v 0.000000 0.455601 0.796355
v 0.000000 0.465967 0.791124
v 0.066919 0.443717 0.802351
v 0.071362 0.453294 0.797518
v 0.123650 0.409873 0.819425
v 0.131860 0.417204 0.815726
v 0.161556 0.359224 0.844979
v 0.172284 0.363190 0.842977
v 0.174867 0.299478 0.875121
v 0.186479 0.299478 0.875121
v 0.161556 0.239732 0.905264
v 0.172284 0.235765 0.907265
v 0.123650 0.189082 0.930818
v 0.131860 0.181752 0.934516
v 0.066919 0.155239 0.947892
v 0.071362 0.145661 0.952724
v -0.059485 0.157406 0.912342
v 0.000000 0.146842 0.917671
v -0.109913 0.187489 0.897164
v -0.143609 0.232512 0.874449
v -0.155441 0.285621 0.847655
v -0.143609 0.338729 0.820861
v -0.109913 0.383752 0.798146
v -0.059485 0.413836 0.782969
v 0.000000 0.424400 0.777639
v 0.059485 0.413836 0.782968
v 0.109913 0.383752 0.798146
v 0.143609 0.338729 0.820861
v 0.155441 0.285621 0.847655
v 0.143609 0.232512 0.874449
v 0.109913 0.187489 0.897164
v 0.059485 0.157406 0.912342
v -0.047849 0.171041 0.877007
v 0.000000 0.162543 0.881294
v -0.088414 0.195240 0.864798
v -0.115519 0.231457 0.846526
v -0.125036 0.274177 0.824973
v -0.115519 0.316898 0.803420
v -0.088414 0.353114 0.785148
v -0.047849 0.377313 0.772939
v 0.000000 0.385811 0.768652
v 0.047849 0.377313 0.772939
v 0.088414 0.353114 0.785148
v 0.115519 0.316898 0.803420
v 0.125037 0.274177 0.824973
v 0.115519 0.231457 0.846526
v 0.088414 0.195240 0.864798
v 0.047849 0.171041 0.877007
v 0.892663 0.042666 -0.000000
v 0.903976 0.173987 -0.000000
v 0.884530 0.058785 0.090767
v 0.899689 0.182485 0.047849
v 0.861371 0.104689 0.167715
v 0.887480 0.206684 0.088414
v 0.826710 0.173389 0.219130
v 0.869208 0.242900 0.115519
v 0.785826 0.254427 0.237185
v 0.847655 0.285621 0.125037
v 0.744941 0.335464 0.219130
v 0.826102 0.328341 0.115519
v 0.710281 0.404164 0.167715
v 0.807830 0.364558 0.088414
v 0.687121 0.450068 0.090767
v 0.795621 0.388757 0.047849
v 0.678989 0.466188 -0.000000
v 0.791334 0.397254 -0.000000
v 0.687121 0.450068 -0.090767
v 0.795621 0.388757 -0.047849
v 0.710281 0.404164 -0.167715
v 0.807830 0.364557 -0.088414
v 0.744941 0.335464 -0.219131
v 0.826102 0.328341 -0.115519
v 0.785826 0.254427 -0.237185
v 0.847655 0.285621 -0.125037
v 0.826710 0.173389 -0.219130
v 0.869208 0.242900 -0.115519
v 0.861371 0.104689 -0.167715
v 0.887480 0.206684 -0.088414
v 0.884530 0.058785 -0.090767
v 0.899689 0.182484 -0.047849
v 0.947892 0.155239 0.066919
v 0.952724 0.145661 0.071362
v 0.959118 0.132988 0.000000
v 0.953888 0.143355 -0.000000
v 0.930818 0.189082 0.123650
v 0.934516 0.181752 0.131860
v 0.905264 0.239732 0.161556
v 0.907265 0.235765 0.172284
v 0.875121 0.299478 0.174867
v 0.875121 0.299478 0.186478
v 0.844979 0.359223 0.161556
v 0.842977 0.363190 0.172284
v 0.819425 0.409873 0.123650
v 0.815726 0.417204 0.131860
v 0.802351 0.443716 0.066919
v 0.797518 0.453294 0.071362
v 0.796355 0.455601 0.000000
v 0.791124 0.465967 -0.000000
v 0.802351 0.443716 -0.066919
v 0.797518 0.453294 -0.071362
v 0.819425 0.409873 -0.123650
v 0.815726 0.417204 -0.131860
v 0.844979 0.359223 -0.161556
v 0.842977 0.363190 -0.172284
v 0.875121 0.299478 -0.174867
v 0.875121 0.299478 -0.186479
v 0.905264 0.239732 -0.161556
v 0.907265 0.235765 -0.172284
v 0.930818 0.189082 -0.123650
v 0.934516 0.181752 -0.131860
v 0.947892 0.155239 -0.066919
v 0.952724 0.145661 -0.071362
v 0.912342 0.157406 0.059485
v 0.917671 0.146842 -0.000000
v 0.897164 0.187489 0.109913
v 0.874449 0.232512 0.143609
v 0.847655 0.285621 0.155441
v 0.820861 0.338729 0.143609
v 0.798146 0.383752 0.109913
v 0.782968 0.413836 0.059485
v 0.777639 0.424400 -0.000000
v 0.782969 0.413836 -0.059485
v 0.798146 0.383752 -0.109913
v 0.820861 0.338729 -0.143609
v 0.847655 0.285621 -0.155441
v 0.874449 0.232512 -0.143609
v 0.897164 0.187489 -0.109913
v 0.912342 0.157406 -0.059485
v 0.877007 0.171041 0.047849
v 0.881294 0.162543 -0.000000
v 0.864798 0.195240 0.088414
v 0.846526 0.231457 0.115519
v 0.824973 0.274177 0.125037
v 0.803420 0.316898 0.115519
v 0.785148 0.353114 0.088414
v 0.772939 0.377313 0.047849
v 0.768652 0.385811 -0.000000
v 0.772939 0.377313 -0.047850
v 0.785148 0.353114 -0.088414
v 0.803420 0.316898 -0.115519
v 0.824973 0.274177 -0.125037
v 0.846526 0.231457 -0.115519
v 0.864798 0.195240 -0.088414
v 0.877007 0.171041 -0.047849
v 0.000000 -0.061394 -0.892663
v 0.000000 -0.192715 -0.903976
v -0.090767 -0.077514 -0.884530
v -0.047849 -0.201213 -0.899689
v -0.167715 -0.123418 -0.861371
v -0.088414 -0.225412 -0.887480
v -0.219130 -0.192118 -0.826711
v -0.115519 -0.261629 -0.869208
v -0.237185 -0.273155 -0.785826
v -0.125036 -0.304349 -0.847655
v -0.219130 -0.354192 -0.744941
v -0.115519 -0.347069 -0.826102
v -0.167715 -0.422893 -0.710281
v -0.088414 -0.383286 -0.807830
v -0.090767 -0.468797 -0.687121
v -0.047849 -0.407485 -0.795621
v 0.000000 -0.484916 -0.678989
v 0.000000 -0.415983 -0.791334
v 0.090767 -0.468797 -0.687121
v 0.047850 -0.407485 -0.795621
v 0.167715 -0.422893 -0.710280
v 0.088414 -0.383286 -0.807830
v 0.219130 -0.354192 -0.744941
v 0.115519 -0.347069 -0.826102
v 0.237185 -0.273155 -0.785826
v 0.125037 -0.304349 -0.847655
v 0.219131 -0.192118 -0.826710
v 0.115519 -0.261629 -0.869208
v 0.167715 -0.123418 -0.861371
v 0.088414 -0.225412 -0.887480
v 0.090767 -0.077514 -0.884530
v 0.047850 -0.201213 -0.899689
v -0.066919 -0.173968 -0.947892
v -0.071362 -0.164390 -0.952724
v 0.000000 -0.151716 -0.959118
v 0.000000 -0.162083 -0.953888
v -0.123650 -0.207811 -0.930818
v -0.131860 -0.200480 -0.934516
v -0.161556 -0.258461 -0.905264
v -0.172284 -0.254493 -0.907265
v -0.174867 -0.318206 -0.875121
v -0.186478 -0.318206 -0.875121
v -0.161556 -0.377952 -0.844979
v -0.172284 -0.381919 -0.842977
v -0.123650 -0.428602 -0.819425
v -0.131860 -0.435932 -0.815726
v -0.066919 -0.462445 -0.802351
v -0.071362 -0.472022 -0.797518
v 0.000000 -0.474329 -0.796355
v 0.000000 -0.484696 -0.791124
v 0.066919 -0.462445 -0.802351
v 0.071362 -0.472022 -0.797518
v 0.123650 -0.428602 -0.819425
v 0.131860 -0.435932 -0.815726
v 0.161556 -0.377952 -0.844979
v 0.172284 -0.381919 -0.842977
v 0.174867 -0.318206 -0.875121
v 0.186479 -0.318206 -0.875121
v 0.161556 -0.258461 -0.905264
v 0.172284 -0.254493 -0.907265
v 0.123650 -0.207811 -0.930818
v 0.131860 -0.200480 -0.934516
v 0.066919 -0.173968 -0.947892
v 0.071362 -0.164390 -0.952724
v -0.059484 -0.176134 -0.912342
v 0.000000 -0.165570 -0.917671
v -0.109913 -0.206218 -0.897164
v -0.143608 -0.251241 -0.874449
v -0.155441 -0.304349 -0.847655
v -0.143609 -0.357457 -0.820861
v -0.109913 -0.402480 -0.798146
v -0.059485 -0.432564 -0.782968
v 0.000000 -0.443128 -0.777639
v 0.059485 -0.432564 -0.782968
v 0.109913 -0.402480 -0.798146
v 0.143609 -0.357457 -0.820861
v 0.155441 -0.304349 -0.847655
v 0.143609 -0.251241 -0.874449
v 0.109913 -0.206218 -0.897164
v 0.059485 -0.176134 -0.912342
v -0.047849 -0.189770 -0.877007
v 0.000000 -0.181272 -0.881294
v -0.088414 -0.213969 -0.864798
v -0.115519 -0.250185 -0.846526
v -0.125036 -0.292906 -0.824973
v -0.115519 -0.335626 -0.803420
v -0.088414 -0.371843 -0.785148
v -0.047849 -0.396042 -0.772939
v 0.000000 -0.404539 -0.768652
v 0.047850 -0.396042 -0.772939
v 0.088414 -0.371843 -0.785148
v 0.115519 -0.335626 -0.803420
v 0.125037 -0.292906 -0.824973
v 0.115519 -0.250185 -0.846526
v 0.088414 -0.213969 -0.864798
v 0.047850 -0.189770 -0.877007
v 0.631208 -0.061394 -0.631208
v 0.639208 -0.192715 -0.639207
v 0.561276 -0.077513 -0.689639
v 0.602342 -0.201213 -0.670011
v 0.490489 -0.123417 -0.727674
v 0.565025 -0.225412 -0.690061
v 0.429624 -0.192118 -0.739521
v 0.532939 -0.261629 -0.696307
v 0.387948 -0.273155 -0.723378
v 0.510969 -0.304349 -0.687797
v 0.371804 -0.354192 -0.681701
v 0.502458 -0.347069 -0.665826
v 0.383652 -0.422892 -0.620837
v 0.508704 -0.383286 -0.633740
v 0.421686 -0.468796 -0.550050
v 0.528755 -0.407485 -0.596424
v 0.480118 -0.484916 -0.480117
v 0.559558 -0.415983 -0.559557
v 0.550050 -0.468796 -0.421686
v 0.596424 -0.407485 -0.528754
v 0.620837 -0.422892 -0.383651
v 0.633741 -0.383286 -0.508704
v 0.681701 -0.354192 -0.371804
v 0.665826 -0.347069 -0.502458
v 0.723378 -0.273155 -0.387947
v 0.687797 -0.304349 -0.510968
v 0.739521 -0.192118 -0.429624
v 0.696307 -0.261629 -0.532939
v 0.727674 -0.123417 -0.490488
v 0.690062 -0.225412 -0.565025
v 0.689639 -0.077514 -0.561275
v 0.670011 -0.201213 -0.602341
v 0.622942 -0.173967 -0.717580
v 0.623217 -0.164390 -0.724138
v 0.678199 -0.151716 -0.678199
v 0.674501 -0.162083 -0.674501
v 0.570754 -0.207811 -0.745621
v 0.567563 -0.200480 -0.754041
v 0.525881 -0.258461 -0.754356
v 0.519711 -0.254493 -0.763356
v 0.495155 -0.318206 -0.742454
v 0.486944 -0.318206 -0.750664
v 0.483253 -0.377952 -0.711728
v 0.474252 -0.381919 -0.717897
v 0.491988 -0.428602 -0.666854
v 0.483567 -0.435932 -0.670045
v 0.520029 -0.462445 -0.614666
v 0.513470 -0.472022 -0.614391
v 0.563108 -0.474329 -0.563108
v 0.559409 -0.484696 -0.559409
v 0.614666 -0.462445 -0.520029
v 0.614391 -0.472022 -0.513470
v 0.666855 -0.428602 -0.491987
v 0.670045 -0.435932 -0.483566
v 0.711728 -0.377952 -0.483253
v 0.717898 -0.381919 -0.474251
v 0.742454 -0.318206 -0.495154
v 0.750664 -0.318206 -0.486944
v 0.754356 -0.258461 -0.525881
v 0.763357 -0.254493 -0.519710
v 0.745621 -0.207811 -0.570754
v 0.754042 -0.200480 -0.567563
v 0.717580 -0.173967 -0.622942
v 0.724138 -0.164390 -0.623217
v 0.603061 -0.176134 -0.687185
v 0.648892 -0.165570 -0.648891
v 0.556671 -0.206217 -0.712111
v 0.516783 -0.251241 -0.719875
v 0.489470 -0.304349 -0.709296
v 0.478890 -0.357457 -0.681983
v 0.486654 -0.402480 -0.642095
v 0.511580 -0.432564 -0.595704
v 0.549874 -0.443128 -0.549874
v 0.595704 -0.432564 -0.511580
v 0.642095 -0.402480 -0.486654
v 0.681983 -0.357457 -0.478890
v 0.709296 -0.304349 -0.489469
v 0.719876 -0.251240 -0.516782
v 0.712111 -0.206217 -0.556670
v 0.687185 -0.176134 -0.603061
v 0.586303 -0.189769 -0.653972
v 0.623169 -0.181272 -0.623169
v 0.548986 -0.213969 -0.674023
v 0.516901 -0.250185 -0.680268
v 0.494930 -0.292905 -0.671758
v 0.486420 -0.335626 -0.649788
v 0.492665 -0.371842 -0.617702
v 0.512716 -0.396042 -0.580385
v 0.543519 -0.404539 -0.543519
v 0.580385 -0.396042 -0.512716
v 0.617702 -0.371842 -0.492665
v 0.649788 -0.335626 -0.486419
v 0.671758 -0.292905 -0.494930
v 0.680269 -0.250185 -0.516900
v 0.674023 -0.213969 -0.548986
v 0.653972 -0.189769 -0.586303
v -0.631208 -0.061394 -0.631208
v -0.639208 -0.192715 -0.639208
v -0.689639 -0.077513 -0.561276
v -0.670011 -0.201213 -0.602342
v -0.727673 -0.123417 -0.490489
v -0.690061 -0.225412 -0.565025
v -0.739521 -0.192118 -0.429624
v -0.696307 -0.261629 -0.532939
v -0.723378 -0.273155 -0.387948
v -0.687797 -0.304349 -0.510969
v -0.681701 -0.354192 -0.371804
v -0.665826 -0.347069 -0.502458
v -0.620837 -0.422893 -0.383652
v -0.633740 -0.383286 -0.508704
v -0.550050 -0.468797 -0.421686
v -0.596424 -0.407485 -0.528755
v -0.480118 -0.484916 -0.480118
v -0.559558 -0.415983 -0.559558
v -0.421686 -0.468797 -0.550050
v -0.528754 -0.407485 -0.596424
v -0.383652 -0.422893 -0.620837
v -0.508704 -0.383286 -0.633740
v -0.371804 -0.354192 -0.681702
v -0.502458 -0.347069 -0.665826
v -0.387947 -0.273155 -0.723378
v -0.510968 -0.304349 -0.687797
v -0.429624 -0.192118 -0.739521
v -0.532939 -0.261629 -0.696307
v -0.490488 -0.123417 -0.727674
v -0.565025 -0.225412 -0.690062
v -0.561275 -0.077514 -0.689639
v -0.602341 -0.201213 -0.670011
v -0.717580 -0.173967 -0.622942
v -0.724138 -0.164390 -0.623217
v -0.678199 -0.151716 -0.678199
v -0.674501 -0.162083 -0.674501
v -0.745621 -0.207811 -0.570754
v -0.754042 -0.200480 -0.567563
v -0.754356 -0.258461 -0.525881
v -0.763356 -0.254493 -0.519710
v -0.742454 -0.318206 -0.495155
v -0.750664 -0.318206 -0.486944
v -0.711728 -0.377952 -0.483253
v -0.717898 -0.381919 -0.474252
v -0.666855 -0.428602 -0.491988
v -0.670045 -0.435932 -0.483566
v -0.614666 -0.462445 -0.520029
v -0.614391 -0.472022 -0.513470
v -0.563108 -0.474329 -0.563108
v -0.559409 -0.484696 -0.559409
v -0.520029 -0.462445 -0.614666
v -0.513470 -0.472022 -0.614391
v -0.491987 -0.428602 -0.666855
v -0.483566 -0.435932 -0.670045
v -0.483253 -0.377952 -0.711728
v -0.474252 -0.381919 -0.717898
v -0.495155 -0.318206 -0.742454
v -0.486944 -0.318206 -0.750665
v -0.525881 -0.258461 -0.754356
v -0.519710 -0.254493 -0.763357
v -0.570754 -0.207811 -0.745621
v -0.567563 -0.200480 -0.754042
v -0.622942 -0.173967 -0.717580
v -0.623217 -0.164390 -0.724138
v -0.687185 -0.176134 -0.603061
v -0.648892 -0.165570 -0.648892
v -0.712111 -0.206217 -0.556670
v -0.719875 -0.251241 -0.516782
v -0.709296 -0.304349 -0.489469
v -0.681983 -0.357457 -0.478890
v -0.642095 -0.402480 -0.486654
v -0.595704 -0.432564 -0.511580
v -0.549874 -0.443128 -0.549874
v -0.511580 -0.432564 -0.595704
v -0.486654 -0.402481 -0.642095
v -0.478890 -0.357457 -0.681983
v -0.489469 -0.304349 -0.709296
v -0.516782 -0.251241 -0.719876
v -0.556670 -0.206217 -0.712111
v -0.603061 -0.176134 -0.687185
v -0.653972 -0.189769 -0.586303
v -0.623169 -0.181272 -0.623169
v -0.674023 -0.213969 -0.548986
v -0.680268 -0.250185 -0.516900
v -0.671758 -0.292906 -0.494930
v -0.649788 -0.335626 -0.486420
v -0.617702 -0.371842 -0.492665
v -0.580385 -0.396042 -0.512716
v -0.543519 -0.404539 -0.543519
v -0.512716 -0.396042 -0.580385
v -0.492665 -0.371843 -0.617702
v -0.486420 -0.335626 -0.649788
v -0.494930 -0.292906 -0.671758
v -0.516900 -0.250185 -0.680269
v -0.548986 -0.213969 -0.674023
v -0.586303 -0.189769 -0.653972
v 0.631208 -0.061394 0.631208
v 0.639208 -0.192715 0.639208
v 0.689639 -0.077513 0.561276
v 0.670011 -0.201213 0.602342
v 0.727674 -0.123417 0.490489
v 0.690061 -0.225412 0.565025
v 0.739521 -0.192118 0.429624
v 0.696307 -0.261628 0.532939
v 0.723378 -0.273155 0.387948
v 0.687797 -0.304349 0.510969
v 0.681701 -0.354192 0.371804
v 0.665826 -0.347069 0.502458
v 0.620837 -0.422892 0.383652
v 0.633740 -0.383286 0.508704
v 0.550050 -0.468796 0.421687
v 0.596424 -0.407485 0.528755
v 0.480118 -0.484916 0.480118
v 0.559558 -0.415983 0.559558
v 0.421686 -0.468796 0.550050
v 0.528754 -0.407485 0.596424
v 0.383652 -0.422892 0.620837
v 0.508704 -0.383286 0.633741
v 0.371804 -0.354192 0.681702
v 0.502458 -0.347069 0.665826
v 0.387947 -0.273155 0.723378
v 0.510968 -0.304349 0.687797
v 0.429624 -0.192117 0.739521
v 0.532939 -0.261628 0.696307
v 0.490488 -0.123417 0.727674
v 0.565025 -0.225412 0.690062
v 0.561275 -0.077513 0.689639
v 0.602341 -0.201213 0.670011
v 0.717580 -0.173967 0.622942
v 0.724138 -0.164390 0.623217
v 0.678199 -0.151716 0.678199
v 0.674501 -0.162083 0.674501
v 0.745621 -0.207811 0.570754
v 0.754042 -0.200480 0.567563
v 0.754356 -0.258460 0.525881
v 0.763356 -0.254493 0.519711
v 0.742454 -0.318206 0.495155
v 0.750664 -0.318206 0.486944
v 0.711727 -0.377952 0.483253
v 0.717898 -0.381919 0.474252
v 0.666855 -0.428602 0.491988
v 0.670045 -0.435932 0.483567
v 0.614666 -0.462445 0.520029
v 0.614391 -0.472022 0.513470
v 0.563108 -0.474329 0.563108
v 0.559409 -0.484695 0.559409
v 0.520029 -0.462445 0.614666
v 0.513470 -0.472022 0.614391
v 0.491987 -0.428602 0.666855
v 0.483566 -0.435932 0.670045
v 0.483253 -0.377952 0.711728
v 0.474252 -0.381919 0.717898
v 0.495155 -0.318206 0.742454
v 0.486944 -0.318206 0.750664
v 0.525881 -0.258460 0.754356
v 0.519710 -0.254493 0.763357
v 0.570754 -0.207811 0.745621
v 0.567563 -0.200480 0.754042
v 0.622942 -0.173967 0.717580
v 0.623217 -0.164390 0.724138
v 0.687185 -0.176134 0.603061
v 0.648891 -0.165570 0.648892
v 0.712111 -0.206217 0.556671
v 0.719876 -0.251240 0.516782
v 0.709296 -0.304349 0.489470
v 0.681983 -0.357457 0.478890
v 0.642095 -0.402480 0.486654
v 0.595704 -0.432564 0.511581
v 0.549874 -0.443128 0.549874
v 0.511580 -0.432564 0.595704
v 0.486654 -0.402480 0.642095
v 0.478890 -0.357457 0.681983
v 0.489469 -0.304349 0.709296
v 0.516782 -0.251240 0.719876
v 0.556670 -0.206217 0.712111
v 0.603061 -0.176134 0.687185
v 0.653972 -0.189769 0.586303
v 0.623169 -0.181272 0.623169
v 0.674023 -0.213968 0.548986
v 0.680268 -0.250185 0.516901
v 0.671758 -0.292905 0.494930
v 0.649788 -0.335626 0.486420
v 0.617702 -0.371842 0.492665
v 0.580385 -0.396041 0.512716
v 0.543519 -0.404539 0.543519
v 0.512716 -0.396041 0.580385
v 0.492665 -0.371842 0.617702
v 0.486420 -0.335626 0.649788
v 0.494930 -0.292905 0.671758
v 0.516900 -0.250185 0.680269
v 0.548986 -0.213968 0.674023
v 0.586303 -0.189769 0.653972
v 0.000000 -0.061394 0.892663
v 0.000000 -0.192715 0.903976
v 0.090767 -0.077513 0.884530
v 0.047849 -0.201213 0.899689
v 0.167715 -0.123417 0.861371
v 0.088414 -0.225412 0.887480
v 0.219130 -0.192117 0.826711
v 0.115519 -0.261628 0.869208
v 0.237185 -0.273155 0.785826
v 0.125037 -0.304349 0.847655
v 0.219130 -0.354192 0.744941
v 0.115519 -0.347069 0.826102
v 0.167715 -0.422892 0.710281
v 0.088414 -0.383286 0.807830
v 0.090767 -0.468796 0.687122
v 0.047849 -0.407485 0.795621
v 0.000000 -0.484916 0.678989
v 0.000000 -0.415983 0.791334
v -0.090767 -0.468796 0.687122
v -0.047849 -0.407485 0.795621
v -0.167715 -0.422892 0.710281
v -0.088414 -0.383286 0.807830
v -0.219130 -0.354192 0.744941
v -0.115519 -0.347069 0.826102
v -0.237185 -0.273155 0.785826
v -0.125037 -0.304349 0.847655
v -0.219130 -0.192117 0.826711
v -0.115519 -0.261628 0.869208
v -0.167715 -0.123417 0.861371
v -0.088414 -0.225412 0.887480
v -0.090767 -0.077513 0.884530
v -0.047849 -0.201213 0.899689
v 0.066919 -0.173967 0.947892
v 0.071362 -0.164389 0.952724
v -0.000000 -0.151716 0.959118
v 0.000000 -0.162083 0.953888
v 0.123650 -0.207810 0.930818
v 0.131860 -0.200480 0.934516
v 0.161556 -0.258460 0.905264
v 0.172284 -0.254493 0.907265
v 0.174867 -0.318206 0.875122
v 0.186478 -0.318206 0.875121
v 0.161556 -0.377952 0.844979
v 0.172284 -0.381919 0.842977
v 0.123650 -0.428602 0.819425
v 0.131860 -0.435932 0.815727
v 0.066919 -0.462445 0.802351
v 0.071362 -0.472022 0.797518
v 0.000000 -0.474329 0.796355
v -0.000000 -0.484695 0.791124
v -0.066919 -0.462445 0.802351
v -0.071362 -0.472022 0.797518
v -0.123650 -0.428602 0.819425
v -0.131860 -0.435932 0.815727
v -0.161556 -0.377952 0.844979
v -0.172284 -0.381919 0.842977
v -0.174867 -0.318206 0.875122
v -0.186479 -0.318206 0.875121
v -0.161556 -0.258460 0.905264
v -0.172284 -0.254493 0.907265
v -0.123650 -0.207810 0.930818
v -0.131860 -0.200480 0.934516
v -0.066919 -0.173967 0.947892
v -0.071362 -0.164389 0.952724
v 0.059485 -0.176134 0.912342
v 0.000000 -0.165570 0.917671
v 0.109913 -0.206217 0.897164
v 0.143609 -0.251240 0.874449
v 0.155441 -0.304349 0.847655
v 0.143609 -0.357457 0.820861
v 0.109913 -0.402480 0.798146
v 0.059485 -0.432564 0.782969
v -0.000000 -0.443128 0.777639
v -0.059485 -0.432564 0.782969
v -0.109913 -0.402480 0.798146
v -0.143609 -0.357457 0.820861
v -0.155441 -0.304349 0.847655
v -0.143609 -0.251240 0.874449
v -0.109913 -0.206217 0.897164
v -0.059485 -0.176134 0.912342
v 0.047849 -0.189769 0.877007
v 0.000000 -0.181272 0.881294
v 0.088414 -0.213968 0.864798
v 0.115519 -0.250185 0.846526
v 0.125037 -0.292905 0.824973
v 0.115519 -0.335626 0.803420
v 0.088414 -0.371842 0.785148
v 0.047849 -0.396041 0.772939
v 0.000000 -0.404539 0.768652
v -0.047849 -0.396041 0.772939
v -0.088414 -0.371842 0.785148
v -0.115519 -0.335626 0.803420
v -0.125037 -0.292905 0.824973
v -0.115519 -0.250185 0.846526
v -0.088414 -0.213968 0.864798
v -0.047849 -0.189769 0.877007
v -0.000000 0.755909 -0.514689
v 0.000000 0.811662 -0.506089
v 0.061992 0.763784 -0.496149
v 0.044527 0.817319 -0.492773
v 0.100306 0.784402 -0.447613
v 0.072046 0.832128 -0.457911
v 0.100305 0.809887 -0.387619
v 0.072046 0.850433 -0.414819
v 0.061992 0.830505 -0.339083
v 0.044527 0.865242 -0.379957
v 0.000000 0.838380 -0.320544
v 0.000000 0.870899 -0.366641
v -0.061992 0.830505 -0.339083
v -0.044527 0.865242 -0.379957
v -0.100305 0.809887 -0.387619
v -0.072046 0.850433 -0.414819
v -0.100305 0.784402 -0.447613
v -0.072046 0.832128 -0.457911
v -0.061992 0.763784 -0.496149
v -0.044527 0.817319 -0.492773
v 0.054135 0.812149 -0.504944
v 0.000000 0.805272 -0.521133
v 0.087591 0.830153 -0.462560
v 0.087591 0.852408 -0.410170
v 0.054135 0.870413 -0.367786
v 0.000000 0.877290 -0.351597
v -0.054134 0.870412 -0.367786
v -0.087591 0.852408 -0.410170
v -0.087591 0.830153 -0.462560
v -0.054134 0.812149 -0.504944
v 0.044527 0.802115 -0.486314
v 0.000000 0.796458 -0.499630
v 0.072046 0.816924 -0.451452
v 0.072046 0.835229 -0.408360
v 0.044527 0.850038 -0.373498
v 0.000000 0.855694 -0.360182
v -0.044527 0.850038 -0.373498
v -0.072046 0.835229 -0.408360
v -0.072046 0.816924 -0.451452
v -0.044527 0.802115 -0.486314
vn -0.3066 0.5320 0.7893
vn -0.0404 0.3594 0.9323
vn -0.3171 -0.9379 -0.1405
vn -0.5694 -0.7743 -0.2761
vn -0.7864 -0.5294 -0.3184
vn -0.9350 -0.2405 -0.2608
vn -0.9925 0.0484 -0.1122
vn -0.9503 0.2933 0.1047
vn -0.8147 0.4569 0.3571
vn -0.6064 0.5144 0.6064
vn -0.3571 0.4569 0.8147
vn -0.1047 0.2933 0.9503
vn 0.1122 0.0484 0.9925
vn 0.2608 -0.2405 0.9350
vn 0.3184 -0.5294 0.7864
vn 0.2761 -0.7743 0.5694
vn 0.3185 -0.8928 -0.3185
vn 0.5649 -0.8248 -0.0237
vn 0.1405 -0.9379 0.3171
vn -0.0678 -0.9954 0.0678
vn -0.5696 0.5926 0.5696
vn -0.7893 0.5320 0.3066
vn 0.1885 0.1011 0.9769
vn 0.3452 -0.2037 0.9162
vn 0.4059 -0.5084 0.7594
vn 0.3614 -0.7668 0.5306
vn 0.2183 -0.9394 0.2644
vn -0.0014 -1.0000 0.0014
vn -0.2644 -0.9394 -0.2183
vn -0.5306 -0.7668 -0.3614
vn -0.7594 -0.5084 -0.4059
vn -0.9162 -0.2037 -0.3452
vn -0.9769 0.1011 -0.1885
vn -0.9323 0.3594 0.0404
vn -0.6313 -0.4504 0.6313
vn -0.6313 -0.4505 0.6313
vn -0.0237 0.8248 0.5649
vn -0.3185 0.8928 0.3185
vn -0.2748 -0.6313 -0.7252
vn 0.0237 -0.8248 -0.5649
vn 0.2748 0.6313 0.7252
vn -0.5314 -0.3417 -0.7752
vn 0.5314 0.3417 0.7752
vn -0.7071 -0.0000 -0.7071
vn 0.7071 -0.0000 0.7071
vn -0.7752 0.3417 -0.5314
vn 0.7752 -0.3417 0.5314
vn -0.7252 0.6313 -0.2748
vn 0.7252 -0.6313 0.2748
vn -0.5649 0.8248 0.0237
vn 0.3413 -0.5320 -0.7749
vn 0.6307 -0.3594 -0.6878
vn -0.3236 0.9379 -0.1248
vn -0.5979 0.7743 -0.2074
vn -0.7812 0.5294 -0.3309
vn -0.8455 0.2405 -0.4767
vn -0.7812 -0.0484 -0.6224
vn -0.5979 -0.2933 -0.7460
vn -0.3236 -0.4569 -0.8286
vn -0.0000 -0.5144 -0.8575
vn 0.3236 -0.4569 -0.8286
vn 0.5979 -0.2933 -0.7460
vn 0.7812 -0.0484 -0.6224
vn 0.8455 0.2405 -0.4767
vn 0.7812 0.5294 -0.3309
vn 0.5979 0.7743 -0.2074
vn -0.0000 0.8928 0.4504
vn 0.3827 0.8248 0.4161
vn 0.3236 0.9379 -0.1248
vn -0.0000 0.9954 -0.0958
vn -0.0000 -0.5926 -0.8055
vn -0.3413 -0.5320 -0.7749
vn 0.8240 -0.1011 -0.5575
vn 0.8919 0.2037 -0.4037
vn 0.8240 0.5084 -0.2500
vn 0.6307 0.7668 -0.1196
vn 0.3413 0.9394 -0.0325
vn -0.0000 1.0000 -0.0020
vn -0.3413 0.9394 -0.0325
vn -0.6307 0.7668 -0.1196
vn -0.8240 0.5084 -0.2500
vn -0.8919 0.2037 -0.4037
vn -0.8240 -0.1011 -0.5575
vn -0.6307 -0.3594 -0.6878
vn -0.0000 0.4504 -0.8928
vn -0.0000 0.4505 -0.8928
vn 0.3827 -0.8248 -0.4161
vn -0.0000 -0.8928 -0.4504
vn -0.7071 0.6313 0.3185
vn -0.3827 0.8248 0.4161
vn 0.7071 -0.6313 -0.3185
vn -0.9239 0.3417 0.1724
vn 0.9239 -0.3417 -0.1724
vn -1.0000 -0.0000 -0.0000
vn 1.0000 -0.0000 -0.0000
vn -0.9239 -0.3417 -0.1724
vn 0.9239 0.3417 0.1724
vn -0.7071 -0.6313 -0.3185
vn 0.7071 0.6313 0.3185
vn -0.3827 -0.8248 -0.4161
vn -0.3066 -0.5320 -0.7893
vn -0.0404 -0.3594 -0.9323
vn -0.3171 0.9379 0.1405
vn -0.5694 0.7743 0.2761
vn -0.7864 0.5294 0.3184
vn -0.9350 0.2405 0.2608
vn -0.9925 -0.0484 0.1122
vn -0.9503 -0.2933 -0.1047
vn -0.8147 -0.4569 -0.3571
vn -0.6064 -0.5144 -0.6064
vn -0.3571 -0.4569 -0.8147
vn -0.1047 -0.2933 -0.9503
vn 0.1122 -0.0484 -0.9925
vn 0.2608 0.2405 -0.9350
vn 0.3184 0.5294 -0.7864
vn 0.2761 0.7743 -0.5694
vn 0.3185 0.8928 0.3185
vn 0.5649 0.8248 0.0237
vn 0.1405 0.9379 -0.3171
vn -0.0678 0.9954 -0.0678
vn -0.5696 -0.5926 -0.5696
vn -0.7893 -0.5320 -0.3066
vn 0.1885 -0.1011 -0.9769
vn 0.3452 0.2037 -0.9162
vn 0.4059 0.5084 -0.7594
vn 0.3614 0.7668 -0.5306
vn 0.2183 0.9394 -0.2644
vn -0.0014 1.0000 -0.0014
vn -0.2644 0.9394 0.2183
vn -0.5306 0.7668 0.3614
vn -0.7594 0.5084 0.4059
vn -0.9162 0.2037 0.3452
vn -0.9769 -0.1011 0.1885
vn -0.9323 -0.3594 -0.0404
vn -0.6313 0.4504 -0.6313
vn -0.6313 0.4505 -0.6313
vn -0.0237 -0.8248 -0.5649
vn -0.3185 -0.8928 -0.3185
vn -0.2748 0.6313 0.7252
vn 0.0237 0.8248 0.5649
vn 0.2748 -0.6313 -0.7252
vn -0.5314 0.3417 0.7752
vn 0.5314 -0.3417 -0.7752
vn -0.7071 -0.0000 0.7071
vn 0.7071 -0.0000 -0.7071
vn -0.7752 -0.3417 0.5314
vn 0.7752 0.3417 -0.5314
vn -0.7252 -0.6313 0.2748
vn 0.7252 0.6313 -0.2748
vn -0.5649 -0.8248 -0.0237
vn 0.7893 -0.5320 -0.3066
vn 0.9323 -0.3594 -0.0404
vn -0.1405 0.9379 -0.3171
vn -0.2761 0.7743 -0.5694
vn -0.3184 0.5294 -0.7864
vn -0.2608 0.2405 -0.9350
vn -0.1122 -0.0484 -0.9925
vn 0.1047 -0.2933 -0.9503
vn 0.3571 -0.4569 -0.8147
vn 0.6064 -0.5144 -0.6064
vn 0.8147 -0.4569 -0.3571
vn 0.9503 -0.2933 -0.1047
vn 0.9925 -0.0484 0.1122
vn 0.9350 0.2405 0.2608
vn 0.7864 0.5294 0.3184
vn 0.5694 0.7743 0.2761
vn 0.3171 0.9379 0.1405
vn 0.0678 0.9954 -0.0678
vn 0.5696 -0.5926 -0.5696
vn 0.3066 -0.5320 -0.7893
vn 0.9769 -0.1011 0.1885
vn 0.9162 0.2037 0.3452
vn 0.7594 0.5084 0.4059
vn 0.5306 0.7668 0.3614
vn 0.2644 0.9394 0.2183
vn 0.0014 1.0000 -0.0014
vn -0.2183 0.9394 -0.2644
vn -0.3614 0.7668 -0.5306
vn -0.4059 0.5084 -0.7594
vn -0.3452 0.2037 -0.9162
vn -0.1885 -0.1011 -0.9769
vn 0.0404 -0.3594 -0.9323
vn 0.6313 0.4504 -0.6313
vn 0.6313 0.4505 -0.6313
vn -0.7893 -0.5320 0.3066
vn -0.9323 -0.3594 0.0404
vn 0.1405 0.9379 0.3171
vn 0.2761 0.7743 0.5694
vn 0.3184 0.5294 0.7864
vn 0.2608 0.2405 0.9350
vn 0.1122 -0.0484 0.9925
vn -0.1047 -0.2933 0.9503
vn -0.3571 -0.4569 0.8147
vn -0.6064 -0.5144 0.6064
vn -0.8147 -0.4569 0.3571
vn -0.9503 -0.2933 0.1047
vn -0.9925 -0.0484 -0.1122
vn -0.9350 0.2405 -0.2608
vn -0.7864 0.5294 -0.3184
vn -0.5694 0.7743 -0.2761
vn 0.3185 0.8928 -0.3185
vn 0.0237 0.8248 -0.5649
vn -0.3171 0.9379 -0.1405
vn -0.0678 0.9954 0.0678
vn -0.5696 -0.5926 0.5696
vn -0.3066 -0.5320 0.7893
vn -0.9769 -0.1011 -0.1885
vn -0.9162 0.2037 -0.3452
vn -0.7594 0.5084 -0.4059
vn -0.5306 0.7668 -0.3614
vn -0.2644 0.9394 -0.2183
vn -0.0014 1.0000 0.0014
vn 0.2183 0.9394 0.2644
vn 0.3614 0.7668 0.5306
vn 0.4059 0.5084 0.7594
vn 0.3452 0.2037 0.9162
vn 0.1885 -0.1011 0.9769
vn -0.0404 -0.3594 0.9323
vn -0.6313 0.4504 0.6313
vn -0.6313 0.4505 0.6313
vn -0.5649 -0.8248 0.0237
vn -0.3185 -0.8928 0.3185
vn 0.7252 0.6313 0.2748
vn 0.5649 0.8248 -0.0237
vn -0.7252 -0.6313 -0.2748
vn 0.7752 0.3417 0.5314
vn -0.7752 -0.3417 -0.5314
vn 0.5314 -0.3417 0.7752
vn -0.5314 0.3417 -0.7752
vn 0.2748 -0.6313 0.7252
vn -0.2748 0.6313 -0.7252
vn -0.0237 -0.8248 0.5649
vn 0.3066 -0.5320 0.7893
vn 0.0404 -0.3594 0.9323
vn 0.3171 0.9379 -0.1405
vn 0.5694 0.7743 -0.2761
vn 0.7864 0.5294 -0.3184
vn 0.9350 0.2405 -0.2608
vn 0.9925 -0.0484 -0.1122
vn 0.9503 -0.2933 0.1047
vn 0.8147 -0.4569 0.3571
vn 0.6064 -0.5144 0.6064
vn 0.3571 -0.4569 0.8147
vn 0.1047 -0.2933 0.9503
vn -0.1122 -0.0484 0.9925
vn -0.2608 0.2405 0.9350
vn -0.3184 0.5294 0.7864
vn -0.2761 0.7743 0.5694
vn -0.3185 0.8928 -0.3185
vn -0.5649 0.8248 -0.0237
vn -0.1405 0.9379 0.3171
vn 0.0678 0.9954 0.0678
vn 0.5696 -0.5926 0.5696
vn 0.7893 -0.5320 0.3066
vn -0.1885 -0.1011 0.9769
vn -0.3452 0.2037 0.9162
vn -0.4059 0.5084 0.7594
vn -0.3614 0.7668 0.5306
vn -0.2183 0.9394 0.2644
vn 0.0014 1.0000 0.0014
vn 0.2644 0.9394 -0.2183
vn 0.5306 0.7668 -0.3614
vn 0.7594 0.5084 -0.4059
vn 0.9162 0.2037 -0.3452
vn 0.9769 -0.1011 -0.1885
vn 0.9323 -0.3594 0.0404
vn 0.6313 0.4504 0.6313
vn 0.6313 0.4505 0.6313
vn 0.0237 -0.8248 0.5649
vn 0.3185 -0.8928 0.3185
vn 0.2748 0.6313 -0.7252
vn -0.0237 0.8248 -0.5649
vn -0.2748 -0.6313 0.7252
vn 0.5314 0.3417 -0.7752
vn -0.5314 -0.3417 0.7752
vn 0.7752 -0.3417 -0.5314
vn -0.7752 0.3417 0.5314
vn 0.7252 -0.6313 -0.2748
vn -0.7252 0.6313 0.2748
vn 0.5649 -0.8248 0.0237
vn -0.3413 -0.5320 0.7749
vn -0.6307 -0.3594 0.6878
vn 0.3236 0.9379 0.1248
vn 0.5979 0.7743 0.2074
vn 0.7812 0.5294 0.3309
vn 0.8455 0.2405 0.4767
vn 0.7812 -0.0484 0.6224
vn 0.5979 -0.2933 0.7460
vn 0.3236 -0.4569 0.8286
vn -0.0000 -0.5144 0.8576
vn -0.3236 -0.4569 0.8286
vn -0.5979 -0.2933 0.7460
vn -0.7812 -0.0484 0.6224
vn -0.8455 0.2405 0.4767
vn -0.7812 0.5294 0.3309
vn -0.5979 0.7743 0.2074
vn -0.0000 0.8928 -0.4504
vn -0.3827 0.8248 -0.4161
vn -0.3236 0.9379 0.1248
vn -0.0000 0.9954 0.0958
vn -0.0000 -0.5926 0.8055
vn 0.3413 -0.5320 0.7749
vn -0.8240 -0.1011 0.5575
vn -0.8919 0.2037 0.4037
vn -0.8240 0.5084 0.2500
vn -0.6307 0.7668 0.1196
vn -0.3413 0.9394 0.0325
vn -0.0000 1.0000 0.0020
vn 0.3413 0.9394 0.0325
vn 0.6307 0.7668 0.1196
vn 0.8240 0.5084 0.2500
vn 0.8919 0.2037 0.4037
vn 0.8240 -0.1011 0.5575
vn 0.6307 -0.3594 0.6878
vn -0.0000 0.4504 0.8928
vn -0.0000 0.4505 0.8928
vn -0.3827 -0.8248 0.4161
vn -0.0000 -0.8928 0.4504
vn 0.7071 0.6313 -0.3185
vn 0.3827 0.8248 -0.4161
vn -0.7071 -0.6313 0.3185
vn 0.9239 0.3417 -0.1724
vn -0.9239 -0.3417 0.1724
vn 0.9239 -0.3417 0.1724
vn -0.9239 0.3417 -0.1724
vn 0.7071 -0.6313 0.3185
vn -0.7071 0.6313 -0.3185
vn 0.3827 -0.8248 0.4161
vn 0.7749 -0.5320 0.3413
vn 0.6878 -0.3594 0.6307
vn 0.1248 0.9379 -0.3236
vn 0.2074 0.7743 -0.5979
vn 0.3309 0.5294 -0.7812
vn 0.4767 0.2405 -0.8455
vn 0.6224 -0.0484 -0.7812
vn 0.7460 -0.2933 -0.5979
vn 0.8286 -0.4569 -0.3236
vn 0.8575 -0.5144 -0.0000
vn 0.8286 -0.4569 0.3236
vn 0.7460 -0.2933 0.5979
vn 0.6224 -0.0484 0.7812
vn 0.4767 0.2405 0.8455
vn 0.3309 0.5294 0.7812
vn 0.2074 0.7743 0.5979
vn -0.4504 0.8928 -0.0000
vn -0.4161 0.8248 0.3827
vn 0.1248 0.9379 0.3236
vn 0.0958 0.9954 -0.0000
vn 0.8055 -0.5926 -0.0000
vn 0.7749 -0.5320 -0.3413
vn 0.5575 -0.1011 0.8240
vn 0.4037 0.2037 0.8919
vn 0.2500 0.5084 0.8240
vn 0.1196 0.7668 0.6307
vn 0.0325 0.9394 0.3413
vn 0.0020 1.0000 -0.0000
vn 0.0325 0.9394 -0.3413
vn 0.1196 0.7668 -0.6307
vn 0.2500 0.5084 -0.8240
vn 0.4037 0.2037 -0.8919
vn 0.5575 -0.1011 -0.8240
vn 0.6878 -0.3594 -0.6307
vn 0.8928 0.4504 -0.0000
vn 0.8928 0.4505 -0.0000
vn 0.4161 -0.8248 0.3827
vn 0.4504 -0.8928 -0.0000
vn -0.3185 0.6313 -0.7071
vn -0.4161 0.8248 -0.3827
vn 0.3185 -0.6313 0.7071
vn -0.1724 0.3417 -0.9239
vn 0.1724 -0.3417 0.9239
vn -0.0000 -0.0000 -1.0000
vn -0.0000 -0.0000 1.0000
vn 0.1724 -0.3417 -0.9239
vn -0.1724 0.3417 0.9239
vn 0.3185 -0.6313 -0.7071
vn -0.3185 0.6313 0.7071
vn 0.4161 -0.8248 -0.3827
vn -0.3413 0.5320 -0.7749
vn -0.6307 0.3594 -0.6878
vn 0.3236 -0.9379 -0.1248
vn 0.5979 -0.7743 -0.2074
vn 0.7812 -0.5294 -0.3309
vn 0.8455 -0.2405 -0.4767
vn 0.7812 0.0484 -0.6224
vn 0.5979 0.2933 -0.7460
vn 0.3236 0.4569 -0.8286
vn -0.0000 0.5144 -0.8575
vn -0.3236 0.4569 -0.8286
vn -0.5979 0.2933 -0.7460
vn -0.7812 0.0484 -0.6224
vn -0.8455 -0.2405 -0.4767
vn -0.7812 -0.5294 -0.3309
vn -0.5979 -0.7743 -0.2074
vn -0.3827 -0.8248 0.4162
vn -0.3236 -0.9379 -0.1248
vn -0.0000 -0.9954 -0.0958
vn -0.0000 0.5926 -0.8055
vn 0.3413 0.5320 -0.7749
vn -0.8240 0.1011 -0.5575
vn -0.8919 -0.2037 -0.4037
vn -0.8240 -0.5084 -0.2500
vn -0.6307 -0.7668 -0.1196
vn -0.3413 -0.9394 -0.0325
vn -0.0000 -1.0000 -0.0020
vn 0.3413 -0.9394 -0.0325
vn 0.6307 -0.7668 -0.1196
vn 0.8240 -0.5084 -0.2500
vn 0.8919 -0.2037 -0.4037
vn 0.8240 0.1011 -0.5575
vn 0.6307 0.3594 -0.6878
vn -0.0000 -0.4504 -0.8928
vn -0.0000 -0.4505 -0.8928
vn 0.3066 0.5320 -0.7893
vn 0.0404 0.3594 -0.9323
vn 0.3171 -0.9379 0.1405
vn 0.5694 -0.7743 0.2761
vn 0.7864 -0.5294 0.3184
vn 0.9350 -0.2405 0.2608
vn 0.9925 0.0484 0.1122
vn 0.9503 0.2933 -0.1047
vn 0.8147 0.4569 -0.3571
vn 0.6064 0.5144 -0.6064
vn 0.3571 0.4569 -0.8147
vn 0.1047 0.2933 -0.9503
vn -0.1122 0.0484 -0.9925
vn -0.2608 -0.2405 -0.9350
vn -0.3184 -0.5294 -0.7864
vn -0.2761 -0.7743 -0.5694
vn -0.1405 -0.9379 -0.3171
vn 0.0678 -0.9954 -0.0678
vn 0.5696 0.5926 -0.5696
vn 0.7893 0.5320 -0.3066
vn -0.1885 0.1011 -0.9769
vn -0.3452 -0.2037 -0.9162
vn -0.4059 -0.5084 -0.7594
vn -0.3614 -0.7668 -0.5306
vn -0.2183 -0.9394 -0.2644
vn 0.0014 -1.0000 -0.0014
vn 0.2644 -0.9394 0.2183
vn 0.5306 -0.7668 0.3614
vn 0.7594 -0.5084 0.4059
vn 0.9162 -0.2037 0.3452
vn 0.9769 0.1011 0.1885
vn 0.9323 0.3594 -0.0404
vn 0.6313 -0.4504 -0.6313
vn 0.6313 -0.4505 -0.6313
vn -0.7893 0.5320 -0.3066
vn -0.9323 0.3594 -0.0404
vn 0.1405 -0.9379 -0.3171
vn 0.2761 -0.7743 -0.5694
vn 0.3184 -0.5294 -0.7864
vn 0.2608 -0.2405 -0.9350
vn 0.1122 0.0484 -0.9925
vn -0.1047 0.2933 -0.9503
vn -0.3571 0.4569 -0.8147
vn -0.6064 0.5144 -0.6064
vn -0.8147 0.4569 -0.3571
vn -0.9503 0.2933 -0.1047
vn -0.9925 0.0484 0.1122
vn -0.9350 -0.2405 0.2608
vn -0.7864 -0.5294 0.3184
vn -0.5694 -0.7743 0.2761
vn -0.3171 -0.9379 0.1405
vn -0.0678 -0.9954 -0.0678
vn -0.5696 0.5926 -0.5696
vn -0.3066 0.5320 -0.7893
vn -0.9769 0.1011 0.1885
vn -0.9162 -0.2037 0.3452
vn -0.7594 -0.5084 0.4059
vn -0.5306 -0.7668 0.3614
vn -0.2644 -0.9394 0.2183
vn -0.0014 -1.0000 -0.0014
vn 0.2183 -0.9394 -0.2644
vn 0.3614 -0.7668 -0.5306
vn 0.4059 -0.5084 -0.7594
vn 0.3452 -0.2037 -0.9162
vn 0.1885 0.1011 -0.9769
vn -0.0404 0.3594 -0.9323
vn -0.6313 -0.4504 -0.6313
vn -0.6313 -0.4505 -0.6313
vn 0.7893 0.5320 0.3066
vn 0.9323 0.3594 0.0404
vn -0.1405 -0.9379 0.3171
vn -0.2761 -0.7743 0.5694
vn -0.3184 -0.5294 0.7864
vn -0.2608 -0.2405 0.9350
vn -0.1122 0.0484 0.9925
vn 0.1047 0.2933 0.9503
vn 0.3571 0.4569 0.8147
vn 0.6064 0.5144 0.6064
vn 0.8147 0.4569 0.3571
vn 0.9503 0.2933 0.1047
vn 0.9925 0.0484 -0.1122
vn 0.9350 -0.2405 -0.2608
vn 0.7864 -0.5294 -0.3184
vn 0.5694 -0.7743 -0.2761
vn 0.3171 -0.9379 -0.1405
vn 0.0678 -0.9954 0.0678
vn 0.5696 0.5926 0.5696
vn 0.3066 0.5320 0.7893
vn 0.9769 0.1011 -0.1885
vn 0.9162 -0.2037 -0.3452
vn 0.7594 -0.5084 -0.4059
vn 0.5306 -0.7668 -0.3614
vn 0.2644 -0.9394 -0.2183
vn 0.0014 -1.0000 0.0014
vn -0.2183 -0.9394 0.2644
vn -0.3614 -0.7668 0.5306
vn -0.4059 -0.5084 0.7594
vn -0.3452 -0.2037 0.9162
vn -0.1885 0.1011 0.9769
vn 0.0404 0.3594 0.9323
vn 0.6313 -0.4504 0.6313
vn 0.6313 -0.4505 0.6313
vn 0.3413 0.5320 0.7749
vn 0.6307 0.3594 0.6878
vn -0.3236 -0.9379 0.1248
vn -0.5979 -0.7743 0.2074
vn -0.7812 -0.5294 0.3309
vn -0.8455 -0.2405 0.4767
vn -0.7812 0.0484 0.6224
vn -0.5979 0.2933 0.7460
vn -0.3236 0.4569 0.8286
vn -0.0000 0.5144 0.8575
vn 0.3236 0.4569 0.8286
vn 0.5979 0.2933 0.7460
vn 0.7812 0.0484 0.6224
vn 0.8455 -0.2405 0.4767
vn 0.7812 -0.5294 0.3309
vn 0.5979 -0.7743 0.2074
vn 0.3236 -0.9379 0.1248
vn -0.0000 -0.9954 0.0958
vn -0.0000 0.5926 0.8055
vn -0.3413 0.5320 0.7749
vn 0.8240 0.1011 0.5575
vn 0.8919 -0.2037 0.4037
vn 0.8240 -0.5084 0.2500
vn 0.6307 -0.7668 0.1196
vn 0.3413 -0.9394 0.0325
vn -0.0000 -1.0000 0.0020
vn -0.3413 -0.9394 0.0325
vn -0.6307 -0.7668 0.1196
vn -0.8240 -0.5084 0.2500
vn -0.8919 -0.2037 0.4037
vn -0.8240 0.1011 0.5575
vn -0.6307 0.3594 0.6878
vn -0.0000 -0.4504 0.8928
vn -0.0000 -0.4505 0.8928
vn -0.0000 -0.1295 -0.9916
vn 0.5662 -0.0575 -0.8223
vn 0.9161 0.1308 -0.3790
vn 0.9161 0.3635 0.1690
vn 0.5662 0.5519 0.6123
vn -0.0000 0.6238 0.7816
vn -0.5662 0.5519 0.6123
vn -0.9161 0.3635 0.1690
vn -0.9161 0.1308 -0.3790
vn -0.0000 0.3910 0.9204
vn 0.5878 0.3163 0.7446
vn -0.5662 -0.0575 -0.8223
vn -0.0000 0.9204 -0.3910
vn 0.9511 -0.1208 -0.2844
vn 0.5878 -0.3163 -0.7446
vn -0.5878 -0.3163 -0.7446
vn -0.9511 -0.1208 -0.2844
vn -0.5878 0.3163 0.7446
vn 0.9511 0.1208 0.2844
vn -0.0000 -0.3910 -0.9204
vn -0.9511 0.1208 0.2844
vt 0.856524 0.817606
vt 0.846559 0.823417
vt 0.841991 0.818653
vt 0.849174 0.809161
vt 0.019531 0.919302
vt 0.025450 0.922229
vt 0.024397 0.926513
vt 0.016835 0.922582
vt 0.032082 0.922369
vt 0.032863 0.926513
vt 0.038097 0.919818
vt 0.040526 0.923412
vt 0.042709 0.915224
vt 0.046253 0.917440
vt 0.045129 0.909193
vt 0.049138 0.909963
vt 0.045071 0.902758
vt 0.049243 0.901922
vt 0.042657 0.896787
vt 0.046073 0.894390
vt 0.038107 0.892232
vt 0.040269 0.888752
vt 0.032235 0.889931
vt 0.032879 0.885960
vt 0.026064 0.889974
vt 0.025163 0.886154
vt 0.020482 0.892360
vt 0.018267 0.889228
vt 0.016263 0.896599
vt 0.013152 0.894454
vt 0.013836 0.902140
vt 0.009972 0.901188
vt 0.018103 0.912836
vt 0.016548 0.907945
vt 0.018980 0.907654
vt 0.020297 0.911625
vt 0.013357 0.908362
vt 0.009470 0.908837
vt 0.015396 0.914366
vt 0.011779 0.916278
vt 0.860023 0.827771
vt 0.848946 0.829527
vt 0.859812 0.838494
vt 0.848685 0.835992
vt 0.838650 0.804067
vt 0.835946 0.816056
vt 0.829372 0.815819
vt 0.826916 0.804055
vt 0.823222 0.818178
vt 0.816468 0.808530
vt 0.818521 0.822707
vt 0.808723 0.816488
vt 0.815886 0.828666
vt 0.804624 0.826626
vt 0.815718 0.835268
vt 0.804624 0.837408
vt 0.818307 0.841339
vt 0.808494 0.847706
vt 0.822774 0.846079
vt 0.816238 0.855561
vt 0.828818 0.848589
vt 0.826416 0.860242
vt 0.835355 0.848778
vt 0.837793 0.860182
vt 0.841468 0.846402
vt 0.847913 0.855792
vt 0.846169 0.841907
vt 0.855372 0.848210
vt 0.847898 0.829705
vt 0.845662 0.823991
vt 0.841372 0.819546
vt 0.835714 0.817088
vt 0.829548 0.816874
vt 0.823791 0.819076
vt 0.819373 0.823304
vt 0.816921 0.828895
vt 0.816790 0.835063
vt 0.819189 0.840765
vt 0.823371 0.845211
vt 0.829038 0.847562
vt 0.835172 0.847716
vt 0.840903 0.845509
vt 0.845315 0.841313
vt 0.847676 0.835766
vt 0.021524 0.916749
vt 0.026217 0.919088
vt 0.031495 0.919184
vt 0.036314 0.917137
vt 0.039953 0.913405
vt 0.042011 0.908581
vt 0.041954 0.903355
vt 0.039975 0.898544
vt 0.036326 0.894912
vt 0.031650 0.892904
vt 0.026650 0.892934
vt 0.022129 0.894846
vt 0.018777 0.898345
vt 0.016808 0.902872
vt 0.037916 0.899954
vt 0.034979 0.896954
vt 0.023075 0.914743
vt 0.026831 0.916519
vt 0.031192 0.895301
vt 0.031001 0.916655
vt 0.027142 0.895252
vt 0.034874 0.915082
vt 0.023448 0.896747
vt 0.037836 0.912054
vt 0.020637 0.899578
vt 0.039509 0.908123
vt 0.019171 0.903415
vt 0.039508 0.903881
vt 0.911971 0.648115
vt 0.906037 0.638316
vt 0.910719 0.633707
vt 0.920163 0.640672
vt 0.933368 0.019742
vt 0.928547 0.015417
vt 0.930543 0.011797
vt 0.936865 0.017169
vt 0.922581 0.013446
vt 0.923025 0.009470
vt 0.916467 0.013828
vt 0.915411 0.010019
vt 0.910879 0.016448
vt 0.908474 0.013316
vt 0.906694 0.021069
vt 0.903306 0.019021
vt 0.904439 0.026810
vt 0.900554 0.026106
vt 0.904274 0.033051
vt 0.900432 0.033758
vt 0.906695 0.038906
vt 0.903293 0.041086
vt 0.911224 0.043367
vt 0.908922 0.046741
vt 0.917129 0.045693
vt 0.916306 0.049742
vt 0.923587 0.045662
vt 0.924398 0.049742
vt 0.929508 0.042945
vt 0.931879 0.046421
vt 0.933924 0.038254
vt 0.937553 0.040541
vt 0.932859 0.026434
vt 0.933206 0.031679
vt 0.930528 0.031213
vt 0.930529 0.026986
vt 0.936340 0.032206
vt 0.940393 0.032900
vt 0.936115 0.025663
vt 0.940246 0.024787
vt 0.901942 0.651830
vt 0.899991 0.640761
vt 0.891138 0.651886
vt 0.893441 0.640533
vt 0.924958 0.630297
vt 0.913240 0.627645
vt 0.913494 0.621098
vt 0.924958 0.618990
vt 0.910939 0.615029
vt 0.920917 0.608461
vt 0.906460 0.610302
vt 0.912836 0.600552
vt 0.900450 0.607645
vt 0.902733 0.596447
vt 0.893901 0.607594
vt 0.891688 0.596107
vt 0.887890 0.609969
vt 0.881424 0.600455
vt 0.883155 0.614463
vt 0.873829 0.608098
vt 0.880583 0.620475
vt 0.869305 0.618013
vt 0.880432 0.627028
vt 0.869224 0.628936
vt 0.882879 0.633132
vt 0.872930 0.639187
vt 0.887458 0.637803
vt 0.880605 0.647594
vt 0.899810 0.639726
vt 0.905454 0.637431
vt 0.909823 0.633102
vt 0.912210 0.627418
vt 0.912437 0.621291
vt 0.910058 0.615603
vt 0.905850 0.611169
vt 0.900226 0.608694
vt 0.894090 0.608619
vt 0.888448 0.610843
vt 0.884032 0.615072
vt 0.881607 0.620696
vt 0.881488 0.626838
vt 0.883769 0.632550
vt 0.888072 0.636926
vt 0.893688 0.639498
vt 0.930813 0.021620
vt 0.926948 0.018140
vt 0.922165 0.016430
vt 0.917221 0.016821
vt 0.912756 0.018955
vt 0.909246 0.022666
vt 0.907512 0.027456
vt 0.907389 0.032450
vt 0.909210 0.037217
vt 0.912963 0.040741
vt 0.917727 0.042521
vt 0.922884 0.042490
vt 0.927598 0.040298
vt 0.931204 0.036574
vt 0.909775 0.032021
vt 0.911385 0.035757
vt 0.928667 0.023173
vt 0.925672 0.020271
vt 0.914300 0.038654
vt 0.921849 0.018824
vt 0.918131 0.040210
vt 0.917816 0.019007
vt 0.922301 0.039946
vt 0.914165 0.020865
vt 0.926239 0.038358
vt 0.911474 0.024062
vt 0.929066 0.035227
vt 0.909798 0.027907
vt 0.264621 0.839105
vt 0.254941 0.845287
vt 0.250223 0.840728
vt 0.256911 0.831218
vt 0.217161 0.924421
vt 0.219411 0.930331
vt 0.216009 0.932555
vt 0.213183 0.925222
vt 0.223799 0.935065
vt 0.221428 0.938369
vt 0.229833 0.937746
vt 0.228831 0.941848
vt 0.236395 0.937755
vt 0.237209 0.942011
vt 0.242343 0.935344
vt 0.244706 0.938719
vt 0.246746 0.930915
vt 0.250126 0.933082
vt 0.249206 0.925229
vt 0.253079 0.925944
vt 0.249248 0.919040
vt 0.253071 0.918333
vt 0.246927 0.913241
vt 0.250366 0.911131
vt 0.242495 0.908682
vt 0.244917 0.905264
vt 0.236727 0.906049
vt 0.237608 0.902093
vt 0.230465 0.905731
vt 0.229895 0.901788
vt 0.224517 0.907863
vt 0.222329 0.904230
vt 0.220353 0.918798
vt 0.222324 0.914036
vt 0.224437 0.915537
vt 0.222624 0.919317
vt 0.219703 0.912176
vt 0.216239 0.909851
vt 0.217225 0.918144
vt 0.213183 0.917376
vt 0.268682 0.849144
vt 0.257564 0.851244
vt 0.268762 0.859723
vt 0.257730 0.857747
vt 0.246614 0.826865
vt 0.244099 0.838353
vt 0.237622 0.838521
vt 0.235296 0.826865
vt 0.231572 0.840901
vt 0.225187 0.831448
vt 0.226994 0.845674
vt 0.217485 0.839132
vt 0.224632 0.851825
vt 0.213183 0.849374
vt 0.224759 0.858303
vt 0.213200 0.860663
vt 0.227270 0.864345
vt 0.217843 0.870717
vt 0.232019 0.868880
vt 0.225463 0.878328
vt 0.238082 0.871274
vt 0.235548 0.882671
vt 0.244685 0.871166
vt 0.246812 0.882849
vt 0.250653 0.868502
vt 0.257517 0.878442
vt 0.255269 0.863862
vt 0.265171 0.869920
vt 0.256537 0.851474
vt 0.254074 0.845893
vt 0.249641 0.841637
vt 0.243915 0.839395
vt 0.237826 0.839526
vt 0.232172 0.841788
vt 0.227910 0.846256
vt 0.225676 0.852011
vt 0.225764 0.858090
vt 0.228167 0.863731
vt 0.232582 0.868002
vt 0.238269 0.870227
vt 0.244452 0.870108
vt 0.250066 0.867651
vt 0.254367 0.863267
vt 0.256696 0.857557
vt 0.220182 0.923873
vt 0.222092 0.928653
vt 0.225690 0.932420
vt 0.230540 0.934601
vt 0.235843 0.934603
vt 0.240640 0.932685
vt 0.244172 0.929129
vt 0.246152 0.924594
vt 0.246265 0.919608
vt 0.244305 0.914933
vt 0.240667 0.911234
vt 0.235939 0.909209
vt 0.230916 0.908799
vt 0.226132 0.910551
vt 0.243862 0.924078
vt 0.243876 0.920036
vt 0.222612 0.923451
vt 0.224198 0.927323
vt 0.242246 0.916284
vt 0.227159 0.930330
vt 0.239135 0.913405
vt 0.231120 0.931948
vt 0.235360 0.911459
vt 0.235379 0.932116
vt 0.231244 0.911227
vt 0.239302 0.930639
vt 0.227406 0.912663
vt 0.242301 0.927851
vt 0.021486 0.815406
vt 0.028082 0.824757
vt 0.023372 0.829275
vt 0.013936 0.823134
vt 0.932429 0.379169
vt 0.932254 0.372811
vt 0.936329 0.371994
vt 0.936329 0.379903
vt 0.929931 0.367000
vt 0.933298 0.364709
vt 0.925536 0.362329
vt 0.927781 0.359034
vt 0.919602 0.360004
vt 0.920443 0.355927
vt 0.913404 0.359913
vt 0.912585 0.355928
vt 0.907556 0.362191
vt 0.905246 0.358817
vt 0.902973 0.366657
vt 0.899510 0.364492
vt 0.900745 0.372621
vt 0.896704 0.371924
vt 0.900670 0.378981
vt 0.896693 0.379802
vt 0.902981 0.384996
vt 0.899601 0.387144
vt 0.907436 0.389636
vt 0.905028 0.392950
vt 0.913344 0.392102
vt 0.912418 0.396174
vt 0.919733 0.392111
vt 0.920596 0.396303
vt 0.927307 0.383325
vt 0.923801 0.386993
vt 0.922400 0.384991
vt 0.925354 0.382064
vt 0.925615 0.389597
vt 0.928044 0.392941
vt 0.929998 0.385025
vt 0.933445 0.387161
vt 0.031554 0.811064
vt 0.034156 0.822344
vt 0.042636 0.810899
vt 0.040699 0.822434
vt 0.009904 0.832886
vt 0.020685 0.835244
vt 0.020638 0.841790
vt 0.009470 0.843452
vt 0.023054 0.847896
vt 0.013125 0.853699
vt 0.027617 0.852589
vt 0.020560 0.861893
vt 0.033626 0.855216
vt 0.030726 0.866650
vt 0.040176 0.855271
vt 0.042155 0.867021
vt 0.046245 0.852951
vt 0.052416 0.862692
vt 0.050979 0.848365
vt 0.060423 0.855239
vt 0.053527 0.842338
vt 0.065178 0.844926
vt 0.053661 0.835778
vt 0.065178 0.833664
vt 0.051195 0.829704
vt 0.061205 0.823085
vt 0.046677 0.825037
vt 0.053050 0.815048
vt 0.034348 0.823386
vt 0.028653 0.825646
vt 0.024235 0.829884
vt 0.021726 0.835471
vt 0.021680 0.841595
vt 0.023959 0.847312
vt 0.028213 0.851729
vt 0.033851 0.854161
vt 0.039993 0.854240
vt 0.045676 0.852063
vt 0.050087 0.847755
vt 0.052499 0.842117
vt 0.052603 0.835974
vt 0.050317 0.830274
vt 0.046085 0.825892
vt 0.040477 0.823470
vt 0.929341 0.378607
vt 0.929267 0.373409
vt 0.927259 0.368721
vt 0.923726 0.364980
vt 0.918974 0.362977
vt 0.913950 0.363007
vt 0.909266 0.364820
vt 0.905604 0.368399
vt 0.903839 0.373202
vt 0.903785 0.378414
vt 0.905713 0.383291
vt 0.909278 0.386985
vt 0.913968 0.389041
vt 0.919084 0.388968
vt 0.907733 0.369800
vt 0.906221 0.373633
vt 0.926757 0.378133
vt 0.926828 0.373903
vt 0.906428 0.377897
vt 0.925323 0.370016
vt 0.907820 0.381929
vt 0.922260 0.367129
vt 0.910637 0.384958
vt 0.918464 0.365386
vt 0.914421 0.386606
vt 0.914378 0.365250
vt 0.918550 0.386595
vt 0.910598 0.366854
vt 0.872236 0.702161
vt 0.881789 0.708738
vt 0.879454 0.714887
vt 0.867933 0.712439
vt 0.712432 0.919623
vt 0.718303 0.922295
vt 0.717492 0.926369
vt 0.710078 0.922994
vt 0.724797 0.922332
vt 0.725638 0.926404
vt 0.730822 0.919967
vt 0.733085 0.923351
vt 0.735322 0.915267
vt 0.738862 0.917599
vt 0.737726 0.909384
vt 0.741764 0.910112
vt 0.737773 0.903111
vt 0.741764 0.902288
vt 0.735478 0.897189
vt 0.738900 0.894884
vt 0.730983 0.892488
vt 0.733241 0.889022
vt 0.724989 0.889972
vt 0.725750 0.886015
vt 0.718578 0.890069
vt 0.717800 0.886088
vt 0.712911 0.892668
vt 0.710569 0.889289
vt 0.708636 0.897032
vt 0.705291 0.894897
vt 0.706148 0.902767
vt 0.702322 0.901935
vt 0.710956 0.913273
vt 0.709144 0.908579
vt 0.711535 0.908170
vt 0.712918 0.912072
vt 0.706076 0.909054
vt 0.702016 0.909709
vt 0.708217 0.914897
vt 0.704764 0.917066
vt 0.879994 0.694438
vt 0.886284 0.703957
vt 0.889847 0.690262
vt 0.892270 0.701233
vt 0.867933 0.723794
vt 0.879681 0.721476
vt 0.882438 0.727428
vt 0.872530 0.734501
vt 0.887155 0.731935
vt 0.881207 0.742095
vt 0.893316 0.734277
vt 0.891604 0.745629
vt 0.899872 0.734029
vt 0.902620 0.745359
vt 0.905800 0.731411
vt 0.912577 0.740501
vt 0.910264 0.726730
vt 0.919624 0.732641
vt 0.912572 0.720666
vt 0.923603 0.722933
vt 0.912386 0.714168
vt 0.923730 0.712090
vt 0.909702 0.708206
vt 0.919580 0.701731
vt 0.904907 0.703731
vt 0.911436 0.693582
vt 0.898837 0.701237
vt 0.900678 0.689740
vt 0.886902 0.704821
vt 0.882691 0.709302
vt 0.880508 0.715061
vt 0.880720 0.721228
vt 0.883294 0.726817
vt 0.887723 0.731035
vt 0.893491 0.733215
vt 0.899634 0.732994
vt 0.905199 0.730552
vt 0.909383 0.726175
vt 0.911537 0.720492
vt 0.911357 0.714405
vt 0.908838 0.708826
vt 0.904328 0.704633
vt 0.898633 0.702265
vt 0.892497 0.702279
vt 0.714314 0.916999
vt 0.718976 0.919204
vt 0.724163 0.919149
vt 0.729024 0.917310
vt 0.732680 0.913535
vt 0.734706 0.908765
vt 0.734654 0.903670
vt 0.732799 0.898905
vt 0.729184 0.895095
vt 0.724335 0.893128
vt 0.719228 0.893190
vt 0.714603 0.895131
vt 0.711224 0.898773
vt 0.709207 0.903436
vt 0.730711 0.900268
vt 0.727674 0.897297
vt 0.715743 0.915030
vt 0.719540 0.916647
vt 0.723854 0.895595
vt 0.723726 0.916810
vt 0.719725 0.895557
vt 0.727531 0.915103
vt 0.715977 0.897079
vt 0.730584 0.912148
vt 0.713168 0.900009
vt 0.732276 0.908280
vt 0.711783 0.903947
vt 0.732389 0.904112
vt 0.917517 0.249069
vt 0.905821 0.251925
vt 0.903167 0.245916
vt 0.912532 0.238717
vt 0.539315 0.871091
vt 0.533516 0.873697
vt 0.531107 0.870468
vt 0.538342 0.867063
vt 0.529328 0.878198
vt 0.525955 0.876155
vt 0.527049 0.883869
vt 0.523212 0.883205
vt 0.526984 0.890070
vt 0.523212 0.890745
vt 0.529238 0.895826
vt 0.525827 0.897805
vt 0.533348 0.900464
vt 0.530838 0.903645
vt 0.539043 0.903180
vt 0.538022 0.907299
vt 0.545437 0.903442
vt 0.546199 0.907523
vt 0.551461 0.901140
vt 0.553656 0.904598
vt 0.556144 0.896602
vt 0.559670 0.899040
vt 0.558755 0.890589
vt 0.562799 0.891418
vt 0.558682 0.884118
vt 0.562863 0.883290
vt 0.556274 0.878195
vt 0.559701 0.875840
vt 0.545114 0.874275
vt 0.549972 0.876135
vt 0.548469 0.878337
vt 0.544657 0.876602
vt 0.551773 0.873490
vt 0.554055 0.870117
vt 0.545767 0.871133
vt 0.546575 0.866923
vt 0.917665 0.260410
vt 0.906159 0.258498
vt 0.913786 0.270959
vt 0.903704 0.264611
vt 0.904130 0.231358
vt 0.898412 0.241413
vt 0.892323 0.239082
vt 0.893813 0.227867
vt 0.885835 0.239258
vt 0.883260 0.228440
vt 0.879958 0.241896
vt 0.873437 0.232620
vt 0.875414 0.246552
vt 0.866112 0.240464
vt 0.873072 0.252647
vt 0.862013 0.250258
vt 0.873195 0.259172
vt 0.861867 0.261108
vt 0.875786 0.265185
vt 0.865918 0.271352
vt 0.880494 0.269759
vt 0.873684 0.279366
vt 0.886618 0.272154
vt 0.884100 0.283825
vt 0.893207 0.272023
vt 0.895690 0.283825
vt 0.899256 0.269386
vt 0.905977 0.278980
vt 0.905095 0.258321
vt 0.904776 0.252174
vt 0.902296 0.246529
vt 0.897848 0.242308
vt 0.892145 0.240118
vt 0.886066 0.240272
vt 0.880554 0.242744
vt 0.876309 0.247127
vt 0.874111 0.252830
vt 0.874230 0.258949
vt 0.876661 0.264582
vt 0.881070 0.268863
vt 0.886805 0.271101
vt 0.892979 0.270974
vt 0.898646 0.268518
vt 0.902815 0.264048
vt 0.539941 0.874155
vt 0.535272 0.876256
vt 0.531913 0.879891
vt 0.530040 0.884458
vt 0.530033 0.889544
vt 0.531938 0.894237
vt 0.535220 0.897972
vt 0.539795 0.900082
vt 0.544894 0.900300
vt 0.549749 0.898472
vt 0.553543 0.894800
vt 0.555550 0.889895
vt 0.555466 0.884741
vt 0.553646 0.879920
vt 0.540380 0.897743
vt 0.544509 0.897849
vt 0.540460 0.876705
vt 0.536658 0.878236
vt 0.548377 0.896313
vt 0.533815 0.881103
vt 0.551316 0.893292
vt 0.532387 0.884902
vt 0.553072 0.889390
vt 0.532604 0.889072
vt 0.553192 0.885175
vt 0.533915 0.893049
vt 0.551532 0.881305
vt 0.536659 0.896064
vt 0.924570 0.553943
vt 0.913533 0.552018
vt 0.913334 0.545475
vt 0.924570 0.543266
vt 0.097385 0.892911
vt 0.091355 0.890121
vt 0.092207 0.885960
vt 0.099906 0.889355
vt 0.084627 0.890318
vt 0.083614 0.885960
vt 0.078591 0.893132
vt 0.075916 0.889745
vt 0.074269 0.898063
vt 0.070576 0.896075
vt 0.072246 0.904181
vt 0.068182 0.903772
vt 0.072674 0.910532
vt 0.068865 0.911577
vt 0.075514 0.916107
vt 0.072263 0.918546
vt 0.080031 0.920368
vt 0.077996 0.923680
vt 0.085856 0.922532
vt 0.085122 0.926420
vt 0.092068 0.922366
vt 0.092865 0.926284
vt 0.097669 0.919826
vt 0.100023 0.923159
vt 0.101892 0.915434
vt 0.105248 0.917464
vt 0.104117 0.909714
vt 0.107901 0.910436
vt 0.099123 0.899287
vt 0.100998 0.904054
vt 0.098545 0.904536
vt 0.097021 0.900606
vt 0.104108 0.903496
vt 0.108059 0.902870
vt 0.101868 0.897546
vt 0.105429 0.895440
vt 0.920957 0.563990
vt 0.911136 0.558150
vt 0.913586 0.572243
vt 0.906556 0.562853
vt 0.920406 0.532955
vt 0.910686 0.539618
vt 0.906180 0.535013
vt 0.912293 0.525304
vt 0.900155 0.532460
vt 0.902258 0.521457
vt 0.893571 0.532610
vt 0.891509 0.521327
vt 0.887512 0.535257
vt 0.881178 0.525407
vt 0.882945 0.539983
vt 0.873085 0.533422
vt 0.880458 0.546074
vt 0.869232 0.543875
vt 0.880592 0.552625
vt 0.869224 0.554682
vt 0.883187 0.558598
vt 0.873303 0.564959
vt 0.887924 0.563092
vt 0.881287 0.573128
vt 0.893976 0.565657
vt 0.891890 0.577168
vt 0.900556 0.565401
vt 0.903246 0.577117
vt 0.910229 0.557566
vt 0.912478 0.551835
vt 0.912309 0.545710
vt 0.909846 0.540193
vt 0.905590 0.535884
vt 0.899956 0.533510
vt 0.893802 0.533652
vt 0.888131 0.536149
vt 0.883827 0.540560
vt 0.881513 0.546272
vt 0.881609 0.552403
vt 0.884053 0.557990
vt 0.888501 0.562211
vt 0.894169 0.564597
vt 0.900327 0.564373
vt 0.905956 0.561977
vt 0.095575 0.895502
vt 0.090715 0.893352
vt 0.085375 0.893587
vt 0.080568 0.895764
vt 0.077074 0.899659
vt 0.075399 0.904562
vt 0.075712 0.909696
vt 0.077920 0.914314
vt 0.081682 0.917727
vt 0.086380 0.919400
vt 0.091418 0.919452
vt 0.095875 0.917271
vt 0.099318 0.913818
vt 0.101144 0.909175
vt 0.079874 0.912825
vt 0.082926 0.915656
vt 0.094099 0.897606
vt 0.090213 0.896033
vt 0.086754 0.917167
vt 0.085968 0.896069
vt 0.090890 0.916980
vt 0.082094 0.897789
vt 0.094601 0.915442
vt 0.079253 0.900897
vt 0.097347 0.912537
vt 0.077863 0.904860
vt 0.098729 0.908737
vt 0.078093 0.909044
vt 0.890701 0.808855
vt 0.897229 0.818426
vt 0.892822 0.823252
vt 0.882788 0.816875
vt 0.917725 0.072505
vt 0.911865 0.074714
vt 0.909789 0.071210
vt 0.917075 0.068681
vt 0.907104 0.079160
vt 0.903702 0.076676
vt 0.904667 0.085261
vt 0.900432 0.084401
vt 0.904568 0.091724
vt 0.900596 0.092527
vt 0.907050 0.097648
vt 0.903623 0.099829
vt 0.911505 0.102167
vt 0.909144 0.105461
vt 0.917283 0.104642
vt 0.916335 0.108623
vt 0.923662 0.104810
vt 0.924338 0.108910
vt 0.929585 0.102314
vt 0.931990 0.105834
vt 0.933938 0.097723
vt 0.937438 0.099896
vt 0.936334 0.091911
vt 0.940330 0.092604
vt 0.936415 0.085460
vt 0.940330 0.084695
vt 0.933899 0.079533
vt 0.937353 0.077354
vt 0.923206 0.075679
vt 0.927743 0.077610
vt 0.926421 0.079552
vt 0.922721 0.077873
vt 0.929514 0.075044
vt 0.931837 0.071630
vt 0.923832 0.072650
vt 0.924582 0.068762
vt 0.900665 0.804604
vt 0.903168 0.815667
vt 0.911572 0.804055
vt 0.909742 0.815613
vt 0.878962 0.827430
vt 0.890324 0.829360
vt 0.890632 0.835960
vt 0.879189 0.838561
vt 0.893184 0.841923
vt 0.883904 0.848505
vt 0.897926 0.846364
vt 0.891734 0.856093
vt 0.903955 0.848782
vt 0.901909 0.859833
vt 0.910503 0.848617
vt 0.912609 0.859833
vt 0.916464 0.845977
vt 0.922796 0.855715
vt 0.920941 0.841267
vt 0.930776 0.847757
vt 0.923407 0.835229
vt 0.934630 0.837391
vt 0.923263 0.828638
vt 0.934672 0.826540
vt 0.920619 0.822625
vt 0.930545 0.816162
vt 0.915844 0.818125
vt 0.922409 0.807941
vt 0.903399 0.816696
vt 0.897857 0.819281
vt 0.893714 0.823816
vt 0.891402 0.829545
vt 0.891657 0.835729
vt 0.894041 0.841322
vt 0.898485 0.845486
vt 0.904143 0.847734
vt 0.910272 0.847585
vt 0.915856 0.845114
vt 0.920064 0.840699
vt 0.922353 0.835035
vt 0.922222 0.828868
vt 0.919749 0.823241
vt 0.915261 0.819029
vt 0.909537 0.816661
vt 0.918264 0.075486
vt 0.913556 0.077382
vt 0.909791 0.081005
vt 0.907742 0.085897
vt 0.907733 0.091137
vt 0.909708 0.095929
vt 0.913310 0.099589
vt 0.917977 0.101527
vt 0.923046 0.101629
vt 0.927853 0.099757
vt 0.931322 0.096030
vt 0.933231 0.091311
vt 0.933207 0.086086
vt 0.931295 0.081213
vt 0.918446 0.099274
vt 0.922606 0.099228
vt 0.918691 0.077868
vt 0.914916 0.079468
vt 0.926438 0.097611
vt 0.912007 0.082496
vt 0.929341 0.094747
vt 0.910253 0.086397
vt 0.930797 0.090862
vt 0.910195 0.090628
vt 0.930559 0.086600
vt 0.911768 0.094540
vt 0.929190 0.082565
vt 0.914679 0.097563
vt 0.886159 0.137529
vt 0.884660 0.149316
vt 0.878143 0.149499
vt 0.874966 0.138258
vt 0.600566 0.890405
vt 0.594967 0.892912
vt 0.592706 0.889811
vt 0.599536 0.886590
vt 0.590777 0.897455
vt 0.587473 0.895358
vt 0.588829 0.903256
vt 0.584862 0.902601
vt 0.588866 0.909359
vt 0.585051 0.910125
vt 0.591216 0.915128
vt 0.587765 0.917319
vt 0.595483 0.919786
vt 0.593140 0.923057
vt 0.601350 0.922339
vt 0.600453 0.926485
vt 0.607826 0.922452
vt 0.608630 0.926485
vt 0.613846 0.919863
vt 0.616185 0.923352
vt 0.618258 0.915058
vt 0.621875 0.917318
vt 0.620524 0.909107
vt 0.624530 0.909799
vt 0.620410 0.902689
vt 0.624535 0.901862
vt 0.617735 0.896638
vt 0.621310 0.894063
vt 0.606320 0.893170
vt 0.611168 0.894957
vt 0.609834 0.897121
vt 0.605936 0.895578
vt 0.612842 0.892171
vt 0.614926 0.888480
vt 0.606772 0.890057
vt 0.607243 0.886015
vt 0.897025 0.141291
vt 0.890736 0.151644
vt 0.905258 0.149198
vt 0.895604 0.156068
vt 0.865055 0.143170
vt 0.872156 0.152203
vt 0.867724 0.156973
vt 0.857916 0.151329
vt 0.865402 0.163038
vt 0.854384 0.161305
vt 0.865666 0.169505
vt 0.854489 0.172068
vt 0.868229 0.175496
vt 0.859003 0.181951
vt 0.872995 0.179911
vt 0.866739 0.189606
vt 0.879023 0.182441
vt 0.876896 0.193443
vt 0.885566 0.182284
vt 0.887593 0.193491
vt 0.891550 0.179659
vt 0.897742 0.189441
vt 0.896090 0.174931
vt 0.905717 0.181691
vt 0.898449 0.168783
vt 0.910171 0.171263
vt 0.898271 0.162182
vt 0.910171 0.159612
vt 0.890184 0.152538
vt 0.884485 0.150343
vt 0.878383 0.150532
vt 0.872781 0.153077
vt 0.868603 0.157522
vt 0.866447 0.163210
vt 0.866681 0.169273
vt 0.869099 0.174885
vt 0.873562 0.179031
vt 0.879221 0.181394
vt 0.885337 0.181251
vt 0.890943 0.178790
vt 0.895190 0.174361
vt 0.897393 0.168602
vt 0.897215 0.162418
vt 0.894720 0.156699
vt 0.601333 0.893418
vt 0.596794 0.895384
vt 0.593328 0.898997
vt 0.591784 0.903722
vt 0.591932 0.908751
vt 0.593842 0.913479
vt 0.597334 0.917190
vt 0.602020 0.919189
vt 0.607154 0.919256
vt 0.612001 0.917251
vt 0.615568 0.913387
vt 0.617398 0.908577
vt 0.617251 0.903409
vt 0.615069 0.898558
vt 0.602556 0.916819
vt 0.606670 0.916779
vt 0.601851 0.895616
vt 0.598169 0.897329
vt 0.610463 0.915057
vt 0.595443 0.900296
vt 0.613454 0.912052
vt 0.594060 0.904073
vt 0.615073 0.908186
vt 0.594354 0.908238
vt 0.614792 0.904000
vt 0.595918 0.912195
vt 0.612881 0.900133
vt 0.598770 0.915203
vt 0.891510 0.930841
vt 0.897925 0.920795
vt 0.904037 0.923199
vt 0.902120 0.934541
vt 0.451557 0.936138
vt 0.457313 0.933833
vt 0.459439 0.937094
vt 0.452382 0.940048
vt 0.461674 0.929474
vt 0.465026 0.931818
vt 0.464314 0.923804
vt 0.468250 0.924641
vt 0.464529 0.917452
vt 0.468473 0.916833
vt 0.462325 0.911402
vt 0.465884 0.909344
vt 0.457924 0.906766
vt 0.460435 0.903313
vt 0.452152 0.904015
vt 0.453016 0.899980
vt 0.445735 0.903805
vt 0.445061 0.899816
vt 0.439678 0.906114
vt 0.437519 0.902577
vt 0.435165 0.910678
vt 0.431631 0.908291
vt 0.432649 0.916579
vt 0.428668 0.915809
vt 0.432731 0.923053
vt 0.428668 0.923766
vt 0.435179 0.928956
vt 0.431621 0.931211
vt 0.445961 0.933085
vt 0.441224 0.931093
vt 0.442718 0.928991
vt 0.446458 0.930683
vt 0.439438 0.933653
vt 0.437157 0.936951
vt 0.445334 0.936038
vt 0.444485 0.940113
vt 0.883340 0.922851
vt 0.893157 0.916336
vt 0.879048 0.912542
vt 0.890447 0.910340
vt 0.913094 0.934257
vt 0.910524 0.922920
vt 0.916524 0.920394
vt 0.922932 0.929615
vt 0.920993 0.915624
vt 0.930410 0.922000
vt 0.923310 0.909529
vt 0.934597 0.911940
vt 0.923125 0.903003
vt 0.934633 0.900853
vt 0.920461 0.897068
vt 0.930280 0.890421
vt 0.915887 0.892398
vt 0.922129 0.882873
vt 0.909721 0.890028
vt 0.912083 0.878772
vt 0.903143 0.890224
vt 0.901051 0.878772
vt 0.897200 0.892890
vt 0.890755 0.883039
vt 0.892724 0.897587
vt 0.882768 0.891111
vt 0.890269 0.903703
vt 0.878962 0.901619
vt 0.894022 0.915717
vt 0.898485 0.919906
vt 0.904216 0.922145
vt 0.910298 0.921920
vt 0.915916 0.919521
vt 0.920097 0.915064
vt 0.922268 0.909352
vt 0.922094 0.903238
vt 0.919595 0.897658
vt 0.915300 0.893296
vt 0.909539 0.891095
vt 0.903378 0.891259
vt 0.897800 0.893739
vt 0.893608 0.898152
vt 0.891350 0.903896
vt 0.891489 0.910102
vt 0.451008 0.933097
vt 0.455573 0.931159
vt 0.459199 0.927756
vt 0.461206 0.923090
vt 0.461443 0.917949
vt 0.459631 0.913033
vt 0.456014 0.909335
vt 0.451403 0.907171
vt 0.446256 0.906913
vt 0.441383 0.908763
vt 0.437879 0.912504
vt 0.435723 0.917177
vt 0.435972 0.922418
vt 0.437878 0.927212
vt 0.450809 0.909541
vt 0.446654 0.909412
vt 0.450541 0.930757
vt 0.454351 0.929282
vt 0.442788 0.910967
vt 0.457216 0.926367
vt 0.439834 0.913818
vt 0.458831 0.922525
vt 0.438329 0.917650
vt 0.458941 0.918338
vt 0.438463 0.921907
vt 0.457370 0.914402
vt 0.439894 0.925959
vt 0.454637 0.911221
vt 0.143008 0.870711
vt 0.152658 0.864422
vt 0.157324 0.868986
vt 0.150794 0.878865
vt 0.329546 0.947225
vt 0.334159 0.942881
vt 0.337462 0.945276
vt 0.331697 0.950635
vt 0.336695 0.936920
vt 0.340703 0.937878
vt 0.336786 0.930528
vt 0.340872 0.929897
vt 0.334505 0.924644
vt 0.338112 0.922359
vt 0.330154 0.919895
vt 0.332419 0.916428
vt 0.324221 0.917483
vt 0.324961 0.913480
vt 0.317947 0.917410
vt 0.317214 0.913480
vt 0.311950 0.919750
vt 0.309741 0.916247
vt 0.307472 0.924471
vt 0.303855 0.922108
vt 0.305047 0.930436
vt 0.300923 0.929730
vt 0.305030 0.936858
vt 0.301003 0.937763
vt 0.307459 0.942797
vt 0.304144 0.945144
vt 0.311952 0.947176
vt 0.309804 0.950543
vt 0.323228 0.946690
vt 0.318244 0.946526
vt 0.318690 0.944302
vt 0.322736 0.944256
vt 0.317591 0.949548
vt 0.316862 0.953429
vt 0.323816 0.949741
vt 0.324535 0.953540
vt 0.139085 0.860736
vt 0.150024 0.858428
vt 0.138775 0.850141
vt 0.149990 0.851884
vt 0.161332 0.882927
vt 0.163447 0.871457
vt 0.170000 0.871173
vt 0.172661 0.882927
vt 0.176042 0.868673
vt 0.183061 0.878139
vt 0.180648 0.863982
vt 0.190555 0.869892
vt 0.183074 0.857961
vt 0.194244 0.859707
vt 0.183075 0.851455
vt 0.193948 0.849171
vt 0.180448 0.845493
vt 0.190054 0.839254
vt 0.175755 0.841017
vt 0.182339 0.831146
vt 0.169713 0.838421
vt 0.171890 0.826975
vt 0.163105 0.838643
vt 0.160499 0.826865
vt 0.157042 0.841174
vt 0.150032 0.831649
vt 0.152442 0.845835
vt 0.142498 0.839900
vt 0.151067 0.858205
vt 0.153516 0.863827
vt 0.157907 0.868091
vt 0.163632 0.870395
vt 0.169776 0.870162
vt 0.175437 0.867778
vt 0.179765 0.863401
vt 0.182058 0.857764
vt 0.182037 0.851674
vt 0.179586 0.846098
vt 0.175178 0.841893
vt 0.169515 0.839482
vt 0.163333 0.839696
vt 0.157636 0.842058
vt 0.153327 0.846417
vt 0.151028 0.852083
vt 0.327812 0.944639
vt 0.331502 0.941070
vt 0.333569 0.936255
vt 0.333727 0.931060
vt 0.331806 0.926326
vt 0.328334 0.922517
vt 0.323593 0.920503
vt 0.318529 0.920578
vt 0.313741 0.922412
vt 0.310186 0.926208
vt 0.308240 0.931020
vt 0.308060 0.936258
vt 0.310125 0.941033
vt 0.313647 0.944678
vt 0.319000 0.922885
vt 0.315203 0.924540
vt 0.326472 0.942670
vt 0.329318 0.939620
vt 0.312309 0.927587
vt 0.331096 0.935721
vt 0.310575 0.931482
vt 0.331275 0.931499
vt 0.310677 0.935746
vt 0.329847 0.927589
vt 0.312179 0.939674
vt 0.326858 0.924636
vt 0.315000 0.942672
vt 0.323102 0.922932
vt 0.877754 0.379177
vt 0.866256 0.381231
vt 0.863941 0.375118
vt 0.873640 0.368992
vt 0.676633 0.897079
vt 0.672384 0.892488
vt 0.674641 0.889240
vt 0.680092 0.894812
vt 0.666617 0.890080
vt 0.667440 0.886050
vt 0.660349 0.889963
vt 0.659623 0.886015
vt 0.654449 0.892364
vt 0.652110 0.888858
vt 0.649803 0.896881
vt 0.646432 0.894667
vt 0.647484 0.902894
vt 0.643515 0.902057
vt 0.647479 0.909169
vt 0.643474 0.909843
vt 0.649790 0.915053
vt 0.646260 0.917203
vt 0.654266 0.919644
vt 0.651791 0.923190
vt 0.660225 0.922254
vt 0.659456 0.926432
vt 0.666797 0.922268
vt 0.667769 0.926322
vt 0.672635 0.919580
vt 0.675060 0.922862
vt 0.676935 0.915061
vt 0.680345 0.917125
vt 0.676051 0.903546
vt 0.676095 0.908706
vt 0.673669 0.908244
vt 0.673472 0.904076
vt 0.679211 0.909221
vt 0.683076 0.909918
vt 0.679111 0.902890
vt 0.683076 0.902146
vt 0.877425 0.390149
vt 0.866196 0.387718
vt 0.873258 0.400429
vt 0.863570 0.393680
vt 0.866215 0.360829
vt 0.859301 0.370387
vt 0.853207 0.367838
vt 0.855686 0.355927
vt 0.846642 0.367746
vt 0.844036 0.356132
vt 0.840540 0.370187
vt 0.833789 0.360745
vt 0.835887 0.374744
vt 0.826312 0.368659
vt 0.833268 0.380712
vt 0.822387 0.378471
vt 0.833298 0.387233
vt 0.822034 0.389107
vt 0.835794 0.393219
vt 0.825870 0.399539
vt 0.840237 0.398032
vt 0.833684 0.407440
vt 0.846310 0.400562
vt 0.843797 0.412013
vt 0.852875 0.400801
vt 0.854848 0.412013
vt 0.858960 0.398290
vt 0.865065 0.408152
vt 0.865155 0.387493
vt 0.865245 0.381413
vt 0.863036 0.375700
vt 0.858691 0.371290
vt 0.852990 0.368873
vt 0.846836 0.368796
vt 0.841117 0.371076
vt 0.836740 0.375333
vt 0.834307 0.380928
vt 0.834330 0.387024
vt 0.836676 0.392652
vt 0.840850 0.397151
vt 0.846540 0.399513
vt 0.852685 0.399744
vt 0.858371 0.397407
vt 0.862707 0.393088
vt 0.674007 0.898825
vt 0.670661 0.894969
vt 0.665952 0.893171
vt 0.660939 0.893017
vt 0.656231 0.895036
vt 0.652465 0.898638
vt 0.650507 0.903494
vt 0.650595 0.908601
vt 0.652462 0.913335
vt 0.656086 0.917022
vt 0.660886 0.919070
vt 0.666125 0.919095
vt 0.670786 0.916978
vt 0.674302 0.913425
vt 0.652858 0.908162
vt 0.654525 0.911983
vt 0.672004 0.900091
vt 0.669187 0.897072
vt 0.657511 0.914951
vt 0.665464 0.895409
vt 0.661406 0.916564
vt 0.661395 0.895439
vt 0.665619 0.916519
vt 0.657605 0.897104
vt 0.669454 0.915041
vt 0.654693 0.900132
vt 0.672272 0.912089
vt 0.652974 0.903997
vt 0.920150 0.458339
vt 0.910588 0.464923
vt 0.905825 0.460370
vt 0.912233 0.450428
vt 0.172373 0.912771
vt 0.167844 0.908179
vt 0.170036 0.904818
vt 0.175697 0.910456
vt 0.161748 0.905962
vt 0.162560 0.901866
vt 0.155326 0.906058
vt 0.154406 0.901866
vt 0.149366 0.908623
vt 0.146920 0.905290
vt 0.145008 0.913230
vt 0.141599 0.911106
vt 0.142539 0.918952
vt 0.138775 0.918218
vt 0.142640 0.925076
vt 0.138780 0.925758
vt 0.144923 0.930772
vt 0.141530 0.932877
vt 0.149322 0.935270
vt 0.146919 0.938612
vt 0.155287 0.937795
vt 0.154353 0.941946
vt 0.161922 0.937759
vt 0.162813 0.942054
vt 0.168044 0.935186
vt 0.170414 0.938540
vt 0.172445 0.930463
vt 0.175829 0.932700
vt 0.171720 0.919166
vt 0.171663 0.924115
vt 0.169422 0.923669
vt 0.169386 0.919624
vt 0.174627 0.924696
vt 0.178660 0.925468
vt 0.174734 0.918575
vt 0.178652 0.917726
vt 0.924766 0.468575
vt 0.913157 0.470991
vt 0.924634 0.479867
vt 0.913320 0.477561
vt 0.901775 0.446490
vt 0.899737 0.457944
vt 0.893190 0.458107
vt 0.890517 0.446490
vt 0.887198 0.460707
vt 0.880187 0.451336
vt 0.882603 0.465430
vt 0.872819 0.459584
vt 0.880187 0.471546
vt 0.869224 0.469603
vt 0.880378 0.478044
vt 0.869230 0.480179
vt 0.883037 0.484014
vt 0.873291 0.490349
vt 0.887781 0.488450
vt 0.881221 0.498402
vt 0.893776 0.491007
vt 0.891701 0.502388
vt 0.900344 0.490777
vt 0.902907 0.502352
vt 0.906372 0.488278
vt 0.913092 0.497637
vt 0.910968 0.483671
vt 0.920418 0.489786
vt 0.912109 0.471216
vt 0.909699 0.465537
vt 0.905254 0.461255
vt 0.899551 0.458985
vt 0.893418 0.459130
vt 0.887804 0.461583
vt 0.883510 0.466018
vt 0.881221 0.471730
vt 0.881405 0.477808
vt 0.883911 0.483393
vt 0.888343 0.487588
vt 0.893970 0.489954
vt 0.900118 0.489731
vt 0.905787 0.487400
vt 0.910088 0.483102
vt 0.912272 0.477382
vt 0.169764 0.914521
vt 0.166086 0.910895
vt 0.161199 0.909094
vt 0.156035 0.909237
vt 0.151165 0.911228
vt 0.147570 0.914939
vt 0.145509 0.919557
vt 0.145675 0.924513
vt 0.147501 0.929082
vt 0.151103 0.932645
vt 0.155930 0.934600
vt 0.161275 0.934591
vt 0.166161 0.932419
vt 0.169814 0.928756
vt 0.147896 0.924072
vt 0.149481 0.927763
vt 0.167731 0.915909
vt 0.164677 0.913101
vt 0.152469 0.930575
vt 0.160782 0.911439
vt 0.156410 0.932085
vt 0.156565 0.911675
vt 0.160704 0.931918
vt 0.152626 0.913449
vt 0.164737 0.930301
vt 0.149524 0.916265
vt 0.167796 0.927412
vt 0.147957 0.920073
vt 0.866920 0.328129
vt 0.870682 0.323565
vt 0.875731 0.325047
vt 0.875365 0.331139
vt 0.880727 0.323476
vt 0.884370 0.328724
vt 0.884073 0.319358
vt 0.889540 0.321096
vt 0.883717 0.314118
vt 0.889540 0.312118
vt 0.880851 0.310083
vt 0.884012 0.305315
vt 0.875980 0.308187
vt 0.876115 0.302764
vt 0.870715 0.309741
vt 0.867739 0.304771
vt 0.867456 0.314141
vt 0.861986 0.311839
vt 0.871541 0.322353
vt 0.868938 0.318967
vt 0.870292 0.318463
vt 0.872290 0.321142
vt 0.867612 0.319411
vt 0.861867 0.320871
vt 0.875744 0.323517
vt 0.879833 0.322182
vt 0.882608 0.318895
vt 0.882368 0.314600
vt 0.880027 0.311170
vt 0.875923 0.309728
vt 0.871587 0.311007
vt 0.868987 0.314651
vt 0.875865 0.311221
vt 0.872534 0.312355
vt 0.881102 0.318398
vt 0.881164 0.314990
vt 0.875692 0.322028
vt 0.870380 0.315086
vt 0.879143 0.312292
vt 0.879108 0.321134
s 1
f 3/1/1 34/2/1 38/3/2 5/4/2
f 65/5/3 67/6/4 37/7/4 33/8/3
f 67/6/4 68/9/5 39/10/5 37/7/4
f 68/9/5 69/11/6 41/12/6 39/10/5
f 69/11/6 70/13/7 43/14/7 41/12/6
f 70/13/7 71/15/8 45/16/8 43/14/7
f 71/15/8 72/17/9 47/18/9 45/16/8
f 72/17/9 73/19/10 49/20/10 47/18/9
f 73/19/10 74/21/11 51/22/11 49/20/10
f 74/21/11 75/23/12 53/24/12 51/22/11
f 75/23/12 76/25/13 55/26/13 53/24/12
f 76/25/13 77/27/14 57/28/14 55/26/13
f 77/27/14 78/29/15 59/30/15 57/28/14
f 78/29/15 79/31/16 61/32/16 59/30/15
f 2/33/17 32/34/18 96/35/18 82/36/17
f 79/31/16 80/37/19 63/38/19 61/32/16
f 80/37/19 66/39/20 36/40/20 63/38/19
f 1/41/21 35/42/21 34/2/1 3/1/1
f 31/43/22 64/44/22 35/42/21 1/41/21
f 7/45/23 40/46/23 42/47/24 9/48/24
f 9/48/24 42/47/24 44/49/25 11/50/25
f 11/50/25 44/49/25 46/51/26 13/52/26
f 13/52/26 46/51/26 48/53/27 15/54/27
f 15/54/27 48/53/27 50/55/28 17/56/28
f 17/56/28 50/55/28 52/57/29 19/58/29
f 19/58/29 52/57/29 54/59/30 21/60/30
f 21/60/30 54/59/30 56/61/31 23/62/31
f 23/62/31 56/61/31 58/63/32 25/64/32
f 25/64/32 58/63/32 60/65/33 27/66/33
f 27/66/33 60/65/33 62/67/34 29/68/34
f 29/68/34 62/67/34 64/44/22 31/43/22
f 5/4/2 38/3/2 40/46/23 7/45/23
f 34/2/35 35/42/35 36/69/35 33/70/35
f 38/3/35 34/2/35 33/70/35 37/71/35
f 40/46/35 38/3/35 37/71/35 39/72/35
f 42/47/35 40/46/35 39/72/35 41/73/35
f 44/49/35 42/47/35 41/73/35 43/74/35
f 46/51/36 44/49/35 43/74/35 45/75/36
f 48/53/36 46/51/36 45/75/36 47/76/36
f 50/55/36 48/53/36 47/76/36 49/77/36
f 52/57/36 50/55/36 49/77/36 51/78/36
f 54/59/36 52/57/36 51/78/36 53/79/36
f 56/61/35 54/59/36 53/79/36 55/80/35
f 58/63/35 56/61/35 55/80/35 57/81/35
f 60/65/35 58/63/35 57/81/35 59/82/35
f 62/67/35 60/65/35 59/82/35 61/83/35
f 64/44/35 62/67/35 61/83/35 63/84/35
f 35/42/35 64/44/35 63/84/35 36/69/35
f 66/39/20 65/5/3 33/8/3 36/40/20
f 2/33/35 4/85/35 65/5/35 66/39/35
f 4/85/35 6/86/35 67/6/35 65/5/35
f 6/86/35 8/87/35 68/9/35 67/6/35
f 8/87/35 10/88/35 69/11/35 68/9/35
f 10/88/35 12/89/35 70/13/35 69/11/35
f 12/89/35 14/90/35 71/15/35 70/13/35
f 14/90/35 16/91/35 72/17/35 71/15/35
f 16/91/35 18/92/35 73/19/35 72/17/35
f 18/92/35 20/93/35 74/21/35 73/19/35
f 20/93/35 22/94/35 75/23/35 74/21/35
f 22/94/35 24/95/35 76/25/35 75/23/35
f 24/95/35 26/96/35 77/27/35 76/25/35
f 26/96/35 28/97/35 78/29/35 77/27/35
f 28/97/35 30/98/35 79/31/35 78/29/35
f 30/98/35 32/34/35 80/37/35 79/31/35
f 32/34/35 2/33/35 66/39/35 80/37/35
f 20/93/37 18/92/38 89/99/38 90/100/37
f 6/86/39 4/85/40 81/101/40 83/102/39
f 22/94/41 20/93/37 90/100/37 91/103/41
f 8/87/42 6/86/39 83/102/39 84/104/42
f 24/95/43 22/94/41 91/103/41 92/105/43
f 10/88/44 8/87/42 84/104/42 85/106/44
f 26/96/45 24/95/43 92/105/43 93/107/45
f 12/89/46 10/88/44 85/106/44 86/108/46
f 28/97/47 26/96/45 93/107/45 94/109/47
f 14/90/48 12/89/46 86/108/46 87/110/48
f 30/98/49 28/97/47 94/109/47 95/111/49
f 16/91/50 14/90/48 87/110/48 88/112/50
f 32/34/18 30/98/49 95/111/49 96/35/18
f 18/92/38 16/91/50 88/112/50 89/99/38
f 4/85/40 2/33/17 82/36/17 81/101/40
f 99/113/51 130/114/51 134/115/52 101/116/52
f 161/117/53 163/118/54 133/119/54 129/120/53
f 163/118/54 164/121/55 135/122/55 133/119/54
f 164/121/55 165/123/56 137/124/56 135/122/55
f 165/123/56 166/125/57 139/126/57 137/124/56
f 166/125/57 167/127/58 141/128/58 139/126/57
f 167/127/58 168/129/59 143/130/59 141/128/58
f 168/129/59 169/131/60 145/132/60 143/130/59
f 169/131/60 170/133/61 147/134/61 145/132/60
f 170/133/61 171/135/62 149/136/62 147/134/61
f 171/135/62 172/137/63 151/138/63 149/136/62
f 172/137/63 173/139/64 153/140/64 151/138/63
f 173/139/64 174/141/65 155/142/65 153/140/64
f 174/141/65 175/143/66 157/144/66 155/142/65
f 98/145/67 128/146/68 192/147/68 178/148/67
f 175/143/66 176/149/69 159/150/69 157/144/66
f 176/149/69 162/151/70 132/152/70 159/150/69
f 97/153/71 131/154/71 130/114/51 99/113/51
f 127/155/72 160/156/72 131/154/71 97/153/71
f 103/157/73 136/158/73 138/159/74 105/160/74
f 105/160/74 138/159/74 140/161/75 107/162/75
f 107/162/75 140/161/75 142/163/76 109/164/76
f 109/164/76 142/163/76 144/165/77 111/166/77
f 111/166/77 144/165/77 146/167/78 113/168/78
f 113/168/78 146/167/78 148/169/79 115/170/79
f 115/170/79 148/169/79 150/171/80 117/172/80
f 117/172/80 150/171/80 152/173/81 119/174/81
f 119/174/81 152/173/81 154/175/82 121/176/82
f 121/176/82 154/175/82 156/177/83 123/178/83
f 123/178/83 156/177/83 158/179/84 125/180/84
f 125/180/84 158/179/84 160/156/72 127/155/72
f 101/116/52 134/115/52 136/158/73 103/157/73
f 130/114/85 131/154/85 132/181/85 129/182/85
f 134/115/85 130/114/85 129/182/85 133/183/85
f 136/158/85 134/115/85 133/183/85 135/184/85
f 138/159/85 136/158/85 135/184/85 137/185/85
f 140/161/85 138/159/85 137/185/85 139/186/85
f 142/163/86 140/161/85 139/186/85 141/187/86
f 144/165/86 142/163/86 141/187/86 143/188/86
f 146/167/86 144/165/86 143/188/86 145/189/86
f 148/169/86 146/167/86 145/189/86 147/190/86
f 150/171/86 148/169/86 147/190/86 149/191/86
f 152/173/86 150/171/86 149/191/86 151/192/85
f 154/175/85 152/173/86 151/192/85 153/193/85
f 156/177/85 154/175/85 153/193/85 155/194/85
f 158/179/85 156/177/85 155/194/85 157/195/85
f 160/156/85 158/179/85 157/195/85 159/196/85
f 131/154/85 160/156/85 159/196/85 132/181/85
f 162/151/70 161/117/53 129/120/53 132/152/70
f 98/145/85 100/197/85 161/117/85 162/151/85
f 100/197/85 102/198/85 163/118/85 161/117/85
f 102/198/85 104/199/85 164/121/85 163/118/85
f 104/199/85 106/200/85 165/123/85 164/121/85
f 106/200/85 108/201/85 166/125/85 165/123/85
f 108/201/85 110/202/85 167/127/85 166/125/85
f 110/202/85 112/203/85 168/129/85 167/127/85
f 112/203/85 114/204/85 169/131/85 168/129/85
f 114/204/85 116/205/85 170/133/85 169/131/85
f 116/205/85 118/206/85 171/135/85 170/133/85
f 118/206/85 120/207/85 172/137/85 171/135/85
f 120/207/85 122/208/85 173/139/85 172/137/85
f 122/208/85 124/209/85 174/141/85 173/139/85
f 124/209/85 126/210/85 175/143/85 174/141/85
f 126/210/85 128/146/85 176/149/85 175/143/85
f 128/146/85 98/145/85 162/151/85 176/149/85
f 116/205/87 114/204/88 185/211/88 186/212/87
f 102/198/89 100/197/90 177/213/90 179/214/89
f 118/206/91 116/205/87 186/212/87 187/215/91
f 104/199/92 102/198/89 179/214/89 180/216/92
f 120/207/93 118/206/91 187/215/91 188/217/93
f 106/200/94 104/199/92 180/216/92 181/218/94
f 122/208/95 120/207/93 188/217/93 189/219/95
f 108/201/96 106/200/94 181/218/94 182/220/96
f 124/209/97 122/208/95 189/219/95 190/221/97
f 110/202/98 108/201/96 182/220/96 183/222/98
f 126/210/99 124/209/97 190/221/97 191/223/99
f 112/203/100 110/202/98 183/222/98 184/224/100
f 128/146/68 126/210/99 191/223/99 192/147/68
f 114/204/88 112/203/100 184/224/100 185/211/88
f 100/197/90 98/145/67 178/148/67 177/213/90
f 195/225/101 226/226/101 230/227/102 197/228/102
f 257/229/103 259/230/104 229/231/104 225/232/103
f 259/230/104 260/233/105 231/234/105 229/231/104
f 260/233/105 261/235/106 233/236/106 231/234/105
f 261/235/106 262/237/107 235/238/107 233/236/106
f 262/237/107 263/239/108 237/240/108 235/238/107
f 263/239/108 264/241/109 239/242/109 237/240/108
f 264/241/109 265/243/110 241/244/110 239/242/109
f 265/243/110 266/245/111 243/246/111 241/244/110
f 266/245/111 267/247/112 245/248/112 243/246/111
f 267/247/112 268/249/113 247/250/113 245/248/112
f 268/249/113 269/251/114 249/252/114 247/250/113
f 269/251/114 270/253/115 251/254/115 249/252/114
f 270/253/115 271/255/116 253/256/116 251/254/115
f 194/257/117 224/258/118 288/259/118 274/260/117
f 271/255/116 272/261/119 255/262/119 253/256/116
f 272/261/119 258/263/120 228/264/120 255/262/119
f 193/265/121 227/266/121 226/226/101 195/225/101
f 223/267/122 256/268/122 227/266/121 193/265/121
f 199/269/123 232/270/123 234/271/124 201/272/124
f 201/272/124 234/271/124 236/273/125 203/274/125
f 203/274/125 236/273/125 238/275/126 205/276/126
f 205/276/126 238/275/126 240/277/127 207/278/127
f 207/278/127 240/277/127 242/279/128 209/280/128
f 209/280/128 242/279/128 244/281/129 211/282/129
f 211/282/129 244/281/129 246/283/130 213/284/130
f 213/284/130 246/283/130 248/285/131 215/286/131
f 215/286/131 248/285/131 250/287/132 217/288/132
f 217/288/132 250/287/132 252/289/133 219/290/133
f 219/290/133 252/289/133 254/291/134 221/292/134
f 221/292/134 254/291/134 256/268/122 223/267/122
f 197/228/102 230/227/102 232/270/123 199/269/123
f 226/226/135 227/266/135 228/293/135 225/294/135
f 230/227/135 226/226/135 225/294/135 229/295/135
f 232/270/135 230/227/135 229/295/135 231/296/135
f 234/271/135 232/270/135 231/296/135 233/297/135
f 236/273/135 234/271/135 233/297/135 235/298/135
f 238/275/136 236/273/135 235/298/135 237/299/136
f 240/277/136 238/275/136 237/299/136 239/300/136
f 242/279/136 240/277/136 239/300/136 241/301/136
f 244/281/136 242/279/136 241/301/136 243/302/136
f 246/283/136 244/281/136 243/302/136 245/303/136
f 248/285/136 246/283/136 245/303/136 247/304/136
f 250/287/135 248/285/136 247/304/136 249/305/135
f 252/289/135 250/287/135 249/305/135 251/306/135
f 254/291/135 252/289/135 251/306/135 253/307/135
f 256/268/135 254/291/135 253/307/135 255/308/135
f 227/266/135 256/268/135 255/308/135 228/293/135
f 258/263/120 257/229/103 225/232/103 228/264/120
f 194/257/135 196/309/135 257/229/135 258/263/135
f 196/309/135 198/310/135 259/230/135 257/229/135
f 198/310/135 200/311/135 260/233/135 259/230/135
f 200/311/135 202/312/135 261/235/135 260/233/135
f 202/312/135 204/313/135 262/237/135 261/235/135
f 204/313/135 206/314/135 263/239/135 262/237/135
f 206/314/135 208/315/135 264/241/135 263/239/135
f 208/315/135 210/316/135 265/243/135 264/241/135
f 210/316/135 212/317/135 266/245/135 265/243/135
f 212/317/135 214/318/135 267/247/135 266/245/135
f 214/318/135 216/319/135 268/249/135 267/247/135
f 216/319/135 218/320/135 269/251/135 268/249/135
f 218/320/135 220/321/135 270/253/135 269/251/135
f 220/321/135 222/322/135 271/255/135 270/253/135
f 222/322/135 224/258/135 272/261/135 271/255/135
f 224/258/135 194/257/135 258/263/135 272/261/135
f 212/317/137 210/316/138 281/323/138 282/324/137
f 198/310/139 196/309/140 273/325/140 275/326/139
f 214/318/141 212/317/137 282/324/137 283/327/141
f 200/311/142 198/310/139 275/326/139 276/328/142
f 216/319/143 214/318/141 283/327/141 284/329/143
f 202/312/144 200/311/142 276/328/142 277/330/144
f 218/320/145 216/319/143 284/329/143 285/331/145
f 204/313/146 202/312/144 277/330/144 278/332/146
f 220/321/147 218/320/145 285/331/145 286/333/147
f 206/314/148 204/313/146 278/332/146 279/334/148
f 222/322/149 220/321/147 286/333/147 287/335/149
f 208/315/150 206/314/148 279/334/148 280/336/150
f 224/258/118 222/322/149 287/335/149 288/259/118
f 210/316/138 208/315/150 280/336/150 281/323/138
f 196/309/140 194/257/117 274/260/117 273/325/140
f 291/337/151 322/338/151 326/339/152 293/340/152
f 353/341/153 355/342/154 325/343/154 321/344/153
f 355/342/154 356/345/155 327/346/155 325/343/154
f 356/345/155 357/347/156 329/348/156 327/346/155
f 357/347/156 358/349/157 331/350/157 329/348/156
f 358/349/157 359/351/158 333/352/158 331/350/157
f 359/351/158 360/353/159 335/354/159 333/352/158
f 360/353/159 361/355/160 337/356/160 335/354/159
f 361/355/160 362/357/161 339/358/161 337/356/160
f 362/357/161 363/359/162 341/360/162 339/358/161
f 363/359/162 364/361/163 343/362/163 341/360/162
f 364/361/163 365/363/164 345/364/164 343/362/163
f 365/363/164 366/365/165 347/366/165 345/364/164
f 366/365/165 367/367/166 349/368/166 347/366/165
f 290/369/38 320/370/37 384/371/37 370/372/38
f 367/367/166 368/373/167 351/374/167 349/368/166
f 368/373/167 354/375/168 324/376/168 351/374/167
f 289/377/169 323/378/169 322/338/151 291/337/151
f 319/379/170 352/380/170 323/378/169 289/377/169
f 295/381/171 328/382/171 330/383/172 297/384/172
f 297/384/172 330/383/172 332/385/173 299/386/173
f 299/386/173 332/385/173 334/387/174 301/388/174
f 301/388/174 334/387/174 336/389/175 303/390/175
f 303/390/175 336/389/175 338/391/176 305/392/176
f 305/392/176 338/391/176 340/393/177 307/394/177
f 307/394/177 340/393/177 342/395/178 309/396/178
f 309/396/178 342/395/178 344/397/179 311/398/179
f 311/398/179 344/397/179 346/399/180 313/400/180
f 313/400/180 346/399/180 348/401/181 315/402/181
f 315/402/181 348/401/181 350/403/182 317/404/182
f 317/404/182 350/403/182 352/380/170 319/379/170
f 293/340/152 326/339/152 328/382/171 295/381/171
f 322/338/183 323/378/183 324/405/183 321/406/183
f 326/339/183 322/338/183 321/406/183 325/407/183
f 328/382/183 326/339/183 325/407/183 327/408/183
f 330/383/183 328/382/183 327/408/183 329/409/183
f 332/385/184 330/383/183 329/409/183 331/410/184
f 334/387/184 332/385/184 331/410/184 333/411/184
f 336/389/184 334/387/184 333/411/184 335/412/184
f 338/391/184 336/389/184 335/412/184 337/413/184
f 340/393/184 338/391/184 337/413/184 339/414/184
f 342/395/184 340/393/184 339/414/184 341/415/184
f 344/397/184 342/395/184 341/415/184 343/416/184
f 346/399/183 344/397/184 343/416/184 345/417/183
f 348/401/183 346/399/183 345/417/183 347/418/183
f 350/403/183 348/401/183 347/418/183 349/419/183
f 352/380/183 350/403/183 349/419/183 351/420/183
f 323/378/183 352/380/183 351/420/183 324/405/183
f 354/375/168 353/341/153 321/344/153 324/376/168
f 290/369/183 292/421/183 353/341/183 354/375/183
f 292/421/183 294/422/183 355/342/183 353/341/183
f 294/422/183 296/423/183 356/345/183 355/342/183
f 296/423/183 298/424/183 357/347/183 356/345/183
f 298/424/183 300/425/183 358/349/183 357/347/183
f 300/425/183 302/426/183 359/351/183 358/349/183
f 302/426/183 304/427/183 360/353/183 359/351/183
f 304/427/183 306/428/183 361/355/183 360/353/183
f 306/428/183 308/429/183 362/357/183 361/355/183
f 308/429/183 310/430/183 363/359/183 362/357/183
f 310/430/183 312/431/183 364/361/183 363/359/183
f 312/431/183 314/432/183 365/363/183 364/361/183
f 314/432/183 316/433/183 366/365/183 365/363/183
f 316/433/183 318/434/183 367/367/183 366/365/183
f 318/434/183 320/370/183 368/373/183 367/367/183
f 320/370/183 290/369/183 354/375/183 368/373/183
f 308/429/18 306/428/17 377/435/17 378/436/18
f 294/422/48 292/421/50 369/437/50 371/438/48
f 310/430/49 308/429/18 378/436/18 379/439/49
f 296/423/46 294/422/48 371/438/48 372/440/46
f 312/431/47 310/430/49 379/439/49 380/441/47
f 298/424/44 296/423/46 372/440/46 373/442/44
f 314/432/45 312/431/47 380/441/47 381/443/45
f 300/425/42 298/424/44 373/442/44 374/444/42
f 316/433/43 314/432/45 381/443/45 382/445/43
f 302/426/39 300/425/42 374/444/42 375/446/39
f 318/434/41 316/433/43 382/445/43 383/447/41
f 304/427/40 302/426/39 375/446/39 376/448/40
f 320/370/37 318/434/41 383/447/41 384/371/37
f 306/428/17 304/427/40 376/448/40 377/435/17
f 292/421/50 290/369/38 370/372/38 369/437/50
f 387/449/185 418/450/185 422/451/186 389/452/186
f 449/453/187 451/454/188 421/455/188 417/456/187
f 451/454/188 452/457/189 423/458/189 421/455/188
f 452/457/189 453/459/190 425/460/190 423/458/189
f 453/459/190 454/461/191 427/462/191 425/460/190
f 454/461/191 455/463/192 429/464/192 427/462/191
f 455/463/192 456/465/193 431/466/193 429/464/192
f 456/465/193 457/467/194 433/468/194 431/466/193
f 457/467/194 458/469/195 435/470/195 433/468/194
f 458/469/195 459/471/196 437/472/196 435/470/195
f 459/471/196 460/473/197 439/474/197 437/472/196
f 460/473/197 461/475/198 441/476/198 439/474/197
f 461/475/198 462/477/199 443/478/199 441/476/198
f 462/477/199 463/479/200 445/480/200 443/478/199
f 386/481/201 416/482/202 480/483/202 466/484/201
f 463/479/200 464/485/203 447/486/203 445/480/200
f 464/485/203 450/487/204 420/488/204 447/486/203
f 385/489/205 419/490/205 418/450/185 387/449/185
f 415/491/206 448/492/206 419/490/205 385/489/205
f 391/493/207 424/494/207 426/495/208 393/496/208
f 393/496/208 426/495/208 428/497/209 395/498/209
f 395/498/209 428/497/209 430/499/210 397/500/210
f 397/500/210 430/499/210 432/501/211 399/502/211
f 399/502/211 432/501/211 434/503/212 401/504/212
f 401/504/212 434/503/212 436/505/213 403/506/213
f 403/506/213 436/505/213 438/507/214 405/508/214
f 405/508/214 438/507/214 440/509/215 407/510/215
f 407/510/215 440/509/215 442/511/216 409/512/216
f 409/512/216 442/511/216 444/513/217 411/514/217
f 411/514/217 444/513/217 446/515/218 413/516/218
f 413/516/218 446/515/218 448/492/206 415/491/206
f 389/452/186 422/451/186 424/494/207 391/493/207
f 418/450/219 419/490/219 420/517/219 417/518/219
f 422/451/219 418/450/219 417/518/219 421/519/219
f 424/494/219 422/451/219 421/519/219 423/520/219
f 426/495/219 424/494/219 423/520/219 425/521/219
f 428/497/219 426/495/219 425/521/219 427/522/219
f 430/499/220 428/497/219 427/522/219 429/523/220
f 432/501/220 430/499/220 429/523/220 431/524/220
f 434/503/220 432/501/220 431/524/220 433/525/220
f 436/505/220 434/503/220 433/525/220 435/526/220
f 438/507/220 436/505/220 435/526/220 437/527/220
f 440/509/219 438/507/220 437/527/220 439/528/219
f 442/511/219 440/509/219 439/528/219 441/529/219
f 444/513/219 442/511/219 441/529/219 443/530/219
f 446/515/219 444/513/219 443/530/219 445/531/219
f 448/492/219 446/515/219 445/531/219 447/532/219
f 419/490/219 448/492/219 447/532/219 420/517/219
f 450/487/204 449/453/187 417/456/187 420/488/204
f 386/481/219 388/533/219 449/453/219 450/487/219
f 388/533/219 390/534/219 451/454/219 449/453/219
f 390/534/219 392/535/219 452/457/219 451/454/219
f 392/535/219 394/536/219 453/459/219 452/457/219
f 394/536/219 396/537/219 454/461/219 453/459/219
f 396/537/219 398/538/219 455/463/219 454/461/219
f 398/538/219 400/539/219 456/465/219 455/463/219
f 400/539/219 402/540/219 457/467/219 456/465/219
f 402/540/219 404/541/219 458/469/219 457/467/219
f 404/541/219 406/542/219 459/471/219 458/469/219
f 406/542/219 408/543/219 460/473/219 459/471/219
f 408/543/219 410/544/219 461/475/219 460/473/219
f 410/544/219 412/545/219 462/477/219 461/475/219
f 412/545/219 414/546/219 463/479/219 462/477/219
f 414/546/219 416/482/219 464/485/219 463/479/219
f 416/482/219 386/481/219 450/487/219 464/485/219
f 404/541/221 402/540/222 473/547/222 474/548/221
f 390/534/223 388/533/224 465/549/224 467/550/223
f 406/542/225 404/541/221 474/548/221 475/551/225
f 392/535/226 390/534/223 467/550/223 468/552/226
f 408/543/227 406/542/225 475/551/225 476/553/227
f 394/536/45 392/535/226 468/552/226 469/554/45
f 410/544/44 408/543/227 476/553/227 477/555/44
f 396/537/228 394/536/45 469/554/45 470/556/228
f 412/545/229 410/544/44 477/555/44 478/557/229
f 398/538/230 396/537/228 470/556/228 471/558/230
f 414/546/231 412/545/229 478/557/229 479/559/231
f 400/539/232 398/538/230 471/558/230 472/560/232
f 416/482/202 414/546/231 479/559/231 480/483/202
f 402/540/222 400/539/232 472/560/232 473/547/222
f 388/533/224 386/481/201 466/484/201 465/549/224
f 483/561/233 514/562/233 518/563/234 485/564/234
f 545/565/235 547/566/236 517/567/236 513/568/235
f 547/566/236 548/569/237 519/570/237 517/567/236
f 548/569/237 549/571/238 521/572/238 519/570/237
f 549/571/238 550/573/239 523/574/239 521/572/238
f 550/573/239 551/575/240 525/576/240 523/574/239
f 551/575/240 552/577/241 527/578/241 525/576/240
f 552/577/241 553/579/242 529/580/242 527/578/241
f 553/579/242 554/581/243 531/582/243 529/580/242
f 554/581/243 555/583/244 533/584/244 531/582/243
f 555/583/244 556/585/245 535/586/245 533/584/244
f 556/585/245 557/587/246 537/588/246 535/586/245
f 557/587/246 558/589/247 539/590/247 537/588/246
f 558/589/247 559/591/248 541/592/248 539/590/247
f 482/593/249 512/594/250 576/595/250 562/596/249
f 559/591/248 560/597/251 543/598/251 541/592/248
f 560/597/251 546/599/252 516/600/252 543/598/251
f 481/601/253 515/602/253 514/562/233 483/561/233
f 511/603/254 544/604/254 515/602/253 481/601/253
f 487/605/255 520/606/255 522/607/256 489/608/256
f 489/608/256 522/607/256 524/609/257 491/610/257
f 491/610/257 524/609/257 526/611/258 493/612/258
f 493/612/258 526/611/258 528/613/259 495/614/259
f 495/614/259 528/613/259 530/615/260 497/616/260
f 497/616/260 530/615/260 532/617/261 499/618/261
f 499/618/261 532/617/261 534/619/262 501/620/262
f 501/620/262 534/619/262 536/621/263 503/622/263
f 503/622/263 536/621/263 538/623/264 505/624/264
f 505/624/264 538/623/264 540/625/265 507/626/265
f 507/626/265 540/625/265 542/627/266 509/628/266
f 509/628/266 542/627/266 544/604/254 511/603/254
f 485/564/234 518/563/234 520/606/255 487/605/255
f 514/562/267 515/602/267 516/629/267 513/630/267
f 518/563/267 514/562/267 513/630/267 517/631/267
f 520/606/267 518/563/267 517/631/267 519/632/267
f 522/607/267 520/606/267 519/632/267 521/633/267
f 524/609/267 522/607/267 521/633/267 523/634/267
f 526/611/268 524/609/267 523/634/267 525/635/268
f 528/613/268 526/611/268 525/635/268 527/636/268
f 530/615/268 528/613/268 527/636/268 529/637/268
f 532/617/268 530/615/268 529/637/268 531/638/268
f 534/619/268 532/617/268 531/638/268 533/639/268
f 536/621/267 534/619/268 533/639/268 535/640/267
f 538/623/267 536/621/267 535/640/267 537/641/267
f 540/625/267 538/623/267 537/641/267 539/642/267
f 542/627/267 540/625/267 539/642/267 541/643/267
f 544/604/267 542/627/267 541/643/267 543/644/267
f 515/602/267 544/604/267 543/644/267 516/629/267
f 546/599/252 545/565/235 513/568/235 516/600/252
f 482/593/267 484/645/267 545/565/267 546/599/267
f 484/645/267 486/646/267 547/566/267 545/565/267
f 486/646/267 488/647/267 548/569/267 547/566/267
f 488/647/267 490/648/267 549/571/267 548/569/267
f 490/648/267 492/649/267 550/573/267 549/571/267
f 492/649/267 494/650/267 551/575/267 550/573/267
f 494/650/267 496/651/267 552/577/267 551/575/267
f 496/651/267 498/652/267 553/579/267 552/577/267
f 498/652/267 500/653/267 554/581/267 553/579/267
f 500/653/267 502/654/267 555/583/267 554/581/267
f 502/654/267 504/655/267 556/585/267 555/583/267
f 504/655/267 506/656/267 557/587/267 556/585/267
f 506/656/267 508/657/267 558/589/267 557/587/267
f 508/657/267 510/658/267 559/591/267 558/589/267
f 510/658/267 512/594/267 560/597/267 559/591/267
f 512/594/267 482/593/267 546/599/267 560/597/267
f 500/653/269 498/652/270 569/659/270 570/660/269
f 486/646/271 484/645/272 561/661/272 563/662/271
f 502/654/273 500/653/269 570/660/269 571/663/273
f 488/647/274 486/646/271 563/662/271 564/664/274
f 504/655/275 502/654/273 571/663/273 572/665/275
f 490/648/145 488/647/274 564/664/274 565/666/145
f 506/656/144 504/655/275 572/665/275 573/667/144
f 492/649/276 490/648/145 565/666/145 566/668/276
f 508/657/277 506/656/144 573/667/144 574/669/277
f 494/650/278 492/649/276 566/668/276 567/670/278
f 510/658/279 508/657/277 574/669/277 575/671/279
f 496/651/280 494/650/278 567/670/278 568/672/280
f 512/594/250 510/658/279 575/671/279 576/595/250
f 498/652/270 496/651/280 568/672/280 569/659/270
f 484/645/272 482/593/249 562/596/249 561/661/272
f 579/673/281 610/674/281 614/675/282 581/676/282
f 641/677/283 643/678/284 613/679/284 609/680/283
f 643/678/284 644/681/285 615/682/285 613/679/284
f 644/681/285 645/683/286 617/684/286 615/682/285
f 645/683/286 646/685/287 619/686/287 617/684/286
f 646/685/287 647/687/288 621/688/288 619/686/287
f 647/687/288 648/689/289 623/690/289 621/688/288
f 648/689/289 649/691/290 625/692/290 623/690/289
f 649/691/290 650/693/291 627/694/291 625/692/290
f 650/693/291 651/695/292 629/696/292 627/694/291
f 651/695/292 652/697/293 631/698/293 629/696/292
f 652/697/293 653/699/294 633/700/294 631/698/293
f 653/699/294 654/701/295 635/702/295 633/700/294
f 654/701/295 655/703/296 637/704/296 635/702/295
f 578/705/297 608/706/298 672/707/298 658/708/297
f 655/703/296 656/709/299 639/710/299 637/704/296
f 656/709/299 642/711/300 612/712/300 639/710/299
f 577/713/301 611/714/301 610/674/281 579/673/281
f 607/715/302 640/716/302 611/714/301 577/713/301
f 583/717/303 616/718/303 618/719/304 585/720/304
f 585/720/304 618/719/304 620/721/305 587/722/305
f 587/722/305 620/721/305 622/723/306 589/724/306
f 589/724/306 622/723/306 624/725/307 591/726/307
f 591/726/307 624/725/307 626/727/308 593/728/308
f 593/728/308 626/727/308 628/729/309 595/730/309
f 595/730/309 628/729/309 630/731/310 597/732/310
f 597/732/310 630/731/310 632/733/311 599/734/311
f 599/734/311 632/733/311 634/735/312 601/736/312
f 601/736/312 634/735/312 636/737/313 603/738/313
f 603/738/313 636/737/313 638/739/314 605/740/314
f 605/740/314 638/739/314 640/716/302 607/715/302
f 581/676/282 614/675/282 616/718/303 583/717/303
f 610/674/315 611/714/315 612/741/315 609/742/315
f 614/675/315 610/674/315 609/742/315 613/743/315
f 616/718/315 614/675/315 613/743/315 615/744/315
f 618/719/315 616/718/315 615/744/315 617/745/315
f 620/721/315 618/719/315 617/745/315 619/746/315
f 622/723/316 620/721/315 619/746/315 621/747/316
f 624/725/316 622/723/316 621/747/316 623/748/316
f 626/727/316 624/725/316 623/748/316 625/749/316
f 628/729/316 626/727/316 625/749/316 627/750/316
f 630/731/316 628/729/316 627/750/316 629/751/316
f 632/733/316 630/731/316 629/751/316 631/752/316
f 634/735/315 632/733/316 631/752/316 633/753/315
f 636/737/315 634/735/315 633/753/315 635/754/315
f 638/739/315 636/737/315 635/754/315 637/755/315
f 640/716/315 638/739/315 637/755/315 639/756/315
f 611/714/315 640/716/315 639/756/315 612/741/315
f 642/711/300 641/677/283 609/680/283 612/712/300
f 578/705/315 580/757/315 641/677/315 642/711/315
f 580/757/315 582/758/315 643/678/315 641/677/315
f 582/758/315 584/759/315 644/681/315 643/678/315
f 584/759/315 586/760/315 645/683/315 644/681/315
f 586/760/315 588/761/315 646/685/315 645/683/315
f 588/761/315 590/762/315 647/687/315 646/685/315
f 590/762/315 592/763/315 648/689/315 647/687/315
f 592/763/315 594/764/315 649/691/315 648/689/315
f 594/764/315 596/765/315 650/693/315 649/691/315
f 596/765/315 598/766/315 651/695/315 650/693/315
f 598/766/315 600/767/315 652/697/315 651/695/315
f 600/767/315 602/768/315 653/699/315 652/697/315
f 602/768/315 604/769/315 654/701/315 653/699/315
f 604/769/315 606/770/315 655/703/315 654/701/315
f 606/770/315 608/706/315 656/709/315 655/703/315
f 608/706/315 578/705/315 642/711/315 656/709/315
f 596/765/317 594/764/318 665/771/318 666/772/317
f 582/758/319 580/757/320 657/773/320 659/774/319
f 598/766/321 596/765/317 666/772/317 667/775/321
f 584/759/322 582/758/319 659/774/319 660/776/322
f 600/767/323 598/766/321 667/775/321 668/777/323
f 586/760/95 584/759/322 660/776/322 661/778/95
f 602/768/94 600/767/323 668/777/323 669/779/94
f 588/761/324 586/760/95 661/778/95 662/780/324
f 604/769/325 602/768/94 669/779/94 670/781/325
f 590/762/326 588/761/324 662/780/324 663/782/326
f 606/770/327 604/769/325 670/781/325 671/783/327
f 592/763/328 590/762/326 663/782/326 664/784/328
f 608/706/298 606/770/327 671/783/327 672/707/298
f 594/764/318 592/763/328 664/784/328 665/771/318
f 580/757/320 578/705/297 658/708/297 657/773/320
f 675/785/329 706/786/329 710/787/330 677/788/330
f 737/789/331 739/790/332 709/791/332 705/792/331
f 739/790/332 740/793/333 711/794/333 709/791/332
f 740/793/333 741/795/334 713/796/334 711/794/333
f 741/795/334 742/797/335 715/798/335 713/796/334
f 742/797/335 743/799/336 717/800/336 715/798/335
f 743/799/336 744/801/337 719/802/337 717/800/336
f 744/801/337 745/803/338 721/804/338 719/802/337
f 745/803/338 746/805/339 723/806/339 721/804/338
f 746/805/339 747/807/340 725/808/340 723/806/339
f 747/807/340 748/809/341 727/810/341 725/808/340
f 748/809/341 749/811/342 729/812/342 727/810/341
f 749/811/342 750/813/343 731/814/343 729/812/342
f 750/813/343 751/815/344 733/816/344 731/814/343
f 674/817/345 704/818/346 768/819/346 754/820/345
f 751/815/344 752/821/347 735/822/347 733/816/344
f 752/821/347 738/823/348 708/824/348 735/822/347
f 673/825/349 707/826/349 706/786/329 675/785/329
f 703/827/350 736/828/350 707/826/349 673/825/349
f 679/829/351 712/830/351 714/831/352 681/832/352
f 681/832/352 714/831/352 716/833/353 683/834/353
f 683/834/353 716/833/353 718/835/354 685/836/354
f 685/836/354 718/835/354 720/837/355 687/838/355
f 687/838/355 720/837/355 722/839/356 689/840/356
f 689/840/356 722/839/356 724/841/357 691/842/357
f 691/842/357 724/841/357 726/843/358 693/844/358
f 693/844/358 726/843/358 728/845/359 695/846/359
f 695/846/359 728/845/359 730/847/360 697/848/360
f 697/848/360 730/847/360 732/849/361 699/850/361
f 699/850/361 732/849/361 734/851/362 701/852/362
f 701/852/362 734/851/362 736/828/350 703/827/350
f 677/788/330 710/787/330 712/830/351 679/829/351
f 706/786/363 707/826/363 708/853/363 705/854/363
f 710/787/363 706/786/363 705/854/363 709/855/363
f 712/830/363 710/787/363 709/855/363 711/856/363
f 714/831/363 712/830/363 711/856/363 713/857/363
f 716/833/364 714/831/363 713/857/363 715/858/364
f 718/835/364 716/833/364 715/858/364 717/859/364
f 720/837/364 718/835/364 717/859/364 719/860/364
f 722/839/364 720/837/364 719/860/364 721/861/364
f 724/841/364 722/839/364 721/861/364 723/862/364
f 726/843/364 724/841/364 723/862/364 725/863/364
f 728/845/363 726/843/364 725/863/364 727/864/363
f 730/847/363 728/845/363 727/864/363 729/865/363
f 732/849/363 730/847/363 729/865/363 731/866/363
f 734/851/363 732/849/363 731/866/363 733/867/363
f 736/828/363 734/851/363 733/867/363 735/868/363
f 707/826/363 736/828/363 735/868/363 708/853/363
f 738/823/348 737/789/331 705/792/331 708/824/348
f 674/817/363 676/869/363 737/789/363 738/823/363
f 676/869/363 678/870/363 739/790/363 737/789/363
f 678/870/363 680/871/363 740/793/363 739/790/363
f 680/871/363 682/872/363 741/795/363 740/793/363
f 682/872/363 684/873/363 742/797/363 741/795/363
f 684/873/363 686/874/363 743/799/363 742/797/363
f 686/874/363 688/875/363 744/801/363 743/799/363
f 688/875/363 690/876/363 745/803/363 744/801/363
f 690/876/363 692/877/363 746/805/363 745/803/363
f 692/877/363 694/878/363 747/807/363 746/805/363
f 694/878/363 696/879/363 748/809/363 747/807/363
f 696/879/363 698/880/363 749/811/363 748/809/363
f 698/880/363 700/881/363 750/813/363 749/811/363
f 700/881/363 702/882/363 751/815/363 750/813/363
f 702/882/363 704/818/363 752/821/363 751/815/363
f 704/818/363 674/817/363 738/823/363 752/821/363
f 692/877/365 690/876/366 761/883/366 762/884/365
f 678/870/367 676/869/368 753/885/368 755/886/367
f 694/878/369 692/877/365 762/884/365 763/887/369
f 680/871/370 678/870/367 755/886/367 756/888/370
f 696/879/371 694/878/369 763/887/369 764/889/371
f 682/872/372 680/871/370 756/888/370 757/890/372
f 698/880/373 696/879/371 764/889/371 765/891/373
f 684/873/374 682/872/372 757/890/372 758/892/374
f 700/881/375 698/880/373 765/891/373 766/893/375
f 686/874/376 684/873/374 758/892/374 759/894/376
f 702/882/377 700/881/375 766/893/375 767/895/377
f 688/875/378 686/874/376 759/894/376 760/896/378
f 704/818/346 702/882/377 767/895/377 768/819/346
f 690/876/366 688/875/378 760/896/378 761/883/366
f 676/869/368 674/817/345 754/820/345 753/885/368
f 771/897/379 802/898/379 806/899/380 773/900/380
f 833/901/381 835/902/382 805/903/382 801/904/381
f 835/902/382 836/905/383 807/906/383 805/903/382
f 836/905/383 837/907/384 809/908/384 807/906/383
f 837/907/384 838/909/385 811/910/385 809/908/384
f 838/909/385 839/911/386 813/912/386 811/910/385
f 839/911/386 840/913/387 815/914/387 813/912/386
f 840/913/387 841/915/388 817/916/388 815/914/387
f 841/915/388 842/917/389 819/918/389 817/916/388
f 842/917/389 843/919/390 821/920/390 819/918/389
f 843/919/390 844/921/391 823/922/391 821/920/390
f 844/921/391 845/923/392 825/924/392 823/922/391
f 845/923/392 846/925/393 827/926/393 825/924/392
f 846/925/393 847/927/394 829/928/394 827/926/393
f 770/929/318 800/930/395 864/931/395 850/932/318
f 847/927/394 848/933/396 831/934/396 829/928/394
f 848/933/396 834/935/397 804/936/397 831/934/396
f 769/937/398 803/938/398 802/898/379 771/897/379
f 799/939/399 832/940/399 803/938/398 769/937/398
f 775/941/400 808/942/400 810/943/401 777/944/401
f 777/944/401 810/943/401 812/945/402 779/946/402
f 779/946/402 812/945/402 814/947/403 781/948/403
f 781/948/403 814/947/403 816/949/404 783/950/404
f 783/950/404 816/949/404 818/951/405 785/952/405
f 785/952/405 818/951/405 820/953/406 787/954/406
f 787/954/406 820/953/406 822/955/407 789/956/407
f 789/956/407 822/955/407 824/957/408 791/958/408
f 791/958/408 824/957/408 826/959/409 793/960/409
f 793/960/409 826/959/409 828/961/410 795/962/410
f 795/962/410 828/961/410 830/963/411 797/964/411
f 797/964/411 830/963/411 832/940/399 799/939/399
f 773/900/380 806/899/380 808/942/400 775/941/400
f 802/898/412 803/938/412 804/965/412 801/966/412
f 806/899/412 802/898/412 801/966/412 805/967/412
f 808/942/412 806/899/412 805/967/412 807/968/412
f 810/943/412 808/942/412 807/968/412 809/969/412
f 812/945/412 810/943/412 809/969/412 811/970/412
f 814/947/413 812/945/412 811/970/412 813/971/413
f 816/949/413 814/947/413 813/971/413 815/972/413
f 818/951/413 816/949/413 815/972/413 817/973/413
f 820/953/413 818/951/413 817/973/413 819/974/413
f 822/955/413 820/953/413 819/974/413 821/975/413
f 824/957/412 822/955/413 821/975/413 823/976/412
f 826/959/412 824/957/412 823/976/412 825/977/412
f 828/961/412 826/959/412 825/977/412 827/978/412
f 830/963/412 828/961/412 827/978/412 829/979/412
f 832/940/412 830/963/412 829/979/412 831/980/412
f 803/938/412 832/940/412 831/980/412 804/965/412
f 834/935/397 833/901/381 801/904/381 804/936/397
f 770/929/412 772/981/412 833/901/412 834/935/412
f 772/981/412 774/982/412 835/902/412 833/901/412
f 774/982/412 776/983/412 836/905/412 835/902/412
f 776/983/412 778/984/412 837/907/412 836/905/412
f 778/984/412 780/985/412 838/909/412 837/907/412
f 780/985/412 782/986/412 839/911/412 838/909/412
f 782/986/412 784/987/412 840/913/412 839/911/412
f 784/987/412 786/988/412 841/915/412 840/913/412
f 786/988/412 788/989/412 842/917/412 841/915/412
f 788/989/412 790/990/412 843/919/412 842/917/412
f 790/990/412 792/991/412 844/921/412 843/919/412
f 792/991/412 794/992/412 845/923/412 844/921/412
f 794/992/412 796/993/412 846/925/412 845/923/412
f 796/993/412 798/994/412 847/927/412 846/925/412
f 798/994/412 800/930/412 848/933/412 847/927/412
f 800/930/412 770/929/412 834/935/412 848/933/412
f 788/989/298 786/988/297 857/995/297 858/996/298
f 774/982/326 772/981/328 849/997/328 851/998/326
f 790/990/327 788/989/298 858/996/298 859/999/327
f 776/983/324 774/982/326 851/998/326 852/1000/324
f 792/991/325 790/990/327 859/999/327 860/1001/325
f 778/984/95 776/983/324 852/1000/324 853/1002/95
f 794/992/94 792/991/325 860/1001/325 861/1003/94
f 780/985/322 778/984/95 853/1002/95 854/1004/322
f 796/993/323 794/992/94 861/1003/94 862/1005/323
f 782/986/319 780/985/322 854/1004/322 855/1006/319
f 798/994/321 796/993/323 862/1005/323 863/1007/321
f 784/987/320 782/986/319 855/1006/319 856/1008/320
f 800/930/395 798/994/321 863/1007/321 864/931/395
f 786/988/297 784/987/320 856/1008/320 857/995/297
f 772/981/328 770/929/318 850/932/318 849/997/328
f 867/1009/414 898/1010/414 902/1011/415 869/1012/415
f 929/1013/416 931/1014/417 901/1015/417 897/1016/416
f 931/1014/417 932/1017/418 903/1018/418 901/1015/417
f 932/1017/418 933/1019/419 905/1020/419 903/1018/418
f 933/1019/419 934/1021/420 907/1022/420 905/1020/419
f 934/1021/420 935/1023/421 909/1024/421 907/1022/420
f 935/1023/421 936/1025/422 911/1026/422 909/1024/421
f 936/1025/422 937/1027/423 913/1028/423 911/1026/422
f 937/1027/423 938/1029/424 915/1030/424 913/1028/423
f 938/1029/424 939/1031/425 917/1032/425 915/1030/424
f 939/1031/425 940/1033/426 919/1034/426 917/1032/425
f 940/1033/426 941/1035/427 921/1036/427 919/1034/426
f 941/1035/427 942/1037/428 923/1038/428 921/1036/427
f 942/1037/428 943/1039/429 925/1040/429 923/1038/428
f 866/1041/222 896/1042/221 960/1043/221 946/1044/222
f 943/1039/429 944/1045/430 927/1046/430 925/1040/429
f 944/1045/430 930/1047/431 900/1048/431 927/1046/430
f 865/1049/432 899/1050/432 898/1010/414 867/1009/414
f 895/1051/433 928/1052/433 899/1050/432 865/1049/432
f 871/1053/434 904/1054/434 906/1055/435 873/1056/435
f 873/1056/435 906/1055/435 908/1057/436 875/1058/436
f 875/1058/436 908/1057/436 910/1059/437 877/1060/437
f 877/1060/437 910/1059/437 912/1061/438 879/1062/438
f 879/1062/438 912/1061/438 914/1063/439 881/1064/439
f 881/1064/439 914/1063/439 916/1065/440 883/1066/440
f 883/1066/440 916/1065/440 918/1067/441 885/1068/441
f 885/1068/441 918/1067/441 920/1069/442 887/1070/442
f 887/1070/442 920/1069/442 922/1071/443 889/1072/443
f 889/1072/443 922/1071/443 924/1073/444 891/1074/444
f 891/1074/444 924/1073/444 926/1075/445 893/1076/445
f 893/1076/445 926/1075/445 928/1052/433 895/1051/433
f 869/1012/415 902/1011/415 904/1054/434 871/1053/434
f 898/1010/446 899/1050/446 900/1077/446 897/1078/446
f 902/1011/446 898/1010/446 897/1078/446 901/1079/446
f 904/1054/446 902/1011/446 901/1079/446 903/1080/446
f 906/1055/446 904/1054/446 903/1080/446 905/1081/446
f 908/1057/447 906/1055/446 905/1081/446 907/1082/447
f 910/1059/447 908/1057/447 907/1082/447 909/1083/447
f 912/1061/447 910/1059/447 909/1083/447 911/1084/447
f 914/1063/447 912/1061/447 911/1084/447 913/1085/447
f 916/1065/447 914/1063/447 913/1085/447 915/1086/447
f 918/1067/447 916/1065/447 915/1086/447 917/1087/447
f 920/1069/446 918/1067/447 917/1087/447 919/1088/446
f 922/1071/446 920/1069/446 919/1088/446 921/1089/446
f 924/1073/446 922/1071/446 921/1089/446 923/1090/446
f 926/1075/446 924/1073/446 923/1090/446 925/1091/446
f 928/1052/446 926/1075/446 925/1091/446 927/1092/446
f 899/1050/446 928/1052/446 927/1092/446 900/1077/446
f 930/1047/431 929/1013/416 897/1016/416 900/1048/431
f 866/1041/446 868/1093/446 929/1013/446 930/1047/446
f 868/1093/446 870/1094/446 931/1014/446 929/1013/446
f 870/1094/446 872/1095/446 932/1017/446 931/1014/446
f 872/1095/446 874/1096/446 933/1019/446 932/1017/446
f 874/1096/446 876/1097/446 934/1021/446 933/1019/446
f 876/1097/446 878/1098/446 935/1023/446 934/1021/446
f 878/1098/446 880/1099/446 936/1025/446 935/1023/446
f 880/1099/446 882/1100/446 937/1027/446 936/1025/446
f 882/1100/446 884/1101/446 938/1029/446 937/1027/446
f 884/1101/446 886/1102/446 939/1031/446 938/1029/446
f 886/1102/446 888/1103/446 940/1033/446 939/1031/446
f 888/1103/446 890/1104/446 941/1035/446 940/1033/446
f 890/1104/446 892/1105/446 942/1037/446 941/1035/446
f 892/1105/446 894/1106/446 943/1039/446 942/1037/446
f 894/1106/446 896/1042/446 944/1045/446 943/1039/446
f 896/1042/446 866/1041/446 930/1047/446 944/1045/446
f 884/1101/202 882/1100/201 953/1107/201 954/1108/202
f 870/1094/230 868/1093/232 945/1109/232 947/1110/230
f 886/1102/231 884/1101/202 954/1108/202 955/1111/231
f 872/1095/228 870/1094/230 947/1110/230 948/1112/228
f 888/1103/229 886/1102/231 955/1111/231 956/1113/229
f 874/1096/45 872/1095/228 948/1112/228 949/1114/45
f 890/1104/44 888/1103/229 956/1113/229 957/1115/44
f 876/1097/226 874/1096/45 949/1114/45 950/1116/226
f 892/1105/227 890/1104/44 957/1115/44 958/1117/227
f 878/1098/223 876/1097/226 950/1116/226 951/1118/223
f 894/1106/225 892/1105/227 958/1117/227 959/1119/225
f 880/1099/224 878/1098/223 951/1118/223 952/1120/224
f 896/1042/221 894/1106/225 959/1119/225 960/1043/221
f 882/1100/201 880/1099/224 952/1120/224 953/1107/201
f 868/1093/232 866/1041/222 946/1044/222 945/1109/232
f 963/1121/448 994/1122/448 998/1123/449 965/1124/449
f 1025/1125/450 1027/1126/451 997/1127/451 993/1128/450
f 1027/1126/451 1028/1129/452 999/1130/452 997/1127/451
f 1028/1129/452 1029/1131/453 1001/1132/453 999/1130/452
f 1029/1131/453 1030/1133/454 1003/1134/454 1001/1132/453
f 1030/1133/454 1031/1135/455 1005/1136/455 1003/1134/454
f 1031/1135/455 1032/1137/456 1007/1138/456 1005/1136/455
f 1032/1137/456 1033/1139/457 1009/1140/457 1007/1138/456
f 1033/1139/457 1034/1141/458 1011/1142/458 1009/1140/457
f 1034/1141/458 1035/1143/459 1013/1144/459 1011/1142/458
f 1035/1143/459 1036/1145/460 1015/1146/460 1013/1144/459
f 1036/1145/460 1037/1147/461 1017/1148/461 1015/1146/460
f 1037/1147/461 1038/1149/462 1019/1150/462 1017/1148/461
f 1038/1149/462 1039/1151/463 1021/1152/463 1019/1150/462
f 962/1153/270 992/1154/269 1056/1155/269 1042/1156/270
f 1039/1151/463 1040/1157/464 1023/1158/464 1021/1152/463
f 1040/1157/464 1026/1159/465 996/1160/465 1023/1158/464
f 961/1161/466 995/1162/466 994/1122/448 963/1121/448
f 991/1163/467 1024/1164/467 995/1162/466 961/1161/466
f 967/1165/468 1000/1166/468 1002/1167/469 969/1168/469
f 969/1168/469 1002/1167/469 1004/1169/470 971/1170/470
f 971/1170/470 1004/1169/470 1006/1171/471 973/1172/471
f 973/1172/471 1006/1171/471 1008/1173/472 975/1174/472
f 975/1174/472 1008/1173/472 1010/1175/473 977/1176/473
f 977/1176/473 1010/1175/473 1012/1177/474 979/1178/474
f 979/1178/474 1012/1177/474 1014/1179/475 981/1180/475
f 981/1180/475 1014/1179/475 1016/1181/476 983/1182/476
f 983/1182/476 1016/1181/476 1018/1183/477 985/1184/477
f 985/1184/477 1018/1183/477 1020/1185/478 987/1186/478
f 987/1186/478 1020/1185/478 1022/1187/479 989/1188/479
f 989/1188/479 1022/1187/479 1024/1164/467 991/1163/467
f 965/1124/449 998/1123/449 1000/1166/468 967/1165/468
f 994/1122/480 995/1162/480 996/1189/480 993/1190/480
f 998/1123/480 994/1122/480 993/1190/480 997/1191/480
f 1000/1166/480 998/1123/480 997/1191/480 999/1192/480
f 1002/1167/480 1000/1166/480 999/1192/480 1001/1193/480
f 1004/1169/480 1002/1167/480 1001/1193/480 1003/1194/480
f 1006/1171/481 1004/1169/480 1003/1194/480 1005/1195/481
f 1008/1173/481 1006/1171/481 1005/1195/481 1007/1196/481
f 1010/1175/481 1008/1173/481 1007/1196/481 1009/1197/481
f 1012/1177/481 1010/1175/481 1009/1197/481 1011/1198/481
f 1014/1179/481 1012/1177/481 1011/1198/481 1013/1199/481
f 1016/1181/480 1014/1179/481 1013/1199/481 1015/1200/480
f 1018/1183/480 1016/1181/480 1015/1200/480 1017/1201/480
f 1020/1185/480 1018/1183/480 1017/1201/480 1019/1202/480
f 1022/1187/480 1020/1185/480 1019/1202/480 1021/1203/480
f 1024/1164/480 1022/1187/480 1021/1203/480 1023/1204/480
f 995/1162/480 1024/1164/480 1023/1204/480 996/1189/480
f 1026/1159/465 1025/1125/450 993/1128/450 996/1160/465
f 962/1153/480 964/1205/480 1025/1125/480 1026/1159/480
f 964/1205/480 966/1206/480 1027/1126/480 1025/1125/480
f 966/1206/480 968/1207/480 1028/1129/480 1027/1126/480
f 968/1207/480 970/1208/480 1029/1131/480 1028/1129/480
f 970/1208/480 972/1209/480 1030/1133/480 1029/1131/480
f 972/1209/480 974/1210/480 1031/1135/480 1030/1133/480
f 974/1210/480 976/1211/480 1032/1137/480 1031/1135/480
f 976/1211/480 978/1212/480 1033/1139/480 1032/1137/480
f 978/1212/480 980/1213/480 1034/1141/480 1033/1139/480
f 980/1213/480 982/1214/480 1035/1143/480 1034/1141/480
f 982/1214/480 984/1215/480 1036/1145/480 1035/1143/480
f 984/1215/480 986/1216/480 1037/1147/480 1036/1145/480
f 986/1216/480 988/1217/480 1038/1149/480 1037/1147/480
f 988/1217/480 990/1218/480 1039/1151/480 1038/1149/480
f 990/1218/480 992/1154/480 1040/1157/480 1039/1151/480
f 992/1154/480 962/1153/480 1026/1159/480 1040/1157/480
f 980/1213/250 978/1212/249 1049/1219/249 1050/1220/250
f 966/1206/278 964/1205/280 1041/1221/280 1043/1222/278
f 982/1214/279 980/1213/250 1050/1220/250 1051/1223/279
f 968/1207/276 966/1206/278 1043/1222/278 1044/1224/276
f 984/1215/277 982/1214/279 1051/1223/279 1052/1225/277
f 970/1208/145 968/1207/276 1044/1224/276 1045/1226/145
f 986/1216/144 984/1215/277 1052/1225/277 1053/1227/144
f 972/1209/274 970/1208/145 1045/1226/145 1046/1228/274
f 988/1217/275 986/1216/144 1053/1227/144 1054/1229/275
f 974/1210/271 972/1209/274 1046/1228/274 1047/1230/271
f 990/1218/273 988/1217/275 1054/1229/275 1055/1231/273
f 976/1211/272 974/1210/271 1047/1230/271 1048/1232/272
f 992/1154/269 990/1218/273 1055/1231/273 1056/1155/269
f 978/1212/249 976/1211/272 1048/1232/272 1049/1219/249
f 964/1205/280 962/1153/270 1042/1156/270 1041/1221/280
f 1059/1233/482 1090/1234/482 1094/1235/483 1061/1236/483
f 1121/1237/484 1123/1238/485 1093/1239/485 1089/1240/484
f 1123/1238/485 1124/1241/486 1095/1242/486 1093/1239/485
f 1124/1241/486 1125/1243/487 1097/1244/487 1095/1242/486
f 1125/1243/487 1126/1245/488 1099/1246/488 1097/1244/487
f 1126/1245/488 1127/1247/489 1101/1248/489 1099/1246/488
f 1127/1247/489 1128/1249/490 1103/1250/490 1101/1248/489
f 1128/1249/490 1129/1251/491 1105/1252/491 1103/1250/490
f 1129/1251/491 1130/1253/492 1107/1254/492 1105/1252/491
f 1130/1253/492 1131/1255/493 1109/1256/493 1107/1254/492
f 1131/1255/493 1132/1257/494 1111/1258/494 1109/1256/493
f 1132/1257/494 1133/1259/495 1113/1260/495 1111/1258/494
f 1133/1259/495 1134/1261/496 1115/1262/496 1113/1260/495
f 1134/1261/496 1135/1263/497 1117/1264/497 1115/1262/496
f 1058/1265/138 1088/1266/137 1152/1267/137 1138/1268/138
f 1135/1263/497 1136/1269/498 1119/1270/498 1117/1264/497
f 1136/1269/498 1122/1271/499 1092/1272/499 1119/1270/498
f 1057/1273/500 1091/1274/500 1090/1234/482 1059/1233/482
f 1087/1275/501 1120/1276/501 1091/1274/500 1057/1273/500
f 1063/1277/502 1096/1278/502 1098/1279/503 1065/1280/503
f 1065/1280/503 1098/1279/503 1100/1281/504 1067/1282/504
f 1067/1282/504 1100/1281/504 1102/1283/505 1069/1284/505
f 1069/1284/505 1102/1283/505 1104/1285/506 1071/1286/506
f 1071/1286/506 1104/1285/506 1106/1287/507 1073/1288/507
f 1073/1288/507 1106/1287/507 1108/1289/508 1075/1290/508
f 1075/1290/508 1108/1289/508 1110/1291/509 1077/1292/509
f 1077/1292/509 1110/1291/509 1112/1293/510 1079/1294/510
f 1079/1294/510 1112/1293/510 1114/1295/511 1081/1296/511
f 1081/1296/511 1114/1295/511 1116/1297/512 1083/1298/512
f 1083/1298/512 1116/1297/512 1118/1299/513 1085/1300/513
f 1085/1300/513 1118/1299/513 1120/1276/501 1087/1275/501
f 1061/1236/483 1094/1235/483 1096/1278/502 1063/1277/502
f 1090/1234/514 1091/1274/514 1092/1301/514 1089/1302/514
f 1094/1235/514 1090/1234/514 1089/1302/514 1093/1303/514
f 1096/1278/514 1094/1235/514 1093/1303/514 1095/1304/514
f 1098/1279/514 1096/1278/514 1095/1304/514 1097/1305/514
f 1100/1281/514 1098/1279/514 1097/1305/514 1099/1306/514
f 1102/1283/515 1100/1281/514 1099/1306/514 1101/1307/515
f 1104/1285/515 1102/1283/515 1101/1307/515 1103/1308/515
f 1106/1287/515 1104/1285/515 1103/1308/515 1105/1309/515
f 1108/1289/515 1106/1287/515 1105/1309/515 1107/1310/515
f 1110/1291/515 1108/1289/515 1107/1310/515 1109/1311/515
f 1112/1293/514 1110/1291/515 1109/1311/515 1111/1312/514
f 1114/1295/514 1112/1293/514 1111/1312/514 1113/1313/514
f 1116/1297/514 1114/1295/514 1113/1313/514 1115/1314/514
f 1118/1299/514 1116/1297/514 1115/1314/514 1117/1315/514
f 1120/1276/514 1118/1299/514 1117/1315/514 1119/1316/514
f 1091/1274/514 1120/1276/514 1119/1316/514 1092/1301/514
f 1122/1271/499 1121/1237/484 1089/1240/484 1092/1272/499
f 1058/1265/514 1060/1317/514 1121/1237/514 1122/1271/514
f 1060/1317/514 1062/1318/514 1123/1238/514 1121/1237/514
f 1062/1318/514 1064/1319/514 1124/1241/514 1123/1238/514
f 1064/1319/514 1066/1320/514 1125/1243/514 1124/1241/514
f 1066/1320/514 1068/1321/514 1126/1245/514 1125/1243/514
f 1068/1321/514 1070/1322/514 1127/1247/514 1126/1245/514
f 1070/1322/514 1072/1323/514 1128/1249/514 1127/1247/514
f 1072/1323/514 1074/1324/514 1129/1251/514 1128/1249/514
f 1074/1324/514 1076/1325/514 1130/1253/514 1129/1251/514
f 1076/1325/514 1078/1326/514 1131/1255/514 1130/1253/514
f 1078/1326/514 1080/1327/514 1132/1257/514 1131/1255/514
f 1080/1327/514 1082/1328/514 1133/1259/514 1132/1257/514
f 1082/1328/514 1084/1329/514 1134/1261/514 1133/1259/514
f 1084/1329/514 1086/1330/514 1135/1263/514 1134/1261/514
f 1086/1330/514 1088/1266/514 1136/1269/514 1135/1263/514
f 1088/1266/514 1058/1265/514 1122/1271/514 1136/1269/514
f 1076/1325/118 1074/1324/117 1145/1331/117 1146/1332/118
f 1062/1318/148 1060/1317/150 1137/1333/150 1139/1334/148
f 1078/1326/149 1076/1325/118 1146/1332/118 1147/1335/149
f 1064/1319/146 1062/1318/148 1139/1334/148 1140/1336/146
f 1080/1327/147 1078/1326/149 1147/1335/149 1148/1337/147
f 1066/1320/144 1064/1319/146 1140/1336/146 1141/1338/144
f 1082/1328/145 1080/1327/147 1148/1337/147 1149/1339/145
f 1068/1321/142 1066/1320/144 1141/1338/144 1142/1340/142
f 1084/1329/143 1082/1328/145 1149/1339/145 1150/1341/143
f 1070/1322/139 1068/1321/142 1142/1340/142 1143/1342/139
f 1086/1330/141 1084/1329/143 1150/1341/143 1151/1343/141
f 1072/1323/140 1070/1322/139 1143/1342/139 1144/1344/140
f 1088/1266/137 1086/1330/141 1151/1343/141 1152/1267/137
f 1074/1324/117 1072/1323/140 1144/1344/140 1145/1331/117
f 1060/1317/150 1058/1265/138 1138/1268/138 1137/1333/150
f 1155/1345/516 1186/1346/516 1190/1347/517 1157/1348/517
f 1217/1349/518 1219/1350/519 1189/1351/519 1185/1352/518
f 1219/1350/519 1220/1353/520 1191/1354/520 1189/1351/519
f 1220/1353/520 1221/1355/521 1193/1356/521 1191/1354/520
f 1221/1355/521 1222/1357/522 1195/1358/522 1193/1356/521
f 1222/1357/522 1223/1359/523 1197/1360/523 1195/1358/522
f 1223/1359/523 1224/1361/524 1199/1362/524 1197/1360/523
f 1224/1361/524 1225/1363/525 1201/1364/525 1199/1362/524
f 1225/1363/525 1226/1365/526 1203/1366/526 1201/1364/525
f 1226/1365/526 1227/1367/527 1205/1368/527 1203/1366/526
f 1227/1367/527 1228/1369/528 1207/1370/528 1205/1368/527
f 1228/1369/528 1229/1371/529 1209/1372/529 1207/1370/528
f 1229/1371/529 1230/1373/530 1211/1374/530 1209/1372/529
f 1230/1373/530 1231/1375/531 1213/1376/531 1211/1374/530
f 1154/1377/88 1184/1378/87 1248/1379/87 1234/1380/88
f 1231/1375/531 1232/1381/532 1215/1382/532 1213/1376/531
f 1232/1381/532 1218/1383/533 1188/1384/533 1215/1382/532
f 1153/1385/534 1187/1386/534 1186/1346/516 1155/1345/516
f 1183/1387/535 1216/1388/535 1187/1386/534 1153/1385/534
f 1159/1389/536 1192/1390/536 1194/1391/537 1161/1392/537
f 1161/1392/537 1194/1391/537 1196/1393/538 1163/1394/538
f 1163/1394/538 1196/1393/538 1198/1395/539 1165/1396/539
f 1165/1396/539 1198/1395/539 1200/1397/540 1167/1398/540
f 1167/1398/540 1200/1397/540 1202/1399/541 1169/1400/541
f 1169/1400/541 1202/1399/541 1204/1401/542 1171/1402/542
f 1171/1402/542 1204/1401/542 1206/1403/543 1173/1404/543
f 1173/1404/543 1206/1403/543 1208/1405/544 1175/1406/544
f 1175/1406/544 1208/1405/544 1210/1407/545 1177/1408/545
f 1177/1408/545 1210/1407/545 1212/1409/546 1179/1410/546
f 1179/1410/546 1212/1409/546 1214/1411/547 1181/1412/547
f 1181/1412/547 1214/1411/547 1216/1388/535 1183/1387/535
f 1157/1348/517 1190/1347/517 1192/1390/536 1159/1389/536
f 1186/1346/548 1187/1386/548 1188/1413/548 1185/1414/548
f 1190/1347/548 1186/1346/548 1185/1414/548 1189/1415/548
f 1192/1390/548 1190/1347/548 1189/1415/548 1191/1416/548
f 1194/1391/548 1192/1390/548 1191/1416/548 1193/1417/548
f 1196/1393/549 1194/1391/548 1193/1417/548 1195/1418/549
f 1198/1395/549 1196/1393/549 1195/1418/549 1197/1419/549
f 1200/1397/549 1198/1395/549 1197/1419/549 1199/1420/549
f 1202/1399/549 1200/1397/549 1199/1420/549 1201/1421/549
f 1204/1401/549 1202/1399/549 1201/1421/549 1203/1422/549
f 1206/1403/549 1204/1401/549 1203/1422/549 1205/1423/549
f 1208/1405/548 1206/1403/549 1205/1423/549 1207/1424/548
f 1210/1407/548 1208/1405/548 1207/1424/548 1209/1425/548
f 1212/1409/548 1210/1407/548 1209/1425/548 1211/1426/548
f 1214/1411/548 1212/1409/548 1211/1426/548 1213/1427/548
f 1216/1388/548 1214/1411/548 1213/1427/548 1215/1428/548
f 1187/1386/548 1216/1388/548 1215/1428/548 1188/1413/548
f 1218/1383/533 1217/1349/518 1185/1352/518 1188/1384/533
f 1154/1377/548 1156/1429/548 1217/1349/548 1218/1383/548
f 1156/1429/548 1158/1430/548 1219/1350/548 1217/1349/548
f 1158/1430/548 1160/1431/548 1220/1353/548 1219/1350/548
f 1160/1431/548 1162/1432/548 1221/1355/548 1220/1353/548
f 1162/1432/548 1164/1433/548 1222/1357/548 1221/1355/548
f 1164/1433/548 1166/1434/548 1223/1359/548 1222/1357/548
f 1166/1434/548 1168/1435/548 1224/1361/548 1223/1359/548
f 1168/1435/548 1170/1436/548 1225/1363/548 1224/1361/548
f 1170/1436/548 1172/1437/548 1226/1365/548 1225/1363/548
f 1172/1437/548 1174/1438/548 1227/1367/548 1226/1365/548
f 1174/1438/548 1176/1439/548 1228/1369/548 1227/1367/548
f 1176/1439/548 1178/1440/548 1229/1371/548 1228/1369/548
f 1178/1440/548 1180/1441/548 1230/1373/548 1229/1371/548
f 1180/1441/548 1182/1442/548 1231/1375/548 1230/1373/548
f 1182/1442/548 1184/1378/548 1232/1381/548 1231/1375/548
f 1184/1378/548 1154/1377/548 1218/1383/548 1232/1381/548
f 1172/1437/68 1170/1436/67 1241/1443/67 1242/1444/68
f 1158/1430/98 1156/1429/100 1233/1445/100 1235/1446/98
f 1174/1438/99 1172/1437/68 1242/1444/68 1243/1447/99
f 1160/1431/96 1158/1430/98 1235/1446/98 1236/1448/96
f 1176/1439/97 1174/1438/99 1243/1447/99 1244/1449/97
f 1162/1432/94 1160/1431/96 1236/1448/96 1237/1450/94
f 1178/1440/95 1176/1439/97 1244/1449/97 1245/1451/95
f 1164/1433/92 1162/1432/94 1237/1450/94 1238/1452/92
f 1180/1441/93 1178/1440/95 1245/1451/95 1246/1453/93
f 1166/1434/89 1164/1433/92 1238/1452/92 1239/1454/89
f 1182/1442/91 1180/1441/93 1246/1453/93 1247/1455/91
f 1168/1435/90 1166/1434/89 1239/1454/89 1240/1456/90
f 1184/1378/87 1182/1442/91 1247/1455/91 1248/1379/87
f 1170/1436/67 1168/1435/90 1240/1456/90 1241/1443/67
f 1156/1429/100 1154/1377/88 1234/1380/88 1233/1445/100
f 1249/1457/550 1270/1458/550 1269/1459/551 1251/1460/551
f 1251/1460/551 1269/1459/551 1271/1461/552 1253/1462/552
f 1253/1462/552 1271/1461/552 1272/1463/553 1255/1464/553
f 1255/1464/553 1272/1463/553 1273/1465/554 1257/1466/554
f 1257/1466/554 1273/1465/554 1274/1467/555 1259/1468/555
f 1259/1468/555 1274/1467/555 1275/1469/556 1261/1470/556
f 1261/1470/556 1275/1469/556 1276/1471/557 1263/1472/557
f 1263/1472/557 1276/1471/557 1277/1473/558 1265/1474/558
f 1250/1475/559 1268/1476/560 1288/1477/560 1280/1478/559
f 1265/1474/558 1277/1473/558 1278/1479/561 1267/1480/561
f 1267/1480/561 1278/1479/561 1270/1458/550 1249/1457/550
f 1250/1475/562 1252/1481/562 1269/1459/562 1270/1458/562
f 1252/1481/562 1254/1482/562 1271/1461/562 1269/1459/562
f 1254/1482/562 1256/1483/562 1272/1463/562 1271/1461/562
f 1256/1483/562 1258/1484/562 1273/1465/562 1272/1463/562
f 1258/1484/562 1260/1485/562 1274/1467/562 1273/1465/562
f 1260/1485/562 1262/1486/562 1275/1469/562 1274/1467/562
f 1262/1486/562 1264/1487/562 1276/1471/562 1275/1469/562
f 1264/1487/562 1266/1488/562 1277/1473/562 1276/1471/562
f 1266/1488/562 1268/1476/562 1278/1479/562 1277/1473/562
f 1268/1476/562 1250/1475/562 1270/1458/562 1278/1479/562
f 1264/1487/563 1262/1486/564 1285/1489/564 1286/1490/563
f 1258/1484/565 1256/1483/566 1282/1491/566 1283/1492/565
f 1252/1481/567 1250/1475/559 1280/1478/559 1279/1493/567
f 1266/1488/568 1264/1487/563 1286/1490/563 1287/1494/568
f 1260/1485/569 1258/1484/565 1283/1492/565 1284/1495/569
f 1254/1482/570 1252/1481/567 1279/1493/567 1281/1496/570
f 1268/1476/560 1266/1488/568 1287/1494/568 1288/1477/560
f 1262/1486/564 1260/1485/569 1284/1495/569 1285/1489/564
f 1256/1483/566 1254/1482/570 1281/1496/570 1282/1491/566
