# Blender 4.1.1
# www.blender.org
mtllib 1.25m_Smokebox_Door.mtl
o SmokeboxDoor
v -0.000010 -0.058172 -0.587252
v -0.000010 -0.024909 -0.625007
v 0.151980 -0.058172 -0.567242
v 0.161752 -0.024909 -0.603710
v 0.293612 -0.058172 -0.508576
v 0.312490 -0.024909 -0.541273
v 0.415235 -0.058172 -0.415252
v 0.441932 -0.024909 -0.441948
v 0.508559 -0.058172 -0.293629
v 0.541256 -0.024909 -0.312507
v 0.567225 -0.058172 -0.151997
v 0.603694 -0.024909 -0.161769
v 0.587235 -0.058172 -0.000007
v 0.624990 -0.024909 -0.000007
v 0.567225 -0.058172 0.151983
v 0.603694 -0.024909 0.161755
v 0.508559 -0.058172 0.293616
v 0.541256 -0.024909 0.312493
v 0.415235 -0.058172 0.415238
v 0.441932 -0.024909 0.441935
v 0.293612 -0.058172 0.508562
v 0.312490 -0.024909 0.541259
v 0.151980 -0.058172 0.567228
v 0.161752 -0.024909 0.603697
v -0.000010 -0.058172 0.587238
v -0.000010 -0.024909 0.624993
v -0.152000 -0.058172 0.567228
v -0.161772 -0.024909 0.603697
v -0.293633 -0.058172 0.508562
v -0.312510 -0.024909 0.541259
v -0.415255 -0.058172 0.415238
v -0.441952 -0.024909 0.441935
v -0.508579 -0.058172 0.293616
v -0.541276 -0.024909 0.312493
v -0.567245 -0.058172 0.151983
v -0.603714 -0.024909 0.161755
v -0.587255 -0.058172 -0.000007
v -0.625010 -0.024909 -0.000007
v -0.567245 -0.058172 -0.151997
v -0.603714 -0.024909 -0.161769
v -0.508579 -0.058172 -0.293629
v -0.541276 -0.024909 -0.312507
v -0.415255 -0.058172 -0.415252
v -0.441952 -0.024909 -0.441948
v -0.293633 -0.058172 -0.508576
v -0.312510 -0.024909 -0.541273
v -0.152000 -0.058172 -0.567242
v -0.161772 -0.024909 -0.603710
v 0.138977 -0.012714 -0.518713
v -0.000010 -0.012714 -0.537011
v 0.268492 -0.012714 -0.465066
v 0.379709 -0.012714 -0.379726
v 0.465049 -0.012714 -0.268509
v 0.518696 -0.012714 -0.138994
v 0.536994 -0.012714 -0.000007
v 0.518696 -0.012714 0.138980
v 0.465049 -0.012714 0.268495
v 0.379709 -0.012714 0.379712
v 0.268492 -0.012714 0.465052
v 0.138977 -0.012714 0.518699
v -0.000010 -0.012714 0.536997
v -0.138997 -0.012714 0.518699
v -0.268512 -0.012714 0.465052
v -0.379729 -0.012714 0.379712
v -0.465069 -0.012714 0.268495
v -0.518716 -0.012714 0.138980
v -0.537014 -0.012714 -0.000007
v -0.518716 -0.012714 -0.138994
v -0.465069 -0.012714 -0.268509
v -0.379729 -0.012714 -0.379726
v -0.268512 -0.012714 -0.465066
v -0.138997 -0.012714 -0.518713
v 0.138977 -0.006648 -0.518713
v -0.000010 -0.006648 -0.537011
v 0.268492 -0.006648 -0.465066
v 0.379709 -0.006648 -0.379726
v 0.465049 -0.006648 -0.268509
v 0.518696 -0.006648 -0.138994
v 0.536994 -0.006648 -0.000007
v 0.518696 -0.006648 0.138980
v 0.465049 -0.006648 0.268495
v 0.379709 -0.006648 0.379712
v 0.268492 -0.006648 0.465052
v 0.138977 -0.006648 0.518699
v -0.000010 -0.006648 0.536997
v -0.138997 -0.006648 0.518699
v -0.268512 -0.006648 0.465052
v -0.379729 -0.006648 0.379712
v -0.465069 -0.006648 0.268495
v -0.518716 -0.006648 0.138980
v -0.537014 -0.006648 -0.000007
v -0.518716 -0.006648 -0.138994
v -0.465069 -0.006648 -0.268509
v -0.379729 -0.006648 -0.379726
v -0.268512 -0.006648 -0.465066
v -0.138997 -0.006648 -0.518713
v 0.135250 -0.006648 -0.504803
v -0.000010 -0.006648 -0.522610
v 0.261292 -0.006648 -0.452595
v 0.369527 -0.006648 -0.369543
v 0.452578 -0.006648 -0.261309
v 0.504786 -0.006648 -0.135266
v 0.522594 -0.006648 -0.000007
v 0.504786 -0.006648 0.135253
v 0.452578 -0.006648 0.261295
v 0.369527 -0.006648 0.369530
v 0.261292 -0.006648 0.452581
v 0.135250 -0.006648 0.504790
v -0.000010 -0.006648 0.522597
v -0.135270 -0.006648 0.504790
v -0.261312 -0.006648 0.452581
v -0.369547 -0.006648 0.369530
v -0.452598 -0.006648 0.261295
v -0.504806 -0.006648 0.135253
v -0.522614 -0.006648 -0.000007
v -0.504806 -0.006648 -0.135266
v -0.452598 -0.006648 -0.261309
v -0.369547 -0.006648 -0.369543
v -0.261312 -0.006648 -0.452595
v -0.135270 -0.006648 -0.504803
v 0.135250 -0.000599 -0.504803
v -0.000010 -0.000599 -0.522610
v 0.261292 -0.000599 -0.452595
v 0.369527 -0.000599 -0.369543
v 0.452578 -0.000599 -0.261309
v 0.504786 -0.000599 -0.135266
v 0.522594 -0.000599 -0.000007
v 0.504786 -0.000599 0.135253
v 0.452578 -0.000599 0.261295
v 0.369527 -0.000599 0.369530
v 0.261292 -0.000599 0.452581
v 0.135250 -0.000599 0.504790
v -0.000010 -0.000599 0.522597
v -0.135270 -0.000599 0.504790
v -0.261312 -0.000599 0.452581
v -0.369547 -0.000599 0.369530
v -0.452598 -0.000599 0.261295
v -0.504806 -0.000599 0.135253
v -0.522614 -0.000599 -0.000007
v -0.504806 -0.000599 -0.135266
v -0.452598 -0.000599 -0.261309
v -0.369547 -0.000599 -0.369543
v -0.261312 -0.000599 -0.452595
v -0.135270 -0.000599 -0.504803
v 0.129450 0.017190 -0.483156
v -0.000010 0.017190 -0.500200
v 0.250087 0.017190 -0.433187
v 0.353680 0.017190 -0.353697
v 0.433170 0.017190 -0.250103
v 0.483140 0.017190 -0.129466
v 0.500183 0.017190 -0.000007
v 0.483140 0.017190 0.129453
v 0.433170 0.017190 0.250090
v 0.353680 0.017190 0.353683
v 0.250087 0.017190 0.433173
v 0.129450 0.017190 0.483143
v -0.000010 0.017190 0.500187
v -0.129470 0.017190 0.483143
v -0.250107 0.017190 0.433173
v -0.353700 0.017190 0.353683
v -0.433190 0.017190 0.250090
v -0.483160 0.017190 0.129453
v -0.500203 0.017190 -0.000007
v -0.483160 0.017190 -0.129466
v -0.433190 0.017190 -0.250103
v -0.353700 0.017190 -0.353697
v -0.250107 0.017190 -0.433187
v -0.129470 0.017190 -0.483156
v 0.121905 0.034843 -0.455000
v -0.000010 0.034843 -0.471051
v 0.235512 0.034843 -0.407943
v 0.333068 0.034843 -0.333085
v 0.407926 0.034843 -0.235529
v 0.454984 0.034843 -0.121922
v 0.471034 0.034843 -0.000007
v 0.454984 0.034843 0.121908
v 0.407926 0.034843 0.235515
v 0.333068 0.034843 0.333072
v 0.235512 0.034843 0.407929
v 0.121905 0.034843 0.454987
v -0.000010 0.034843 0.471037
v -0.121925 0.034843 0.454987
v -0.235532 0.034843 0.407929
v -0.333089 0.034843 0.333072
v -0.407946 0.034843 0.235515
v -0.455004 0.034843 0.121908
v -0.471054 0.034843 -0.000007
v -0.455004 0.034843 -0.121922
v -0.407946 0.034843 -0.235529
v -0.333089 0.034843 -0.333085
v -0.235532 0.034843 -0.407943
v -0.121925 0.034843 -0.455000
v 0.112498 0.051561 -0.419892
v -0.000010 0.051561 -0.434704
v 0.217339 0.051561 -0.376466
v 0.307367 0.051561 -0.307384
v 0.376449 0.051561 -0.217355
v 0.419875 0.051561 -0.112515
v 0.434687 0.051561 -0.000007
v 0.419875 0.051561 0.112501
v 0.376449 0.051561 0.217342
v 0.307367 0.051561 0.307371
v 0.217339 0.051561 0.376452
v 0.112498 0.051561 0.419879
v -0.000010 0.051561 0.434691
v -0.112518 0.051561 0.419879
v -0.217359 0.051561 0.376452
v -0.307387 0.051561 0.307371
v -0.376469 0.051561 0.217342
v -0.419895 0.051561 0.112501
v -0.434707 0.051561 -0.000007
v -0.419895 0.051561 -0.112515
v -0.376469 0.051561 -0.217355
v -0.307387 0.051561 -0.307384
v -0.217359 0.051561 -0.376466
v -0.112518 0.051561 -0.419892
v 0.101999 0.067648 -0.380711
v -0.000010 0.067648 -0.394141
v 0.197057 0.067648 -0.341337
v 0.278685 0.067648 -0.278702
v 0.341320 0.067648 -0.197074
v 0.380694 0.067648 -0.102016
v 0.394124 0.067648 -0.000007
v 0.380694 0.067648 0.102003
v 0.341320 0.067648 0.197060
v 0.278685 0.067648 0.278688
v 0.197057 0.067648 0.341323
v 0.101999 0.067648 0.380698
v -0.000010 0.067648 0.394127
v -0.102019 0.067648 0.380698
v -0.197077 0.067648 0.341323
v -0.278705 0.067648 0.278688
v -0.341340 0.067648 0.197060
v -0.380714 0.067648 0.102003
v -0.394144 0.067648 -0.000007
v -0.380714 0.067648 -0.102016
v -0.341340 0.067648 -0.197074
v -0.278705 0.067648 -0.278702
v -0.197077 0.067648 -0.341337
v -0.102019 0.067648 -0.380711
v 0.090459 0.082029 -0.337643
v -0.000010 0.082029 -0.349553
v 0.174763 0.082029 -0.302723
v 0.247157 0.082029 -0.247174
v 0.302706 0.082029 -0.174780
v 0.337626 0.082029 -0.090476
v 0.349537 0.082029 -0.000007
v 0.337626 0.082029 0.090463
v 0.302706 0.082029 0.174767
v 0.247157 0.082029 0.247160
v 0.174763 0.082029 0.302710
v 0.090459 0.082029 0.337629
v -0.000010 0.082029 0.349540
v -0.090479 0.082029 0.337629
v -0.174783 0.082029 0.302710
v -0.247177 0.082029 0.247160
v -0.302726 0.082029 0.174767
v -0.337646 0.082029 0.090463
v -0.349557 0.082029 -0.000007
v -0.337646 0.082029 -0.090476
v -0.302726 0.082029 -0.174780
v -0.247177 0.082029 -0.247174
v -0.174783 0.082029 -0.302723
v -0.090479 0.082029 -0.337643
v 0.076929 0.095526 -0.287147
v -0.000010 0.095526 -0.297277
v 0.148625 0.095526 -0.257450
v 0.210192 0.095526 -0.210208
v 0.257433 0.095526 -0.148642
v 0.287131 0.095526 -0.076946
v 0.297260 0.095526 -0.000007
v 0.287131 0.095526 0.076932
v 0.257433 0.095526 0.148628
v 0.210192 0.095526 0.210195
v 0.148625 0.095526 0.257437
v 0.076929 0.095526 0.287134
v -0.000010 0.095526 0.297263
v -0.076949 0.095526 0.287134
v -0.148645 0.095526 0.257437
v -0.210212 0.095526 0.210195
v -0.257453 0.095526 0.148628
v -0.287151 0.095526 0.076932
v -0.297280 0.095526 -0.000007
v -0.287151 0.095526 -0.076946
v -0.257453 0.095526 -0.148642
v -0.210212 0.095526 -0.210208
v -0.148645 0.095526 -0.257450
v -0.076949 0.095526 -0.287147
v 0.062733 0.107842 -0.234169
v -0.000010 0.107842 -0.242429
v 0.121201 0.107842 -0.209950
v 0.171408 0.107842 -0.171425
v 0.209934 0.107842 -0.121218
v 0.234152 0.107842 -0.062750
v 0.242412 0.107842 -0.000007
v 0.234152 0.107842 0.062737
v 0.209934 0.107842 0.121204
v 0.171408 0.107842 0.171412
v 0.121201 0.107842 0.209937
v 0.062733 0.107842 0.234155
v -0.000010 0.107842 0.242415
v -0.062753 0.107842 0.234155
v -0.121221 0.107842 0.209937
v -0.171428 0.107842 0.171412
v -0.209954 0.107842 0.121204
v -0.234172 0.107842 0.062737
v -0.242432 0.107842 -0.000007
v -0.234172 0.107842 -0.062750
v -0.209954 0.107842 -0.121218
v -0.171428 0.107842 -0.171425
v -0.121221 0.107842 -0.209950
v -0.062753 0.107842 -0.234169
v 0.048007 0.118596 -0.179210
v -0.000010 0.118596 -0.185531
v 0.092752 0.118596 -0.160676
v 0.131176 0.118596 -0.131192
v 0.160659 0.118596 -0.092769
v 0.179193 0.118596 -0.048024
v 0.185515 0.118596 -0.000007
v 0.179193 0.118596 0.048011
v 0.160659 0.118596 0.092756
v 0.131176 0.118596 0.131179
v 0.092752 0.118596 0.160662
v 0.048007 0.118596 0.179196
v -0.000010 0.118596 0.185518
v -0.048027 0.118596 0.179196
v -0.092772 0.118596 0.160662
v -0.131196 0.118596 0.131179
v -0.160679 0.118596 0.092756
v -0.179213 0.118596 0.048011
v -0.185535 0.118596 -0.000007
v -0.179213 0.118596 -0.048024
v -0.160679 0.118596 -0.092769
v -0.131196 0.118596 -0.131192
v -0.092772 0.118596 -0.160676
v -0.048027 0.118596 -0.179210
v 0.031807 0.127222 -0.118751
v -0.000010 0.127222 -0.122940
v 0.061456 0.127222 -0.106470
v 0.086917 0.127222 -0.086933
v 0.106453 0.127222 -0.061473
v 0.118734 0.127222 -0.031824
v 0.122923 0.127222 -0.000007
v 0.118734 0.127222 0.031811
v 0.106453 0.127222 0.061460
v 0.086917 0.127222 0.086920
v 0.061456 0.127222 0.106456
v 0.031807 0.127222 0.118737
v -0.000010 0.127222 0.122926
v -0.031827 0.127222 0.118737
v -0.061477 0.127222 0.106456
v -0.086937 0.127222 0.086920
v -0.106473 0.127222 0.061460
v -0.118754 0.127222 0.031811
v -0.122943 0.127222 -0.000007
v -0.118754 0.127222 -0.031824
v -0.106473 0.127222 -0.061473
v -0.086937 0.127222 -0.086933
v -0.061477 0.127222 -0.106470
v -0.031827 0.127222 -0.118751
v 0.015384 0.132494 -0.057459
v -0.000010 0.132494 -0.059485
v 0.029729 0.132494 -0.051517
v 0.042048 0.132494 -0.042064
v 0.051500 0.132494 -0.029746
v 0.057442 0.132494 -0.015401
v 0.059469 0.132494 -0.000007
v 0.057442 0.132494 0.015387
v 0.051500 0.132494 0.029733
v 0.042048 0.132494 0.042051
v 0.029729 0.132494 0.051503
v 0.015384 0.132494 0.057445
v -0.000010 0.132494 0.059472
v -0.015404 0.132494 0.057445
v -0.029749 0.132494 0.051503
v -0.042068 0.132494 0.042051
v -0.051520 0.132494 0.029733
v -0.057462 0.132494 0.015387
v -0.059489 0.132494 -0.000007
v -0.057462 0.132494 -0.015401
v -0.051520 0.132494 -0.029746
v -0.042068 0.132494 -0.042064
v -0.029749 0.132494 -0.051517
v -0.015404 0.132494 -0.057459
v -0.000010 -0.058172 -0.625007
v 0.161752 -0.058172 -0.603710
v 0.312490 -0.058172 -0.541273
v 0.441932 -0.058172 -0.441948
v 0.541256 -0.058172 -0.312507
v 0.603694 -0.058172 -0.161769
v 0.624990 -0.058172 -0.000007
v 0.603694 -0.058172 0.161755
v 0.541256 -0.058172 0.312493
v 0.441932 -0.058172 0.441935
v 0.312490 -0.058172 0.541259
v 0.161752 -0.058172 0.603697
v -0.000010 -0.058172 0.624993
v -0.161772 -0.058172 0.603697
v -0.312510 -0.058172 0.541259
v -0.441952 -0.058172 0.441935
v -0.541276 -0.058172 0.312493
v -0.603714 -0.058172 0.161755
v -0.625010 -0.058172 -0.000007
v -0.603714 -0.058172 -0.161769
v -0.541276 -0.058172 -0.312507
v -0.441952 -0.058172 -0.441948
v -0.312510 -0.058172 -0.541273
v -0.161772 -0.058172 -0.603710
v -0.000010 -0.041961 -0.537035
v 0.138983 -0.041961 -0.518736
v 0.268504 -0.041961 -0.465087
v 0.379726 -0.041961 -0.379743
v 0.465070 -0.041961 -0.268521
v 0.518719 -0.041961 -0.139000
v 0.537018 -0.041961 -0.000007
v 0.518719 -0.041961 0.138986
v 0.465070 -0.041961 0.268507
v 0.379726 -0.041961 0.379729
v 0.268504 -0.041961 0.465073
v 0.138983 -0.041961 0.518723
v -0.000010 -0.041961 0.537021
v -0.139003 -0.041961 0.518723
v -0.268524 -0.041961 0.465073
v -0.379746 -0.041961 0.379729
v -0.465090 -0.041961 0.268507
v -0.518739 -0.041961 0.138986
v -0.537038 -0.041961 -0.000007
v -0.518739 -0.041961 -0.139000
v -0.465090 -0.041961 -0.268521
v -0.379746 -0.041961 -0.379743
v -0.268524 -0.041961 -0.465087
v -0.139003 -0.041961 -0.518736
v -0.000010 -0.041961 -0.587252
v 0.151980 -0.041961 -0.567242
v 0.293612 -0.041961 -0.508576
v 0.415235 -0.041961 -0.415252
v 0.508559 -0.041961 -0.293629
v 0.567225 -0.041961 -0.151997
v 0.587235 -0.041961 -0.000007
v 0.567225 -0.041961 0.151983
v 0.508559 -0.041961 0.293616
v 0.415235 -0.041961 0.415238
v 0.293612 -0.041961 0.508562
v 0.151980 -0.041961 0.567228
v -0.000010 -0.041961 0.587238
v -0.152000 -0.041961 0.567228
v -0.293633 -0.041961 0.508562
v -0.415255 -0.041961 0.415238
v -0.508579 -0.041961 0.293616
v -0.567245 -0.041961 0.151983
v -0.587255 -0.041961 -0.000007
v -0.567245 -0.041961 -0.151997
v -0.508579 -0.041961 -0.293629
v -0.415255 -0.041961 -0.415252
v -0.293633 -0.041961 -0.508576
v -0.152000 -0.041961 -0.567242
v -0.000010 -0.019621 -0.509661
v 0.131898 -0.019621 -0.492295
v 0.254817 -0.019621 -0.441380
v 0.360370 -0.019621 -0.360386
v 0.441363 -0.019621 -0.254834
v 0.492278 -0.019621 -0.131915
v 0.509644 -0.019621 -0.000007
v 0.492278 -0.019621 0.131901
v 0.441363 -0.019621 0.254820
v 0.360370 -0.019621 0.360373
v 0.254817 -0.019621 0.441366
v 0.131898 -0.019621 0.492281
v -0.000010 -0.019621 0.509647
v -0.131918 -0.019621 0.492281
v -0.254837 -0.019621 0.441366
v -0.360390 -0.019621 0.360373
v -0.441383 -0.019621 0.254820
v -0.492298 -0.019621 0.131901
v -0.509664 -0.019621 -0.000007
v -0.492298 -0.019621 -0.131915
v -0.441383 -0.019621 -0.254834
v -0.360390 -0.019621 -0.360386
v -0.254837 -0.019621 -0.441380
v -0.131918 -0.019621 -0.492295
v -0.000010 -0.019621 -0.537035
v 0.138983 -0.019621 -0.518736
v 0.268504 -0.019621 -0.465087
v 0.379726 -0.019621 -0.379743
v 0.465070 -0.019621 -0.268521
v 0.518719 -0.019621 -0.139000
v 0.537018 -0.019621 -0.000007
v 0.518719 -0.019621 0.138986
v 0.465070 -0.019621 0.268507
v 0.379726 -0.019621 0.379729
v 0.268504 -0.019621 0.465073
v 0.138983 -0.019621 0.518723
v -0.000010 -0.019621 0.537021
v -0.139003 -0.019621 0.518723
v -0.268524 -0.019621 0.465073
v -0.379746 -0.019621 0.379729
v -0.465090 -0.019621 0.268507
v -0.518739 -0.019621 0.138986
v -0.537038 -0.019621 -0.000007
v -0.518739 -0.019621 -0.139000
v -0.465090 -0.019621 -0.268521
v -0.379746 -0.019621 -0.379743
v -0.268524 -0.019621 -0.465087
v -0.139003 -0.019621 -0.518736
v -0.000010 0.004911 -0.509661
v 0.131898 0.004911 -0.492295
v 0.254817 0.004911 -0.441380
v 0.360370 0.004911 -0.360386
v 0.441363 0.004911 -0.254834
v 0.492278 0.004911 -0.131915
v 0.509644 0.004911 -0.000007
v 0.492278 0.004911 0.131901
v 0.441363 0.004911 0.254820
v 0.360370 0.004911 0.360373
v 0.254817 0.004911 0.441366
v 0.131898 0.004911 0.492281
v -0.000010 0.004911 0.509647
v -0.131918 0.004911 0.492281
v -0.254837 0.004911 0.441366
v -0.360390 0.004911 0.360373
v -0.441383 0.004911 0.254820
v -0.492298 0.004911 0.131901
v -0.509664 0.004911 -0.000007
v -0.492298 0.004911 -0.131915
v -0.441383 0.004911 -0.254834
v -0.360390 0.004911 -0.360386
v -0.254837 0.004911 -0.441380
v -0.131918 0.004911 -0.492295
v -0.000010 0.048972 -0.428762
v 0.110960 0.048972 -0.414153
v 0.214368 0.048972 -0.371320
v 0.303166 0.048972 -0.303183
v 0.371303 0.048972 -0.214384
v 0.414136 0.048972 -0.110977
v 0.428745 0.048972 -0.000007
v 0.414136 0.048972 0.110963
v 0.371303 0.048972 0.214371
v 0.303166 0.048972 0.303169
v 0.214368 0.048972 0.371306
v 0.110960 0.048972 0.414139
v -0.000010 0.048972 0.428749
v -0.110980 0.048972 0.414139
v -0.214388 0.048972 0.371306
v -0.303186 0.048972 0.303169
v -0.371323 0.048972 0.214371
v -0.414156 0.048972 0.110963
v -0.428766 0.048972 -0.000007
v -0.414156 0.048972 -0.110977
v -0.371323 0.048972 -0.214384
v -0.303186 0.048972 -0.303183
v -0.214388 0.048972 -0.371320
v -0.110980 0.048972 -0.414153
v -0.000010 0.082131 -0.331527
v 0.085794 0.082131 -0.320231
v 0.165750 0.082131 -0.287112
v 0.234410 0.082131 -0.234427
v 0.287095 0.082131 -0.165767
v 0.320214 0.082131 -0.085810
v 0.331510 0.082131 -0.000007
v 0.320214 0.082131 0.085797
v 0.287095 0.082131 0.165753
v 0.234410 0.082131 0.234413
v 0.165750 0.082131 0.287098
v 0.085794 0.082131 0.320217
v -0.000010 0.082131 0.331513
v -0.085814 0.082131 0.320217
v -0.165770 0.082131 0.287098
v -0.234430 0.082131 0.234413
v -0.287115 0.082131 0.165753
v -0.320234 0.082131 0.085797
v -0.331530 0.082131 -0.000007
v -0.320234 0.082131 -0.085810
v -0.287115 0.082131 -0.165767
v -0.234430 0.082131 -0.234427
v -0.165770 0.082131 -0.287112
v -0.085814 0.082131 -0.320231
v -0.000010 0.105297 -0.234896
v 0.060784 0.105297 -0.226892
v 0.117435 0.105297 -0.203427
v 0.166082 0.105297 -0.166098
v 0.203410 0.105297 -0.117451
v 0.226875 0.105297 -0.060800
v 0.234879 0.105297 -0.000007
v 0.226875 0.105297 0.060787
v 0.203410 0.105297 0.117438
v 0.166082 0.105297 0.166085
v 0.117435 0.105297 0.203413
v 0.060784 0.105297 0.226879
v -0.000010 0.105297 0.234882
v -0.060804 0.105297 0.226879
v -0.117455 0.105297 0.203413
v -0.166102 0.105297 0.166085
v -0.203430 0.105297 0.117438
v -0.226895 0.105297 0.060787
v -0.234899 0.105297 -0.000007
v -0.226895 0.105297 -0.060800
v -0.203430 0.105297 -0.117451
v -0.166102 0.105297 -0.166098
v -0.117455 0.105297 -0.203427
v -0.060804 0.105297 -0.226892
v 0.000617 0.124908 -0.028915
v 0.008223 0.125043 -0.027912
v 0.015311 0.125194 -0.024975
v 0.021399 0.125350 -0.020304
v 0.026070 0.125499 -0.014217
v 0.029007 0.125633 -0.007130
v 0.030010 0.125742 0.000475
v 0.029011 0.125819 0.008080
v 0.026077 0.125857 0.015166
v 0.021408 0.125855 0.021250
v 0.015323 0.125814 0.025918
v 0.008236 0.125734 0.028852
v 0.000630 0.125623 0.029852
v -0.006976 0.125487 0.028849
v -0.014064 0.125337 0.025912
v -0.020152 0.125181 0.021241
v -0.024823 0.125031 0.015154
v -0.027760 0.124897 0.008067
v -0.028764 0.124788 0.000462
v -0.027764 0.124712 -0.007143
v -0.024830 0.124673 -0.014229
v -0.020161 0.124675 -0.020313
v -0.014076 0.124717 -0.024981
v -0.006989 0.124796 -0.027915
v -0.000010 0.125284 -0.078003
v 0.020177 0.125284 -0.075345
v 0.038988 0.125284 -0.067553
v 0.055141 0.125284 -0.055158
v 0.067536 0.125284 -0.039005
v 0.075328 0.125284 -0.020194
v 0.077986 0.125284 -0.000007
v 0.075328 0.125284 0.020180
v 0.067536 0.125284 0.038991
v 0.055141 0.125284 0.055145
v 0.038988 0.125284 0.067540
v 0.020177 0.125284 0.075332
v -0.000010 0.125284 0.077989
v -0.020197 0.125284 0.075332
v -0.039008 0.125284 0.067540
v -0.055161 0.125284 0.055145
v -0.067556 0.125284 0.038991
v -0.075348 0.125284 0.020180
v -0.078006 0.125284 -0.000007
v -0.075348 0.125284 -0.020194
v -0.067556 0.125284 -0.039005
v -0.055161 0.125284 -0.055158
v -0.039008 0.125284 -0.067553
v -0.020197 0.125284 -0.075345
v 0.000612 0.026544 -0.016914
v 0.005113 0.026625 -0.016320
v 0.009309 0.026714 -0.014582
v 0.012913 0.026806 -0.011817
v 0.015679 0.026895 -0.008214
v 0.017417 0.026974 -0.004019
v 0.018010 0.027038 0.000480
v 0.017419 0.027083 0.004977
v 0.015684 0.027106 0.009167
v 0.012924 0.027105 0.012764
v 0.009326 0.027081 0.015524
v 0.005135 0.027034 0.017260
v 0.000635 0.026968 0.017851
v -0.003866 0.026888 0.017257
v -0.008062 0.026798 0.015519
v -0.011666 0.026706 0.012753
v -0.014432 0.026617 0.009150
v -0.016170 0.026538 0.004956
v -0.016763 0.026474 0.000457
v -0.016172 0.026429 -0.004041
v -0.014437 0.026406 -0.008230
v -0.011677 0.026407 -0.011827
v -0.008079 0.026432 -0.014588
v -0.003888 0.026479 -0.016323
v 0.008236 0.054712 0.028852
v 0.015323 0.054791 0.025918
v 0.026070 0.054477 -0.014217
v 0.021399 0.054327 -0.020304
v -0.027764 0.053690 -0.007143
v -0.028764 0.053766 0.000462
v 0.000630 0.054601 0.029852
v 0.029007 0.054611 -0.007130
v -0.024830 0.053651 -0.014229
v -0.006976 0.054465 0.028849
v 0.030010 0.054720 0.000475
v -0.020161 0.053653 -0.020313
v -0.014064 0.054314 0.025912
v 0.029011 0.054796 0.008080
v -0.014076 0.053695 -0.024981
v -0.020152 0.054159 0.021241
v 0.026077 0.054835 0.015166
v -0.006989 0.053774 -0.027915
v 0.008223 0.054021 -0.027912
v 0.000617 0.053885 -0.028915
v -0.024823 0.054009 0.015154
v 0.021408 0.054833 0.021250
v 0.015311 0.054172 -0.024975
v -0.027760 0.053875 0.008067
v 0.008236 0.038545 0.028852
v 0.026070 0.038311 -0.014217
v -0.027764 0.037523 -0.007143
v 0.000630 0.038434 0.029852
v 0.029007 0.038444 -0.007130
v -0.024830 0.037484 -0.014229
v -0.006976 0.038298 0.028849
v 0.030010 0.038553 0.000475
v -0.020161 0.037486 -0.020313
v -0.014064 0.038148 0.025912
v 0.029011 0.038630 0.008080
v -0.014076 0.037528 -0.024981
v -0.020152 0.037992 0.021241
v 0.026077 0.038668 0.015166
v -0.006989 0.037607 -0.027915
v 0.008223 0.037854 -0.027912
v -0.024823 0.037842 0.015154
v 0.021408 0.038667 0.021250
v 0.015311 0.038005 -0.024975
v -0.027760 0.037708 0.008067
v 0.015323 0.038625 0.025918
v 0.021399 0.038161 -0.020304
v -0.028764 0.037599 0.000462
v 0.000617 0.037719 -0.028915
v 0.017225 0.050304 0.029212
v 0.024087 0.050072 -0.022992
v -0.032567 0.049790 0.000461
v 0.000616 0.049850 -0.032717
v 0.009221 0.050265 0.032525
v 0.029363 0.050147 -0.016118
v -0.031438 0.049752 -0.008128
v 0.000631 0.050209 0.033654
v 0.032681 0.050214 -0.008113
v -0.028124 0.049733 -0.016131
v -0.007960 0.050141 0.032522
v 0.033814 0.050269 0.000476
v -0.022851 0.049734 -0.023003
v -0.015965 0.050065 0.029204
v 0.032685 0.050307 0.009065
v -0.015978 0.049755 -0.028275
v -0.022840 0.049987 0.023929
v 0.029371 0.050326 0.017068
v -0.007974 0.049794 -0.031589
v 0.009206 0.049918 -0.031585
v -0.028116 0.049912 0.017055
v 0.024098 0.050325 0.023940
v 0.017212 0.049994 -0.028268
v -0.031434 0.049845 0.009050
v 0.009221 0.042283 0.032525
v 0.029363 0.042165 -0.016118
v -0.031438 0.041771 -0.008128
v 0.000631 0.042227 0.033654
v 0.032681 0.042233 -0.008113
v -0.028124 0.041751 -0.016131
v -0.007960 0.042159 0.032522
v 0.033814 0.042287 0.000476
v -0.022851 0.041752 -0.023003
v -0.015965 0.042084 0.029204
v 0.032685 0.042325 0.009065
v -0.015978 0.041773 -0.028275
v -0.022840 0.042006 0.023929
v 0.029371 0.042345 0.017068
v -0.007974 0.041813 -0.031589
v 0.009206 0.041937 -0.031585
v -0.028116 0.041931 0.017055
v 0.024098 0.042344 0.023940
v 0.017212 0.042012 -0.028268
v -0.031434 0.041864 0.009050
v 0.017225 0.042323 0.029212
v 0.024087 0.042090 -0.022992
v -0.032567 0.041809 0.000461
v 0.000616 0.041869 -0.032717
v 0.000617 0.026398 -0.028915
v 0.008223 0.026534 -0.027912
v 0.015311 0.026685 -0.024975
v 0.021399 0.026840 -0.020304
v 0.026070 0.026990 -0.014217
v 0.029007 0.027124 -0.007130
v 0.030010 0.027233 0.000475
v 0.029011 0.027309 0.008080
v 0.026077 0.027348 0.015166
v 0.021408 0.027346 0.021250
v 0.015323 0.027304 0.025918
v 0.008236 0.027225 0.028852
v 0.000630 0.027114 0.029852
v -0.006976 0.026978 0.028849
v -0.014064 0.026827 0.025912
v -0.020152 0.026672 0.021241
v -0.024823 0.026522 0.015154
v -0.027760 0.026388 0.008067
v -0.028764 0.026279 0.000462
v -0.027764 0.026203 -0.007143
v -0.024830 0.026164 -0.014229
v -0.020161 0.026166 -0.020313
v -0.014076 0.026208 -0.024981
v -0.006989 0.026287 -0.027915
v 0.000612 -0.063058 -0.039322
v 0.005113 -0.062978 -0.037964
v 0.009309 -0.062889 -0.033984
v 0.012913 -0.062796 -0.027654
v 0.015679 -0.062708 -0.019406
v 0.017417 -0.062629 -0.009804
v 0.018010 -0.062564 0.000495
v 0.017419 -0.062519 0.010790
v 0.015684 -0.062496 0.020381
v 0.012924 -0.062497 0.028615
v 0.009326 -0.062522 0.034934
v 0.005135 -0.062569 0.038906
v 0.000635 -0.062635 0.040259
v -0.003866 -0.062715 0.038900
v -0.008062 -0.062804 0.034921
v -0.011666 -0.062896 0.028590
v -0.014432 -0.062985 0.020343
v -0.016170 -0.063064 0.010741
v -0.016763 -0.063129 0.000442
v -0.016172 -0.063174 -0.009853
v -0.014437 -0.063197 -0.019444
v -0.011677 -0.063196 -0.027678
v -0.008079 -0.063171 -0.033997
v -0.003888 -0.063124 -0.037969
v 0.017417 -0.041953 -0.009804
v 0.015679 -0.042032 -0.019406
v -0.014437 -0.042521 -0.019444
v -0.016172 -0.042498 -0.009853
v -0.003866 -0.042039 0.038900
v 0.000635 -0.041959 0.040259
v 0.018010 -0.041888 0.000495
v -0.011677 -0.042520 -0.027678
v -0.008062 -0.042128 0.034921
v 0.017419 -0.041843 0.010790
v -0.008079 -0.042495 -0.033997
v -0.011666 -0.042221 0.028590
v 0.015684 -0.041820 0.020381
v -0.003888 -0.042448 -0.037969
v 0.005113 -0.042302 -0.037964
v 0.000612 -0.042382 -0.039322
v -0.014432 -0.042309 0.020343
v 0.012924 -0.041821 0.028615
v 0.009309 -0.042213 -0.033984
v -0.016170 -0.042388 0.010741
v 0.009326 -0.041846 0.034934
v 0.012913 -0.042121 -0.027654
v -0.016763 -0.042453 0.000442
v 0.005135 -0.041893 0.038906
v 0.015679 -0.042032 -0.008214
v -0.016172 -0.042498 -0.004041
v 0.000635 -0.041959 0.017851
v 0.000612 -0.042382 -0.016914
v 0.017417 -0.041953 -0.004019
v -0.014437 -0.042521 -0.008230
v -0.003866 -0.042039 0.017257
v 0.018010 -0.041888 0.000480
v -0.011677 -0.042520 -0.011827
v -0.008062 -0.042128 0.015519
v 0.017419 -0.041843 0.004977
v -0.008079 -0.042495 -0.014588
v -0.011666 -0.042221 0.012753
v 0.015684 -0.041820 0.009167
v -0.003888 -0.042448 -0.016323
v 0.005113 -0.042302 -0.016320
v -0.014432 -0.042309 0.009150
v 0.012924 -0.041821 0.012764
v 0.009309 -0.042213 -0.014582
v -0.016170 -0.042388 0.004956
v 0.009326 -0.041846 0.015524
v 0.012913 -0.042121 -0.011817
v -0.016763 -0.042453 0.000457
v 0.005135 -0.041893 0.017260
v -0.545802 -0.039684 0.021707
v -0.545802 -0.023013 0.021707
v -0.545802 -0.039684 -0.021720
v -0.545802 -0.023013 -0.021720
v 0.545782 -0.039684 0.021707
v 0.545782 -0.023013 0.021707
v 0.545782 -0.039684 -0.021720
v 0.545782 -0.023013 -0.021720
v 0.057693 -0.039684 -0.018557
v -0.057713 -0.039684 -0.018557
v -0.057713 -0.023013 -0.018557
v 0.057693 -0.023013 -0.018557
v -0.057713 -0.039684 0.018543
v 0.057693 -0.039684 0.018543
v 0.057693 -0.023013 0.018543
v -0.057713 -0.023013 0.018543
v -0.104772 -0.039684 -0.021720
v -0.104772 -0.023013 0.021707
v -0.104772 -0.023013 -0.021720
v -0.104772 -0.039684 0.021707
v 0.104752 -0.023013 -0.021720
v 0.104752 -0.039684 0.021707
v 0.104752 -0.039684 -0.021720
v 0.104752 -0.023013 0.021707
v 0.083463 -0.039684 -0.033944
v -0.083483 -0.039684 -0.033944
v -0.083483 -0.023013 -0.033944
v 0.083463 -0.023013 -0.033944
v -0.083483 -0.039684 0.033931
v 0.083463 -0.039684 0.033931
v 0.083463 -0.023013 0.033931
v -0.083483 -0.023013 0.033931
vn -0.0000 -0.0000 -1.0000
vn 0.2588 -0.0000 -0.9659
vn 0.5000 -0.0000 -0.8660
vn 0.7071 -0.0000 -0.7071
vn 0.8660 -0.0000 -0.5000
vn 0.9659 -0.0000 -0.2588
vn 1.0000 -0.0000 -0.0000
vn 0.9659 -0.0000 0.2588
vn 0.8660 -0.0000 0.5000
vn 0.7071 -0.0000 0.7071
vn 0.5000 -0.0000 0.8660
vn 0.2588 -0.0000 0.9659
vn -0.0000 -0.0000 1.0000
vn -0.2588 -0.0000 0.9659
vn -0.5000 -0.0000 0.8660
vn -0.7071 -0.0000 0.7071
vn -0.8660 -0.0000 0.5000
vn -0.9659 -0.0000 0.2588
vn -1.0000 -0.0000 -0.0000
vn -0.9659 -0.0000 -0.2588
vn -0.8660 -0.0000 -0.5000
vn -0.7071 -0.0000 -0.7071
vn -0.5000 -0.0000 -0.8660
vn 0.1326 0.9905 -0.0355
vn 0.1189 0.9905 -0.0686
vn -0.2588 -0.0000 -0.9659
vn 0.0686 0.9905 0.1189
vn 0.0971 0.9905 0.0971
vn -0.0971 0.9905 0.0971
vn -0.0686 0.9905 0.1189
vn -0.1189 0.9905 -0.0686
vn -0.1326 0.9905 -0.0355
vn 0.0971 0.9905 -0.0971
vn 0.0686 0.9905 -0.1189
vn 0.1189 0.9905 0.0686
vn 0.1326 0.9905 0.0355
vn 0.0355 0.9905 -0.1326
vn -0.0000 0.9905 -0.1373
vn -0.0355 0.9905 0.1326
vn -0.0000 0.9905 0.1373
vn -0.1373 0.9905 -0.0000
vn -0.1326 0.9905 0.0355
vn -0.0355 0.9905 -0.1326
vn -0.0686 0.9905 -0.1189
vn 0.1373 0.9905 -0.0000
vn 0.0355 0.9905 0.1326
vn -0.1189 0.9905 0.0686
vn -0.0971 0.9905 -0.0971
vn -0.0000 1.0000 -0.0000
vn -0.5384 0.7832 -0.3109
vn -0.6005 0.7832 -0.1609
vn -0.5550 0.8185 -0.1487
vn -0.4976 0.8185 -0.2873
vn 0.4063 0.8185 0.4063
vn 0.4976 0.8185 0.2873
vn 0.4091 0.8814 0.2362
vn 0.3340 0.8814 0.3340
vn -0.1609 0.7832 0.6005
vn -0.0000 0.7832 0.6217
vn -0.0000 0.8185 0.5745
vn -0.1487 0.8185 0.5550
vn 0.6217 0.7832 -0.0000
vn 0.6005 0.7832 -0.1609
vn 0.5550 0.8185 -0.1487
vn 0.5745 0.8185 -0.0000
vn -0.4396 0.7832 -0.4396
vn -0.4063 0.8185 -0.4063
vn -0.3109 0.7832 0.5384
vn -0.2873 0.8185 0.4976
vn 0.6005 0.7832 0.1609
vn 0.5550 0.8185 0.1487
vn -0.3109 0.7832 -0.5384
vn -0.2873 0.8185 -0.4976
vn -0.4396 0.7832 0.4396
vn -0.4063 0.8185 0.4063
vn 0.5384 0.7832 0.3109
vn -0.1609 0.7832 -0.6005
vn -0.1487 0.8185 -0.5550
vn 0.1609 0.7832 -0.6005
vn -0.0000 0.7832 -0.6217
vn -0.0000 0.8185 -0.5745
vn 0.1487 0.8185 -0.5550
vn -0.5384 0.7832 0.3109
vn -0.4976 0.8185 0.2873
vn 0.4396 0.7832 0.4396
vn 0.3109 0.7832 -0.5384
vn 0.2873 0.8185 -0.4976
vn -0.6005 0.7832 0.1609
vn -0.5550 0.8185 0.1487
vn 0.3109 0.7832 0.5384
vn 0.2873 0.8185 0.4976
vn 0.4396 0.7832 -0.4396
vn 0.4063 0.8185 -0.4063
vn -0.6217 0.7832 -0.0000
vn -0.5745 0.8185 -0.0000
vn 0.1609 0.7832 0.6005
vn 0.1487 0.8185 0.5550
vn 0.5384 0.7832 -0.3109
vn 0.4976 0.8185 -0.2873
vn 0.4724 0.8814 -0.0000
vn 0.4563 0.8814 -0.1223
vn 0.3818 0.9186 -0.1023
vn 0.3953 0.9186 -0.0000
vn -0.1223 0.8814 -0.4563
vn -0.0000 0.8814 -0.4724
vn 0.1223 0.8814 -0.4563
vn 0.2362 0.8814 -0.4091
vn -0.4091 0.8814 0.2362
vn -0.4563 0.8814 0.1223
vn 0.2362 0.8814 0.4091
vn 0.3340 0.8814 -0.3340
vn -0.4724 0.8814 -0.0000
vn 0.1223 0.8814 0.4563
vn 0.4091 0.8814 -0.2362
vn -0.4563 0.8814 -0.1223
vn -0.0000 0.8814 0.4724
vn -0.4091 0.8814 -0.2362
vn -0.1223 0.8814 0.4563
vn -0.3340 0.8814 -0.3340
vn -0.2362 0.8814 0.4091
vn 0.4563 0.8814 0.1223
vn -0.2362 0.8814 -0.4091
vn -0.3340 0.8814 0.3340
vn -0.3818 0.9186 0.1023
vn -0.3423 0.9186 0.1976
vn -0.2948 0.9403 0.1702
vn -0.3288 0.9403 0.0881
vn -0.3423 0.9186 -0.1976
vn -0.2795 0.9186 -0.2795
vn -0.1023 0.9186 0.3818
vn -0.1976 0.9186 0.3423
vn 0.3818 0.9186 0.1023
vn -0.1976 0.9186 -0.3423
vn -0.2795 0.9186 0.2795
vn 0.3423 0.9186 0.1976
vn -0.1023 0.9186 -0.3818
vn -0.0000 0.9186 -0.3953
vn 0.1023 0.9186 -0.3818
vn 0.2795 0.9186 0.2795
vn 0.1976 0.9186 -0.3423
vn 0.1976 0.9186 0.3423
vn 0.2795 0.9186 -0.2795
vn -0.3953 0.9186 -0.0000
vn 0.1023 0.9186 0.3818
vn 0.3423 0.9186 -0.1976
vn -0.3818 0.9186 -0.1023
vn -0.0000 0.9186 0.3953
vn 0.3404 0.9403 -0.0000
vn 0.3288 0.9403 -0.0881
vn 0.2713 0.9597 -0.0727
vn 0.2809 0.9597 -0.0000
vn 0.2407 0.9403 0.2407
vn 0.1702 0.9403 0.2948
vn 0.1702 0.9403 -0.2948
vn 0.2407 0.9403 -0.2407
vn -0.3404 0.9403 -0.0000
vn 0.0881 0.9403 0.3288
vn 0.2948 0.9403 -0.1702
vn -0.3288 0.9403 -0.0881
vn -0.0000 0.9403 0.3404
vn -0.2948 0.9403 -0.1702
vn -0.0881 0.9403 0.3288
vn -0.2407 0.9403 -0.2407
vn -0.1702 0.9403 0.2948
vn 0.3288 0.9403 0.0881
vn -0.1702 0.9403 -0.2948
vn -0.2407 0.9403 0.2407
vn 0.2948 0.9403 0.1702
vn -0.0881 0.9403 -0.3288
vn -0.0000 0.9403 -0.3404
vn 0.0881 0.9403 -0.3288
vn 0.1404 0.9597 0.2432
vn 0.1986 0.9597 0.1986
vn 0.1667 0.9718 0.1667
vn 0.1179 0.9718 0.2042
vn -0.2432 0.9597 -0.1404
vn -0.1986 0.9597 -0.1986
vn -0.0727 0.9597 0.2713
vn -0.1404 0.9597 0.2432
vn 0.2713 0.9597 0.0727
vn -0.1404 0.9597 -0.2432
vn -0.1986 0.9597 0.1986
vn 0.2432 0.9597 0.1404
vn -0.0727 0.9597 -0.2713
vn -0.0000 0.9597 -0.2809
vn 0.0727 0.9597 -0.2713
vn -0.2432 0.9597 0.1404
vn 0.1404 0.9597 -0.2432
vn -0.2713 0.9597 0.0727
vn 0.1986 0.9597 -0.1986
vn -0.2809 0.9597 -0.0000
vn 0.0727 0.9597 0.2713
vn 0.2432 0.9597 -0.1404
vn -0.2713 0.9597 -0.0727
vn -0.0000 0.9597 0.2809
vn -0.1667 0.9718 -0.1667
vn -0.2042 0.9718 -0.1179
vn -0.1765 0.9790 -0.1019
vn -0.1441 0.9790 -0.1441
vn 0.1179 0.9718 -0.2042
vn 0.1667 0.9718 -0.1667
vn -0.2278 0.9718 0.0610
vn -0.2358 0.9718 -0.0000
vn 0.0610 0.9718 0.2278
vn 0.2042 0.9718 -0.1179
vn -0.2278 0.9718 -0.0610
vn -0.0000 0.9718 0.2358
vn 0.2278 0.9718 -0.0610
vn -0.0610 0.9718 0.2278
vn 0.2358 0.9718 -0.0000
vn -0.1179 0.9718 0.2042
vn 0.2278 0.9718 0.0610
vn -0.1179 0.9718 -0.2042
vn -0.1667 0.9718 0.1667
vn 0.2042 0.9718 0.1179
vn -0.0610 0.9718 -0.2278
vn -0.0000 0.9718 -0.2358
vn 0.0610 0.9718 -0.2278
vn -0.2042 0.9718 0.1179
vn 0.1019 0.9790 0.1765
vn 0.1441 0.9790 0.1441
vn 0.1154 0.9866 0.1154
vn 0.0816 0.9866 0.1413
vn -0.0527 0.9790 0.1968
vn -0.1019 0.9790 0.1765
vn 0.2038 0.9790 -0.0000
vn 0.1968 0.9790 0.0527
vn -0.1019 0.9790 -0.1765
vn -0.1441 0.9790 0.1441
vn 0.1765 0.9790 0.1019
vn -0.0527 0.9790 -0.1968
vn -0.0000 0.9790 -0.2038
vn 0.0527 0.9790 -0.1968
vn -0.1765 0.9790 0.1019
vn 0.1019 0.9790 -0.1765
vn -0.1968 0.9790 0.0527
vn 0.1441 0.9790 -0.1441
vn -0.2038 0.9790 -0.0000
vn 0.0527 0.9790 0.1968
vn 0.1765 0.9790 -0.1019
vn -0.1968 0.9790 -0.0527
vn -0.0000 0.9790 0.2038
vn 0.1968 0.9790 -0.0527
vn -0.0816 0.9866 0.1413
vn -0.0422 0.9866 0.1576
vn -0.0290 0.9937 0.1081
vn -0.0560 0.9937 0.0969
vn 0.0816 0.9866 -0.1413
vn 0.1154 0.9866 -0.1154
vn -0.1576 0.9866 0.0422
vn -0.1632 0.9866 -0.0000
vn 0.0422 0.9866 0.1576
vn 0.1413 0.9866 -0.0816
vn -0.1576 0.9866 -0.0422
vn -0.0000 0.9866 0.1632
vn 0.1576 0.9866 -0.0422
vn -0.1413 0.9866 -0.0816
vn 0.1632 0.9866 -0.0000
vn -0.1154 0.9866 -0.1154
vn 0.1576 0.9866 0.0422
vn -0.0816 0.9866 -0.1413
vn -0.1154 0.9866 0.1154
vn 0.1413 0.9866 0.0816
vn -0.0422 0.9866 -0.1576
vn -0.0000 0.9866 -0.1632
vn 0.0422 0.9866 -0.1576
vn -0.1413 0.9866 0.0816
vn 0.0791 0.9937 -0.0791
vn 0.0560 0.9937 -0.0969
vn 0.0414 0.9966 -0.0717
vn 0.0585 0.9966 -0.0585
vn 0.1119 0.9937 -0.0000
vn 0.1081 0.9937 0.0290
vn -0.0791 0.9937 -0.0791
vn -0.0560 0.9937 -0.0969
vn -0.0791 0.9937 0.0791
vn 0.0969 0.9937 0.0560
vn -0.0290 0.9937 -0.1081
vn -0.0000 0.9937 -0.1119
vn 0.0290 0.9937 -0.1081
vn -0.0969 0.9937 0.0560
vn 0.0791 0.9937 0.0791
vn -0.1081 0.9937 0.0290
vn 0.0560 0.9937 0.0969
vn -0.1119 0.9937 -0.0000
vn 0.0290 0.9937 0.1081
vn 0.0969 0.9937 -0.0560
vn -0.1081 0.9937 -0.0290
vn -0.0000 0.9937 0.1119
vn 0.1081 0.9937 -0.0290
vn -0.0969 0.9937 -0.0560
vn -0.0800 0.9966 0.0214
vn -0.0828 0.9966 -0.0000
vn 0.0414 0.9966 0.0717
vn 0.0214 0.9966 0.0800
vn 0.0717 0.9966 -0.0414
vn -0.0800 0.9966 -0.0214
vn -0.0000 0.9966 0.0828
vn 0.0800 0.9966 -0.0214
vn -0.0717 0.9966 -0.0414
vn -0.0214 0.9966 0.0800
vn 0.0828 0.9966 -0.0000
vn -0.0585 0.9966 -0.0585
vn -0.0414 0.9966 0.0717
vn 0.0800 0.9966 0.0214
vn -0.0414 0.9966 -0.0717
vn -0.0585 0.9966 0.0585
vn 0.0717 0.9966 0.0414
vn -0.0214 0.9966 -0.0800
vn -0.0000 0.9966 -0.0828
vn 0.0214 0.9966 -0.0800
vn -0.0717 0.9966 0.0414
vn 0.0585 0.9966 0.0585
vn -0.0000 -1.0000 -0.0000
vn -0.0000 -0.8782 -0.4783
vn 0.1238 -0.8782 -0.4620
vn 0.1056 -0.9130 -0.3940
vn -0.0000 -0.9130 -0.4079
vn 0.1056 -0.9130 0.3940
vn -0.0000 -0.9130 0.4079
vn -0.0000 -0.9595 0.2818
vn 0.0729 -0.9595 0.2722
vn -0.4620 -0.8782 0.1238
vn -0.4783 -0.8782 -0.0000
vn -0.4079 -0.9130 -0.0000
vn -0.3940 -0.9130 0.1056
vn 0.4142 -0.8782 0.2392
vn 0.3382 -0.8782 0.3382
vn 0.2884 -0.9130 0.2884
vn 0.3532 -0.9130 0.2039
vn 0.2392 -0.8782 -0.4142
vn 0.2039 -0.9130 -0.3532
vn -0.4620 -0.8782 -0.1238
vn -0.3940 -0.9130 -0.1056
vn 0.2392 -0.8782 0.4142
vn 0.2039 -0.9130 0.3532
vn 0.3382 -0.8782 -0.3382
vn 0.2884 -0.9130 -0.2884
vn -0.4142 -0.8782 -0.2392
vn -0.3532 -0.9130 -0.2039
vn 0.1238 -0.8782 0.4620
vn -0.0000 -0.8782 0.4783
vn -0.1238 -0.8782 0.4620
vn -0.1056 -0.9130 0.3940
vn 0.4142 -0.8782 -0.2392
vn 0.3532 -0.9130 -0.2039
vn -0.3382 -0.8782 -0.3382
vn -0.2884 -0.9130 -0.2884
vn -0.2392 -0.8782 0.4142
vn -0.2039 -0.9130 0.3532
vn 0.4620 -0.8782 -0.1238
vn 0.3940 -0.9130 -0.1056
vn -0.2392 -0.8782 -0.4142
vn -0.2039 -0.9130 -0.3532
vn -0.3382 -0.8782 0.3382
vn -0.2884 -0.9130 0.2884
vn 0.4783 -0.8782 -0.0000
vn 0.4079 -0.9130 -0.0000
vn -0.1238 -0.8782 -0.4620
vn -0.1056 -0.9130 -0.3940
vn -0.4142 -0.8782 0.2392
vn -0.3532 -0.9130 0.2039
vn 0.4620 -0.8782 0.1238
vn 0.3940 -0.9130 0.1056
vn -0.0000 -0.9595 -0.2818
vn 0.0729 -0.9595 -0.2722
vn 0.0477 -0.9829 -0.1781
vn -0.0000 -0.9829 -0.1844
vn -0.1409 -0.9595 0.2441
vn -0.0729 -0.9595 0.2722
vn 0.2722 -0.9595 -0.0729
vn 0.2441 -0.9595 -0.1409
vn -0.1409 -0.9595 -0.2441
vn -0.1993 -0.9595 -0.1993
vn -0.1993 -0.9595 0.1993
vn 0.2818 -0.9595 -0.0000
vn -0.0729 -0.9595 -0.2722
vn -0.2441 -0.9595 0.1409
vn 0.2722 -0.9595 0.0729
vn -0.2722 -0.9595 0.0729
vn 0.2441 -0.9595 0.1409
vn -0.2818 -0.9595 -0.0000
vn 0.1993 -0.9595 0.1993
vn 0.1409 -0.9595 -0.2441
vn -0.2722 -0.9595 -0.0729
vn 0.1409 -0.9595 0.2441
vn 0.1993 -0.9595 -0.1993
vn -0.2441 -0.9595 -0.1409
vn -0.0477 -0.9829 0.1781
vn -0.0922 -0.9829 0.1597
vn -0.0318 -0.9977 0.0598
vn -0.0150 -0.9978 0.0646
vn -0.1844 -0.9829 -0.0000
vn -0.1781 -0.9829 0.0477
vn 0.1304 -0.9829 0.1304
vn 0.1597 -0.9829 0.0922
vn 0.0922 -0.9829 -0.1597
vn -0.1781 -0.9829 -0.0477
vn 0.0922 -0.9829 0.1597
vn 0.1304 -0.9829 -0.1304
vn -0.1597 -0.9829 -0.0922
vn 0.0477 -0.9829 0.1781
vn -0.0000 -0.9829 0.1844
vn 0.1597 -0.9829 -0.0922
vn -0.1304 -0.9829 -0.1304
vn 0.1781 -0.9829 -0.0477
vn -0.0922 -0.9829 -0.1597
vn -0.1304 -0.9829 0.1304
vn 0.1844 -0.9829 -0.0000
vn -0.0477 -0.9829 -0.1781
vn -0.1597 -0.9829 0.0922
vn 0.1781 -0.9829 0.0477
vn 0.4598 -0.4014 0.7921
vn 0.2406 -0.3988 0.8849
vn 0.2576 -0.0000 0.9663
vn 0.4993 -0.0000 0.8664
vn 0.0633 -0.9979 -0.0150
vn 0.0584 -0.9978 -0.0312
vn -0.0359 -0.9973 -0.0641
vn -0.0520 -0.9973 -0.0525
vn -0.0472 -0.9976 0.0506
vn 0.0641 -0.9979 0.0014
vn -0.0174 -0.9974 -0.0706
vn -0.0599 -0.9975 0.0372
vn 0.0610 -0.9980 0.0173
vn 0.0019 -0.9974 -0.0717
vn -0.0688 -0.9974 0.0204
vn 0.0545 -0.9980 0.0318
vn 0.0204 -0.9975 -0.0674
vn -0.0728 -0.9973 0.0015
vn 0.0448 -0.9980 0.0443
vn 0.0366 -0.9976 -0.0586
vn -0.0713 -0.9973 -0.0182
vn 0.0325 -0.9980 0.0545
vn 0.0495 -0.9977 -0.0461
vn -0.0641 -0.9973 -0.0367
vn 0.0180 -0.9979 0.0616
vn 0.0019 -0.9979 0.0651
vn 0.0060 -1.0000 -0.0034
vn 0.0042 -1.0000 -0.0075
vn 0.0054 -1.0000 0.0010
vn 0.0028 -1.0000 0.0046
vn -0.0013 -1.0000 0.0063
vn -0.0057 -1.0000 0.0058
vn -0.0093 -1.0000 0.0031
vn -0.0110 -0.9999 -0.0009
vn -0.0104 -0.9999 -0.0053
vn -0.0077 -0.9999 -0.0088
vn -0.0036 -0.9999 -0.0104
vn 0.0008 -1.0000 -0.0096
vn 0.0042 -1.0000 -0.0068
vn 0.0057 -1.0000 -0.0027
vn 0.0050 -1.0000 0.0017
vn 0.0022 -1.0000 0.0052
vn -0.0020 -1.0000 0.0067
vn -0.0064 -1.0000 0.0060
vn -0.0098 -0.9999 0.0032
vn -0.0114 -0.9999 -0.0010
vn -0.0108 -0.9999 -0.0055
vn -0.0080 -0.9999 -0.0090
vn -0.0038 -0.9999 -0.0108
vn 0.0006 -0.9999 -0.0102
vn 0.9687 -0.0000 -0.2483
vn 0.9930 -0.0000 -0.1178
vn 0.9930 -0.0000 -0.1183
vn 0.9685 -0.0000 -0.2491
vn 0.6561 -0.3863 -0.6483
vn 0.7996 -0.3911 -0.4558
vn 0.8652 -0.0000 -0.5015
vn 0.7059 -0.0000 -0.7083
vn -0.9293 -0.3694 0.0034
vn -0.8990 -0.3672 -0.2387
vn -0.9658 -0.0000 -0.2593
vn -1.0000 -0.0000 -0.0008
vn 0.0044 -0.3951 0.9186
vn -0.0016 -0.0000 1.0000
vn 0.8883 -0.3954 -0.2336
vn 0.9655 -0.0000 -0.2603
vn -0.8062 -0.3661 -0.4647
vn -0.8660 -0.0000 -0.5001
vn -0.2333 -0.3907 0.8905
vn -0.2605 -0.0000 0.9655
vn 0.9169 -0.3990 0.0033
vn 1.0000 -0.0000 -0.0012
vn -0.6574 -0.3661 -0.6586
vn -0.7072 -0.0000 -0.7070
vn -0.4565 -0.3859 0.8017
vn -0.5015 -0.0000 0.8652
vn 0.8841 -0.4016 0.2390
vn 0.9661 -0.0000 0.2581
vn -0.4631 -0.3673 -0.8066
vn -0.5004 -0.0000 -0.8658
vn -0.6498 -0.3811 0.6576
vn -0.7082 -0.0000 0.7060
vn 0.7923 -0.4029 0.4582
vn 0.8662 -0.0000 0.4998
vn -0.2371 -0.3696 -0.8984
vn -0.2596 -0.0000 -0.9657
vn 0.0045 -0.3729 -0.9279
vn 0.2448 -0.3769 -0.8933
vn 0.2575 -0.0000 -0.9663
vn -0.0011 -0.0000 -1.0000
vn -0.7997 -0.3765 0.4677
vn -0.8667 -0.0000 0.4988
vn 0.6477 -0.4028 0.6467
vn 0.7069 -0.0000 0.7073
vn 0.4670 -0.3815 -0.7977
vn 0.4986 -0.0000 -0.8668
vn -0.8952 -0.3726 0.2445
vn -0.9662 -0.0000 0.2578
vn -0.9655 -0.0000 0.2603
vn -1.0000 -0.0000 0.0012
vn -0.9235 0.3837 -0.0031
vn -0.8944 0.3803 0.2354
vn 0.5015 -0.0000 -0.8652
vn 0.7082 -0.0000 -0.7060
vn 0.6540 0.3668 -0.6616
vn 0.4597 0.3713 -0.8067
vn 0.7072 -0.0000 0.7070
vn 0.5004 -0.0000 0.8658
vn 0.4658 0.3538 0.8111
vn 0.6611 0.3527 0.6622
vn -0.8652 -0.0000 0.5015
vn -0.8048 0.3762 0.4591
vn 0.2605 -0.0000 -0.9655
vn 0.2351 0.3758 -0.8964
vn -0.2576 -0.0000 -0.9663
vn 0.0016 -0.0000 -1.0000
vn -0.0042 0.3800 -0.9250
vn -0.2421 0.3834 -0.8913
vn 0.8660 -0.0000 0.5001
vn 0.8107 0.3526 0.4673
vn -0.7059 -0.0000 0.7083
vn -0.6602 0.3717 0.6527
vn -0.4993 -0.0000 -0.8664
vn -0.4630 0.3859 -0.7979
vn 0.9658 -0.0000 0.2593
vn 0.9040 0.3537 0.2401
vn -0.4986 -0.0000 0.8668
vn -0.4697 0.3671 0.8029
vn -0.7069 -0.0000 -0.7073
vn -0.6524 0.3873 -0.6514
vn 1.0000 -0.0000 0.0008
vn 0.9346 0.3557 -0.0033
vn -0.2575 -0.0000 0.9663
vn -0.2460 0.3628 0.8988
vn -0.8662 -0.0000 -0.4998
vn -0.7981 0.3873 -0.4615
vn 0.9662 -0.0000 -0.2578
vn 0.9005 0.3587 -0.2458
vn 0.0011 -0.0000 1.0000
vn -0.0044 0.3590 0.9333
vn -0.9661 -0.0000 -0.2581
vn -0.8905 0.3861 -0.2406
vn 0.8667 -0.0000 -0.4988
vn 0.8046 0.3625 -0.4703
vn 0.2596 -0.0000 0.9657
vn 0.2386 0.3560 0.9035
vn -0.9029 -0.3527 0.2458
vn -0.9368 -0.3500 0.0029
vn 0.4704 -0.3604 -0.8055
vn 0.6617 -0.3646 -0.6552
vn 0.6549 -0.3787 0.6540
vn 0.4645 -0.3775 0.8011
vn -0.8070 -0.3561 0.4710
vn 0.2461 -0.3565 -0.9013
vn -0.2395 -0.3502 -0.9055
vn 0.0038 -0.3530 -0.9356
vn 0.8012 -0.3787 0.4632
vn -0.6564 -0.3601 0.6630
vn -0.4670 -0.3482 -0.8128
vn 0.8940 -0.3776 0.2413
vn -0.4617 -0.3642 0.8088
vn -0.6626 -0.3471 -0.6636
vn 0.9268 -0.3754 0.0027
vn -0.2365 -0.3683 0.8991
vn -0.8125 -0.3471 -0.4684
vn 0.8974 -0.3724 -0.2368
vn 0.0036 -0.3721 0.9282
vn -0.9060 -0.3481 -0.2409
vn 0.8071 -0.3687 -0.4611
vn 0.2426 -0.3752 0.8946
vn 0.2408 0.3378 0.9099
vn 0.4693 0.3359 0.8166
vn 0.8112 0.3434 -0.4733
vn 0.6599 0.3471 -0.6663
vn -0.8993 0.3637 -0.2426
vn -0.9323 0.3617 -0.0026
vn -0.0037 0.3405 0.9403
vn 0.9074 0.3402 -0.2469
vn -0.8061 0.3648 -0.4660
vn -0.2472 0.3437 0.9059
vn 0.9413 0.3376 -0.0028
vn -0.6588 0.3647 -0.6580
vn -0.4728 0.3475 0.8098
vn 0.9103 0.3358 0.2421
vn -0.4672 0.3636 -0.8059
vn -0.6651 0.3514 0.6589
vn 0.8163 0.3349 0.4706
vn -0.2439 0.3615 -0.8999
vn 0.2380 0.3549 -0.9041
vn -0.0035 0.3585 -0.9335
vn -0.8116 0.3553 0.4639
vn 0.6658 0.3350 0.6667
vn 0.4643 0.3511 -0.8131
vn -0.9025 0.3588 0.2383
vn 0.0162 -0.9998 0.0122
vn 0.0162 -0.9999 0.0053
vn -0.9930 -0.0000 -0.1178
vn -0.9686 -0.0000 -0.2485
vn -0.9686 -0.0000 -0.2486
vn -0.9930 -0.0000 -0.1180
vn 0.0025 -0.0000 1.0000
vn -0.5042 -0.0000 0.8636
vn -0.0034 -0.0000 1.0000
vn 1.0000 -0.0000 0.0001
vn 1.0000 -0.0000 -0.0003
vn -0.9128 -0.0000 -0.4084
vn -0.9129 -0.0000 -0.4082
vn -0.7863 -0.0000 0.6179
vn -0.7879 -0.0000 0.6158
vn 0.9930 -0.0000 0.1180
vn 0.9930 -0.0000 0.1178
vn -0.7866 -0.0000 -0.6175
vn -0.7873 -0.0000 -0.6166
vn -0.9126 -0.0000 0.4089
vn -0.9132 -0.0000 0.4076
vn 0.9686 -0.0000 0.2486
vn 0.9686 -0.0000 0.2485
vn -0.5001 -0.0000 -0.8660
vn -0.5030 -0.0000 -0.8643
vn 0.0034 -0.0000 -1.0000
vn 0.5042 -0.0000 -0.8636
vn -0.0025 -0.0000 -1.0000
vn -0.9685 -0.0000 0.2491
vn -0.9687 -0.0000 0.2483
vn 0.9129 -0.0000 0.4082
vn 0.9128 -0.0000 0.4084
vn 0.7879 -0.0000 -0.6158
vn 0.7863 -0.0000 -0.6179
vn -0.9930 -0.0000 0.1183
vn -0.9930 -0.0000 0.1178
vn 0.7873 -0.0000 0.6166
vn 0.7866 -0.0000 0.6175
vn 0.9132 -0.0000 -0.4076
vn 0.9126 -0.0000 -0.4089
vn -1.0000 -0.0000 0.0003
vn -1.0000 -0.0000 -0.0001
vn 0.5030 -0.0000 0.8643
vn 0.5001 -0.0000 0.8660
vn -0.0126 0.9999 -0.0000
vn -0.0162 0.9999 -0.0000
vn -0.0136 0.9999 -0.0000
vn -0.1003 0.9950 -0.0000
vn 0.0689 0.9976 -0.0000
vn 0.0144 0.9999 -0.0000
vn 0.0728 0.9973 -0.0000
vn -0.0303 0.9995 -0.0000
vn -0.0429 0.9991 -0.0000
vn -0.0329 0.9995 -0.0000
vn -0.0263 0.9997 -0.0000
vn -0.0084 1.0000 -0.0000
vn -0.0104 0.9999 -0.0000
vn -0.1007 0.9949 -0.0000
vn -0.0467 0.9989 -0.0000
vn -0.0241 0.9997 -0.0000
vn -0.0220 0.9998 -0.0000
vn -0.0021 1.0000 -0.0000
vn -0.0062 1.0000 -0.0000
vn -0.0198 0.9998 -0.0000
vn -0.0189 0.9998 -0.0000
vn 0.0106 0.9999 -0.0000
vn 0.0004 1.0000 -0.0000
vn 0.4980 -0.0000 0.8672
vn -0.4980 -0.0000 -0.8672
vn -0.4980 -0.0000 0.8672
vn 0.4980 -0.0000 -0.8672
vt 0.886797 0.420529
vt 0.879749 0.411395
vt 0.919002 0.371959
vt 0.928169 0.378964
vt 0.946742 0.323726
vt 0.957407 0.328127
vt 0.961090 0.269966
vt 0.972531 0.271466
vt 0.961083 0.214314
vt 0.972531 0.212813
vt 0.946711 0.160497
vt 0.957410 0.156083
vt 0.918822 0.112100
vt 0.928086 0.104953
vt 0.879086 0.072845
vt 0.886071 0.063616
vt 0.830680 0.045284
vt 0.835038 0.034592
vt 0.776852 0.031147
vt 0.778305 0.019700
vt 0.721205 0.031375
vt 0.719656 0.019942
vt 0.667503 0.045964
vt 0.663053 0.035317
vt 0.619388 0.073929
vt 0.612340 0.064793
vt 0.580129 0.113373
vt 0.570960 0.106368
vt 0.552390 0.161616
vt 0.541723 0.157215
vt 0.538043 0.215382
vt 0.526601 0.213882
vt 0.538049 0.271039
vt 0.526600 0.272540
vt 0.552415 0.324866
vt 0.541713 0.329279
vt 0.580303 0.373279
vt 0.571036 0.380428
vt 0.620055 0.412542
vt 0.613070 0.421775
vt 0.668481 0.440092
vt 0.664126 0.450787
vt 0.722317 0.454208
vt 0.720867 0.465656
vt 0.777958 0.453966
vt 0.779511 0.465398
vt 0.931050 0.218262
vt 0.918667 0.172099
vt 0.831647 0.439361
vt 0.836099 0.450005
vt 0.458546 0.172033
vt 0.473129 0.227599
vt 0.467216 0.228353
vt 0.453047 0.174261
vt 0.873158 0.815152
vt 0.837514 0.850965
vt 0.836196 0.849259
vt 0.871445 0.813843
vt 0.773035 0.061179
vt 0.725268 0.061371
vt 0.580373 0.173159
vt 0.568062 0.219315
vt 0.638393 0.388353
vt 0.679915 0.412037
vt 0.918763 0.312182
vt 0.931075 0.266034
vt 0.860747 0.097026
vt 0.819238 0.073332
vt 0.861260 0.387432
vt 0.894953 0.353584
vt 0.637879 0.097896
vt 0.604183 0.131750
vt 0.580466 0.313265
vt 0.604420 0.354673
vt 0.773888 0.423977
vt 0.819971 0.411437
vt 0.894710 0.130703
vt 0.679174 0.073893
vt 0.568087 0.267093
vt 0.726126 0.424174
vt 0.896375 0.623620
vt 0.909337 0.672105
vt 0.904231 0.672776
vt 0.891604 0.625594
vt 0.526600 0.723268
vt 0.526600 0.672618
vt 0.528741 0.672899
vt 0.528744 0.722986
vt 0.743542 0.505056
vt 0.792556 0.517847
vt 0.791741 0.519850
vt 0.743273 0.507199
vt 0.793851 0.876393
vt 0.793018 0.874405
vt 0.898381 0.771347
vt 0.896387 0.770522
vt 0.539710 0.772289
vt 0.541713 0.771460
vt 0.692952 0.505361
vt 0.693245 0.507498
vt 0.911473 0.722480
vt 0.909332 0.722198
vt 0.565156 0.816376
vt 0.566873 0.815049
vt 0.644192 0.518689
vt 0.645025 0.520677
vt 0.911482 0.671823
vt 0.601382 0.852135
vt 0.602691 0.850407
vt 0.600533 0.544125
vt 0.601851 0.545831
vt 0.898379 0.622791
vt 0.645499 0.877210
vt 0.646314 0.875206
vt 0.564896 0.579944
vt 0.566609 0.581253
vt 0.872946 0.578672
vt 0.871210 0.580013
vt 0.694505 0.890008
vt 0.694774 0.887865
vt 0.539681 0.623752
vt 0.541675 0.624576
vt 0.836685 0.542917
vt 0.835377 0.544646
vt 0.745091 0.889712
vt 0.744798 0.887574
vt 0.533850 0.722314
vt 0.533838 0.673569
vt 0.535949 0.673846
vt 0.535963 0.722035
vt 0.605807 0.846292
vt 0.648254 0.870436
vt 0.604989 0.549893
vt 0.570688 0.584370
vt 0.867101 0.583187
vt 0.695415 0.882763
vt 0.546422 0.626538
vt 0.832261 0.548763
vt 0.744100 0.882485
vt 0.789802 0.524621
vt 0.791033 0.869670
vt 0.833059 0.845196
vt 0.867367 0.810725
vt 0.742633 0.512301
vt 0.891640 0.768560
vt 0.546482 0.769485
vt 0.693944 0.512587
vt 0.904234 0.721527
vt 0.570981 0.811877
vt 0.647011 0.525411
vt 0.649058 0.868462
vt 0.607098 0.844588
vt 0.613183 0.836564
vt 0.652843 0.859151
vt 0.788998 0.526597
vt 0.742368 0.514413
vt 0.790211 0.867710
vt 0.831760 0.843514
vt 0.865678 0.809434
vt 0.889674 0.767747
vt 0.548456 0.768666
vt 0.694232 0.514695
vt 0.902123 0.721250
vt 0.572690 0.810557
vt 0.647833 0.527372
vt 0.902117 0.673054
vt 0.606288 0.551575
vt 0.889629 0.626412
vt 0.572377 0.585661
vt 0.865391 0.584507
vt 0.695680 0.880651
vt 0.548388 0.627350
vt 0.830970 0.550467
vt 0.743812 0.880378
vt 0.741116 0.524373
vt 0.785214 0.535910
vt 0.780739 0.546875
vt 0.739632 0.536108
vt 0.612409 0.559509
vt 0.580339 0.591745
vt 0.880321 0.630266
vt 0.857392 0.590678
vt 0.696934 0.870693
vt 0.557659 0.631172
vt 0.824884 0.558495
vt 0.742458 0.870443
vt 0.545900 0.675151
vt 0.786343 0.858465
vt 0.825640 0.835579
vt 0.857716 0.803348
vt 0.545929 0.720726
vt 0.880404 0.763923
vt 0.557761 0.764812
vt 0.695588 0.524631
vt 0.892171 0.719943
vt 0.580687 0.804388
vt 0.651703 0.536616
vt 0.892150 0.674362
vt 0.847978 0.597940
vt 0.869361 0.634812
vt 0.856618 0.640107
vt 0.837043 0.606387
vt 0.781784 0.847571
vt 0.818423 0.826234
vt 0.848331 0.796184
vt 0.869480 0.759418
vt 0.557669 0.719178
vt 0.568718 0.760266
vt 0.697184 0.536339
vt 0.880443 0.718405
vt 0.590098 0.797127
vt 0.656264 0.547510
vt 0.880408 0.675908
vt 0.620360 0.827121
vt 0.619627 0.568853
vt 0.657319 0.848187
vt 0.589725 0.598908
vt 0.698420 0.858959
vt 0.568583 0.635676
vt 0.817707 0.567941
vt 0.740864 0.858735
vt 0.557627 0.676686
vt 0.581459 0.754971
vt 0.571327 0.717370
vt 0.586110 0.715407
vt 0.595241 0.749235
vt 0.662530 0.835433
vt 0.700151 0.845307
vt 0.600646 0.607249
vt 0.581294 0.640920
vt 0.809360 0.578929
vt 0.739010 0.845110
vt 0.571275 0.678469
vt 0.775529 0.559632
vt 0.776479 0.834893
vt 0.810026 0.815359
vt 0.837411 0.787840
vt 0.737902 0.549762
vt 0.856769 0.754171
vt 0.699040 0.549964
vt 0.866794 0.716621
vt 0.601031 0.788682
vt 0.661572 0.560187
vt 0.866747 0.677715
vt 0.628706 0.816136
vt 0.628026 0.579726
vt 0.825219 0.615521
vt 0.842833 0.645842
vt 0.828140 0.651962
vt 0.812616 0.625249
vt 0.736032 0.564543
vt 0.701047 0.564715
vt 0.843006 0.748501
vt 0.852017 0.714694
vt 0.612852 0.779551
vt 0.667316 0.573913
vt 0.851962 0.679677
vt 0.637737 0.804248
vt 0.637115 0.591502
vt 0.668163 0.821627
vt 0.612471 0.616279
vt 0.702023 0.830527
vt 0.595057 0.646588
vt 0.800329 0.590819
vt 0.737005 0.830360
vt 0.586051 0.680393
vt 0.769897 0.573441
vt 0.770736 0.821168
vt 0.800940 0.803583
vt 0.825587 0.778809
vt 0.703185 0.580449
vt 0.734026 0.580307
vt 0.731723 0.598370
vt 0.705632 0.598483
vt 0.674187 0.806911
vt 0.704030 0.814765
vt 0.625084 0.625908
vt 0.609735 0.652640
vt 0.790687 0.603483
vt 0.734869 0.814627
vt 0.601809 0.682445
vt 0.763873 0.588160
vt 0.764610 0.806526
vt 0.791241 0.791024
vt 0.812974 0.769178
vt 0.601872 0.713307
vt 0.828328 0.742447
vt 0.609930 0.743116
vt 0.836257 0.712640
vt 0.625453 0.769824
vt 0.673444 0.588553
vt 0.836198 0.681776
vt 0.647378 0.791587
vt 0.646814 0.604059
vt 0.706336 0.796704
vt 0.681095 0.790050
vt 0.688248 0.772589
vt 0.708723 0.777996
vt 0.811501 0.735514
vt 0.818198 0.710295
vt 0.626755 0.736100
vt 0.639886 0.758682
vt 0.680466 0.605336
vt 0.818138 0.684189
vt 0.658424 0.777086
vt 0.657930 0.618457
vt 0.811313 0.658978
vt 0.639543 0.636949
vt 0.798181 0.636393
vt 0.626561 0.659570
vt 0.779640 0.617987
vt 0.732425 0.796593
vt 0.619867 0.684789
vt 0.756966 0.605023
vt 0.757591 0.789743
vt 0.780128 0.776624
vt 0.798517 0.758135
vt 0.619930 0.710892
vt 0.708164 0.617167
vt 0.729336 0.617079
vt 0.726884 0.636260
vt 0.710756 0.636324
vt 0.654529 0.648382
vt 0.643997 0.666744
vt 0.783238 0.647932
vt 0.768201 0.633004
vt 0.729895 0.777910
vt 0.638571 0.687208
vt 0.749813 0.622485
vt 0.750319 0.772354
vt 0.768608 0.761708
vt 0.783532 0.746700
vt 0.638631 0.708385
vt 0.794066 0.728338
vt 0.644174 0.728830
vt 0.799493 0.707874
vt 0.654827 0.747144
vt 0.687740 0.622725
vt 0.799434 0.686695
vt 0.669862 0.762071
vt 0.669451 0.633373
vt 0.793892 0.666248
vt 0.661879 0.674086
vt 0.669901 0.660098
vt 0.686603 0.672830
vt 0.681310 0.682063
vt 0.776184 0.720994
vt 0.780316 0.705404
vt 0.662024 0.721376
vt 0.670137 0.735320
vt 0.695196 0.640554
vt 0.780266 0.689273
vt 0.681585 0.746686
vt 0.681264 0.648663
vt 0.776040 0.673702
vt 0.695583 0.754698
vt 0.767926 0.659757
vt 0.711176 0.758817
vt 0.756478 0.648390
vt 0.727304 0.758754
vt 0.657748 0.689676
vt 0.742479 0.640379
vt 0.742864 0.754525
vt 0.756796 0.746417
vt 0.768160 0.734982
vt 0.657799 0.705807
vt 0.759476 0.702726
vt 0.756752 0.713017
vt 0.737233 0.705005
vt 0.738546 0.700039
vt 0.751296 0.672603
vt 0.743743 0.665103
vt 0.713847 0.737980
vt 0.724489 0.737941
vt 0.678586 0.692354
vt 0.734505 0.659814
vt 0.734759 0.735152
vt 0.743958 0.729800
vt 0.751459 0.722250
vt 0.678622 0.703000
vt 0.724214 0.657097
vt 0.681412 0.713273
vt 0.713572 0.657137
vt 0.686767 0.722475
vt 0.703302 0.659926
vt 0.759441 0.692079
vt 0.694320 0.729975
vt 0.694103 0.665279
vt 0.756651 0.681805
vt 0.703556 0.735264
vt 0.700881 0.705131
vt 0.703463 0.709570
vt 0.716397 0.678043
vt 0.711441 0.679389
vt 0.738528 0.694903
vt 0.707107 0.713189
vt 0.707002 0.681973
vt 0.737181 0.689947
vt 0.711563 0.715742
vt 0.703382 0.685617
vt 0.734599 0.685508
vt 0.716529 0.717053
vt 0.700829 0.690074
vt 0.730956 0.681889
vt 0.721664 0.717035
vt 0.699517 0.695040
vt 0.726499 0.679336
vt 0.726621 0.715689
vt 0.731060 0.713105
vt 0.734680 0.709462
vt 0.699534 0.700175
vt 0.721533 0.678025
vt 0.430404 0.122191
vt 0.390591 0.081206
vt 0.399341 0.070196
vt 0.441672 0.113754
vt 0.471624 0.166720
vt 0.487200 0.225785
vt 0.473025 0.285385
vt 0.487200 0.287255
vt 0.457880 0.341686
vt 0.471234 0.347243
vt 0.428157 0.392592
vt 0.439656 0.401740
vt 0.385256 0.433033
vt 0.393678 0.444790
vt 0.333821 0.460474
vt 0.338837 0.473860
vt 0.277544 0.473604
vt 0.278951 0.487719
vt 0.220121 0.471932
vt 0.217896 0.485870
vt 0.165221 0.455752
vt 0.159543 0.468633
vt 0.116309 0.426212
vt 0.107559 0.437223
vt 0.076496 0.385228
vt 0.065228 0.393665
vt 0.048354 0.335385
vt 0.035275 0.340698
vt 0.033771 0.279819
vt 0.019700 0.281634
vt 0.033875 0.222034
vt 0.019700 0.220164
vt 0.049020 0.165733
vt 0.035666 0.160176
vt 0.078742 0.114827
vt 0.067244 0.105678
vt 0.121644 0.074386
vt 0.113222 0.062629
vt 0.173079 0.046945
vt 0.168063 0.033559
vt 0.229355 0.033815
vt 0.227948 0.019700
vt 0.286779 0.035487
vt 0.289004 0.021548
vt 0.341679 0.051666
vt 0.347357 0.038786
vt 0.375567 0.100107
vt 0.411051 0.136662
vt 0.404729 0.141384
vt 0.370661 0.106279
vt 0.083599 0.118687
vt 0.054622 0.168084
vt 0.167605 0.450337
vt 0.221051 0.466074
vt 0.467073 0.284588
vt 0.125196 0.079315
vt 0.119988 0.421585
vt 0.452277 0.339335
vt 0.175198 0.052563
vt 0.081233 0.381684
vt 0.423301 0.388732
vt 0.229954 0.039746
vt 0.053852 0.333158
vt 0.381704 0.428104
vt 0.285848 0.041345
vt 0.039684 0.279066
vt 0.331702 0.454855
vt 0.339295 0.057082
vt 0.425666 0.125735
vt 0.386912 0.085834
vt 0.039826 0.222831
vt 0.276945 0.467672
vt 0.436086 0.181123
vt 0.448982 0.230662
vt 0.448738 0.282106
vt 0.435071 0.332083
vt 0.408561 0.377015
vt 0.370760 0.412974
vt 0.325152 0.437554
vt 0.275081 0.449390
vt 0.223910 0.448006
vt 0.174955 0.433633
vt 0.131333 0.407311
vt 0.095848 0.370757
vt 0.070813 0.326295
vt 0.057918 0.276756
vt 0.058162 0.225312
vt 0.071829 0.175336
vt 0.098339 0.130404
vt 0.136139 0.094445
vt 0.181748 0.069865
vt 0.231819 0.058029
vt 0.282990 0.059413
vt 0.331945 0.073786
vt 0.318854 0.421049
vt 0.273267 0.431917
vt 0.272394 0.423616
vt 0.315852 0.413222
vt 0.066079 0.226401
vt 0.065800 0.275771
vt 0.274263 0.441487
vt 0.322306 0.430086
vt 0.328769 0.081012
vt 0.428751 0.184082
vt 0.079255 0.178488
vt 0.225137 0.440196
vt 0.441100 0.231647
vt 0.104705 0.135465
vt 0.178130 0.426407
vt 0.440820 0.281018
vt 0.140884 0.100970
vt 0.136238 0.401140
vt 0.427644 0.328931
vt 0.184594 0.077333
vt 0.102170 0.366035
vt 0.402195 0.371954
vt 0.232637 0.065932
vt 0.078148 0.323337
vt 0.366016 0.406449
vt 0.281762 0.067222
vt 0.397071 0.147101
vt 0.364720 0.113754
vt 0.419866 0.187661
vt 0.431555 0.232835
vt 0.431238 0.279693
vt 0.418666 0.325114
vt 0.394510 0.365844
vt 0.360273 0.398562
vt 0.226621 0.430738
vt 0.181975 0.417654
vt 0.142180 0.393664
vt 0.109828 0.360318
vt 0.087033 0.319757
vt 0.075344 0.274584
vt 0.075662 0.227726
vt 0.088234 0.182305
vt 0.112389 0.141575
vt 0.146627 0.108857
vt 0.188045 0.086370
vt 0.233632 0.075502
vt 0.280279 0.076681
vt 0.324924 0.089765
vt 0.147335 0.387178
vt 0.116475 0.355360
vt 0.140862 0.337231
vt 0.166253 0.363425
vt 0.359565 0.120241
vt 0.321590 0.097363
vt 0.412156 0.190761
vt 0.390425 0.152059
vt 0.096010 0.185623
vt 0.083964 0.228886
vt 0.227901 0.422534
vt 0.423276 0.233856
vt 0.119039 0.146861
vt 0.185310 0.410056
vt 0.422935 0.278533
vt 0.151612 0.115686
vt 0.410890 0.321796
vt 0.191047 0.094197
vt 0.387861 0.360558
vt 0.234506 0.083803
vt 0.094744 0.316657
vt 0.355288 0.391733
vt 0.278998 0.084885
vt 0.083624 0.273563
vt 0.309390 0.125191
vt 0.340646 0.143994
vt 0.319925 0.170040
vt 0.296054 0.155697
vt 0.363696 0.341347
vt 0.382597 0.309660
vt 0.237755 0.114161
vt 0.202092 0.122806
vt 0.123018 0.305366
vt 0.337087 0.366903
vt 0.274338 0.114966
vt 0.113946 0.269910
vt 0.304808 0.384612
vt 0.366037 0.170188
vt 0.114327 0.233201
vt 0.269144 0.393258
vt 0.383882 0.202053
vt 0.124303 0.197758
vt 0.232562 0.392453
vt 0.392954 0.237509
vt 0.143203 0.166072
vt 0.197509 0.382228
vt 0.392573 0.274218
vt 0.169812 0.140515
vt 0.186975 0.337379
vt 0.167599 0.317369
vt 0.193185 0.298365
vt 0.206792 0.312438
vt 0.352894 0.214384
vt 0.339300 0.190050
vt 0.155133 0.211087
vt 0.147501 0.238029
vt 0.237613 0.359483
vt 0.265523 0.360045
vt 0.359754 0.241438
vt 0.169513 0.187030
vt 0.210845 0.351722
vt 0.359399 0.269390
vt 0.189700 0.167579
vt 0.351766 0.296331
vt 0.214224 0.154052
vt 0.337386 0.320389
vt 0.241377 0.147374
vt 0.154006 0.293034
vt 0.317200 0.339840
vt 0.269286 0.147936
vt 0.147146 0.265980
vt 0.292675 0.353367
vt 0.313715 0.209054
vt 0.323248 0.226157
vt 0.276383 0.244670
vt 0.273252 0.239043
vt 0.312297 0.300456
vt 0.322373 0.283620
vt 0.244918 0.179118
vt 0.225887 0.183840
vt 0.183652 0.281261
vt 0.298174 0.314077
vt 0.264510 0.179481
vt 0.178867 0.262262
vt 0.281013 0.323578
vt 0.283324 0.184906
vt 0.300108 0.194981
vt 0.179149 0.242663
vt 0.261982 0.328301
vt 0.184527 0.223799
vt 0.242390 0.327938
vt 0.328033 0.245157
vt 0.194603 0.206963
vt 0.223576 0.322513
vt 0.327751 0.264756
vt 0.208726 0.193342
vt 0.322977 0.911604
vt 0.323021 0.908977
vt 0.326899 0.909016
vt 0.326841 0.911633
vt 0.230820 0.243882
vt 0.229049 0.250070
vt 0.249839 0.278099
vt 0.256280 0.278207
vt 0.277951 0.250914
vt 0.234124 0.238365
vt 0.243649 0.276322
vt 0.277850 0.257349
vt 0.238750 0.233897
vt 0.238123 0.273009
vt 0.276080 0.263536
vt 0.244375 0.230773
vt 0.233647 0.268376
vt 0.272775 0.269054
vt 0.250620 0.229211
vt 0.230517 0.262749
vt 0.268150 0.273521
vt 0.257060 0.229320
vt 0.228949 0.256505
vt 0.262526 0.276646
vt 0.263250 0.231097
vt 0.268776 0.234410
vt 0.260970 0.248432
vt 0.259281 0.246686
vt 0.262152 0.250554
vt 0.262744 0.252907
vt 0.262707 0.255331
vt 0.262044 0.257662
vt 0.260799 0.259739
vt 0.259058 0.261422
vt 0.256939 0.262596
vt 0.254587 0.263182
vt 0.252162 0.263138
vt 0.249830 0.262468
vt 0.247747 0.261218
vt 0.246058 0.259472
vt 0.244877 0.257350
vt 0.244285 0.254996
vt 0.244321 0.252572
vt 0.244984 0.250241
vt 0.246228 0.248164
vt 0.247968 0.246481
vt 0.250087 0.245307
vt 0.252439 0.244722
vt 0.254865 0.244766
vt 0.257198 0.245436
vt 0.235129 0.835330
vt 0.235102 0.831998
vt 0.242164 0.831998
vt 0.242191 0.835330
vt 0.323310 0.929804
vt 0.323189 0.927218
vt 0.326985 0.927129
vt 0.327101 0.929680
vt 0.323547 0.890320
vt 0.323596 0.887621
vt 0.327595 0.887640
vt 0.327538 0.890358
vt 0.323081 0.906341
vt 0.326974 0.906387
vt 0.323094 0.924631
vt 0.326897 0.924571
vt 0.323624 0.884925
vt 0.327619 0.884910
vt 0.323154 0.903696
vt 0.327063 0.903747
vt 0.323022 0.922040
vt 0.326835 0.922003
vt 0.323625 0.882240
vt 0.327581 0.882235
vt 0.323235 0.901040
vt 0.327160 0.901096
vt 0.322974 0.919443
vt 0.326799 0.919426
vt 0.323625 0.879562
vt 0.327555 0.879588
vt 0.323320 0.898374
vt 0.327263 0.898432
vt 0.322948 0.916837
vt 0.326788 0.916839
vt 0.323642 0.876890
vt 0.327550 0.876958
vt 0.323884 0.937518
vt 0.323646 0.934977
vt 0.327420 0.934762
vt 0.327619 0.937291
vt 0.323404 0.895699
vt 0.327364 0.895754
vt 0.322952 0.914223
vt 0.326803 0.914241
vt 0.323701 0.874258
vt 0.327566 0.874339
vt 0.323460 0.932391
vt 0.327246 0.932225
vt 0.323482 0.893013
vt 0.327458 0.893063
vt 0.292493 0.893001
vt 0.292533 0.890312
vt 0.317412 0.890280
vt 0.317360 0.892962
vt 0.292915 0.933207
vt 0.292791 0.930558
vt 0.317353 0.929985
vt 0.317469 0.932613
vt 0.292231 0.914567
vt 0.292221 0.911867
vt 0.316971 0.911599
vt 0.316962 0.914238
vt 0.292445 0.895692
vt 0.317298 0.895639
vt 0.293037 0.935855
vt 0.317581 0.935246
vt 0.292536 0.876884
vt 0.292496 0.874201
vt 0.317341 0.874190
vt 0.317420 0.876848
vt 0.292261 0.917269
vt 0.316973 0.916869
vt 0.292393 0.898384
vt 0.317230 0.898312
vt 0.293153 0.938501
vt 0.317665 0.937865
vt 0.292564 0.879568
vt 0.317461 0.879533
vt 0.292345 0.919936
vt 0.317012 0.919495
vt 0.292341 0.901078
vt 0.317162 0.900981
vt 0.292578 0.882252
vt 0.317478 0.882221
vt 0.292443 0.922597
vt 0.317071 0.922119
vt 0.292294 0.903773
vt 0.317098 0.903644
vt 0.292577 0.884938
vt 0.317477 0.884909
vt 0.292552 0.925254
vt 0.317149 0.924741
vt 0.292256 0.906470
vt 0.317042 0.906302
vt 0.292562 0.887624
vt 0.317452 0.887596
vt 0.292669 0.927907
vt 0.317244 0.927362
vt 0.292230 0.909168
vt 0.316999 0.908953
vt 0.321641 0.892997
vt 0.321688 0.890309
vt 0.321706 0.932469
vt 0.321582 0.929859
vt 0.321269 0.914228
vt 0.321284 0.911603
vt 0.321585 0.895680
vt 0.321861 0.935108
vt 0.321773 0.876824
vt 0.321837 0.874012
vt 0.321269 0.916843
vt 0.321525 0.898355
vt 0.322080 0.937847
vt 0.321757 0.879538
vt 0.321295 0.919452
vt 0.321464 0.901022
vt 0.321753 0.882230
vt 0.321339 0.922057
vt 0.321406 0.903680
vt 0.321749 0.884921
vt 0.321401 0.924658
vt 0.321355 0.906329
vt 0.321725 0.887616
vt 0.321481 0.927258
vt 0.321314 0.908970
vt 0.318881 0.908954
vt 0.318859 0.911594
vt 0.319079 0.927322
vt 0.319173 0.929938
vt 0.319243 0.887600
vt 0.319209 0.890287
vt 0.318915 0.906308
vt 0.318999 0.924709
vt 0.319266 0.884914
vt 0.318959 0.903654
vt 0.318935 0.922095
vt 0.319268 0.882228
vt 0.319010 0.900993
vt 0.318887 0.919479
vt 0.319261 0.879533
vt 0.319063 0.898325
vt 0.318855 0.916856
vt 0.319244 0.876812
vt 0.319395 0.935222
vt 0.319495 0.937987
vt 0.319117 0.895651
vt 0.318850 0.914227
vt 0.319192 0.873986
vt 0.319281 0.932564
vt 0.319167 0.892971
vt 0.942000 0.941638
vt 0.942775 0.942981
vt 0.939522 0.945476
vt 0.938212 0.943206
vt 0.941598 0.940139
vt 0.937534 0.940674
vt 0.941598 0.938587
vt 0.937534 0.938052
vt 0.942000 0.937088
vt 0.938212 0.935520
vt 0.942775 0.935745
vt 0.939522 0.933250
vt 0.943871 0.934648
vt 0.941374 0.931397
vt 0.945212 0.933873
vt 0.943643 0.930086
vt 0.946708 0.933472
vt 0.946173 0.929408
vt 0.948257 0.933472
vt 0.948793 0.929408
vt 0.949753 0.933873
vt 0.951323 0.930086
vt 0.951095 0.934648
vt 0.953591 0.931397
vt 0.952191 0.935745
vt 0.955444 0.933250
vt 0.952966 0.937088
vt 0.956753 0.935520
vt 0.953367 0.938587
vt 0.957431 0.938052
vt 0.953367 0.940139
vt 0.957432 0.940674
vt 0.952966 0.941638
vt 0.956754 0.943206
vt 0.952191 0.942981
vt 0.955444 0.945476
vt 0.951095 0.944078
vt 0.953592 0.947329
vt 0.949753 0.944853
vt 0.951323 0.948640
vt 0.948257 0.945254
vt 0.948793 0.949318
vt 0.946709 0.945254
vt 0.946173 0.949318
vt 0.945213 0.944853
vt 0.943643 0.948640
vt 0.943871 0.944078
vt 0.941374 0.947329
vt 0.680609 0.929408
vt 0.682118 0.929960
vt 0.683471 0.931399
vt 0.684575 0.933629
vt 0.685356 0.936496
vt 0.685760 0.939804
vt 0.685760 0.943328
vt 0.685357 0.946827
vt 0.684576 0.950063
vt 0.683473 0.952817
vt 0.682122 0.954901
vt 0.680615 0.956173
vt 0.679053 0.956546
vt 0.677545 0.955994
vt 0.676192 0.954554
vt 0.675087 0.952324
vt 0.674306 0.949457
vt 0.673902 0.946149
vt 0.673902 0.942625
vt 0.674306 0.939126
vt 0.675086 0.935890
vt 0.676189 0.933136
vt 0.677541 0.931053
vt 0.679048 0.929781
vt 0.235288 0.793176
vt 0.235296 0.789847
vt 0.242358 0.789847
vt 0.242350 0.793176
vt 0.235104 0.812595
vt 0.235131 0.810989
vt 0.242193 0.810989
vt 0.242166 0.812595
vt 0.235080 0.828474
vt 0.242142 0.828474
vt 0.235296 0.786881
vt 0.242358 0.786881
vt 0.235162 0.809014
vt 0.242224 0.809014
vt 0.235064 0.824951
vt 0.242126 0.824951
vt 0.235287 0.784397
vt 0.242349 0.784397
vt 0.235193 0.806526
vt 0.242255 0.806526
vt 0.235057 0.821622
vt 0.242119 0.821622
vt 0.235271 0.782425
vt 0.242333 0.782425
vt 0.235249 0.844371
vt 0.235221 0.842765
vt 0.242283 0.842765
vt 0.242311 0.844371
vt 0.235224 0.803555
vt 0.242286 0.803555
vt 0.235057 0.818656
vt 0.242119 0.818656
vt 0.235249 0.780820
vt 0.242311 0.780820
vt 0.235191 0.840789
vt 0.242253 0.840789
vt 0.235251 0.800222
vt 0.242313 0.800222
vt 0.235065 0.816173
vt 0.242127 0.816173
vt 0.235159 0.838302
vt 0.242221 0.838302
vt 0.235273 0.796698
vt 0.242335 0.796698
vt 0.235081 0.814200
vt 0.242143 0.814200
vt 0.242194 0.891525
vt 0.240648 0.891412
vt 0.240205 0.883771
vt 0.241766 0.884144
vt 0.235058 0.897688
vt 0.235349 0.899218
vt 0.235466 0.901191
vt 0.235057 0.897722
vt 0.245421 0.901286
vt 0.246293 0.900002
vt 0.246515 0.903819
vt 0.245735 0.906686
vt 0.243658 0.892033
vt 0.243274 0.885415
vt 0.235172 0.896142
vt 0.235057 0.894170
vt 0.244247 0.902300
vt 0.244631 0.908916
vt 0.244939 0.892904
vt 0.244626 0.887499
vt 0.235682 0.894678
vt 0.235460 0.890861
vt 0.242850 0.902976
vt 0.243279 0.910356
vt 0.239781 0.903156
vt 0.241327 0.903268
vt 0.241771 0.910909
vt 0.240209 0.910536
vt 0.245951 0.894075
vt 0.245730 0.890253
vt 0.236553 0.893394
vt 0.236240 0.887994
vt 0.238317 0.902647
vt 0.238701 0.909265
vt 0.246626 0.895464
vt 0.246509 0.893490
vt 0.237728 0.892380
vt 0.237344 0.885764
vt 0.237036 0.901777
vt 0.237350 0.907181
vt 0.246917 0.896992
vt 0.246918 0.896959
vt 0.239125 0.891704
vt 0.238696 0.884323
vt 0.236024 0.900606
vt 0.236246 0.904428
vt 0.246803 0.898538
vt 0.246918 0.900510
vt 0.452923 0.906796
vt 0.452896 0.905245
vt 0.476439 0.905245
vt 0.476466 0.906796
vt 0.453082 0.883544
vt 0.453090 0.881995
vt 0.476633 0.881995
vt 0.476625 0.883544
vt 0.452898 0.894399
vt 0.452926 0.892848
vt 0.476469 0.892848
vt 0.476441 0.894399
vt 0.452874 0.903695
vt 0.476417 0.903695
vt 0.453090 0.880446
vt 0.476633 0.880446
vt 0.452956 0.891297
vt 0.476499 0.891297
vt 0.452859 0.902145
vt 0.476402 0.902145
vt 0.453081 0.878897
vt 0.476624 0.878897
vt 0.452988 0.889745
vt 0.476530 0.889745
vt 0.452851 0.900596
vt 0.476394 0.900596
vt 0.453065 0.877348
vt 0.476608 0.877348
vt 0.453043 0.913001
vt 0.453016 0.911450
vt 0.476558 0.911450
vt 0.476586 0.913001
vt 0.453018 0.888194
vt 0.476561 0.888194
vt 0.452851 0.899048
vt 0.476394 0.899048
vt 0.453043 0.875798
vt 0.476586 0.875798
vt 0.452985 0.909898
vt 0.476528 0.909898
vt 0.453045 0.886643
vt 0.476588 0.886643
vt 0.452860 0.897499
vt 0.476403 0.897499
vt 0.452954 0.908347
vt 0.476496 0.908347
vt 0.453067 0.885093
vt 0.476610 0.885093
vt 0.452876 0.895949
vt 0.476419 0.895949
vt 0.025394 0.677759
vt 0.019700 0.677759
vt 0.019700 0.527119
vt 0.025394 0.527119
vt 0.070489 0.677759
vt 0.064795 0.677759
vt 0.064795 0.527119
vt 0.070489 0.527119
vt 0.128897 0.749324
vt 0.128897 0.899964
vt 0.114064 0.899964
vt 0.114064 0.749324
vt 0.176648 0.677759
vt 0.176648 0.527119
vt 0.191481 0.527119
vt 0.191481 0.677759
vt 0.176648 0.749324
vt 0.172473 0.742053
vt 0.195656 0.742053
vt 0.191481 0.749324
vt 0.448532 0.539791
vt 0.454227 0.539791
vt 0.454227 0.579209
vt 0.448532 0.579209
vt 0.128897 0.677759
vt 0.133073 0.685030
vt 0.109889 0.685030
vt 0.114064 0.677759
vt 0.454227 0.591881
vt 0.448532 0.591881
vt 0.070489 0.751551
vt 0.064795 0.751551
vt 0.064795 0.743166
vt 0.070489 0.743166
vt 0.064795 0.686143
vt 0.070489 0.686143
vt 0.025394 0.751551
vt 0.019700 0.751551
vt 0.019700 0.743166
vt 0.025394 0.743166
vt 0.019700 0.686143
vt 0.025394 0.686143
vt 0.025394 0.902191
vt 0.019700 0.902191
vt 0.128897 0.527119
vt 0.114064 0.527119
vt 0.172473 0.685030
vt 0.195656 0.685030
vt 0.070489 0.902191
vt 0.064795 0.902191
vt 0.176648 0.899964
vt 0.191481 0.899964
vt 0.133073 0.742053
vt 0.109889 0.742053
vt 0.127817 0.733251
vt 0.127817 0.693832
vt 0.177729 0.693832
vt 0.177729 0.733251
vt 0.115145 0.693832
vt 0.115145 0.733251
vt 0.190401 0.733251
vt 0.190401 0.693832
vt 0.454227 0.527119
vt 0.448532 0.527119
vt 0.454227 0.631300
vt 0.448532 0.631300
s 1
usemtl Material_SmokeboxDoor
f 385/1/1 2/2/1 4/3/2 386/4/2
f 386/4/2 4/3/2 6/5/3 387/6/3
f 387/6/3 6/5/3 8/7/4 388/8/4
f 388/8/4 8/7/4 10/9/5 389/10/5
f 389/10/5 10/9/5 12/11/6 390/12/6
f 390/12/6 12/11/6 14/13/7 391/14/7
f 391/14/7 14/13/7 16/15/8 392/16/8
f 392/16/8 16/15/8 18/17/9 393/18/9
f 393/18/9 18/17/9 20/19/10 394/20/10
f 394/20/10 20/19/10 22/21/11 395/22/11
f 395/22/11 22/21/11 24/23/12 396/24/12
f 396/24/12 24/23/12 26/25/13 397/26/13
f 397/26/13 26/25/13 28/27/14 398/28/14
f 398/28/14 28/27/14 30/29/15 399/30/15
f 399/30/15 30/29/15 32/31/16 400/32/16
f 400/32/16 32/31/16 34/33/17 401/34/17
f 401/34/17 34/33/17 36/35/18 402/36/18
f 402/36/18 36/35/18 38/37/19 403/38/19
f 403/38/19 38/37/19 40/39/20 404/40/20
f 404/40/20 40/39/20 42/41/21 405/42/21
f 405/42/21 42/41/21 44/43/22 406/44/22
f 406/44/22 44/43/22 46/45/23 407/46/23
f 12/11/24 10/9/25 53/47/25 54/48/24
f 407/46/23 46/45/23 48/49/26 408/50/26
f 408/50/26 48/49/26 2/2/1 385/1/1
f 5/51/15 7/52/16 436/53/16 435/54/15
f 49/55/2 50/56/1 74/57/1 73/58/2
f 22/21/27 20/19/28 58/59/28 59/60/27
f 32/31/29 30/29/30 63/61/30 64/62/29
f 42/41/31 40/39/32 68/63/32 69/64/31
f 8/7/33 6/5/34 51/65/34 52/66/33
f 18/17/35 16/15/36 56/67/36 57/68/35
f 4/3/37 2/2/38 50/69/38 49/70/37
f 28/27/39 26/25/40 61/71/40 62/72/39
f 38/37/41 36/35/42 66/73/42 67/74/41
f 48/49/43 46/45/44 71/75/44 72/76/43
f 14/13/45 12/11/24 54/48/24 55/77/45
f 24/23/46 22/21/27 59/60/27 60/78/46
f 34/33/47 32/31/29 64/62/29 65/79/47
f 44/43/48 42/41/31 69/64/31 70/80/48
f 10/9/25 8/7/33 52/66/33 53/47/25
f 20/19/28 18/17/35 57/68/35 58/59/28
f 30/29/30 28/27/39 62/72/39 63/61/30
f 40/39/32 38/37/41 67/74/41 68/63/32
f 2/2/38 48/49/43 72/76/43 50/69/38
f 6/5/34 4/3/37 49/70/37 51/65/34
f 16/15/36 14/13/45 55/77/45 56/67/36
f 26/25/40 24/23/46 60/78/46 61/71/40
f 36/35/42 34/33/47 65/79/47 66/73/42
f 46/45/44 44/43/48 70/80/48 71/75/44
f 78/81/49 77/82/49 101/83/49 102/84/49
f 65/85/17 64/86/16 88/87/16 89/88/17
f 58/89/10 57/90/9 81/91/9 82/92/10
f 50/56/1 72/93/26 96/94/26 74/57/1
f 51/95/3 49/55/2 73/58/2 75/96/3
f 66/97/18 65/85/17 89/88/17 90/98/18
f 59/99/11 58/89/10 82/92/10 83/100/11
f 52/101/4 51/95/3 75/96/3 76/102/4
f 67/103/19 66/97/18 90/98/18 91/104/19
f 60/105/12 59/99/11 83/100/11 84/106/12
f 53/107/5 52/101/4 76/102/4 77/82/5
f 68/108/20 67/103/19 91/104/19 92/109/20
f 61/110/13 60/105/12 84/106/12 85/111/13
f 54/112/6 53/107/5 77/82/5 78/81/6
f 69/113/21 68/108/20 92/109/20 93/114/21
f 62/115/14 61/110/13 85/111/13 86/116/14
f 55/117/7 54/112/6 78/81/6 79/118/7
f 70/119/22 69/113/21 93/114/21 94/120/22
f 63/121/15 62/115/14 86/116/14 87/122/15
f 56/123/8 55/117/7 79/118/7 80/124/8
f 71/125/23 70/119/22 94/120/22 95/126/23
f 64/86/16 63/121/15 87/122/15 88/87/16
f 57/90/9 56/123/8 80/124/8 81/91/9
f 72/93/26 71/125/23 95/126/23 96/94/26
f 113/127/17 112/128/16 136/129/16 137/130/17
f 93/114/49 92/109/49 116/131/49 117/132/49
f 86/116/49 85/111/49 109/133/49 110/134/49
f 79/118/49 78/81/49 102/84/49 103/135/49
f 94/120/49 93/114/49 117/132/49 118/136/49
f 87/122/49 86/116/49 110/134/49 111/137/49
f 80/124/49 79/118/49 103/135/49 104/138/49
f 95/126/49 94/120/49 118/136/49 119/139/49
f 88/87/49 87/122/49 111/137/49 112/128/49
f 81/91/49 80/124/49 104/138/49 105/140/49
f 96/94/49 95/126/49 119/139/49 120/141/49
f 73/58/49 74/57/49 98/142/49 97/143/49
f 89/88/49 88/87/49 112/128/49 113/127/49
f 82/92/49 81/91/49 105/140/49 106/144/49
f 74/57/49 96/94/49 120/141/49 98/142/49
f 75/96/49 73/58/49 97/143/49 99/145/49
f 90/98/49 89/88/49 113/127/49 114/146/49
f 83/100/49 82/92/49 106/144/49 107/147/49
f 76/102/49 75/96/49 99/145/49 100/148/49
f 91/104/49 90/98/49 114/146/49 115/149/49
f 84/106/49 83/100/49 107/147/49 108/150/49
f 77/82/49 76/102/49 100/148/49 101/83/49
f 92/109/49 91/104/49 115/149/49 116/131/49
f 85/111/49 84/106/49 108/150/49 109/133/49
f 141/151/50 140/152/51 164/153/52 165/154/53
f 106/144/10 105/140/9 129/155/9 130/156/10
f 98/142/1 120/141/26 144/157/26 122/158/1
f 99/145/3 97/143/2 121/159/2 123/160/3
f 114/146/18 113/127/17 137/130/17 138/161/18
f 107/147/11 106/144/10 130/156/10 131/162/11
f 100/148/4 99/145/3 123/160/3 124/163/4
f 115/149/19 114/146/18 138/161/18 139/164/19
f 108/150/12 107/147/11 131/162/11 132/165/12
f 101/83/5 100/148/4 124/163/4 125/166/5
f 116/131/20 115/149/19 139/164/19 140/152/20
f 109/133/13 108/150/12 132/165/12 133/167/13
f 102/84/6 101/83/5 125/166/5 126/168/6
f 117/132/21 116/131/20 140/152/20 141/151/21
f 110/134/14 109/133/13 133/167/13 134/169/14
f 103/135/7 102/84/6 126/168/6 127/170/7
f 118/136/22 117/132/21 141/151/21 142/171/22
f 111/137/15 110/134/14 134/169/14 135/172/15
f 104/138/8 103/135/7 127/170/7 128/173/8
f 119/139/23 118/136/22 142/171/22 143/174/23
f 112/128/16 111/137/15 135/172/15 136/129/16
f 105/140/9 104/138/8 128/173/8 129/155/9
f 120/141/26 119/139/23 143/174/23 144/157/26
f 97/143/2 98/142/1 122/158/1 121/159/2
f 154/175/54 153/176/55 177/177/56 178/178/57
f 134/169/58 133/167/59 157/179/60 158/180/61
f 127/170/62 126/168/63 150/181/64 151/182/65
f 142/171/66 141/151/50 165/154/53 166/183/67
f 135/172/68 134/169/58 158/180/61 159/184/69
f 128/173/70 127/170/62 151/182/65 152/185/71
f 143/174/72 142/171/66 166/183/67 167/186/73
f 136/129/74 135/172/68 159/184/69 160/187/75
f 129/155/76 128/173/70 152/185/71 153/176/55
f 144/157/77 143/174/72 167/186/73 168/188/78
f 121/159/79 122/158/80 146/189/81 145/190/82
f 137/130/83 136/129/74 160/187/75 161/191/84
f 130/156/85 129/155/76 153/176/55 154/175/54
f 122/158/80 144/157/77 168/188/78 146/189/81
f 123/160/86 121/159/79 145/190/82 147/192/87
f 138/161/88 137/130/83 161/191/84 162/193/89
f 131/162/90 130/156/85 154/175/54 155/194/91
f 124/163/92 123/160/86 147/192/87 148/195/93
f 139/164/94 138/161/88 162/193/89 163/196/95
f 132/165/96 131/162/90 155/194/91 156/197/97
f 125/166/98 124/163/92 148/195/93 149/198/99
f 140/152/51 139/164/94 163/196/95 164/153/52
f 133/167/59 132/165/96 156/197/97 157/179/60
f 126/168/63 125/166/98 149/198/99 150/181/64
f 175/199/100 174/200/101 198/201/102 199/202/103
f 146/189/81 168/188/78 192/203/104 170/204/105
f 147/192/87 145/190/82 169/205/106 171/206/107
f 162/193/89 161/191/84 185/207/108 186/208/109
f 155/194/91 154/175/54 178/178/57 179/209/110
f 148/195/93 147/192/87 171/206/107 172/210/111
f 163/196/95 162/193/89 186/208/109 187/211/112
f 156/197/97 155/194/91 179/209/110 180/212/113
f 149/198/99 148/195/93 172/210/111 173/213/114
f 164/153/52 163/196/95 187/211/112 188/214/115
f 157/179/60 156/197/97 180/212/113 181/215/116
f 150/181/64 149/198/99 173/213/114 174/200/101
f 165/154/53 164/153/52 188/214/115 189/216/117
f 158/180/61 157/179/60 181/215/116 182/217/118
f 151/182/65 150/181/64 174/200/101 175/199/100
f 166/183/67 165/154/53 189/216/117 190/218/119
f 159/184/69 158/180/61 182/217/118 183/219/120
f 152/185/71 151/182/65 175/199/100 176/220/121
f 167/186/73 166/183/67 190/218/119 191/221/122
f 160/187/75 159/184/69 183/219/120 184/222/123
f 153/176/55 152/185/71 176/220/121 177/177/56
f 168/188/78 167/186/73 191/221/122 192/203/104
f 145/190/82 146/189/81 170/204/105 169/205/106
f 161/191/84 160/187/75 184/222/123 185/207/108
f 210/223/124 209/224/125 233/225/126 234/226/127
f 190/218/119 189/216/117 213/227/128 214/228/129
f 183/219/120 182/217/118 206/229/130 207/230/131
f 176/220/121 175/199/100 199/202/103 200/231/132
f 191/221/122 190/218/119 214/228/129 215/232/133
f 184/222/123 183/219/120 207/230/131 208/233/134
f 177/177/56 176/220/121 200/231/132 201/234/135
f 192/203/104 191/221/122 215/232/133 216/235/136
f 169/205/106 170/204/105 194/236/137 193/237/138
f 185/207/108 184/222/123 208/233/134 209/224/125
f 178/178/57 177/177/56 201/234/135 202/238/139
f 170/204/105 192/203/104 216/235/136 194/236/137
f 171/206/107 169/205/106 193/237/138 195/239/140
f 186/208/109 185/207/108 209/224/125 210/223/124
f 179/209/110 178/178/57 202/238/139 203/240/141
f 172/210/111 171/206/107 195/239/140 196/241/142
f 187/211/112 186/208/109 210/223/124 211/242/143
f 180/212/113 179/209/110 203/240/141 204/243/144
f 173/213/114 172/210/111 196/241/142 197/244/145
f 188/214/115 187/211/112 211/242/143 212/245/146
f 181/215/116 180/212/113 204/243/144 205/246/147
f 174/200/101 173/213/114 197/244/145 198/201/102
f 189/216/117 188/214/115 212/245/146 213/227/128
f 182/217/118 181/215/116 205/246/147 206/229/130
f 223/247/148 222/248/149 246/249/150 247/250/151
f 203/240/141 202/238/139 226/251/152 227/252/153
f 196/241/142 195/239/140 219/253/154 220/254/155
f 211/242/143 210/223/124 234/226/127 235/255/156
f 204/243/144 203/240/141 227/252/153 228/256/157
f 197/244/145 196/241/142 220/254/155 221/257/158
f 212/245/146 211/242/143 235/255/156 236/258/159
f 205/246/147 204/243/144 228/256/157 229/259/160
f 198/201/102 197/244/145 221/257/158 222/248/149
f 213/227/128 212/245/146 236/258/159 237/260/161
f 206/229/130 205/246/147 229/259/160 230/261/162
f 199/202/103 198/201/102 222/248/149 223/247/148
f 214/228/129 213/227/128 237/260/161 238/262/163
f 207/230/131 206/229/130 230/261/162 231/263/164
f 200/231/132 199/202/103 223/247/148 224/264/165
f 215/232/133 214/228/129 238/262/163 239/265/166
f 208/233/134 207/230/131 231/263/164 232/266/167
f 201/234/135 200/231/132 224/264/165 225/267/168
f 216/235/136 215/232/133 239/265/166 240/268/169
f 193/237/138 194/236/137 218/269/170 217/270/171
f 209/224/125 208/233/134 232/266/167 233/225/126
f 202/238/139 201/234/135 225/267/168 226/251/152
f 194/236/137 216/235/136 240/268/169 218/269/170
f 195/239/140 193/237/138 217/270/171 219/253/154
f 251/271/172 250/272/173 274/273/174 275/274/175
f 238/262/163 237/260/161 261/275/176 262/276/177
f 231/263/164 230/261/162 254/277/178 255/278/179
f 224/264/165 223/247/148 247/250/151 248/279/180
f 239/265/166 238/262/163 262/276/177 263/280/181
f 232/266/167 231/263/164 255/278/179 256/281/182
f 225/267/168 224/264/165 248/279/180 249/282/183
f 240/268/169 239/265/166 263/280/181 264/283/184
f 217/270/171 218/269/170 242/284/185 241/285/186
f 233/225/126 232/266/167 256/281/182 257/286/187
f 226/251/152 225/267/168 249/282/183 250/272/173
f 218/269/170 240/268/169 264/283/184 242/284/185
f 219/253/154 217/270/171 241/285/186 243/287/188
f 234/226/127 233/225/126 257/286/187 258/288/189
f 227/252/153 226/251/152 250/272/173 251/271/172
f 220/254/155 219/253/154 243/287/188 244/289/190
f 235/255/156 234/226/127 258/288/189 259/290/191
f 228/256/157 227/252/153 251/271/172 252/291/192
f 221/257/158 220/254/155 244/289/190 245/292/193
f 236/258/159 235/255/156 259/290/191 260/293/194
f 229/259/160 228/256/157 252/291/192 253/294/195
f 222/248/149 221/257/158 245/292/193 246/249/150
f 237/260/161 236/258/159 260/293/194 261/275/176
f 230/261/162 229/259/160 253/294/195 254/277/178
f 286/295/196 285/296/197 309/297/198 310/298/199
f 244/289/190 243/287/188 267/299/200 268/300/201
f 259/290/191 258/288/189 282/301/202 283/302/203
f 252/291/192 251/271/172 275/274/175 276/303/204
f 245/292/193 244/289/190 268/300/201 269/304/205
f 260/293/194 259/290/191 283/302/203 284/305/206
f 253/294/195 252/291/192 276/303/204 277/306/207
f 246/249/150 245/292/193 269/304/205 270/307/208
f 261/275/176 260/293/194 284/305/206 285/296/197
f 254/277/178 253/294/195 277/306/207 278/308/209
f 247/250/151 246/249/150 270/307/208 271/309/210
f 262/276/177 261/275/176 285/296/197 286/295/196
f 255/278/179 254/277/178 278/308/209 279/310/211
f 248/279/180 247/250/151 271/309/210 272/311/212
f 263/280/181 262/276/177 286/295/196 287/312/213
f 256/281/182 255/278/179 279/310/211 280/313/214
f 249/282/183 248/279/180 272/311/212 273/314/215
f 264/283/184 263/280/181 287/312/213 288/315/216
f 241/285/186 242/284/185 266/316/217 265/317/218
f 257/286/187 256/281/182 280/313/214 281/318/219
f 250/272/173 249/282/183 273/314/215 274/273/174
f 242/284/185 264/283/184 288/315/216 266/316/217
f 243/287/188 241/285/186 265/317/218 267/299/200
f 258/288/189 257/286/187 281/318/219 282/301/202
f 299/319/220 298/320/221 322/321/222 323/322/223
f 279/310/211 278/308/209 302/323/224 303/324/225
f 272/311/212 271/309/210 295/325/226 296/326/227
f 287/312/213 286/295/196 310/298/199 311/327/228
f 280/313/214 279/310/211 303/324/225 304/328/229
f 273/314/215 272/311/212 296/326/227 297/329/230
f 288/315/216 287/312/213 311/327/228 312/330/231
f 265/317/218 266/316/217 290/331/232 289/332/233
f 281/318/219 280/313/214 304/328/229 305/333/234
f 274/273/174 273/314/215 297/329/230 298/320/221
f 266/316/217 288/315/216 312/330/231 290/331/232
f 267/299/200 265/317/218 289/332/233 291/334/235
f 282/301/202 281/318/219 305/333/234 306/335/236
f 275/274/175 274/273/174 298/320/221 299/319/220
f 268/300/201 267/299/200 291/334/235 292/336/237
f 283/302/203 282/301/202 306/335/236 307/337/238
f 276/303/204 275/274/175 299/319/220 300/338/239
f 269/304/205 268/300/201 292/336/237 293/339/240
f 284/305/206 283/302/203 307/337/238 308/340/241
f 277/306/207 276/303/204 300/338/239 301/341/242
f 270/307/208 269/304/205 293/339/240 294/342/243
f 285/296/197 284/305/206 308/340/241 309/297/198
f 278/308/209 277/306/207 301/341/242 302/323/224
f 271/309/210 270/307/208 294/342/243 295/325/226
f 327/343/244 326/344/245 350/345/246 351/346/247
f 292/336/237 291/334/235 315/347/248 316/348/249
f 307/337/238 306/335/236 330/349/250 331/350/251
f 300/338/239 299/319/220 323/322/223 324/351/252
f 293/339/240 292/336/237 316/348/249 317/352/253
f 308/340/241 307/337/238 331/350/251 332/353/254
f 301/341/242 300/338/239 324/351/252 325/354/255
f 294/342/243 293/339/240 317/352/253 318/355/256
f 309/297/198 308/340/241 332/353/254 333/356/257
f 302/323/224 301/341/242 325/354/255 326/344/245
f 295/325/226 294/342/243 318/355/256 319/357/258
f 310/298/199 309/297/198 333/356/257 334/358/259
f 303/324/225 302/323/224 326/344/245 327/343/244
f 296/326/227 295/325/226 319/357/258 320/359/260
f 311/327/228 310/298/199 334/358/259 335/360/261
f 304/328/229 303/324/225 327/343/244 328/361/262
f 297/329/230 296/326/227 320/359/260 321/362/263
f 312/330/231 311/327/228 335/360/261 336/363/264
f 289/332/233 290/331/232 314/364/265 313/365/266
f 305/333/234 304/328/229 328/361/262 329/366/267
f 298/320/221 297/329/230 321/362/263 322/321/222
f 290/331/232 312/330/231 336/363/264 314/364/265
f 291/334/235 289/332/233 313/365/266 315/347/248
f 306/335/236 305/333/234 329/366/267 330/349/250
f 340/367/268 339/368/269 363/369/270 364/370/271
f 320/359/260 319/357/258 343/371/272 344/372/273
f 335/360/261 334/358/259 358/373/274 359/374/275
f 328/361/262 327/343/244 351/346/247 352/375/276
f 321/362/263 320/359/260 344/372/273 345/376/277
f 336/363/264 335/360/261 359/374/275 360/377/278
f 313/365/266 314/364/265 338/378/279 337/379/280
f 329/366/267 328/361/262 352/375/276 353/380/281
f 322/321/222 321/362/263 345/376/277 346/381/282
f 314/364/265 336/363/264 360/377/278 338/378/279
f 315/347/248 313/365/266 337/379/280 339/368/269
f 330/349/250 329/366/267 353/380/281 354/382/283
f 323/322/223 322/321/222 346/381/282 347/383/284
f 316/348/249 315/347/248 339/368/269 340/367/268
f 331/350/251 330/349/250 354/382/283 355/384/285
f 324/351/252 323/322/223 347/383/284 348/385/286
f 317/352/253 316/348/249 340/367/268 341/386/287
f 332/353/254 331/350/251 355/384/285 356/387/288
f 325/354/255 324/351/252 348/385/286 349/388/289
f 318/355/256 317/352/253 341/386/287 342/389/290
f 333/356/257 332/353/254 356/387/288 357/390/291
f 326/344/245 325/354/255 349/388/289 350/345/246
f 319/357/258 318/355/256 342/389/290 343/371/272
f 334/358/259 333/356/257 357/390/291 358/373/274
f 355/384/285 354/382/283 378/391/292 379/392/293
f 348/385/286 347/383/284 371/393/294 372/394/295
f 341/386/287 340/367/268 364/370/271 365/395/296
f 356/387/288 355/384/285 379/392/293 380/396/297
f 349/388/289 348/385/286 372/394/295 373/397/298
f 342/389/290 341/386/287 365/395/296 366/398/299
f 357/390/291 356/387/288 380/396/297 381/399/300
f 350/345/246 349/388/289 373/397/298 374/400/301
f 343/371/272 342/389/290 366/398/299 367/401/302
f 358/373/274 357/390/291 381/399/300 382/402/303
f 351/346/247 350/345/246 374/400/301 375/403/304
f 344/372/273 343/371/272 367/401/302 368/404/305
f 359/374/275 358/373/274 382/402/303 383/405/306
f 352/375/276 351/346/247 375/403/304 376/406/307
f 345/376/277 344/372/273 368/404/305 369/407/308
f 360/377/278 359/374/275 383/405/306 384/408/309
f 337/379/280 338/378/279 362/409/310 361/410/311
f 353/380/281 352/375/276 376/406/307 377/411/312
f 346/381/282 345/376/277 369/407/308 370/412/313
f 338/378/279 360/377/278 384/408/309 362/409/310
f 339/368/269 337/379/280 361/410/311 363/369/270
f 354/382/283 353/380/281 377/411/312 378/391/292
f 347/383/284 346/381/282 370/412/313 371/393/294
f 3/413/314 1/414/314 385/415/314 386/416/314
f 5/51/314 3/413/314 386/416/314 387/417/314
f 7/52/314 5/51/314 387/417/314 388/418/314
f 9/419/314 7/52/314 388/418/314 389/420/314
f 11/421/314 9/419/314 389/420/314 390/422/314
f 13/423/314 11/421/314 390/422/314 391/424/314
f 15/425/314 13/423/314 391/424/314 392/426/314
f 17/427/314 15/425/314 392/426/314 393/428/314
f 19/429/314 17/427/314 393/428/314 394/430/314
f 21/431/314 19/429/314 394/430/314 395/432/314
f 23/433/314 21/431/314 395/432/314 396/434/314
f 25/435/314 23/433/314 396/434/314 397/436/314
f 27/437/314 25/435/314 397/436/314 398/438/314
f 29/439/314 27/437/314 398/438/314 399/440/314
f 31/441/314 29/439/314 399/440/314 400/442/314
f 33/443/314 31/441/314 400/442/314 401/444/314
f 35/445/314 33/443/314 401/444/314 402/446/314
f 37/447/314 35/445/314 402/446/314 403/448/314
f 39/449/314 37/447/314 403/448/314 404/450/314
f 41/451/314 39/449/314 404/450/314 405/452/314
f 43/453/314 41/451/314 405/452/314 406/454/314
f 45/455/314 43/453/314 406/454/314 407/456/314
f 47/457/314 45/455/314 407/456/314 408/458/314
f 1/414/314 47/457/314 408/458/314 385/415/314
f 409/459/13 410/460/14 482/461/14 481/462/13
f 35/445/6 37/447/7 451/463/7 450/464/6
f 21/431/23 23/433/26 444/465/26 443/466/23
f 7/52/16 9/419/17 437/467/17 436/53/16
f 37/447/7 39/449/8 452/468/8 451/463/7
f 23/433/26 25/435/1 445/469/1 444/465/26
f 9/419/17 11/421/18 438/470/18 437/467/17
f 39/449/8 41/451/9 453/471/9 452/468/8
f 25/435/1 27/437/2 446/472/2 445/469/1
f 11/421/18 13/423/19 439/473/19 438/470/18
f 41/451/9 43/453/10 454/474/10 453/471/9
f 27/437/2 29/439/3 447/475/3 446/472/2
f 13/423/19 15/425/20 440/476/20 439/473/19
f 43/453/10 45/455/11 455/477/11 454/474/10
f 29/439/3 31/441/4 448/478/4 447/475/3
f 15/425/20 17/427/21 441/479/21 440/476/20
f 45/455/11 47/457/12 456/480/12 455/477/11
f 1/414/13 3/413/14 434/481/14 433/482/13
f 31/441/4 33/443/5 449/483/5 448/478/4
f 17/427/21 19/429/22 442/484/22 441/479/21
f 47/457/12 1/414/13 433/482/13 456/480/12
f 3/413/14 5/51/15 435/54/15 434/481/14
f 33/443/5 35/445/6 450/464/6 449/483/5
f 19/429/22 21/431/23 443/466/23 442/484/22
f 410/460/314 409/459/314 433/482/314 434/481/314
f 411/485/314 410/460/314 434/481/314 435/54/314
f 412/486/314 411/485/314 435/54/314 436/53/314
f 413/487/314 412/486/314 436/53/314 437/467/314
f 414/488/314 413/487/314 437/467/314 438/470/314
f 415/489/314 414/488/314 438/470/314 439/473/314
f 416/490/314 415/489/314 439/473/314 440/476/314
f 417/491/314 416/490/314 440/476/314 441/479/314
f 418/492/314 417/491/314 441/479/314 442/484/314
f 419/493/314 418/492/314 442/484/314 443/466/314
f 420/494/314 419/493/314 443/466/314 444/465/314
f 421/495/314 420/494/314 444/465/314 445/469/314
f 422/496/314 421/495/314 445/469/314 446/472/314
f 423/497/314 422/496/314 446/472/314 447/475/314
f 424/498/314 423/497/314 447/475/314 448/478/314
f 425/499/314 424/498/314 448/478/314 449/483/314
f 426/500/314 425/499/314 449/483/314 450/464/314
f 427/501/314 426/500/314 450/464/314 451/463/314
f 428/502/314 427/501/314 451/463/314 452/468/314
f 429/503/314 428/502/314 452/468/314 453/471/314
f 430/504/314 429/503/314 453/471/314 454/474/314
f 431/505/314 430/504/314 454/474/314 455/477/314
f 432/506/314 431/505/314 455/477/314 456/480/314
f 409/459/314 432/506/314 456/480/314 433/482/314
f 465/507/21 466/508/22 514/509/22 513/510/21
f 424/498/4 425/499/5 497/511/5 496/512/4
f 417/491/21 418/492/22 490/513/22 489/514/21
f 432/506/12 409/459/13 481/462/13 504/515/12
f 410/460/14 411/485/15 483/516/15 482/461/14
f 425/499/5 426/500/6 498/517/6 497/511/5
f 418/492/22 419/493/23 491/518/23 490/513/22
f 411/485/15 412/486/16 484/519/16 483/516/15
f 426/500/6 427/501/7 499/520/7 498/517/6
f 419/493/23 420/494/26 492/521/26 491/518/23
f 412/486/16 413/487/17 485/522/17 484/519/16
f 427/501/7 428/502/8 500/523/8 499/520/7
f 420/494/26 421/495/1 493/524/1 492/521/26
f 413/487/17 414/488/18 486/525/18 485/522/17
f 428/502/8 429/503/9 501/526/9 500/523/8
f 421/495/1 422/496/2 494/527/2 493/524/1
f 414/488/18 415/489/19 487/528/19 486/525/18
f 429/503/9 430/504/10 502/529/10 501/526/9
f 422/496/2 423/497/3 495/530/3 494/527/2
f 415/489/19 416/490/20 488/531/20 487/528/19
f 430/504/10 431/505/11 503/532/11 502/529/10
f 423/497/3 424/498/4 496/512/4 495/530/3
f 416/490/20 417/491/21 489/514/21 488/531/20
f 431/505/11 432/506/12 504/515/12 503/532/11
f 458/533/314 457/534/314 481/462/314 482/461/314
f 459/535/314 458/533/314 482/461/314 483/516/314
f 460/536/314 459/535/314 483/516/314 484/519/314
f 461/537/314 460/536/314 484/519/314 485/522/314
f 462/538/314 461/537/314 485/522/314 486/525/314
f 463/539/314 462/538/314 486/525/314 487/528/314
f 464/540/314 463/539/314 487/528/314 488/531/314
f 465/507/314 464/540/314 488/531/314 489/514/314
f 466/508/314 465/507/314 489/514/314 490/513/314
f 467/541/314 466/508/314 490/513/314 491/518/314
f 468/542/314 467/541/314 491/518/314 492/521/314
f 469/543/314 468/542/314 492/521/314 493/524/314
f 470/544/314 469/543/314 493/524/314 494/527/314
f 471/545/314 470/544/314 494/527/314 495/530/314
f 472/546/314 471/545/314 495/530/314 496/512/314
f 473/547/314 472/546/314 496/512/314 497/511/314
f 474/548/314 473/547/314 497/511/314 498/517/314
f 475/549/314 474/548/314 498/517/314 499/520/314
f 476/550/314 475/549/314 499/520/314 500/523/314
f 477/551/314 476/550/314 500/523/314 501/526/314
f 478/552/314 477/551/314 501/526/314 502/529/314
f 479/553/314 478/552/314 502/529/314 503/532/314
f 480/554/314 479/553/314 503/532/314 504/515/314
f 457/534/314 480/554/314 504/515/314 481/462/314
f 517/555/315 518/556/316 542/557/317 541/558/318
f 480/554/12 457/534/13 505/559/13 528/560/12
f 458/533/14 459/535/15 507/561/15 506/562/14
f 473/547/5 474/548/6 522/563/6 521/564/5
f 466/508/22 467/541/23 515/565/23 514/509/22
f 459/535/15 460/536/16 508/566/16 507/561/15
f 474/548/6 475/549/7 523/567/7 522/563/6
f 467/541/23 468/542/26 516/568/26 515/565/23
f 460/536/16 461/537/17 509/569/17 508/566/16
f 475/549/7 476/550/8 524/570/8 523/567/7
f 468/542/26 469/543/1 517/555/1 516/568/26
f 461/537/17 462/538/18 510/571/18 509/569/17
f 476/550/8 477/551/9 525/572/9 524/570/8
f 469/543/1 470/544/2 518/556/2 517/555/1
f 462/538/18 463/539/19 511/573/19 510/571/18
f 477/551/9 478/552/10 526/574/10 525/572/9
f 470/544/2 471/545/3 519/575/3 518/556/2
f 463/539/19 464/540/20 512/576/20 511/573/19
f 478/552/10 479/553/11 527/577/11 526/574/10
f 471/545/3 472/546/4 520/578/4 519/575/3
f 464/540/20 465/507/21 513/510/21 512/576/20
f 479/553/11 480/554/12 528/560/12 527/577/11
f 457/534/13 458/533/14 506/562/14 505/559/13
f 472/546/4 473/547/5 521/564/5 520/578/4
f 552/579/319 529/580/320 553/581/321 576/582/322
f 510/571/323 511/573/324 535/583/325 534/584/326
f 525/572/327 526/574/328 550/585/329 549/586/330
f 518/556/316 519/575/331 543/587/332 542/557/317
f 511/573/324 512/576/333 536/588/334 535/583/325
f 526/574/328 527/577/335 551/589/336 550/585/329
f 519/575/331 520/578/337 544/590/338 543/587/332
f 512/576/333 513/510/339 537/591/340 536/588/334
f 527/577/335 528/560/341 552/579/319 551/589/336
f 505/559/342 506/562/343 530/592/344 529/580/320
f 520/578/337 521/564/345 545/593/346 544/590/338
f 513/510/339 514/509/347 538/594/348 537/591/340
f 528/560/341 505/559/342 529/580/320 552/579/319
f 506/562/343 507/561/349 531/595/350 530/592/344
f 521/564/345 522/563/351 546/596/352 545/593/346
f 514/509/347 515/565/353 539/597/354 538/594/348
f 507/561/349 508/566/355 532/598/356 531/595/350
f 522/563/351 523/567/357 547/599/358 546/596/352
f 515/565/353 516/568/359 540/600/360 539/597/354
f 508/566/355 509/569/361 533/601/362 532/598/356
f 523/567/357 524/570/363 548/602/364 547/599/358
f 516/568/359 517/555/315 541/558/318 540/600/360
f 509/569/361 510/571/323 534/584/326 533/601/362
f 524/570/363 525/572/327 549/586/330 548/602/364
f 565/603/365 566/604/366 590/605/367 589/606/368
f 530/592/344 531/595/350 555/607/369 554/608/370
f 545/593/346 546/596/352 570/609/371 569/610/372
f 538/594/348 539/597/354 563/611/373 562/612/374
f 531/595/350 532/598/356 556/613/375 555/607/369
f 546/596/352 547/599/358 571/614/376 570/609/371
f 539/597/354 540/600/360 564/615/377 563/611/373
f 532/598/356 533/601/362 557/616/378 556/613/375
f 547/599/358 548/602/364 572/617/379 571/614/376
f 540/600/360 541/558/318 565/603/365 564/615/377
f 533/601/362 534/584/326 558/618/380 557/616/378
f 548/602/364 549/586/330 573/619/381 572/617/379
f 541/558/318 542/557/317 566/604/366 565/603/365
f 534/584/326 535/583/325 559/620/382 558/618/380
f 549/586/330 550/585/329 574/621/383 573/619/381
f 542/557/317 543/587/332 567/622/384 566/604/366
f 535/583/325 536/588/334 560/623/385 559/620/382
f 550/585/329 551/589/336 575/624/386 574/621/383
f 543/587/332 544/590/338 568/625/387 567/622/384
f 536/588/334 537/591/340 561/626/388 560/623/385
f 551/589/336 552/579/319 576/582/322 575/624/386
f 529/580/320 530/592/344 554/608/370 553/581/321
f 544/590/338 545/593/346 569/610/372 568/625/387
f 537/591/340 538/594/348 562/612/374 561/626/388
f 578/627/389 579/628/390 627/629/391 626/630/392
f 558/618/380 559/620/382 583/631/393 582/632/394
f 573/619/381 574/621/383 598/633/395 597/634/396
f 566/604/366 567/622/384 591/635/397 590/605/367
f 559/620/382 560/623/385 584/636/398 583/631/393
f 574/621/383 575/624/386 599/637/399 598/633/395
f 567/622/384 568/625/387 592/638/400 591/635/397
f 560/623/385 561/626/388 585/639/401 584/636/398
f 575/624/386 576/582/322 600/640/402 599/637/399
f 553/581/321 554/608/370 578/627/389 577/641/403
f 568/625/387 569/610/372 593/642/404 592/638/400
f 561/626/388 562/612/374 586/643/405 585/639/401
f 576/582/322 553/581/321 577/641/403 600/640/402
f 554/608/370 555/607/369 579/628/390 578/627/389
f 569/610/372 570/609/371 594/644/406 593/642/404
f 562/612/374 563/611/373 587/645/407 586/643/405
f 555/607/369 556/613/375 580/646/408 579/628/390
f 570/609/371 571/614/376 595/647/409 594/644/406
f 563/611/373 564/615/377 588/648/410 587/645/407
f 556/613/375 557/616/378 581/649/411 580/646/408
f 571/614/376 572/617/379 596/650/412 595/647/409
f 564/615/377 565/603/365 589/606/368 588/648/410
f 557/616/378 558/618/380 582/632/394 581/649/411
f 572/617/379 573/619/381 597/634/396 596/650/412
f 717/651/413 697/652/414 780/653/415 779/654/416
f 593/642/404 594/644/406 642/655/417 641/656/418
f 586/643/405 587/645/407 635/657/419 634/658/420
f 579/628/390 580/646/408 628/659/421 627/629/391
f 594/644/406 595/647/409 643/660/422 642/655/417
f 587/645/407 588/648/410 636/661/423 635/657/419
f 580/646/408 581/649/411 629/662/424 628/659/421
f 595/647/409 596/650/412 644/663/425 643/660/422
f 588/648/410 589/606/368 637/664/426 636/661/423
f 581/649/411 582/632/394 630/665/427 629/662/424
f 596/650/412 597/634/396 645/666/428 644/663/425
f 589/606/368 590/605/367 638/667/429 637/664/426
f 582/632/394 583/631/393 631/668/430 630/665/427
f 597/634/396 598/633/395 646/669/431 645/666/428
f 590/605/367 591/635/397 639/670/432 638/667/429
f 583/631/393 584/636/398 632/671/433 631/668/430
f 598/633/395 599/637/399 647/672/434 646/669/431
f 591/635/397 592/638/400 640/673/435 639/670/432
f 584/636/398 585/639/401 633/674/436 632/671/433
f 599/637/399 600/640/402 648/675/437 647/672/434
f 577/641/403 578/627/389 626/630/392 625/676/438
f 592/638/400 593/642/404 641/656/418 640/673/435
f 585/639/401 586/643/405 634/658/420 633/674/436
f 600/640/402 577/641/403 625/676/438 648/675/437
f 602/677/439 601/678/440 625/676/438 626/630/392
f 603/679/441 602/677/439 626/630/392 627/629/391
f 604/680/442 603/679/441 627/629/391 628/659/421
f 605/681/443 604/680/442 628/659/421 629/662/424
f 606/682/444 605/681/443 629/662/424 630/665/427
f 607/683/445 606/682/444 630/665/427 631/668/430
f 608/684/446 607/683/445 631/668/430 632/671/433
f 609/685/447 608/684/446 632/671/433 633/674/436
f 610/686/448 609/685/447 633/674/436 634/658/420
f 611/687/449 610/686/448 634/658/420 635/657/419
f 612/688/450 611/687/449 635/657/419 636/661/423
f 613/689/451 612/688/450 636/661/423 637/664/426
f 614/690/452 613/689/451 637/664/426 638/667/429
f 615/691/453 614/690/452 638/667/429 639/670/432
f 616/692/454 615/691/453 639/670/432 640/673/435
f 617/693/455 616/692/454 640/673/435 641/656/418
f 618/694/456 617/693/455 641/656/418 642/655/417
f 619/695/457 618/694/456 642/655/417 643/660/422
f 620/696/458 619/695/457 643/660/422 644/663/425
f 621/697/459 620/696/458 644/663/425 645/666/428
f 622/698/460 621/697/459 645/666/428 646/669/431
f 623/699/461 622/698/460 646/669/431 647/672/434
f 624/700/462 623/699/461 647/672/434 648/675/437
f 601/678/440 624/700/462 648/675/437 625/676/438
f 818/701/463 817/702/464 798/703/465 797/704/466
f 718/705/467 698/706/468 773/707/469 772/708/470
f 719/709/471 699/710/472 788/711/473 787/712/474
f 697/652/414 700/713/475 781/714/476 780/653/415
f 698/706/468 701/715/477 774/716/478 773/707/469
f 699/710/472 702/717/479 789/718/480 788/711/473
f 700/713/475 703/719/481 782/720/482 781/714/476
f 701/715/477 704/721/483 775/722/484 774/716/478
f 702/717/479 705/723/485 790/724/486 789/718/480
f 703/719/481 706/725/487 783/726/488 782/720/482
f 704/721/483 707/727/489 776/728/490 775/722/484
f 705/723/485 708/729/491 791/730/492 790/724/486
f 706/725/487 709/731/493 784/732/494 783/726/488
f 707/727/489 710/733/495 777/734/496 776/728/490
f 708/729/491 711/735/497 792/736/498 791/730/492
f 720/737/499 712/738/500 770/739/501 769/740/502
f 709/731/493 713/741/503 785/742/504 784/732/494
f 710/733/495 714/743/505 778/744/506 777/734/496
f 711/735/497 720/745/499 769/746/502 792/736/498
f 712/738/500 715/747/507 771/748/508 770/739/501
f 713/741/503 716/749/509 786/750/510 785/742/504
f 714/743/505 717/651/413 779/654/416 778/744/506
f 715/747/507 718/705/467 772/708/470 771/748/508
f 716/749/509 719/709/471 787/712/474 786/750/510
f 618/751/511 619/752/512 678/753/513 696/754/514
f 603/755/515 604/756/516 676/757/517 695/758/518
f 610/759/519 611/760/520 674/761/521 694/762/522
f 617/763/523 618/751/511 696/754/514 693/764/524
f 602/765/525 603/755/515 695/758/518 691/766/526
f 624/767/527 601/768/528 692/769/529 690/770/530
f 609/771/531 610/759/519 694/762/522 689/772/532
f 616/773/533 617/763/523 693/764/524 688/774/534
f 601/775/528 602/765/525 691/766/526 692/776/529
f 623/777/535 624/767/527 690/770/530 687/778/536
f 608/779/537 609/771/531 689/772/532 686/780/538
f 615/781/539 616/773/533 688/774/534 685/782/540
f 622/783/541 623/777/535 687/778/536 684/784/542
f 607/785/543 608/779/537 686/780/538 683/786/544
f 614/787/545 615/781/539 685/782/540 682/788/546
f 621/789/547 622/783/541 684/784/542 681/790/548
f 606/791/549 607/785/543 683/786/544 680/792/550
f 613/793/551 614/787/545 682/788/546 679/794/552
f 620/795/553 621/789/547 681/790/548 677/796/554
f 605/797/555 606/791/549 680/792/550 675/798/556
f 612/799/557 613/793/551 679/794/552 673/800/558
f 619/752/512 620/795/553 677/796/554 678/753/513
f 604/756/516 605/797/555 675/798/556 676/757/517
f 611/760/520 612/799/557 673/800/558 674/761/521
f 764/801/559 767/802/560 719/709/471 716/749/509
f 763/803/561 766/804/562 718/705/467 715/747/507
f 762/805/563 765/806/564 717/651/413 714/743/505
f 761/807/565 764/801/559 716/749/509 713/741/503
f 760/808/566 763/803/561 715/747/507 712/738/500
f 759/809/567 768/810/568 720/745/499 711/735/497
f 758/811/569 762/805/563 714/743/505 710/733/495
f 757/812/570 761/807/565 713/741/503 709/731/493
f 768/813/568 760/808/566 712/738/500 720/737/499
f 756/814/571 759/809/567 711/735/497 708/729/491
f 755/815/572 758/811/569 710/733/495 707/727/489
f 754/816/573 757/812/570 709/731/493 706/725/487
f 753/817/574 756/814/571 708/729/491 705/723/485
f 752/818/575 755/815/572 707/727/489 704/721/483
f 751/819/576 754/816/573 706/725/487 703/719/481
f 750/820/577 753/817/574 705/723/485 702/717/479
f 749/821/578 752/818/575 704/721/483 701/715/477
f 748/822/579 751/819/576 703/719/481 700/713/475
f 747/823/580 750/820/577 702/717/479 699/710/472
f 746/824/581 749/821/578 701/715/477 698/706/468
f 745/825/582 748/822/579 700/713/475 697/652/414
f 767/802/560 747/823/580 699/710/472 719/709/471
f 766/804/562 746/824/581 698/706/468 718/705/467
f 765/806/564 745/825/582 697/652/414 717/651/413
f 674/761/521 673/800/558 725/826/583 721/827/584
f 676/757/517 675/798/556 726/828/585 722/829/586
f 678/753/513 677/796/554 727/830/587 723/831/588
f 673/800/558 679/794/552 728/832/589 725/826/583
f 675/798/556 680/792/550 729/833/590 726/828/585
f 677/796/554 681/790/548 730/834/591 727/830/587
f 679/794/552 682/788/546 731/835/592 728/832/589
f 680/792/550 683/786/544 732/836/593 729/833/590
f 681/790/548 684/784/542 733/837/594 730/834/591
f 682/788/546 685/782/540 734/838/595 731/835/592
f 683/786/544 686/780/538 735/839/596 732/836/593
f 684/784/542 687/778/536 736/840/597 733/837/594
f 685/782/540 688/774/534 737/841/598 734/838/595
f 686/780/538 689/772/532 738/842/599 735/839/596
f 687/778/536 690/770/530 739/843/600 736/840/597
f 692/776/529 691/766/526 740/844/601 724/845/602
f 688/774/534 693/764/524 741/846/603 737/841/598
f 689/772/532 694/762/522 742/847/604 738/842/599
f 690/770/530 692/769/529 724/848/602 739/843/600
f 691/766/526 695/758/518 743/849/605 740/844/601
f 693/764/524 696/754/514 744/850/606 741/846/603
f 694/762/522 674/761/521 721/827/584 742/847/604
f 695/758/518 676/757/517 722/829/586 743/849/605
f 696/754/514 678/753/513 723/831/588 744/850/606
f 721/827/584 725/826/583 745/825/582 765/806/564
f 722/829/586 726/828/585 746/824/581 766/804/562
f 723/831/588 727/830/587 747/823/580 767/802/560
f 725/826/583 728/832/589 748/822/579 745/825/582
f 726/828/585 729/833/590 749/821/578 746/824/581
f 727/830/587 730/834/591 750/820/577 747/823/580
f 728/832/589 731/835/592 751/819/576 748/822/579
f 729/833/590 732/836/593 752/818/575 749/821/578
f 730/834/591 733/837/594 753/817/574 750/820/577
f 731/835/592 734/838/595 754/816/573 751/819/576
f 732/836/593 735/839/596 755/815/572 752/818/575
f 733/837/594 736/840/597 756/814/571 753/817/574
f 734/838/595 737/841/598 757/812/570 754/816/573
f 735/839/596 738/842/599 758/811/569 755/815/572
f 736/840/597 739/843/600 759/809/567 756/814/571
f 724/845/602 740/844/601 760/808/566 768/813/568
f 737/841/598 741/846/603 761/807/565 757/812/570
f 738/842/599 742/847/604 762/805/563 758/811/569
f 739/843/600 724/848/602 768/810/568 759/809/567
f 740/844/601 743/849/605 763/803/561 760/808/566
f 741/846/603 744/850/606 764/801/559 761/807/565
f 742/847/604 721/827/584 765/806/564 762/805/563
f 743/849/605 722/829/586 766/804/562 763/803/561
f 744/850/606 723/831/588 767/802/560 764/801/559
f 650/851/607 649/852/607 769/853/607 770/854/607
f 651/855/607 650/851/607 770/854/607 771/856/607
f 652/857/607 651/855/607 771/856/607 772/858/607
f 653/859/607 652/857/607 772/858/607 773/860/607
f 654/861/607 653/859/607 773/860/607 774/862/607
f 655/863/607 654/861/607 774/862/607 775/864/607
f 656/865/607 655/863/607 775/864/607 776/866/607
f 657/867/607 656/865/607 776/866/607 777/868/607
f 658/869/607 657/867/607 777/868/607 778/870/607
f 659/871/607 658/869/607 778/870/607 779/872/607
f 660/873/607 659/871/607 779/872/607 780/874/607
f 661/875/607 660/873/607 780/874/607 781/876/607
f 662/877/607 661/875/607 781/876/607 782/878/607
f 663/879/607 662/877/607 782/878/607 783/880/607
f 664/881/607 663/879/607 783/880/607 784/882/607
f 665/883/607 664/881/607 784/882/607 785/884/607
f 666/885/607 665/883/607 785/884/607 786/886/607
f 667/887/607 666/885/607 786/886/607 787/888/607
f 668/889/607 667/887/607 787/888/607 788/890/607
f 669/891/607 668/889/607 788/890/607 789/892/607
f 670/893/607 669/891/607 789/892/607 790/894/607
f 671/895/607 670/893/607 790/894/607 791/896/607
f 672/897/607 671/895/607 791/896/607 792/898/607
f 649/852/607 672/897/607 792/898/607 769/853/607
f 793/899/608 794/900/608 795/901/608 796/902/608 797/903/608 798/904/608 799/905/608 800/906/608 801/907/608 802/908/608 803/909/608 804/910/608 805/911/608 806/912/608 807/913/608 808/914/608 809/915/608 810/916/608 811/917/608 812/918/608 813/919/608 814/920/608 815/921/608 816/922/608
f 820/923/609 819/924/610 813/925/611 812/926/612
f 822/927/613 821/928/15 806/929/614 805/930/615
f 817/702/464 823/931/616 799/932/617 798/703/465
f 819/924/610 824/933/618 814/934/619 813/925/611
f 821/928/15 825/935/620 807/936/621 806/929/614
f 823/931/616 826/937/622 800/938/623 799/932/617
f 824/933/618 827/939/624 815/940/625 814/934/619
f 825/935/620 828/941/626 808/942/627 807/936/621
f 826/937/622 829/943/628 801/944/629 800/938/623
f 827/939/624 830/945/630 816/946/631 815/940/625
f 832/947/632 831/948/633 794/949/3 793/950/634
f 828/941/626 833/951/635 809/952/636 808/942/627
f 829/943/628 834/953/637 802/954/638 801/944/629
f 830/945/630 832/955/632 793/956/634 816/946/631
f 831/948/633 835/957/639 795/958/640 794/949/3
f 833/951/635 836/959/641 810/960/642 809/952/636
f 834/953/637 837/961/643 803/962/644 802/954/638
f 835/957/639 838/963/645 796/964/646 795/958/640
f 836/959/641 839/965/647 811/966/648 810/960/642
f 837/961/643 840/967/649 804/968/650 803/962/644
f 838/963/645 818/701/463 797/704/466 796/964/646
f 839/965/647 820/923/609 812/926/612 811/966/648
f 840/967/649 822/927/613 805/930/615 804/968/650
f 864/969/651 843/970/652 822/971/652 840/972/653
f 863/973/654 842/974/655 820/975/656 839/976/657
f 862/977/658 841/978/659 818/979/660 838/980/661
f 861/981/662 864/969/651 840/972/653 837/982/663
f 860/983/664 863/973/654 839/976/657 836/984/665
f 859/985/666 862/977/658 838/980/661 835/986/667
f 858/987/668 861/981/662 837/982/663 834/988/669
f 857/989/659 860/983/664 836/984/665 833/990/660
f 856/991/670 859/985/666 835/986/667 831/992/671
f 855/993/651 844/994/652 832/995/652 830/996/653
f 854/997/672 858/987/668 834/988/669 829/998/673
f 853/999/658 857/989/659 833/990/660 828/1000/661
f 844/994/652 856/991/670 831/992/671 832/995/652
f 852/1001/662 855/993/651 830/996/653 827/1002/663
f 851/1003/655 854/997/672 829/998/673 826/1004/656
f 850/1005/666 853/999/658 828/1000/661 825/1006/667
f 849/1007/668 852/1001/662 827/1002/663 824/1008/669
f 848/1009/654 851/1003/655 826/1004/656 823/1010/657
f 847/1011/670 850/1005/666 825/1006/667 821/1012/671
f 846/1013/672 849/1007/668 824/1008/669 819/1014/673
f 845/1015/664 848/1009/654 823/1010/657 817/1016/665
f 843/970/652 847/1011/670 821/1012/671 822/971/652
f 842/974/655 846/1013/672 819/1014/673 820/975/656
f 841/978/659 845/1015/664 817/1016/665 818/979/660
f 653/1017/555 654/1018/549 845/1019/478 841/1020/469
f 668/1021/553 669/1022/547 846/1023/480 842/1024/473
f 661/1025/551 662/1026/545 847/1027/482 843/1028/476
f 654/1018/549 655/1029/543 848/1030/484 845/1019/478
f 669/1022/547 670/1031/541 849/1032/486 846/1023/480
f 662/1026/545 663/1033/539 850/1034/488 847/1027/482
f 655/1029/543 656/1035/537 851/1036/490 848/1030/484
f 670/1031/541 671/1037/535 852/1038/492 849/1032/486
f 663/1033/539 664/1039/533 853/1040/494 850/1034/488
f 656/1035/537 657/1041/531 854/1042/496 851/1036/490
f 671/1037/535 672/1043/527 855/1044/498 852/1038/492
f 649/1045/528 650/1046/525 856/1047/501 844/1048/502
f 664/1039/533 665/1049/523 857/1050/504 853/1040/494
f 657/1041/531 658/1051/519 858/1052/506 854/1042/496
f 672/1043/527 649/1053/528 844/1054/502 855/1044/498
f 650/1046/525 651/1055/515 859/1056/508 856/1047/501
f 665/1049/523 666/1057/511 860/1058/510 857/1050/504
f 658/1051/519 659/1059/520 861/1060/416 858/1052/506
f 651/1055/515 652/1061/516 862/1062/470 859/1056/508
f 666/1057/511 667/1063/512 863/1064/474 860/1058/510
f 659/1059/520 660/1065/557 864/1066/415 861/1060/416
f 652/1061/516 653/1017/555 841/1020/469 862/1062/470
f 667/1063/512 668/1021/553 842/1024/473 863/1064/474
f 660/1065/557 661/1025/551 843/1028/476 864/1066/415
f 361/410/49 362/409/49 384/408/49 383/405/49 382/402/49 381/399/49 380/396/49 379/392/49 378/391/49 377/411/49 376/406/49 375/403/49 374/400/49 373/397/49 372/394/49 371/393/49 370/412/49 369/407/49 368/404/49 367/401/49 366/398/49 365/395/49 364/370/49 363/369/49
s 0
f 887/1067/1 885/1068/1 872/1069/1 871/1070/1
f 884/1071/13 882/1072/13 866/1073/13 865/1074/13
f 887/1075/314 871/1076/314 869/1077/314 886/1078/314
f 883/1079/49 868/1080/49 866/1081/49 882/1082/49
f 885/1083/49 892/1084/49 895/1085/49 888/1086/49
f 873/1087/13 876/1088/13 875/1089/13 874/1090/13
f 881/1091/314 890/1092/314 893/1093/314 884/1094/314
f 880/1095/7 877/1096/7 874/1090/7 875/1089/7
f 886/1097/674 888/1098/674 895/1099/674 894/1100/674
f 894/1100/13 895/1099/13 896/1101/13 893/1102/13
f 881/1103/675 883/1104/675 891/1105/675 890/1106/675
f 890/1106/1 891/1105/1 892/1107/1 889/1108/1
f 867/1109/1 868/1110/1 883/1104/1 881/1103/1
f 867/1111/314 881/1091/314 884/1094/314 865/1112/314
f 891/1113/49 883/1079/49 882/1082/49 896/1114/49
f 893/1102/676 896/1101/676 882/1072/676 884/1071/676
f 869/1115/13 870/1116/13 888/1098/13 886/1097/13
f 872/1117/49 885/1083/49 888/1086/49 870/1118/49
f 889/1119/314 887/1075/314 886/1078/314 894/1120/314
f 889/1108/677 892/1107/677 885/1068/677 887/1067/677
f 873/1121/314 874/1122/314 890/1092/314 889/1119/314
f 875/1123/49 876/1124/49 892/1084/49 891/1113/49
f 877/1125/314 878/1126/314 894/1120/314 893/1093/314
f 879/1127/49 880/1128/49 896/1114/49 895/1085/49
f 876/1124/49 879/1127/49 895/1085/49 892/1084/49
f 880/1128/49 875/1123/49 891/1113/49 896/1114/49
f 874/1122/314 877/1125/314 893/1093/314 890/1092/314
f 878/1126/314 873/1121/314 889/1119/314 894/1120/314
f 879/1129/19 876/1088/19 873/1087/19 878/1130/19
f 877/1096/1 880/1095/1 879/1131/1 878/1132/1
